time,received_at,device_id,alert_id,measurement_temperature_c,measurement_humidity_pct,measurement_gas_raw
2026-10-05T07:15:30,2026-10-06T20:37:51.005Z,esp8266-entrance,623cbfcc-19cd-44d0-b8e0-e201f04dfcb1,19.8,,
2026-10-05T08:15:00,2026-10-06T20:37:48.008Z,esp8266-lab-01,aabeebfc-cf8b-459a-95d5-d6beb1c888f0,21.4,55.0,
2026-10-05T08:30:00,2026-10-06T20:37:49.017Z,esp8266-lab-02,12ffb78d-0437-4687-a191-d92256ed4c13,24.1,48.0,
2026-10-05T09:00:00,2026-10-06T20:37:50.006Z,esp8266-greenhouse,be4644e3-9adb-481d-8e0b-8568a3b1d576,28.7,72.0,
2026-10-05T10:45:00,2026-10-06T20:37:52.005Z,esp8266-lab-01,b2f97b56-3924-4f1b-85ec-4590faff29de,22.0,53.0,
2026-10-06T21:09:29.968,2026-10-06T21:09:30.024Z,ws-sonde,473ef1d0-f58a-46b5-84fc-178032e951ba,,,
2026-10-06T21:35:00,2026-10-06T20:35:14.724Z,esp8266-lab-01,749cad13-ac2d-4941-b54f-41c8a65f2eb6,,,
2026-10-06T22:40:00,2026-10-06T21:09:29.374Z,controle-01,9f95c9f2-ec23-4457-bedb-c3ab8504e0bd,,,
2026-10-06T22:45:00,2026-10-06T21:09:50.001Z,esp8266-reel,00eda216-06dd-4690-a029-5e8c2aa51bd0,,,
2026-10-07T07:45:37.274,2026-10-07T07:45:37.278Z,esp8266-lab-01,2aad1d42-f041-4533-a64d-a5013669fa35,22.9,,
2026-10-07T07:45:39.330,2026-10-07T07:45:39.334Z,esp8266-atelier,850fbb55-9acf-4532-8f91-4d79853530cc,25.1,,
2026-10-07T07:48:25.649,2026-10-07T07:48:25.656Z,esp8266-apres-panne,d02c4479-aae4-4c97-a4db-a08a255c8e1f,31.5,,
2026-10-07T07:49:36.747,2026-10-07T07:49:51.806Z,esp8266-resilience,9db1e0ef-b723-48be-b8f8-01dec64f3784,33.3,,
2026-10-07T07:50:00,2026-10-07T07:45:35.280Z,esp8266-lab-01,5445931f-d765-4eb6-9ddf-7562635279ca,21.4,55.0,
2026-10-07T07:54:19.140,2026-10-07T07:54:19.145Z,esp8266-wss,6a327e44-78de-469f-8acc-70672573c4a6,26.6,,
2026-10-07T07:57:22.419,2026-10-07T07:57:22.425Z,esp8266-node,546179cf-5840-454c-917b-907db7291f20,27.2,48.0,
2026-10-07T08:10:55.208,2026-10-07T08:10:55.268Z,esp8266-apres-reboot,9ba539d4-778f-4246-b71a-dca09ae86f7b,23.1,,
2026-10-07T10:00:00,2026-10-07T08:00:50.515Z,esp8266-recette,74346277-0c96-4cce-8e62-ce3063861376,24.7,51.0,
2026-10-07T14:55:00,2026-10-07T13:50:49.626Z,ESP-2,18096e43-0591-4a2c-ae41-ea60283d7049,21.4,55.0,
2026-10-07T14:55:00,2026-10-07T13:50:49.070Z,ESP-1,eda5f99e-19ae-40fe-a786-e37412b5a3a3,21.4,55.0,
2026-10-07T14:57:00,2026-10-07T13:51:24.683Z,ESP-1,d92bb2ab-fdc6-466f-9c4e-991811e37f80,,,
2026-10-07T17:30:00,2026-10-07T17:27:45.720Z,ESP-1,754d33f6-0d2d-4fdf-af84-5d19c3622f05,22.7,,
2026-10-08T09:30:38,2026-10-08T09:30:38.272Z,ESP-1,465110b5-1754-4969-baeb-b562f06f69d1,24.2,51.7,122.0
2026-10-08T09:30:40,2026-10-08T09:30:40.218Z,ESP-1,21aa129e-3342-42d8-9d0f-290dee5d3c72,24.2,51.5,122.0
2026-10-08T09:30:42,2026-10-08T09:30:42.214Z,ESP-1,8cf0848a-6739-454f-ab1b-c63486586142,24.2,51.0,123.0
2026-10-08T09:30:44,2026-10-08T09:30:44.216Z,ESP-1,8a0b5a5d-e754-4dd4-81f1-04560118e6fd,24.2,50.5,122.0
2026-10-08T09:31:03,2026-10-08T09:31:03.408Z,ESP-1,c015fa3e-4184-42b1-81ae-2dfb231be926,24.3,50.9,111.0
2026-10-08T09:31:05,2026-10-08T09:31:05.403Z,ESP-1,eb367a18-3450-422a-a3f3-445e3c8c97d0,24.2,50.8,109.0
2026-10-08T09:31:07,2026-10-08T09:31:07.405Z,ESP-1,9e0b7b08-73e5-43d0-8a10-db030c253ba9,24.2,50.9,109.0
2026-10-08T09:31:09,2026-10-08T09:31:09.403Z,ESP-1,e1eeb94e-1394-4a77-b518-e820e618d6af,24.3,50.9,111.0
2026-10-08T09:31:11,2026-10-08T09:31:11.415Z,ESP-1,1a47311c-f9c6-43e3-b580-1cbbfb68f378,24.3,50.9,122.0
2026-10-08T09:31:13,2026-10-08T09:31:13.408Z,ESP-1,90a813ff-792e-41fe-a8df-d71b9b5f3676,24.3,50.8,122.0
2026-10-08T09:31:15,2026-10-08T09:31:15.407Z,ESP-1,6cc50aaa-ceeb-48bf-8d20-2d32a39eaaf6,24.3,50.7,123.0
2026-10-08T09:31:17,2026-10-08T09:31:17.405Z,ESP-1,d392ba79-d39f-459e-b469-d27d4d795555,24.2,50.5,116.0
2026-10-08T09:31:19,2026-10-08T09:31:19.417Z,ESP-1,59d74fda-4e1b-4209-befc-92a0ce5cae37,24.3,50.3,123.0
2026-10-08T09:31:21,2026-10-08T09:31:21.407Z,ESP-1,1c4dc664-508a-486d-b040-6d558dd85ebe,24.3,50.3,122.0
2026-10-08T09:31:23,2026-10-08T09:31:23.408Z,ESP-1,0e145e3f-fbfe-4ebd-8a9e-9309de76017f,24.2,50.1,114.0
2026-10-08T09:31:25,2026-10-08T09:31:25.405Z,ESP-1,65e25065-8986-464e-bdf3-9811ef98b4e1,24.2,50.0,114.0
2026-10-08T09:31:27,2026-10-08T09:31:27.415Z,ESP-1,c626fde7-0c00-45f7-a73a-0f560029a4d7,24.3,50.0,120.0
2026-10-08T09:31:29,2026-10-08T09:31:29.411Z,ESP-1,35c80e94-465e-4fc7-ab09-c967cd8d7c7a,24.3,50.1,116.0
2026-10-08T09:31:31,2026-10-08T09:31:31.407Z,ESP-1,71990bb8-02ef-4167-9ddd-8ab814d87667,24.3,50.7,117.0
2026-10-08T09:31:33,2026-10-08T09:31:33.415Z,ESP-1,4af9aa4b-5254-42b4-b7f7-889a13bac084,24.3,51.1,110.0
2026-10-08T09:31:35,2026-10-08T09:31:35.416Z,ESP-1,a3b1e0de-e8f8-4d51-bd79-d84f2c0476a5,24.3,51.8,109.0
2026-10-08T09:31:37,2026-10-08T09:31:37.421Z,ESP-1,7ca264d6-8ef9-4710-93c3-94789906274e,24.3,52.3,116.0
2026-10-08T09:31:39,2026-10-08T09:31:39.418Z,ESP-1,1ebaf86d-52cd-48ca-93c4-be807fb3174e,24.2,52.6,124.0
2026-10-08T09:31:41,2026-10-08T09:31:41.418Z,ESP-1,53bd5cbb-b9bf-40b7-8044-37711e677afd,24.3,52.2,123.0
2026-10-08T09:31:43,2026-10-08T09:31:43.724Z,ESP-1,4880a23a-623f-4d13-8bcb-d0f8d23fef39,24.3,51.8,115.0
2026-10-08T09:31:43,2026-10-08T09:31:43.416Z,ESP-1,610ab9c8-f22c-4d95-8f5e-4a393be2057b,24.3,51.8,122.0
2026-10-08T09:31:45,2026-10-08T09:31:45.721Z,ESP-1,4762a561-b2f2-427d-9fba-2983704aa2e7,24.3,52.0,113.0
2026-10-08T09:31:47,2026-10-08T09:31:47.719Z,ESP-1,52c290e3-5131-4389-bd6b-6aaa22fe26a6,24.3,51.9,114.0
2026-10-08T09:31:48,2026-10-08T09:31:48.034Z,ESP-1,041609f0-3261-4057-8404-bcd2091e8201,24.3,51.9,113.0
2026-10-08T09:31:50,2026-10-08T09:31:50.029Z,ESP-1,938f4df8-df7b-4d7b-818c-09b84a371f69,24.3,51.7,116.0
2026-10-08T09:31:52,2026-10-08T09:31:52.028Z,ESP-1,8c0659bf-f076-483d-b4a0-f612e0068b00,24.3,51.5,116.0
2026-10-08T09:31:54,2026-10-08T09:31:54.027Z,ESP-1,0accfba4-b72f-4cf7-a86b-848f198eaa2a,24.3,51.1,127.0
2026-10-08T09:31:56,2026-10-08T09:31:56.027Z,ESP-1,8d39b498-ea58-4caa-b151-b8bac6050714,24.3,50.9,116.0
2026-10-08T09:31:58,2026-10-08T09:31:58.027Z,ESP-1,5c7e760d-ff96-4d54-a4a4-82f669d86ec1,24.3,50.7,115.0
2026-10-08T09:32:00,2026-10-08T09:32:00.025Z,ESP-1,1d55fe58-c7e4-45e9-97a7-a26177863e69,24.3,50.5,115.0
2026-10-08T09:32:02,2026-10-08T09:32:02.033Z,ESP-1,d69f2fe6-5c35-427c-a107-c114e84363bd,24.3,50.2,115.0
2026-10-08T09:32:04,2026-10-08T09:32:04.023Z,ESP-1,8f915938-1d2f-4251-be3e-f2b85173cc2c,24.3,50.0,115.0
2026-10-08T09:32:06,2026-10-08T09:32:06.029Z,ESP-1,828a6c05-2a3c-4264-977f-85ee6c9408b9,24.3,50.0,114.0
2026-10-08T09:32:08,2026-10-08T09:32:08.027Z,ESP-1,49001e9f-9031-4961-9753-9569bc9f25ef,24.3,50.1,114.0
2026-10-08T09:32:10,2026-10-08T09:32:10.025Z,ESP-1,29e3f09d-64cf-4832-af69-c56265fca425,24.3,50.2,114.0
2026-10-08T09:32:12,2026-10-08T09:32:12.036Z,ESP-1,75f6e38a-3aed-404b-bcd2-67a4f058e588,24.3,50.1,114.0
2026-10-08T09:32:14,2026-10-08T09:32:14.025Z,ESP-1,c58ee481-578c-4235-a42f-163939f1833f,24.3,49.9,114.0
2026-10-08T09:32:16,2026-10-08T09:32:16.029Z,ESP-1,cd8a3a0a-4533-49a0-89b4-e8ba143ca381,24.3,49.9,114.0
2026-10-08T09:32:18,2026-10-08T09:32:18.028Z,ESP-1,c0afd6f7-de38-476d-9a30-fdbb3e050136,24.3,49.8,113.0
2026-10-08T09:32:20,2026-10-08T09:32:20.036Z,ESP-1,65950ee1-4814-41bf-a171-9ebc9c546dab,24.3,49.7,113.0
2026-10-08T09:32:22,2026-10-08T09:32:22.024Z,ESP-1,bc571ba5-fe10-4429-95ed-014a56de0ab0,24.3,49.6,113.0
2026-10-08T09:32:24,2026-10-08T09:32:24.030Z,ESP-1,f0188d00-0685-488b-a612-abf112488e0f,24.3,49.6,113.0
2026-10-08T09:32:26,2026-10-08T09:32:26.027Z,ESP-1,e99448b1-0cbd-4fa4-8ecd-4bd5032bcc72,24.3,49.5,113.0
2026-10-08T09:32:28,2026-10-08T09:32:28.042Z,ESP-1,b450289a-1d05-4643-ba19-10af434bbaa4,24.3,49.5,114.0
2026-10-08T09:32:30,2026-10-08T09:32:30.037Z,ESP-1,9f247a92-700b-438b-ab4f-0a3161a7c69b,24.3,49.5,114.0
2026-10-08T09:32:32,2026-10-08T09:32:32.023Z,ESP-1,5e47796b-7d07-48d7-8250-552ab03f5406,24.3,49.4,113.0
2026-10-08T09:32:34,2026-10-08T09:32:34.026Z,ESP-1,5a75dd34-ee11-46df-b082-abdf5b5d3874,24.3,49.5,113.0
2026-10-08T09:32:36,2026-10-08T09:32:36.033Z,ESP-1,511553ea-25a3-422c-b0d3-58430f54f50d,24.3,49.5,114.0
2026-10-08T09:32:38,2026-10-08T09:32:38.043Z,ESP-1,feefc06b-39bf-46ab-ac9b-18613f669e55,24.3,49.5,114.0
2026-10-08T09:32:40,2026-10-08T09:32:40.025Z,ESP-1,817c478e-61c0-4b52-bb01-3f52cd5355b8,24.3,49.6,114.0
2026-10-08T09:32:42,2026-10-08T09:32:42.029Z,ESP-1,db829dad-137f-4457-a9ab-68cbe6044a6f,24.3,49.5,115.0
2026-10-08T09:32:44,2026-10-08T09:32:44.023Z,ESP-1,c15e5a68-1a31-4c2f-be7f-803dd6504ae2,24.3,49.4,115.0
2026-10-08T09:32:46,2026-10-08T09:32:46.030Z,ESP-1,47bc15b4-9c3f-46c4-b2af-b4a42f411375,24.3,49.3,114.0
2026-10-08T09:32:48,2026-10-08T09:32:48.025Z,ESP-1,0ce01424-2cea-4bd6-b470-b0dce34d1e2e,24.3,49.3,114.0
2026-10-08T09:32:50,2026-10-08T09:32:50.025Z,ESP-1,1ad2a383-e2b7-4d58-947d-f6966919c776,24.2,49.2,114.0
2026-10-08T09:32:52,2026-10-08T09:32:52.022Z,ESP-1,c7c4ec1a-31ad-4648-aa88-14dfe2aeccaa,24.2,49.2,115.0
2026-10-08T09:32:54,2026-10-08T09:32:54.023Z,ESP-1,0ef56933-9f9b-47bc-b3e6-cdb85e71d4a3,24.3,49.2,114.0
2026-10-08T09:32:56,2026-10-08T09:32:56.023Z,ESP-1,d14f527e-8105-4481-a745-7eabcb7b592c,24.3,49.2,115.0
2026-10-08T09:32:58,2026-10-08T09:32:58.022Z,ESP-1,778d99d8-0eb7-41cb-a2ff-84faf3f5446f,24.3,49.2,115.0
2026-10-08T09:33:00,2026-10-08T09:33:00.025Z,ESP-1,1163319c-74f2-4429-bb1e-e29163f185b9,24.3,49.1,115.0
2026-10-08T09:33:02,2026-10-08T09:33:02.028Z,ESP-1,fce83660-fc7c-432e-bb26-0c188dc212b6,24.3,49.1,114.0
2026-10-08T09:33:04,2026-10-08T09:33:04.025Z,ESP-1,ab43019a-f0b3-4759-a520-c79f2594e589,24.3,49.3,114.0
2026-10-08T09:33:06,2026-10-08T09:33:06.034Z,ESP-1,1529b477-9adb-4de9-8f6f-05a855a7d029,24.2,49.2,114.0
2026-10-08T09:33:08,2026-10-08T09:33:08.025Z,ESP-1,fbe92580-d8f7-4350-857c-78f37fe3b0c8,24.2,49.3,114.0
2026-10-08T09:33:10,2026-10-08T09:33:10.032Z,ESP-1,8a9f8066-2f05-4bcb-80bd-5236a38add6d,24.2,49.2,114.0
2026-10-08T09:33:12,2026-10-08T09:33:12.041Z,ESP-1,b0877f32-eefd-4be1-a0aa-214ab46b2032,24.3,49.3,114.0
2026-10-08T09:33:14,2026-10-08T09:33:14.037Z,ESP-1,4f6ec665-1369-4d5b-8078-73b157e12840,24.2,49.3,114.0
2026-10-08T09:33:16,2026-10-08T09:33:16.025Z,ESP-1,96f1b59c-7c3a-4f50-a320-f60a348f438f,24.2,49.4,115.0
2026-10-08T09:33:18,2026-10-08T09:33:18.022Z,ESP-1,e174a39f-53a4-4d35-9e70-cf6da2929073,24.2,49.4,115.0
2026-10-08T09:33:20,2026-10-08T09:33:20.025Z,ESP-1,d289a088-e392-4e56-bb4f-51ee4da771a1,24.2,49.4,115.0
2026-10-08T09:33:20,2026-10-08T09:33:20.174Z,ESP-1,6cf7f3d5-ba69-417d-9be0-2274e9927200,24.2,49.4,115.0
2026-10-08T09:33:22,2026-10-08T09:33:22.156Z,ESP-1,3494f96c-1b19-423b-9175-76652ca15bd6,24.3,49.3,113.0
2026-10-08T09:33:24,2026-10-08T09:33:24.184Z,ESP-1,b5a2f157-1874-4b08-89ba-a8d4bb48567e,24.2,49.4,113.0
2026-10-08T09:33:26,2026-10-08T09:33:26.185Z,ESP-1,96e7d5f8-8606-4c8d-92cc-3e6a5528716b,24.2,49.3,113.0
2026-10-08T09:33:28,2026-10-08T09:33:28.185Z,ESP-1,7b1e298a-e627-48e8-b7c7-76f8dd28aeb1,24.2,49.3,113.0
2026-10-08T09:33:30,2026-10-08T09:33:30.191Z,ESP-1,3483c758-9d8b-4478-8442-9d2177996053,24.2,49.2,113.0
2026-10-08T09:33:32,2026-10-08T09:33:32.182Z,ESP-1,41e27c38-b8fe-40b6-9a9c-439881fc9fca,24.2,49.2,112.0
2026-10-08T09:33:34,2026-10-08T09:33:34.188Z,ESP-1,5c8944f2-6fc8-456f-8c39-804334ba7d94,24.2,49.2,113.0
2026-10-08T09:33:36,2026-10-08T09:33:36.189Z,ESP-1,500cd0a7-e385-4c9e-9caa-5a1a14da8834,24.2,49.2,113.0
2026-10-08T09:33:38,2026-10-08T09:33:38.223Z,ESP-1,8c8f0929-22e1-4869-b3c3-f291ae6db134,24.2,49.2,113.0
2026-10-08T09:33:40,2026-10-08T09:33:40.205Z,ESP-1,0c3d234b-5dc2-466f-916b-75e935ba07f6,24.2,49.3,113.0
2026-10-08T09:33:42,2026-10-08T09:33:42.212Z,ESP-1,15385a16-477f-4003-8f14-d3ba2db60115,24.2,49.2,113.0
2026-10-08T09:33:44,2026-10-08T09:33:44.205Z,ESP-1,f86409dd-7182-42c3-a1bb-d43c8997fcbc,24.2,49.2,113.0
2026-10-08T09:33:46,2026-10-08T09:33:46.245Z,ESP-1,5bd00982-1d17-4e41-b948-ef657254e443,24.2,49.2,113.0
2026-10-08T09:33:48,2026-10-08T09:33:48.205Z,ESP-1,9aff2584-ad0f-4567-a5f2-16306f5cb933,24.2,49.1,112.0
2026-10-08T09:33:50,2026-10-08T09:33:50.217Z,ESP-1,122f0d96-9462-49cc-99bb-f94e04bf9521,24.2,49.1,112.0
2026-10-08T09:33:52,2026-10-08T09:33:52.230Z,ESP-1,4ad921e2-ea09-4b38-973e-3cecfda0e2ab,24.2,49.1,112.0
2026-10-08T09:33:54,2026-10-08T09:33:54.231Z,ESP-1,1310d71a-4e94-4866-a9fb-657ded64a894,24.2,49.1,112.0
2026-10-08T09:33:56,2026-10-08T09:33:56.227Z,ESP-1,71df449c-03cf-4e91-9e96-7797aeda7ac5,24.2,49.1,112.0
2026-10-08T09:33:58,2026-10-08T09:33:58.217Z,ESP-1,d6183b37-9152-4e30-829d-57c92ea9e2da,24.2,49.1,112.0
2026-10-08T09:34:00,2026-10-08T09:34:00.221Z,ESP-1,96153424-9a1e-4da7-83f9-63261a237d60,24.2,49.0,112.0
2026-10-08T09:34:02,2026-10-08T09:34:02.267Z,ESP-1,2f782756-223e-4bc1-8220-a8beb45deef4,24.2,48.9,112.0
2026-10-08T09:34:04,2026-10-08T09:34:04.216Z,ESP-1,c6a3d424-daac-4f60-ba2b-0c944878f693,24.2,48.8,113.0
2026-10-08T09:34:06,2026-10-08T09:34:06.222Z,ESP-1,0380ca58-09e5-47dc-ab12-3aa82506d381,24.2,48.8,112.0
2026-10-08T09:34:08,2026-10-08T09:34:08.256Z,ESP-1,a76b9172-2597-4829-9d9e-4a6e314f6a26,24.2,48.8,112.0
2026-10-08T09:34:10,2026-10-08T09:34:10.241Z,ESP-1,9cfa4583-2e25-4e05-9aa4-05b39af24134,24.2,48.7,113.0
2026-10-08T09:34:12,2026-10-08T09:34:12.243Z,ESP-1,25eed138-419b-4537-a1d3-c415b0693eb9,24.2,48.8,113.0
2026-10-08T09:34:14,2026-10-08T09:34:14.253Z,ESP-1,585dc550-eff5-442f-ae52-4184f5de28c5,24.2,48.7,113.0
2026-10-08T09:34:16,2026-10-08T09:34:16.245Z,ESP-1,c028e203-87fa-4c07-85c1-1bca572ca493,24.2,48.8,113.0
2026-10-08T09:34:18,2026-10-08T09:34:18.238Z,ESP-1,287eb625-7e99-40f0-a879-5ab1bb0944c1,24.2,48.9,112.0
2026-10-08T09:34:20,2026-10-08T09:34:20.239Z,ESP-1,c011e93b-baa0-403b-b7e6-76a2d5e9d3a7,24.2,48.9,112.0
2026-10-08T09:34:22,2026-10-08T09:34:22.248Z,ESP-1,477316e3-79c7-482b-88d2-7e7fbceec132,24.2,48.9,112.0
2026-10-08T09:34:24,2026-10-08T09:34:24.241Z,ESP-1,c8f334d8-0984-4d47-b0d5-31b1679d0d9e,24.2,49.0,112.0
2026-10-08T09:34:26,2026-10-08T09:34:26.243Z,ESP-1,7161cd6b-20bb-4e26-bc24-59938fef8763,24.2,49.1,112.0
2026-10-08T09:34:28,2026-10-08T09:34:28.244Z,ESP-1,9f41f50c-5d7d-460d-9a83-3f4d123add2a,24.2,49.0,112.0
2026-10-08T09:34:30,2026-10-08T09:34:30.246Z,ESP-1,bb09d63d-f648-4197-be2c-6016bd154dea,24.1,49.0,112.0
2026-10-08T09:34:32,2026-10-08T09:34:32.242Z,ESP-1,4d1ca6d2-f5d9-42bb-a06f-c4f2a3a5e202,24.2,49.1,112.0
2026-10-08T09:34:34,2026-10-08T09:34:34.173Z,ESP-1,087b8000-063c-467d-9ccb-e71c80cd7c0d,24.2,49.1,112.0
2026-10-08T09:34:36,2026-10-08T09:34:37.800Z,ESP-1,aa7a14f5-bf00-4df9-b7bc-5ef11b0816f3,24.1,49.0,114.0
2026-10-08T09:34:38,2026-10-08T09:34:38.120Z,ESP-1,cdc74d9d-a04b-466a-811b-c79d439fe3d2,24.1,48.9,113.0
2026-10-08T09:34:40,2026-10-08T09:34:40.148Z,ESP-1,bc5d1eb5-a3a8-452f-b28e-df3e9e904bd3,24.2,49.0,113.0
2026-10-08T09:34:42,2026-10-08T09:34:42.146Z,ESP-1,447179ff-38e2-4bad-aec2-9cc0c9554545,24.1,48.9,114.0
2026-10-08T09:34:44,2026-10-08T09:34:44.122Z,ESP-1,b5e855c7-3de4-4efc-9d59-cc463f25d234,24.2,49.2,114.0
2026-10-08T09:34:46,2026-10-08T09:34:46.120Z,ESP-1,629202bf-9951-419a-8115-a43c879b4e27,24.1,49.5,113.0
2026-10-08T09:34:48,2026-10-08T09:34:48.156Z,ESP-1,f3072423-8c0a-423e-8ec1-ac7678e3bd9f,24.1,49.7,113.0
2026-10-08T09:34:50,2026-10-08T09:34:50.121Z,ESP-1,feadb813-064e-4616-8c85-25702b3505d4,24.1,49.8,112.0
2026-10-08T09:34:52,2026-10-08T09:34:52.121Z,ESP-1,3e87416f-aca4-4de1-a633-eba0d4782f85,24.2,49.8,113.0
2026-10-08T09:34:54,2026-10-08T09:34:54.120Z,ESP-1,c23ebc28-e3d0-434b-9542-14839d550aba,24.1,49.8,113.0
2026-10-08T09:34:56,2026-10-08T09:34:56.131Z,ESP-1,df389194-d9d1-4f8d-8dba-72647f5686ba,24.1,49.6,113.0
2026-10-08T09:34:58,2026-10-08T09:34:58.121Z,ESP-1,6dc46ca7-50bf-4c77-ab54-7a73dccff8a8,24.1,49.6,113.0
2026-10-08T09:35:00,2026-10-08T09:35:00.125Z,ESP-1,e2b76546-0396-4e72-b6f0-a8e32a0b9304,24.1,49.3,113.0
2026-10-08T09:35:02,2026-10-08T09:35:02.128Z,ESP-1,144362f5-1acd-46dd-a54e-5f1c0a8ec59f,24.1,49.2,113.0
2026-10-08T09:35:04,2026-10-08T09:35:04.173Z,ESP-1,26b3f64a-05f6-430a-ade5-6b310ecdda02,24.1,49.1,113.0
2026-10-08T09:35:06,2026-10-08T09:35:06.126Z,ESP-1,1ea5129c-09a1-4361-b883-d01561474a76,24.1,49.1,113.0
2026-10-08T09:35:08,2026-10-08T09:35:08.121Z,ESP-1,1829cb08-577d-4704-82e1-b78fca162db8,24.1,49.0,113.0
2026-10-08T09:35:10,2026-10-08T09:35:10.142Z,ESP-1,a7875aed-fab3-4867-b75b-60f6e21ad4d2,24.1,48.9,114.0
2026-10-08T09:35:12,2026-10-08T09:35:12.120Z,ESP-1,90905b7e-954a-4738-a5a9-9ae797b8f7af,24.1,48.9,113.0
2026-10-08T09:35:14,2026-10-08T09:35:14.140Z,ESP-1,16056d27-1107-421f-bcf0-9cce59ba021e,24.1,48.9,113.0
2026-10-08T09:35:16,2026-10-08T09:35:16.124Z,ESP-1,ee2232ba-66b4-48a1-a8ae-c3a81ffaa29b,24.1,48.9,113.0
2026-10-08T09:35:18,2026-10-08T09:35:18.120Z,ESP-1,8096a780-b7e2-4eea-bab2-d23c0b15f85f,24.1,48.9,113.0
2026-10-08T09:35:20,2026-10-08T09:35:20.122Z,ESP-1,8927fd37-57eb-466b-a3bb-3d1a3b980430,24.1,49.0,113.0
2026-10-08T09:35:22,2026-10-08T09:35:22.121Z,ESP-1,54398075-e29e-4259-92a1-80f17659efc1,24.1,49.0,113.0
2026-10-08T09:35:24,2026-10-08T09:35:24.119Z,ESP-1,f077dbc6-c2a7-47c8-b8f6-691e80b5e412,24.1,48.9,113.0
2026-10-08T09:35:26,2026-10-08T09:35:26.119Z,ESP-1,d668befe-4601-4a7f-b96a-879440a87a9a,24.1,48.9,113.0
2026-10-08T09:35:28,2026-10-08T09:35:28.121Z,ESP-1,08c00fe2-585d-4434-8583-03089a3a27e1,24.1,48.9,113.0
2026-10-08T09:35:30,2026-10-08T09:35:30.118Z,ESP-1,44e1b241-eabb-45cf-b8a6-5e8725372b8b,24.1,48.8,113.0
2026-10-08T09:35:32,2026-10-08T09:35:32.125Z,ESP-1,72a00cd0-3d46-4cfc-9c57-722203167983,24.1,48.7,113.0
2026-10-08T09:35:34,2026-10-08T09:35:34.120Z,ESP-1,c69d4666-15da-450b-a516-3bfbee673627,24.1,48.7,113.0
2026-10-08T09:35:36,2026-10-08T09:35:36.120Z,ESP-1,77640935-8760-42ca-85e0-12d476eb91be,24.1,48.7,113.0
2026-10-08T09:35:38,2026-10-08T09:35:38.116Z,ESP-1,38b9d252-6217-4d8e-aeb3-5af05d96baec,24.1,48.7,113.0
2026-10-08T09:35:40,2026-10-08T09:35:40.124Z,ESP-1,568e54e9-a759-4bbe-8c5b-b8dbc840d3dd,24.1,48.7,113.0
2026-10-08T09:35:42,2026-10-08T09:35:42.121Z,ESP-1,f9d81d24-97ed-4ffb-8a98-7280883a2fda,24.1,48.8,113.0
2026-10-08T09:35:44,2026-10-08T09:35:44.120Z,ESP-1,8a215c5d-47fd-4c95-89de-79c241a78d54,24.1,48.7,113.0
2026-10-08T09:35:46,2026-10-08T09:35:46.120Z,ESP-1,334c9f6d-dfa5-481c-8c71-8fb41c90be4a,24.1,48.8,113.0
2026-10-08T09:35:48,2026-10-08T09:35:48.123Z,ESP-1,c9b2850b-bbe1-4273-8482-f38ba0c34438,24.1,48.9,113.0
2026-10-08T09:35:50,2026-10-08T09:35:50.120Z,ESP-1,a0381652-bc4a-42bd-9d31-d58f44d37991,24.1,48.8,113.0
2026-10-08T09:35:52,2026-10-08T09:35:52.123Z,ESP-1,e8848916-ddcc-4e6c-90c1-294ca6224bce,24.1,48.8,113.0
2026-10-08T09:35:54,2026-10-08T09:35:54.120Z,ESP-1,cf5cfbb1-7706-49f1-9716-4ca8b0c00584,24.1,48.8,113.0
2026-10-08T09:35:56,2026-10-08T09:35:56.119Z,ESP-1,2b327ead-6871-4374-ac29-79c8df3397ea,24.1,48.9,113.0
2026-10-08T09:35:58,2026-10-08T09:35:58.120Z,ESP-1,8edd43a5-4a83-4b1f-aead-36d51b9f4db0,24.0,48.9,113.0
2026-10-08T09:36:00,2026-10-08T09:36:00.119Z,ESP-1,9910f932-d6ec-4bf5-9366-4af88ff58682,24.0,48.9,113.0
2026-10-08T09:36:02,2026-10-08T09:36:02.121Z,ESP-1,a544955c-e839-45a4-ac4a-701c78a9aed0,24.1,48.9,114.0
2026-10-08T09:36:04,2026-10-08T09:36:04.116Z,ESP-1,629de131-3cde-4b56-a3e8-cb7b8de9330c,24.1,48.9,114.0
2026-10-08T09:36:06,2026-10-08T09:36:06.161Z,ESP-1,57fcdff9-b1ed-4990-addc-99cb0d04a60d,24.0,49.1,123.0
2026-10-08T09:36:06,2026-10-08T09:36:06.117Z,ESP-1,4f1eae82-a14d-4fda-8213-ef3bc99294f6,24.0,49.1,123.0
2026-10-08T09:36:08,2026-10-08T09:36:08.164Z,ESP-1,83fce33c-952d-4b21-9727-de859d5842ac,24.0,49.1,104.0
2026-10-08T09:36:10,2026-10-08T09:36:10.158Z,ESP-1,678e415f-2ee8-4981-8624-ecf61bf35d76,24.1,49.1,134.0
2026-10-08T09:36:12,2026-10-08T09:36:12.161Z,ESP-1,b346dca1-1d01-4a38-9020-eb930fc9500d,24.0,49.1,144.0
2026-10-08T09:36:14,2026-10-08T09:36:14.165Z,ESP-1,7d807b80-0c52-45a7-99bb-c93f830661d6,24.1,49.1,108.0
2026-10-08T09:36:15,2026-10-08T09:36:15.631Z,ESP-1,c63a3c63-048a-4df6-8dff-981ff0c32d80,24.0,49.1,110.0
2026-10-08T09:36:17,2026-10-08T09:36:17.629Z,ESP-1,d42e65b0-a159-43df-bdaa-c3b1fcfb6959,24.0,49.1,120.0
2026-10-08T09:36:19,2026-10-08T09:36:19.632Z,ESP-1,2b8eced5-7c0f-4970-81be-ddb9b3990ca0,24.0,49.1,109.0
2026-10-08T09:36:21,2026-10-08T09:36:21.627Z,ESP-1,f085521d-9f96-42bc-b16a-758a3dc58fe0,24.0,49.1,108.0
2026-10-08T09:36:23,2026-10-08T09:36:23.628Z,ESP-1,1ad9979e-c197-4fdd-b3d6-bf388772470f,24.0,49.1,108.0
2026-10-08T09:36:25,2026-10-08T09:36:25.628Z,ESP-1,6187b075-d156-47d3-957e-d8a50c61136f,24.0,49.1,106.0
2026-10-08T09:36:27,2026-10-08T09:36:27.628Z,ESP-1,d587ab39-41fa-4c0d-9646-d5a026882c66,24.0,49.1,106.0
2026-10-08T09:36:29,2026-10-08T09:36:29.628Z,ESP-1,2af56a1c-2584-41ed-bcdd-a3f834c427ba,24.1,49.1,106.0
2026-10-08T09:36:31,2026-10-08T09:36:31.624Z,ESP-1,218c64d2-0c3f-409f-8841-18ed4119f805,24.1,49.0,106.0
2026-10-08T09:36:33,2026-10-08T09:36:33.627Z,ESP-1,59bb3d36-c1fc-4d3b-bf87-5d495ea54d3c,24.0,49.0,106.0
2026-10-08T09:36:35,2026-10-08T09:36:35.657Z,ESP-1,1799e61e-59b1-4bdc-a851-1b488a4dc43d,24.0,49.1,106.0
2026-10-08T09:36:37,2026-10-08T09:36:37.699Z,ESP-1,5c46c88f-631d-460e-86bf-e92dff4a6096,24.0,49.0,106.0
2026-10-08T09:36:39,2026-10-08T09:36:39.628Z,ESP-1,2f9df6f4-4fcd-479b-97a0-4e144b7dfc50,24.0,49.0,106.0
2026-10-08T09:36:41,2026-10-08T09:36:41.630Z,ESP-1,c56cc159-bfe6-4939-ade4-aa84f87638ae,24.1,49.0,106.0
2026-10-08T09:36:43,2026-10-08T09:36:43.629Z,ESP-1,82598dc2-203b-4efc-80b3-48e2be91aca8,24.0,49.0,106.0
2026-10-08T09:36:45,2026-10-08T09:36:45.647Z,ESP-1,502ff2a7-a12d-4e79-9504-980472729167,24.1,49.0,105.0
2026-10-08T09:36:47,2026-10-08T09:36:47.625Z,ESP-1,f518cd4f-a01d-4da4-af96-42813ebcfcdc,24.0,49.1,105.0
2026-10-08T09:36:49,2026-10-08T09:36:49.627Z,ESP-1,965bc3d7-0c9a-4a41-a97d-bdfbc19e175a,24.0,49.2,106.0
2026-10-08T09:36:51,2026-10-08T09:36:51.629Z,ESP-1,db2fd6dd-9bc2-4e2f-9841-f968e0e59212,24.0,49.2,105.0
2026-10-08T09:36:53,2026-10-08T09:36:53.641Z,ESP-1,a1302968-9d86-4af1-9596-ad1c01451570,24.0,49.2,106.0
2026-10-08T09:36:55,2026-10-08T09:36:55.627Z,ESP-1,ae7d0f44-8bc1-4b52-ac0a-07b0d859fd0f,24.0,49.2,106.0
2026-10-08T09:36:57,2026-10-08T09:36:57.625Z,ESP-1,d8c39596-53ca-4369-a802-a1a5d4d4b103,24.1,49.1,106.0
2026-10-08T09:36:59,2026-10-08T09:36:59.628Z,ESP-1,fbda7a35-6b40-4056-984b-d87eca334b41,24.1,49.1,106.0
2026-10-08T09:37:01,2026-10-08T09:37:01.626Z,ESP-1,883aabf4-0536-43d7-b3af-1ff60ed7ac33,24.0,49.1,106.0
2026-10-08T09:37:03,2026-10-08T09:37:03.666Z,ESP-1,1e38179d-2cf5-4a3c-a7d5-c23c0165ffc5,24.0,49.1,106.0
2026-10-08T09:37:05,2026-10-08T09:37:05.645Z,ESP-1,60354b29-99e6-4a7c-9759-210990608a49,24.0,49.2,106.0
2026-10-08T09:37:07,2026-10-08T09:37:07.643Z,ESP-1,bab8b9e9-7d0a-486e-9ef5-4def041ac5e3,24.0,49.1,106.0
2026-10-08T09:37:09,2026-10-08T09:37:09.684Z,ESP-1,f7b82839-d9dc-43e1-8161-37ecb786a95c,24.0,49.1,114.0
2026-10-08T09:37:11,2026-10-08T09:37:11.651Z,ESP-1,27b7cf0a-241d-4fc8-8cb9-e2fa509978e5,24.0,49.1,106.0
2026-10-08T09:37:13,2026-10-08T09:37:13.625Z,ESP-1,fd207dfa-39ab-4a28-b43b-12782e8064bb,24.0,49.1,106.0
2026-10-08T09:37:15,2026-10-08T09:37:15.624Z,ESP-1,e332cdc3-7964-4d28-b554-cffd042fc8b5,24.0,49.1,106.0
2026-10-08T09:37:17,2026-10-08T09:37:17.626Z,ESP-1,f6acf318-9ab0-4c1c-ab31-1b3ee1b5ec22,24.0,49.1,106.0
2026-10-08T09:37:19,2026-10-08T09:37:19.645Z,ESP-1,4894aeb8-3277-460e-84c4-c9655371eba7,24.0,49.1,106.0
2026-10-08T09:37:21,2026-10-08T09:37:21.629Z,ESP-1,ee7fe835-9b0c-40bd-b5f1-ab01d625f817,24.0,49.1,106.0
2026-10-08T09:37:23,2026-10-08T09:37:23.625Z,ESP-1,a7eb3ea2-10f4-4121-ade0-bfd73b19f35c,24.1,49.2,106.0
2026-10-08T09:37:25,2026-10-08T09:37:25.627Z,ESP-1,ebd1e847-be8a-4503-8567-f64f1e04b7d5,24.0,49.5,106.0
2026-10-08T09:37:27,2026-10-08T09:37:27.629Z,ESP-1,cf0841f0-9f01-48a6-8c2d-8d2261adfc82,24.0,49.4,106.0
2026-10-08T09:37:29,2026-10-08T09:37:29.627Z,ESP-1,6e6ff6df-ce9e-4b1a-95d4-803d9560316f,24.0,49.4,106.0
2026-10-08T09:37:31,2026-10-08T09:37:31.625Z,ESP-1,05c27aff-21c9-439c-bad8-cf055eb9b2ad,24.0,49.5,108.0
2026-10-08T09:37:33,2026-10-08T09:37:33.627Z,ESP-1,f73bc689-feec-4be6-b877-225c53ab6530,24.0,49.5,106.0
2026-10-08T09:37:35,2026-10-08T09:37:35.625Z,ESP-1,7a7e4a72-6061-41d9-937d-ba21d7474a70,24.0,49.5,106.0
2026-10-08T09:37:37,2026-10-08T09:37:37.630Z,ESP-1,8c632132-c1e7-4621-ab09-48dd97487aff,24.0,49.5,106.0
2026-10-08T09:37:39,2026-10-08T09:37:39.629Z,ESP-1,368acaea-2f0f-43eb-a48a-6669a4ce7bff,24.0,49.6,106.0
2026-10-08T09:37:41,2026-10-08T09:37:41.625Z,ESP-1,a883957f-00c2-4de3-8d75-0a0978f3b99e,24.0,49.5,106.0
2026-10-08T09:37:43,2026-10-08T09:37:43.628Z,ESP-1,7f6d6d76-960b-4417-ba1b-11047b3a6223,24.0,49.5,114.0
2026-10-08T09:37:45,2026-10-08T09:37:45.625Z,ESP-1,c5e85c7c-7069-4b78-b643-92fcd17c5f5f,24.0,49.4,108.0
2026-10-08T09:37:47,2026-10-08T09:37:47.500Z,ESP-1,c735a607-ec9e-43ae-891a-dcd07eef59eb,24.0,49.4,115.0
2026-10-08T09:37:49,2026-10-08T09:37:49.499Z,ESP-1,b3e2ce33-a762-4183-abeb-37ff3f9504c2,24.0,49.4,104.0
2026-10-08T09:37:51,2026-10-08T09:37:51.501Z,ESP-1,e8fbf631-0b96-4125-8485-69034ad74715,24.0,49.4,113.0
2026-10-08T09:37:53,2026-10-08T09:37:53.498Z,ESP-1,4098521a-c23a-421f-b5ec-5ee4c8a40bda,24.1,49.3,105.0
2026-10-08T09:37:55,2026-10-08T09:37:55.507Z,ESP-1,f7a4696f-ab80-43e6-8e34-8dda4478e2d5,24.0,49.3,113.0
2026-10-08T09:37:57,2026-10-08T09:37:57.506Z,ESP-1,38c85f72-2818-489b-84db-94e01e59fb8d,24.0,49.2,113.0
2026-10-08T09:37:59,2026-10-08T09:37:59.501Z,ESP-1,2ecc1d30-666d-4bbc-8d88-1f3f2e95da8e,24.0,49.2,113.0
2026-10-08T09:38:01,2026-10-08T09:38:01.505Z,ESP-1,84ceb9aa-93b3-45e4-baaa-75e6494fa4a8,24.0,49.2,105.0
2026-10-08T09:38:03,2026-10-08T09:38:03.539Z,ESP-1,fbd61456-1b83-4d48-b9ba-04d4a9566daf,24.0,49.2,106.0
2026-10-08T09:38:05,2026-10-08T09:38:05.514Z,ESP-1,7cd7b399-1312-41bd-a72c-b37144a0493d,24.1,49.1,113.0
2026-10-08T09:38:07,2026-10-08T09:38:07.515Z,ESP-1,8eec9ff2-24b4-48ac-828c-4a7ad9f0bb33,24.0,49.1,120.0
2026-10-08T09:38:09,2026-10-08T09:38:09.526Z,ESP-1,4178ed3d-27c4-4c3d-860f-34af84fbeb16,24.0,49.1,114.0
2026-10-08T09:38:11,2026-10-08T09:38:11.509Z,ESP-1,2e3fc96e-eb0c-4528-b42f-466b4228c82c,24.0,49.2,105.0
2026-10-08T09:38:13,2026-10-08T09:38:13.515Z,ESP-1,e2129d38-df7c-4783-b248-2138b9abaf5c,24.0,49.2,113.0
2026-10-08T09:38:15,2026-10-08T09:38:15.506Z,ESP-1,7f5d67d0-d48b-4719-9115-6452797aa9af,24.0,49.3,114.0
2026-10-08T09:38:17,2026-10-08T09:38:17.508Z,ESP-1,e2e0fc9f-1d5e-42cb-815d-93bc6ccad736,24.0,49.5,114.0
2026-10-08T09:38:19,2026-10-08T09:38:19.509Z,ESP-1,fa5755d8-2264-4134-8825-87defc3e74a2,24.1,49.5,106.0
2026-10-08T09:38:21,2026-10-08T09:38:21.509Z,ESP-1,ec4d9a53-f2f2-4444-870b-e33457fabd37,24.0,49.6,114.0
2026-10-08T09:38:23,2026-10-08T09:38:23.537Z,ESP-1,f60d17f3-cf73-4c6f-bbd3-cc3754c038b7,24.1,49.6,114.0
2026-10-08T09:38:25,2026-10-08T09:38:25.535Z,ESP-1,6a14e958-f85b-4440-8fe1-0069e8873930,24.0,49.7,114.0
2026-10-08T09:38:27,2026-10-08T09:38:27.533Z,ESP-1,1028bd35-564c-47d7-8e25-b32c010c201a,24.0,49.7,106.0
2026-10-08T09:38:29,2026-10-08T09:38:29.553Z,ESP-1,a709bf3e-80d8-4993-a81c-c98dd056eb0d,24.0,49.7,106.0
2026-10-08T09:38:31,2026-10-08T09:38:31.531Z,ESP-1,9e3c933a-45d9-4481-a4bf-e37be8b8f327,24.1,49.6,114.0
2026-10-08T09:38:33,2026-10-08T09:38:33.527Z,ESP-1,da4419bc-903f-409b-a132-6dcc53996895,24.0,49.6,108.0
2026-10-08T09:38:35,2026-10-08T09:38:37.004Z,ESP-1,918c0659-f3ee-477b-add0-0d84cf264099,24.1,49.5,114.0
2026-10-08T09:38:37,2026-10-08T09:38:37.574Z,ESP-1,d2a23002-0ed8-46e0-b523-020d0f6e4d03,24.0,49.6,120.0
2026-10-08T09:38:39,2026-10-08T09:38:39.529Z,ESP-1,0be1264c-cc80-47ab-bd2f-043c6ab345f9,24.1,49.7,157.0
2026-10-08T09:38:41,2026-10-08T09:38:41.540Z,ESP-1,cb823eaf-7b42-4792-8d94-5111fa9e2646,24.1,49.5,138.0
2026-10-08T09:38:43,2026-10-08T09:38:43.555Z,ESP-1,0e862ae8-828e-4bc8-9e00-98594fcfab1c,24.0,49.5,148.0
2026-10-08T09:38:45,2026-10-08T09:38:45.529Z,ESP-1,e6024ba7-da41-401b-8750-d005f44b0e58,24.1,49.6,148.0
2026-10-08T09:38:47,2026-10-08T09:38:47.526Z,ESP-1,faa68b6d-2b24-41de-a4d9-2d443346db64,24.1,49.5,147.0
2026-10-08T09:38:49,2026-10-08T09:38:49.527Z,ESP-1,c6502062-0fa2-4b9a-959f-fee9c2a1160e,24.1,49.5,135.0
2026-10-08T09:38:51,2026-10-08T09:38:51.528Z,ESP-1,7ae5b4e2-014b-45c6-943d-7bdf9ed0cfb3,24.1,49.5,135.0
2026-10-08T09:38:53,2026-10-08T09:38:53.541Z,ESP-1,fa172b47-bd85-485b-a755-150985613382,24.1,49.4,145.0
2026-10-08T09:38:55,2026-10-08T09:38:55.531Z,ESP-1,6603569b-d595-441f-aa51-db81c949fa9d,24.1,49.6,146.0
2026-10-08T09:38:57,2026-10-08T09:38:57.529Z,ESP-1,424f2914-fb32-4ee4-a8c4-36bf07777d8f,24.1,49.5,135.0
2026-10-08T09:38:59,2026-10-08T09:38:59.532Z,ESP-1,17c172dd-3fd8-4037-b6c1-02890aea59cf,24.1,49.4,135.0
2026-10-08T09:39:01,2026-10-08T09:39:01.537Z,ESP-1,bdd602c1-4bd6-4d22-acb3-13cae8f75429,24.1,49.4,147.0
2026-10-08T09:39:03,2026-10-08T09:39:03.529Z,ESP-1,a7086c15-573c-4fe6-8f49-50731dc17949,24.1,49.4,135.0
2026-10-08T09:39:05,2026-10-08T09:39:05.687Z,ESP-1,4937e54b-fc4b-44ff-99d7-785247894cfc,24.1,49.4,134.0
2026-10-08T09:39:05,2026-10-08T09:39:05.534Z,ESP-1,45562c9f-4d94-4813-938d-30461cb7e8bc,24.1,49.4,134.0
2026-10-08T09:39:07,2026-10-08T09:39:07.688Z,ESP-1,302e4ecf-0a21-42dc-8afa-bf44d4e74efc,24.1,49.4,136.0
2026-10-08T09:39:09,2026-10-08T09:39:09.688Z,ESP-1,8bedf5ec-d76f-4805-9661-29ccacf85608,24.1,49.3,136.0
2026-10-08T09:39:11,2026-10-08T09:39:11.693Z,ESP-1,f7986435-f785-42db-9f32-535e3e9c6f4f,24.1,49.3,136.0
2026-10-08T09:39:13,2026-10-08T09:39:13.690Z,ESP-1,4ab2318f-4bab-4f19-a206-1d23e1bae59c,24.1,49.3,136.0
2026-10-08T09:39:15,2026-10-08T09:39:15.688Z,ESP-1,47d3a367-5683-43f3-a30b-a0d7c24cf5a8,24.1,49.3,135.0
2026-10-08T09:39:17,2026-10-08T09:39:17.689Z,ESP-1,40f669af-ef12-47e3-aebd-8ecc39e5301c,24.1,49.3,135.0
2026-10-08T09:39:19,2026-10-08T09:39:19.687Z,ESP-1,7ac5eea7-f75f-4250-af0c-3b10ef04091b,24.1,49.4,134.0
2026-10-08T09:39:21,2026-10-08T09:39:21.686Z,ESP-1,c1a7f209-e92e-403e-ad8f-880b0318e0e8,24.0,49.4,134.0
2026-10-08T09:39:23,2026-10-08T09:39:23.686Z,ESP-1,34ac0d78-eecf-4f3d-88ac-a9f462e518e3,24.1,49.4,134.0
2026-10-08T09:39:25,2026-10-08T09:39:25.721Z,ESP-1,c71a1b44-6554-4d45-b2e1-5d7d54681c82,24.1,49.5,134.0
2026-10-08T09:39:27,2026-10-08T09:39:27.687Z,ESP-1,6adfc54a-8176-470f-8f05-7d1c1d54a0c8,24.1,49.5,134.0
2026-10-08T09:39:29,2026-10-08T09:39:29.696Z,ESP-1,48df362f-4e4e-44d9-8e9f-106521395771,24.1,49.5,134.0
2026-10-08T09:39:31,2026-10-08T09:39:31.691Z,ESP-1,16e3955b-ae5e-40e8-a67a-46df88b353da,24.1,49.4,134.0
2026-10-08T09:39:33,2026-10-08T09:39:33.686Z,ESP-1,dbc6d2db-fa5e-4d97-a97a-5fba0ad2bf16,24.1,49.3,134.0
2026-10-08T09:39:35,2026-10-08T09:39:35.686Z,ESP-1,71910442-7e61-4cb2-ad0e-8540306f284f,24.1,49.4,134.0
2026-10-08T09:39:37,2026-10-08T09:39:37.689Z,ESP-1,f0fd1069-8f28-4f09-97e3-c413cf8537f8,24.1,49.3,134.0
2026-10-08T09:39:39,2026-10-08T09:39:39.688Z,ESP-1,624cf96f-ec25-49fa-9848-282a254cd8e3,24.1,49.3,134.0
2026-10-08T09:39:41,2026-10-08T09:39:41.686Z,ESP-1,943e8329-84c9-485a-8e74-84ba7a6f0f02,24.1,49.2,134.0
2026-10-08T09:39:43,2026-10-08T09:39:43.685Z,ESP-1,ca490e3c-7fd3-4927-9166-26009c2e3fd6,24.1,49.3,133.0
2026-10-08T09:39:45,2026-10-08T09:39:45.700Z,ESP-1,a91cf9bf-e7fe-452e-8adc-e12e1c977b9e,24.1,49.4,133.0
2026-10-08T09:39:47,2026-10-08T09:39:47.684Z,ESP-1,2652145d-9c95-4d7d-8345-002916bb1334,24.1,49.3,133.0
2026-10-08T09:39:49,2026-10-08T09:39:49.686Z,ESP-1,4b705a95-d40a-45c3-a236-4fa9b45d7433,24.1,49.3,133.0
2026-10-08T09:39:51,2026-10-08T09:39:51.687Z,ESP-1,b6a094e3-19cc-4c96-8534-c0a2e4092eaa,24.1,49.3,133.0
2026-10-08T09:39:53,2026-10-08T09:39:53.689Z,ESP-1,7950c7a8-0510-4780-9a44-2ce0ac4735e3,24.1,49.3,133.0
2026-10-08T09:39:55,2026-10-08T09:39:55.699Z,ESP-1,8fee7f3e-f1d4-4bd6-918e-76f1df9372a8,24.1,49.3,133.0
2026-10-08T09:39:57,2026-10-08T09:39:57.686Z,ESP-1,2612a6d5-431d-493e-bcd2-58925e8a43a6,24.1,49.2,133.0
2026-10-08T09:39:59,2026-10-08T09:39:59.691Z,ESP-1,05060fa5-596a-4be4-b057-567b27a08ad4,24.1,49.2,133.0
2026-10-08T09:40:01,2026-10-08T09:40:01.687Z,ESP-1,0a3f06e7-cf72-4fe0-a6c2-cc885c58fd04,24.1,49.2,133.0
2026-10-08T09:40:03,2026-10-08T09:40:03.686Z,ESP-1,42ffb8f2-54c1-4872-a657-b57a3a67d6d0,24.1,49.2,133.0
2026-10-08T09:40:05,2026-10-08T09:40:05.685Z,ESP-1,b42cf779-2799-4183-8399-041ddb4e7e5d,24.1,49.1,133.0
2026-10-08T09:40:07,2026-10-08T09:40:07.724Z,ESP-1,3df8ba32-09fe-4d79-a69b-93c58d2f98b5,24.1,49.2,133.0
2026-10-08T09:40:09,2026-10-08T09:40:09.689Z,ESP-1,51fb77e4-91b2-4622-a388-f6c63259d6b8,24.1,49.2,133.0
2026-10-08T09:40:11,2026-10-08T09:40:11.689Z,ESP-1,082f6220-e6c6-487a-95ed-9b3cc45a5fd5,24.1,49.2,133.0
2026-10-08T09:40:13,2026-10-08T09:40:13.693Z,ESP-1,84a0d4c0-17ca-42c4-b7d4-d36b4af79834,24.1,49.2,133.0
2026-10-08T09:40:15,2026-10-08T09:40:15.687Z,ESP-1,49797c9c-38ca-4e33-983c-277ced5118c1,24.1,49.4,133.0
2026-10-08T09:40:17,2026-10-08T09:40:17.694Z,ESP-1,24c8a8f5-8f45-4255-af6d-a4eb3f18d7b9,24.1,49.3,134.0
2026-10-08T09:40:19,2026-10-08T09:40:19.683Z,ESP-1,efa1438b-a062-468c-8951-3d1f3d4dc9ad,24.1,49.2,133.0
2026-10-08T09:40:21,2026-10-08T09:40:21.692Z,ESP-1,4fcb952e-8de9-4b6b-8745-12ce301fdf42,24.1,49.2,133.0
2026-10-08T09:40:23,2026-10-08T09:40:23.689Z,ESP-1,ba2d9a54-4940-4224-bf12-d2e44a18ec47,24.1,49.2,133.0
2026-10-08T09:40:25,2026-10-08T09:40:25.687Z,ESP-1,98ea43d2-8d69-476e-92ad-c651391ddaa2,24.1,49.1,133.0
2026-10-08T09:40:27,2026-10-08T09:40:27.688Z,ESP-1,d2206ebd-dbe4-4db6-a317-634776f6d0fe,24.1,49.1,133.0
2026-10-08T09:40:29,2026-10-08T09:40:29.696Z,ESP-1,13edde98-05a7-4894-be29-a9f6754e7751,24.1,49.1,133.0
2026-10-08T09:40:31,2026-10-08T09:40:31.685Z,ESP-1,04af10ca-eb22-4bcb-adca-5b20d3974f84,24.1,49.1,133.0
2026-10-08T09:40:33,2026-10-08T09:40:33.695Z,ESP-1,8c9638ed-70f5-4847-be56-8cd2036268cb,24.1,49.1,133.0
2026-10-08T09:40:35,2026-10-08T09:40:35.699Z,ESP-1,83db4a17-8f15-43b8-80f4-081be4d40fb3,24.1,49.1,133.0
2026-10-08T09:40:37,2026-10-08T09:40:37.684Z,ESP-1,3a939c76-219c-4012-9b53-180c61c37437,24.1,49.1,133.0
2026-10-08T09:40:37,2026-10-08T09:40:38.845Z,ESP-1,d9a95ec5-a02b-4306-9200-79f1b60fee31,24.1,49.1,133.0
2026-10-08T09:40:39,2026-10-08T09:40:39.826Z,ESP-1,4522ccef-bbc0-4e70-8303-efcee80a9bec,24.1,49.0,129.0
2026-10-08T09:40:40,2026-10-08T09:40:40.017Z,ESP-1,30fd80e5-d0c9-4748-a88a-55d251ceed9e,24.1,49.0,129.0
2026-10-08T09:40:42,2026-10-08T09:40:42.037Z,ESP-1,8c63be0f-98dc-4737-8d9f-a3ecaacd525c,24.1,49.0,133.0
2026-10-08T09:40:44,2026-10-08T09:40:44.016Z,ESP-1,2fb1eb12-8cd9-4b39-a9e9-1b4362495293,24.1,49.0,133.0
2026-10-08T09:40:46,2026-10-08T09:40:46.015Z,ESP-1,3a739206-fb4c-427b-83da-8f67faf73b6a,24.1,49.1,133.0
2026-10-08T09:40:48,2026-10-08T09:40:48.011Z,ESP-1,2cb849e3-1752-4cdb-b2df-3c0aa7b1238a,24.1,49.1,132.0
2026-10-08T09:40:50,2026-10-08T09:40:50.013Z,ESP-1,a38f94f1-1f1a-4aec-9be1-3154fef9bcc0,24.1,49.1,133.0
2026-10-08T09:40:52,2026-10-08T09:40:52.012Z,ESP-1,45aa206f-1205-4f09-8f7a-f02a8fa4040c,24.1,49.2,133.0
2026-10-08T09:40:54,2026-10-08T09:40:54.011Z,ESP-1,7e9451de-8dd8-4263-accc-c8e5444c7574,24.1,49.3,133.0
2026-10-08T09:40:56,2026-10-08T09:40:56.032Z,ESP-1,2a69eff9-fdc9-44c7-b9ea-7977feb7b0cc,24.1,49.2,132.0
2026-10-08T09:40:58,2026-10-08T09:40:58.014Z,ESP-1,5c259782-498b-48f9-b23b-e05870502e2a,24.1,49.4,132.0
2026-10-08T09:41:00,2026-10-08T09:41:00.014Z,ESP-1,1ddb11cf-ba01-462e-b2fc-3977fb29ad8d,24.1,49.4,132.0
2026-10-08T09:41:02,2026-10-08T09:41:02.053Z,ESP-1,92024688-ff56-4810-a8eb-b463606f6122,24.1,49.5,133.0
2026-10-08T09:41:04,2026-10-08T09:41:04.043Z,ESP-1,c6a8e8f1-96f6-4cdf-840a-f3922e433390,24.1,49.5,132.0
2026-10-08T09:41:06,2026-10-08T09:41:06.017Z,ESP-1,92ff0fcf-9beb-41b9-b276-4b9d09e0ac80,24.1,49.5,132.0
2026-10-08T09:41:08,2026-10-08T09:41:08.036Z,ESP-1,7db232bc-d9e3-4bcd-9746-1917604ac2db,24.1,49.5,133.0
2026-10-08T09:41:10,2026-10-08T09:41:10.015Z,ESP-1,b7d9efb9-519a-41cf-b29a-e3fffb6acd38,24.1,49.4,133.0
2026-10-08T09:41:12,2026-10-08T09:41:12.015Z,ESP-1,c48abc76-7bd0-429b-bec7-b66b62ec0e00,24.1,49.4,133.0
2026-10-08T09:41:14,2026-10-08T09:41:14.059Z,ESP-1,342b7f68-e56b-412e-8cdb-c69156d9109a,24.1,49.4,133.0
2026-10-08T09:41:16,2026-10-08T09:41:16.012Z,ESP-1,8a4844a3-4285-4ab6-b843-d2a41bfc22ed,24.1,49.4,132.0
2026-10-08T09:41:18,2026-10-08T09:41:18.018Z,ESP-1,091d992e-ea82-4345-bd64-66ca57c22864,24.1,49.4,132.0
2026-10-08T09:41:20,2026-10-08T09:41:20.040Z,ESP-1,e70c487e-6241-4845-b805-c6781734857b,24.1,49.4,132.0
2026-10-08T09:41:22,2026-10-08T09:41:22.011Z,ESP-1,a73aa660-eb35-43bc-b7cd-bbf27ba0a0f7,24.1,49.3,132.0
2026-10-08T09:41:24,2026-10-08T09:41:24.012Z,ESP-1,e8d3056e-b74f-4cd1-af91-b9541714c318,24.1,49.2,132.0
2026-10-08T09:41:26,2026-10-08T09:41:26.019Z,ESP-1,7066b6de-666a-47d5-a2bb-23c317746453,24.1,49.4,132.0
2026-10-08T09:41:28,2026-10-08T09:41:28.015Z,ESP-1,51cc54fa-15b8-4dbb-a04c-88b0b67b3485,24.1,49.4,133.0
2026-10-08T09:41:30,2026-10-08T09:41:30.011Z,ESP-1,8162896e-6ac9-4669-aca7-babef57a9b43,24.1,49.4,132.0
2026-10-08T09:41:32,2026-10-08T09:41:32.012Z,ESP-1,05d8498c-7157-4cdd-94ae-c0fc62cbacf5,24.1,49.4,132.0
2026-10-08T09:41:34,2026-10-08T09:41:34.041Z,ESP-1,884f13eb-4b90-48f6-90e5-fc220c08c018,24.1,49.3,132.0
2026-10-08T09:41:36,2026-10-08T09:41:36.010Z,ESP-1,04ffcc13-4737-4642-8aae-ede06f2e228e,24.1,49.4,132.0
2026-10-08T09:41:38,2026-10-08T09:41:38.019Z,ESP-1,7a14c26a-676b-4214-b2db-0b25b39bf219,24.1,49.3,132.0
2026-10-08T09:41:40,2026-10-08T09:41:40.015Z,ESP-1,467773bc-8122-49e5-83d7-16e2570c2788,24.1,49.3,132.0
2026-10-08T09:41:42,2026-10-08T09:41:42.020Z,ESP-1,45708cdf-9705-42fa-ac1a-48a9f2cfefd9,24.1,49.4,132.0
2026-10-08T09:41:44,2026-10-08T09:41:44.013Z,ESP-1,298cd0aa-34ed-4282-8869-64fe71152972,24.1,49.3,132.0
2026-10-08T09:41:46,2026-10-08T09:41:46.018Z,ESP-1,7063701a-74a9-49dc-ba6a-1b482dfcb5bb,24.1,49.3,132.0
2026-10-08T09:41:48,2026-10-08T09:41:48.017Z,ESP-1,8cfb7621-194a-4e32-a4b8-93b6ca4165d0,24.1,49.2,132.0
2026-10-08T09:41:50,2026-10-08T09:41:50.014Z,ESP-1,1b8a47e8-ed69-4470-9143-dcdb3c2daf62,24.1,49.3,132.0
2026-10-08T09:41:52,2026-10-08T09:41:52.014Z,ESP-1,1e64eb94-52f1-44e3-a2ce-a695b35a29c6,24.1,49.2,132.0
2026-10-08T09:41:54,2026-10-08T09:41:54.016Z,ESP-1,48e293a8-5999-40ae-b581-9c6c50f804a9,24.1,49.2,132.0
2026-10-08T09:41:56,2026-10-08T09:41:56.019Z,ESP-1,fe236fcd-386e-4990-a7a7-491179997e10,24.1,49.2,132.0
2026-10-08T09:41:58,2026-10-08T09:41:58.013Z,ESP-1,3fe41cbe-d21f-4f67-824c-871b39fe8146,24.1,49.2,132.0
2026-10-08T09:42:00,2026-10-08T09:42:00.015Z,ESP-1,06f69bd6-bab5-41f9-8bcf-2b32d7563c7e,24.1,49.2,132.0
2026-10-08T09:42:02,2026-10-08T09:42:02.011Z,ESP-1,f7e7b02f-205e-4d58-beea-683947a18f17,24.1,49.2,132.0
2026-10-08T09:42:04,2026-10-08T09:42:04.014Z,ESP-1,73297c30-99a6-4598-82de-521da797002c,24.1,49.1,132.0
2026-10-08T09:42:06,2026-10-08T09:42:06.032Z,ESP-1,c848cea1-3f35-4eae-9aaa-af1539140f81,24.1,49.1,132.0
2026-10-08T09:42:08,2026-10-08T09:42:08.015Z,ESP-1,d640e9e5-d33f-4e7e-b5a2-b6ea36ab2b5a,24.2,49.0,130.0
2026-10-08T09:42:10,2026-10-08T09:42:10.010Z,ESP-1,d6eda882-cb11-434b-9053-47b89659871b,24.1,49.1,129.0
2026-10-08T09:42:11,2026-10-08T09:42:11.844Z,ESP-1,bd194f83-d358-4c32-a7a5-a821064b0ebd,24.1,49.2,130.0
2026-10-08T09:42:13,2026-10-08T09:42:13.845Z,ESP-1,3566b576-120c-4063-a078-2200904231e8,24.1,49.1,127.0
2026-10-08T09:42:15,2026-10-08T09:42:15.845Z,ESP-1,6e3a36f4-5496-4e58-a2a2-8e98784b9903,24.1,49.2,128.0
2026-10-08T09:42:17,2026-10-08T09:42:17.851Z,ESP-1,02d17cc5-3390-4a8c-beed-6f65cd321a36,24.1,49.1,128.0
2026-10-08T09:42:19,2026-10-08T09:42:19.844Z,ESP-1,9a6882e5-f510-468c-bfb4-c78fcacf96c1,24.1,49.2,128.0
2026-10-08T09:42:21,2026-10-08T09:42:21.853Z,ESP-1,6e06d3fe-6535-42e4-ba12-b1f528767ac4,24.1,49.2,127.0
2026-10-08T09:42:23,2026-10-08T09:42:23.861Z,ESP-1,9d1fc6b9-3f08-4bdf-8c5e-a4f017f059d1,24.1,49.3,127.0
2026-10-08T09:42:25,2026-10-08T09:42:25.859Z,ESP-1,dfa9cf77-467f-4883-a83f-64744727d21b,24.1,49.2,127.0
2026-10-08T09:42:27,2026-10-08T09:42:27.867Z,ESP-1,09f168f1-b9a1-45d7-bfba-17ec0e6ce2e6,24.1,49.2,127.0
2026-10-08T09:42:29,2026-10-08T09:42:29.861Z,ESP-1,f29c0803-d300-41a1-8e02-18e67985a2b4,24.1,49.3,127.0
2026-10-08T09:42:31,2026-10-08T09:42:31.860Z,ESP-1,da22b10f-ce1a-4be6-a69d-af8a610ca1e4,24.1,49.3,128.0
2026-10-08T09:42:32,2026-10-08T09:42:32.989Z,ESP-1,9abb614b-d3b1-4ae7-8fbf-1a04fef3476d,24.1,49.3,127.0
2026-10-08T09:42:34,2026-10-08T09:42:34.989Z,ESP-1,6cbe7650-121e-4cd5-bc45-27316d76cdb3,24.1,49.3,130.0
2026-10-08T09:42:36,2026-10-08T09:42:36.993Z,ESP-1,6160d449-63b4-4044-b4f4-11a68440d5c2,24.1,49.3,129.0
2026-10-08T09:42:38,2026-10-08T09:42:38.993Z,ESP-1,0f934d1e-0863-4bc8-8ef6-438fa9c93ce9,24.1,49.2,129.0
2026-10-08T09:42:40,2026-10-08T09:42:41.011Z,ESP-1,5ebadfb4-0aef-4f6a-9353-e0b97aaf6ded,24.1,49.2,129.0
2026-10-08T09:42:42,2026-10-08T09:42:42.992Z,ESP-1,1a5c75f5-d7b6-4150-8d51-48d56557ead3,24.1,49.3,129.0
2026-10-08T09:42:44,2026-10-08T09:42:44.992Z,ESP-1,4f0f9b8e-bbe0-486d-863e-19d805d55c02,24.1,49.4,130.0
2026-10-08T09:42:46,2026-10-08T09:42:46.996Z,ESP-1,c96cc2d9-8c22-4ef3-8ed9-8562dffa619e,24.1,49.4,130.0
2026-10-08T09:42:48,2026-10-08T09:42:48.997Z,ESP-1,5df5b025-423a-4b08-accf-aabe2ead0693,24.2,49.4,129.0
2026-10-08T09:42:50,2026-10-08T09:42:50.995Z,ESP-1,c93b61e6-b7b2-49c8-8116-10091cc5e4be,24.1,49.5,130.0
2026-10-08T09:42:52,2026-10-08T09:42:52.993Z,ESP-1,25781620-078b-4ccf-872d-11f82ba7e235,24.1,49.4,129.0
2026-10-08T09:42:54,2026-10-08T09:42:54.993Z,ESP-1,92f6098c-6953-4cde-af5e-2a75e4f6e839,24.1,49.3,129.0
2026-10-08T09:42:56,2026-10-08T09:42:56.991Z,ESP-1,5a87e2a7-dcfb-41ac-9fff-5c08c0b27f96,24.2,49.2,130.0
2026-10-08T09:42:58,2026-10-08T09:42:58.997Z,ESP-1,11855c7d-03c3-4a90-bb35-58bb559a6b97,24.1,49.3,129.0
2026-10-08T09:43:00,2026-10-08T09:43:00.996Z,ESP-1,464b1874-9ccb-4bd5-87ed-f30bd8416e19,24.2,49.3,130.0
2026-10-08T09:43:02,2026-10-08T09:43:02.993Z,ESP-1,e53ec9b5-45fb-4506-a8b8-f0680293db8a,24.2,49.2,129.0
2026-10-08T09:43:04,2026-10-08T09:43:04.991Z,ESP-1,9747e2a5-e31c-447a-b16e-ea8e17d08447,24.1,49.2,129.0
2026-10-08T09:43:06,2026-10-08T09:43:06.992Z,ESP-1,ae9cfb7c-3aa0-47f3-9be7-26c2364df7ac,24.2,49.1,129.0
2026-10-08T09:43:08,2026-10-08T09:43:08.990Z,ESP-1,1a4b81c6-3ff4-4d00-9afb-1d1e528f089b,24.1,49.2,129.0
2026-10-08T09:43:10,2026-10-08T09:43:10.992Z,ESP-1,aa38b921-8fb1-42ed-b847-545820c12eae,24.2,49.1,128.0
2026-10-08T09:43:12,2026-10-08T09:43:12.991Z,ESP-1,0b4caf16-a191-4d5f-a62b-3d0e7c9beff4,24.1,49.1,128.0
2026-10-08T09:43:14,2026-10-08T09:43:14.994Z,ESP-1,30cc1d90-33d3-48bb-9245-757533091f1a,24.1,49.1,128.0
2026-10-08T09:43:16,2026-10-08T09:43:16.991Z,ESP-1,eee48ba6-18dc-4ccf-a639-277992f4aa6a,24.2,49.0,129.0
2026-10-08T09:43:18,2026-10-08T09:43:18.996Z,ESP-1,ade26b0c-f4ac-42b0-afc6-684863315865,24.1,49.0,128.0
2026-10-08T09:43:20,2026-10-08T09:43:20.994Z,ESP-1,4967085a-fa1c-4664-9cc8-9a3ba587405f,24.1,49.0,128.0
2026-10-08T09:43:22,2026-10-08T09:43:22.991Z,ESP-1,2b812b63-937f-4e0c-a433-34a413ce882c,24.2,48.9,129.0
2026-10-08T09:43:24,2026-10-08T09:43:24.993Z,ESP-1,85071321-23a2-4d9a-9dc7-885b88f8a94b,24.2,48.9,128.0
2026-10-08T09:43:26,2026-10-08T09:43:26.993Z,ESP-1,1b8067cc-8a1e-4236-9b37-3be37224aad5,24.2,48.9,128.0
2026-10-08T09:43:28,2026-10-08T09:43:28.991Z,ESP-1,3be01dd2-9567-48ab-a929-6fdad2a3e467,24.2,48.9,129.0
2026-10-08T09:43:30,2026-10-08T09:43:30.991Z,ESP-1,316a36fd-faf0-4fb1-be86-409a62a8b27d,24.2,48.9,128.0
2026-10-08T09:43:32,2026-10-08T09:43:32.992Z,ESP-1,11818aca-b503-4dfd-9e62-6f90a19c03e1,24.2,48.9,128.0
2026-10-08T09:43:34,2026-10-08T09:43:34.987Z,ESP-1,ea9fd766-269d-403f-860b-1b8241609698,24.1,49.0,128.0
2026-10-08T09:43:36,2026-10-08T09:43:37.019Z,ESP-1,c9af7170-bac8-489e-bb9a-e970bf8c6d98,24.1,49.0,128.0
2026-10-08T09:43:38,2026-10-08T09:43:39.000Z,ESP-1,b821bbf2-2359-4488-87af-a168cf3e563f,24.1,49.0,128.0
2026-10-08T09:43:40,2026-10-08T09:43:41.014Z,ESP-1,ae3a4083-ba0b-4429-a2b7-9386a7abefc9,24.1,49.2,128.0
2026-10-08T09:43:42,2026-10-08T09:43:42.990Z,ESP-1,f476ecb9-080b-4dfb-a2cb-3626d7df0066,24.1,49.2,128.0
2026-10-08T09:43:44,2026-10-08T09:43:44.993Z,ESP-1,8a6cf381-b3b1-467b-9938-856e6e63ba4f,24.1,49.3,129.0
2026-10-08T09:43:46,2026-10-08T09:43:46.991Z,ESP-1,d9748d7c-d6c7-4b4b-9c0d-b18945eab67e,24.1,49.4,128.0
2026-10-08T09:43:48,2026-10-08T09:43:48.990Z,ESP-1,b4a3ef84-dbda-43aa-9e94-b9990b47d102,24.1,49.3,128.0
2026-10-08T09:43:50,2026-10-08T09:43:50.992Z,ESP-1,581bc7b1-fe24-4577-9ea4-fbfa0859cfdf,24.1,49.4,128.0
2026-10-08T09:43:52,2026-10-08T09:43:52.991Z,ESP-1,756d415e-12b6-4d36-918f-61ae5a968d69,24.2,49.4,128.0
2026-10-08T09:43:54,2026-10-08T09:43:55.032Z,ESP-1,db0cde7a-a388-434e-a31f-f01aac2c55fc,24.1,49.4,128.0
2026-10-08T09:43:56,2026-10-08T09:43:56.997Z,ESP-1,bcecc707-983b-447a-a58a-eb8852a549d2,24.1,49.4,128.0
2026-10-08T09:43:58,2026-10-08T09:43:58.991Z,ESP-1,5d5427b7-b7ba-44a9-a47e-93b5fa81bc80,24.2,49.4,128.0
2026-10-08T09:44:00,2026-10-08T09:44:00.993Z,ESP-1,42882fa5-28f4-4468-86b3-61b6d4c2ebba,24.1,49.3,128.0
2026-10-08T09:44:02,2026-10-08T09:44:02.996Z,ESP-1,beb5e732-f30d-4960-b1b4-366b97fa3d71,24.1,49.4,128.0
2026-10-08T09:44:04,2026-10-08T09:44:04.864Z,ESP-1,7d033151-1250-4b43-ba00-49f20ba29ed4,24.2,49.3,128.0
2026-10-08T09:44:06,2026-10-08T09:44:06.864Z,ESP-1,2bfcbd93-6306-476a-bc4a-ffd547b39b9e,24.1,49.3,126.0
2026-10-08T09:44:08,2026-10-08T09:44:08.869Z,ESP-1,b721b3e5-eb96-4461-aaa2-0d845c254701,24.1,49.2,126.0
2026-10-08T09:44:10,2026-10-08T09:44:10.865Z,ESP-1,5626ec8d-363b-4e0f-86c8-dcae8b7d7573,24.1,49.3,126.0
2026-10-08T09:44:12,2026-10-08T09:44:12.883Z,ESP-1,c0ac9949-d890-4b27-85ed-9147ff91ffd8,24.1,49.3,126.0
2026-10-08T09:44:14,2026-10-08T09:44:14.865Z,ESP-1,fb2d257e-62e2-42fb-a265-3aa52c0f052c,24.2,49.3,126.0
2026-10-08T09:44:16,2026-10-08T09:44:16.870Z,ESP-1,cfebc1d9-943f-48fd-97ed-7c5d53b99ae7,24.2,49.3,126.0
2026-10-08T09:44:18,2026-10-08T09:44:18.865Z,ESP-1,1b50caa2-39e7-47c3-9243-7026f251b337,24.1,49.4,126.0
2026-10-08T09:44:20,2026-10-08T09:44:20.872Z,ESP-1,db1f49f0-a3c5-4565-a42a-4a77685d4b40,24.2,49.3,126.0
2026-10-08T09:44:22,2026-10-08T09:44:22.866Z,ESP-1,b56997b8-3ebe-4a02-a1b1-55a1b8ee03ed,24.1,49.3,126.0
2026-10-08T09:44:24,2026-10-08T09:44:24.864Z,ESP-1,57fc7d1b-fb59-45e3-99bb-adbcd23f56ac,24.1,49.3,126.0
2026-10-08T09:44:26,2026-10-08T09:44:26.861Z,ESP-1,f63613a3-32f2-4a7d-946b-8211d9fb6d20,24.2,49.3,126.0
2026-10-08T09:44:28,2026-10-08T09:44:28.843Z,ESP-1,c0c6a579-e86a-4a44-bc82-5be0bcd417e3,24.2,49.3,126.0
2026-10-08T09:44:30,2026-10-08T09:44:30.839Z,ESP-1,4e83dec9-cce5-4c96-95c9-f1de9aaff43a,24.2,49.2,128.0
2026-10-08T09:44:32,2026-10-08T09:44:32.837Z,ESP-1,ccc85a97-2f62-4e58-8610-d506822e9042,24.1,49.3,128.0
2026-10-08T09:44:34,2026-10-08T09:44:34.875Z,ESP-1,6a301073-8ad6-4fdf-a81e-3a3f1b9b9915,24.2,49.3,128.0
2026-10-08T09:44:36,2026-10-08T09:44:36.837Z,ESP-1,385b3597-21f2-4b30-aaee-9b84c797941e,24.2,49.2,128.0
2026-10-08T09:44:38,2026-10-08T09:44:38.884Z,ESP-1,c8c66472-22ec-450e-a139-1c8386ab8f69,24.2,49.2,128.0
2026-10-08T09:44:40,2026-10-08T09:44:40.919Z,ESP-1,cfbf0bff-28b8-4f69-9cf8-bc7a12441da8,24.1,49.2,128.0
2026-10-08T09:44:42,2026-10-08T09:44:42.840Z,ESP-1,61306fab-1653-4261-a6dc-00e9239c9e3b,24.2,49.2,128.0
2026-10-08T09:44:44,2026-10-08T09:44:44.836Z,ESP-1,b715a75f-3550-4d8a-88ad-650e10714fe6,24.2,49.3,128.0
2026-10-08T09:44:46,2026-10-08T09:44:46.836Z,ESP-1,89d1c7ef-465b-41cb-9c01-b1951bea0346,24.2,49.3,128.0
2026-10-08T09:44:48,2026-10-08T09:44:48.838Z,ESP-1,78aa2868-641d-4295-9ad3-ddb167dde833,24.2,49.2,128.0
2026-10-08T09:44:50,2026-10-08T09:44:50.836Z,ESP-1,18ee9a2a-4504-4310-9b9e-7f48e47a5044,24.2,49.3,124.0
2026-10-08T09:44:52,2026-10-08T09:44:52.836Z,ESP-1,1d4cc15a-b5e6-498d-8564-7667d90d48b5,24.2,49.5,124.0
2026-10-08T09:44:54,2026-10-08T09:44:54.837Z,ESP-1,e2455e63-e235-44fe-8c46-7dbd948a6eeb,24.2,49.6,125.0
2026-10-08T09:44:56,2026-10-08T09:44:56.836Z,ESP-1,b81eafd4-5cbe-4964-96f8-723618dae850,24.2,49.6,124.0
2026-10-08T09:44:58,2026-10-08T09:44:58.836Z,ESP-1,6d1bbc28-32de-4b70-bf73-53711a6bad84,24.2,49.6,124.0
2026-10-08T09:45:00,2026-10-08T09:45:00.836Z,ESP-1,33184126-ac93-4712-97ea-c6331e4c7595,24.2,49.6,124.0
2026-10-08T09:45:02,2026-10-08T09:45:02.837Z,ESP-1,f75f1793-77a1-4ad8-9bf2-9b4cf0f96036,24.2,49.6,125.0
2026-10-08T09:45:04,2026-10-08T09:45:04.832Z,ESP-1,db511ff0-2cff-471c-9861-c82e55f857e8,24.2,49.6,125.0
2026-10-08T09:45:06,2026-10-08T09:45:06.861Z,ESP-1,ddc40de9-f126-446f-afca-56d62ebf8965,24.2,49.6,124.0
2026-10-08T09:45:08,2026-10-08T09:45:08.839Z,ESP-1,a6e75cfc-dd12-4419-9724-53be6847834e,24.2,49.6,125.0
2026-10-08T09:45:10,2026-10-08T09:45:10.837Z,ESP-1,b5845698-f7d1-49dd-b1bb-1a6f2bc5b8cf,24.2,49.5,125.0
2026-10-08T09:45:12,2026-10-08T09:45:12.837Z,ESP-1,adf074fe-abe4-4e6b-a184-2f4abf19397f,24.2,49.5,125.0
2026-10-08T09:45:14,2026-10-08T09:45:14.836Z,ESP-1,0279cfb4-a3bc-44b2-ae18-8b1534981410,24.2,49.5,125.0
2026-10-08T09:45:16,2026-10-08T09:45:16.834Z,ESP-1,336d4b15-f076-444a-a988-0e83307cca83,24.2,49.5,126.0
2026-10-08T09:45:18,2026-10-08T09:45:18.845Z,ESP-1,d5bc550f-cce7-4bba-a668-1161979df53b,24.2,49.4,126.0
2026-10-08T09:45:20,2026-10-08T09:45:20.843Z,ESP-1,283d0349-daa9-45e8-9eb0-7f0af4052ff3,24.2,49.3,125.0
2026-10-08T09:45:22,2026-10-08T09:45:22.835Z,ESP-1,4ff650b8-3713-4d39-807d-b8c90a54543a,24.2,49.4,125.0
2026-10-08T09:45:24,2026-10-08T09:45:24.836Z,ESP-1,c85be567-54ec-42ed-be81-655199bd56b2,24.2,49.3,126.0
2026-10-08T09:45:26,2026-10-08T09:45:26.836Z,ESP-1,611c813d-8b6b-4962-ae78-e9c1b8489f4c,24.2,49.3,126.0
2026-10-08T09:45:28,2026-10-08T09:45:28.836Z,ESP-1,026da38d-0af3-45c6-a072-c032e3480cb2,24.2,49.2,126.0
2026-10-08T09:45:30,2026-10-08T09:45:30.836Z,ESP-1,42ea37da-1920-4a0c-8c53-fcb0180e6a02,24.2,49.2,126.0
2026-10-08T09:45:32,2026-10-08T09:45:32.835Z,ESP-1,0690d4a7-20ca-4179-827a-f663f61c97e4,24.2,49.2,126.0
2026-10-08T09:45:34,2026-10-08T09:45:34.836Z,ESP-1,1fc831f7-a141-45b5-a7b5-3675df9ad1b4,24.2,49.2,126.0
2026-10-08T09:45:36,2026-10-08T09:45:36.833Z,ESP-1,047bfbf1-3f33-463f-89a9-b973c82e70e0,24.2,49.2,126.0
2026-10-08T09:45:38,2026-10-08T09:45:38.835Z,ESP-1,ccb5be24-92e9-4eea-b760-4a1fed92e487,24.2,49.2,126.0
2026-10-08T09:45:40,2026-10-08T09:45:40.836Z,ESP-1,78b6b606-61bf-4155-b409-cfaec2fd184c,24.2,49.2,126.0
2026-10-08T09:45:42,2026-10-08T09:45:42.835Z,ESP-1,98e21f07-9780-44a8-8cb4-0b7f3040197a,24.2,49.2,126.0
2026-10-08T09:45:44,2026-10-08T09:45:44.839Z,ESP-1,2be6e00a-7aec-4de6-a21a-f4d93f7365af,24.2,49.2,126.0
2026-10-08T09:45:46,2026-10-08T09:45:46.835Z,ESP-1,c2b14f9c-4875-4c93-ab7b-d04dc0ff3f70,24.2,49.3,126.0
2026-10-08T09:45:48,2026-10-08T09:45:48.835Z,ESP-1,cd2c0537-f3fc-442e-b9d0-6f708412d284,24.2,49.4,126.0
2026-10-08T09:45:50,2026-10-08T09:45:50.840Z,ESP-1,cf76cba1-de9b-4f8b-a19a-e866fd78a1f4,24.2,49.5,126.0
2026-10-08T09:45:52,2026-10-08T09:45:52.835Z,ESP-1,bcd90325-39cd-43c6-b8f4-4a559c0f157e,24.2,49.6,126.0
2026-10-08T09:45:54,2026-10-08T09:45:54.873Z,ESP-1,307bde0f-56fa-4172-a5c8-f99a3dc93113,24.2,49.6,126.0
2026-10-08T09:45:56,2026-10-08T09:45:56.836Z,ESP-1,0d6c1226-af65-4673-9595-1aaa637b5ab4,24.2,49.6,126.0
2026-10-08T09:45:58,2026-10-08T09:45:58.845Z,ESP-1,e242dcdc-8dcb-4fb2-9c2c-12cb9f859dd3,24.2,49.6,127.0
2026-10-08T09:46:00,2026-10-08T09:46:00.696Z,ESP-1,8afc20e5-d31f-4a7d-92d1-4adcc209de8d,24.2,49.6,126.0
2026-10-08T09:46:02,2026-10-08T09:46:02.701Z,ESP-1,eeb6672d-05dd-4c9e-bfaf-68bcce407ca3,24.2,49.5,124.0
2026-10-08T09:46:04,2026-10-08T09:46:04.692Z,ESP-1,b85ced25-d154-4620-a775-d75a6199baae,24.2,49.4,124.0
2026-10-08T09:46:06,2026-10-08T09:46:06.699Z,ESP-1,31a174ef-4e62-4307-a00e-2170dd42fdba,24.2,49.3,124.0
2026-10-08T09:46:08,2026-10-08T09:46:08.713Z,ESP-1,6fe7308e-b61c-4d2d-887c-942fbfff86bb,24.2,49.3,125.0
2026-10-08T09:46:10,2026-10-08T09:46:10.709Z,ESP-1,520067ea-3da3-44ee-935e-be4358c89198,24.2,49.2,124.0
2026-10-08T09:46:12,2026-10-08T09:46:12.706Z,ESP-1,c291738a-3a7d-4178-9e56-9022c713f105,24.2,49.2,124.0
2026-10-08T09:46:14,2026-10-08T09:46:14.709Z,ESP-1,f7caa155-f37f-4c3f-8a84-0ca626a12c80,24.2,49.2,125.0
2026-10-08T09:46:15,2026-10-08T09:46:15.254Z,ESP-1,37d713bc-675f-4550-b4d8-37ff7c8ebb08,24.2,49.2,124.0
2026-10-08T09:46:17,2026-10-08T09:46:17.255Z,ESP-1,6698cf5a-dc78-452e-9759-8b3d25cf4157,24.2,49.1,126.0
2026-10-08T09:46:19,2026-10-08T09:46:19.254Z,ESP-1,08702da4-a40f-4acd-b617-6fcbe91cf6b1,24.2,49.2,126.0
2026-10-08T09:46:21,2026-10-08T09:46:21.265Z,ESP-1,8402af8b-1e4c-4fb0-8ac6-688a47bd258b,24.2,49.3,128.0
2026-10-08T09:46:23,2026-10-08T09:46:23.255Z,ESP-1,34226014-6153-4885-9bca-fea241d83a71,24.2,49.2,128.0
2026-10-08T09:46:25,2026-10-08T09:46:25.255Z,ESP-1,a2e01d18-897a-4e26-a2e7-17f809aa865d,24.2,49.3,127.0
2026-10-08T09:46:27,2026-10-08T09:46:27.254Z,ESP-1,60d339d4-1878-4a65-b7b7-5e60876332b3,24.2,49.4,127.0
2026-10-08T09:46:29,2026-10-08T09:46:29.257Z,ESP-1,a055ad1e-d43e-458b-a089-a165159bdb7e,24.2,49.4,140.0
2026-10-08T09:46:31,2026-10-08T09:46:31.254Z,ESP-1,287be842-3bd6-44b7-8d77-6431d4f324eb,24.2,49.3,109.0
2026-10-08T09:46:33,2026-10-08T09:46:33.278Z,ESP-1,9c5d40ce-8c56-4f28-8c0a-72e87f0d777f,24.2,49.3,108.0
2026-10-08T09:46:35,2026-10-08T09:46:35.253Z,ESP-1,d8682d05-5b7a-4b2f-b586-b24d7bfc1024,24.2,49.2,106.0
2026-10-08T09:46:37,2026-10-08T09:46:37.254Z,ESP-1,24b1b317-16f1-4695-83fd-07bf46b37ccf,24.2,49.3,108.0
2026-10-08T09:46:39,2026-10-08T09:46:39.260Z,ESP-1,82f12768-1c02-41b6-bf59-f4f79456c2de,24.2,49.3,108.0
2026-10-08T09:46:41,2026-10-08T09:46:41.335Z,ESP-1,08e6b7b9-abca-4704-a123-5b99d1bcc3f3,24.2,49.3,106.0
2026-10-08T09:46:43,2026-10-08T09:46:43.257Z,ESP-1,d85d9cbe-1d7d-4646-9e0b-8774ad031b83,24.2,49.4,106.0
2026-10-08T09:46:45,2026-10-08T09:46:45.257Z,ESP-1,2f5d7f50-003b-4798-b04f-79cedc6d1626,24.2,49.6,109.0
2026-10-08T09:46:47,2026-10-08T09:46:47.256Z,ESP-1,3a6a321f-ed12-433c-b1ab-5c01cf630bfe,24.2,49.7,108.0
2026-10-08T09:46:49,2026-10-08T09:46:49.257Z,ESP-1,bf1fa20e-c5df-4123-8b06-3cfa96164020,24.2,49.9,109.0
2026-10-08T09:46:51,2026-10-08T09:46:51.254Z,ESP-1,9be50f7a-bbb5-43fa-b50b-ea224472320d,24.2,50.0,108.0
2026-10-08T09:46:53,2026-10-08T09:46:53.255Z,ESP-1,7b438725-fe07-4cd2-bffb-3a9482d193f6,24.2,49.9,106.0
2026-10-08T09:46:55,2026-10-08T09:46:55.265Z,ESP-1,ca902ec1-24ac-4ea9-a59b-9bb40d28e6ca,24.2,49.8,106.0
2026-10-08T09:46:57,2026-10-08T09:46:57.253Z,ESP-1,fd0c336d-49e6-4456-90a8-fbe54dbc7a30,24.2,49.8,106.0
2026-10-08T09:46:59,2026-10-08T09:46:59.256Z,ESP-1,23d711ad-a433-4eb8-a76d-655cfa067440,24.2,49.6,106.0
2026-10-08T09:47:01,2026-10-08T09:47:01.254Z,ESP-1,d62fc471-4fd6-44c8-9f33-559c5f206c89,24.2,49.6,132.0
2026-10-08T09:47:03,2026-10-08T09:47:03.257Z,ESP-1,0833534b-d1b3-4abd-9f89-a2165df89363,24.3,49.5,127.0
2026-10-08T09:47:05,2026-10-08T09:47:05.256Z,ESP-1,d23e9297-9fa6-4f4d-b0ab-a079a2d4893f,24.2,49.5,123.0
2026-10-08T09:47:07,2026-10-08T09:47:07.251Z,ESP-1,b1064f4d-c300-494d-a3fc-90610e348f10,24.3,49.5,129.0
2026-10-08T09:47:09,2026-10-08T09:47:09.276Z,ESP-1,7148c82b-dbd9-4026-ae36-332eb01e1994,24.2,49.4,139.0
2026-10-08T09:47:11,2026-10-08T09:47:11.260Z,ESP-1,400a4021-b295-4c97-a671-6d493fdbd7bf,24.2,49.5,144.0
2026-10-08T09:47:13,2026-10-08T09:47:13.259Z,ESP-1,89b01a36-a294-460c-a090-386edefea3cf,24.3,49.6,141.0
2026-10-08T09:47:15,2026-10-08T09:47:15.253Z,ESP-1,7a6565c6-569b-49bf-84b3-f8a4c5249539,24.3,49.6,137.0
2026-10-08T09:47:17,2026-10-08T09:47:17.260Z,ESP-1,84a218dd-e166-4695-a3c9-97a9d41a10d2,24.3,49.9,146.0
2026-10-08T09:47:19,2026-10-08T09:47:19.264Z,ESP-1,355adcc1-b819-4bbe-a69f-4d2ca3956da4,24.3,50.0,137.0
2026-10-08T09:47:21,2026-10-08T09:47:21.256Z,ESP-1,fac7784e-c1e6-4aeb-bd00-fc8276a5027e,24.3,50.0,136.0
2026-10-08T09:47:23,2026-10-08T09:47:23.254Z,ESP-1,1a1ff035-9977-45b3-8227-6d43e2aef5e8,24.3,50.1,136.0
2026-10-08T09:47:25,2026-10-08T09:47:25.253Z,ESP-1,db07de3d-30f5-4bf2-bfa4-e8a0aff8a069,24.3,50.0,139.0
2026-10-08T09:47:27,2026-10-08T09:47:27.253Z,ESP-1,e7b8579e-58e7-41a4-8cc5-58a24cb8a431,24.3,49.8,137.0
2026-10-08T09:47:29,2026-10-08T09:47:29.261Z,ESP-1,dc4a5830-9226-4657-961a-8a28b0d1676a,24.3,49.7,136.0
2026-10-08T09:47:31,2026-10-08T09:47:31.253Z,ESP-1,7a294c5b-68d1-4ef2-88ac-5a595cdfad1a,24.3,49.7,136.0
2026-10-08T09:47:33,2026-10-08T09:47:33.253Z,ESP-1,ecb5167b-96f9-44ca-9592-d512d9045b55,24.3,49.7,136.0
2026-10-08T09:47:35,2026-10-08T09:47:35.255Z,ESP-1,4b4b548c-2564-4e04-b967-6af79752039b,24.3,49.9,136.0
2026-10-08T09:47:37,2026-10-08T09:47:37.253Z,ESP-1,c3441dfa-881a-439d-90d7-dcdd59c6524b,24.3,50.0,136.0
2026-10-08T09:47:39,2026-10-08T09:47:39.258Z,ESP-1,6283d4c7-7828-4d3b-bc5e-0096f069e9b0,24.3,50.0,135.0
2026-10-08T09:47:41,2026-10-08T09:47:41.252Z,ESP-1,00c21640-74e8-41b2-8d89-508aff9325d8,24.3,50.0,135.0
2026-10-08T09:47:43,2026-10-08T09:47:43.258Z,ESP-1,de0e0c19-15c2-49f2-bc56-549533b4aaa0,24.3,49.9,135.0
2026-10-08T09:47:45,2026-10-08T09:47:45.271Z,ESP-1,acb24190-407b-43c8-a2e2-5618c283646c,24.3,49.9,134.0
2026-10-08T09:47:47,2026-10-08T09:47:47.109Z,ESP-1,686bc492-3dd1-4c2f-81e3-71d146b33d34,24.3,49.8,134.0
2026-10-08T09:47:49,2026-10-08T09:47:49.108Z,ESP-1,bebddf8a-0c3c-4136-909a-9e48de8b59a1,24.3,49.7,133.0
2026-10-08T09:47:51,2026-10-08T09:47:51.110Z,ESP-1,e81c3e28-ad1c-4689-a0fc-0f2400e756f8,24.3,49.6,133.0
2026-10-08T09:47:53,2026-10-08T09:47:53.113Z,ESP-1,8e4f1d68-b5bf-4077-96ad-cae40f072aa7,24.3,49.6,133.0
2026-10-08T09:47:55,2026-10-08T09:47:55.108Z,ESP-1,b5c09f31-eb09-43e0-b3e5-0ca150c3ba23,24.3,49.6,132.0
2026-10-08T09:47:57,2026-10-08T09:47:57.111Z,ESP-1,cb32fe76-39a9-40a2-ab46-9c578ae10bac,24.3,49.5,130.0
2026-10-08T09:47:59,2026-10-08T09:47:59.109Z,ESP-1,0a135fc2-db3e-436d-bfb5-c96e5bfa75ed,24.3,49.5,132.0
2026-10-08T09:48:01,2026-10-08T09:48:01.110Z,ESP-1,505440e2-10ce-4726-b2d8-d2134d7d0bc7,24.3,49.5,130.0
2026-10-08T09:48:03,2026-10-08T09:48:03.108Z,ESP-1,9915b8a7-1cdf-4423-939a-8557819be615,24.3,49.4,132.0
2026-10-08T09:48:05,2026-10-08T09:48:05.109Z,ESP-1,8868b00f-9835-4ecd-b4d6-7e3c69394644,24.3,49.6,132.0
2026-10-08T09:48:07,2026-10-08T09:48:07.108Z,ESP-1,dda1ccbb-b3a7-4596-8ba2-7cc463e4d6d6,24.3,49.8,132.0
2026-10-08T09:48:09,2026-10-08T09:48:09.127Z,ESP-1,460fdfa4-2f50-447a-b9f0-76353faafead,24.3,50.0,130.0
2026-10-08T09:48:11,2026-10-08T09:48:11.127Z,ESP-1,3800db7c-4bdf-4df0-a73b-587314ff5b4d,24.3,49.9,130.0
2026-10-08T09:48:13,2026-10-08T09:48:13.128Z,ESP-1,1a216ce3-f31c-4dbc-af49-1646387e8b1f,24.3,49.8,130.0
2026-10-08T09:48:13,2026-10-08T09:48:13.833Z,ESP-1,a7a0eed9-9f7f-4fa9-bafb-4dfe1ec4e8f2,24.3,49.9,130.0
2026-10-08T09:48:15,2026-10-08T09:48:15.833Z,ESP-1,08ea77ab-b19c-4b56-965f-58c7dde93b09,24.3,49.8,125.0
2026-10-08T09:48:17,2026-10-08T09:48:17.842Z,ESP-1,5e4b07b9-9184-481a-ae54-6953a84995ad,24.3,49.7,125.0
2026-10-08T09:48:19,2026-10-08T09:48:19.835Z,ESP-1,638fcdfc-3711-4740-8daf-00740c087ca3,24.3,49.7,124.0
2026-10-08T09:48:21,2026-10-08T09:48:21.856Z,ESP-1,fa832d65-9898-4e86-87a0-42f12b29f444,24.3,49.6,123.0
2026-10-08T09:48:23,2026-10-08T09:48:23.837Z,ESP-1,55ff42d5-0437-4d32-b82e-b4abc8de7c28,24.3,49.7,124.0
2026-10-08T09:48:25,2026-10-08T09:48:25.833Z,ESP-1,7ed3f295-681f-4b8b-8a78-859830645e7f,24.3,49.7,124.0
2026-10-08T09:48:27,2026-10-08T09:48:27.833Z,ESP-1,f6ffd963-eb06-4644-917a-83d75ce8c324,24.3,49.7,133.0
2026-10-08T09:48:29,2026-10-08T09:48:29.834Z,ESP-1,09e915ef-6e30-4ccc-ab69-5e6331f08373,24.3,50.0,149.0
2026-10-08T09:48:31,2026-10-08T09:48:31.835Z,ESP-1,155ec44e-bd9b-4ce6-a664-89831ea9f2db,24.3,50.0,142.0
2026-10-08T09:48:33,2026-10-08T09:48:33.833Z,ESP-1,1a879ae5-6d66-4a84-8fe4-3ef7652b488d,24.3,50.0,150.0
2026-10-08T09:48:35,2026-10-08T09:48:35.833Z,ESP-1,b28a7ef3-d00d-4abf-9b21-2f27b8620eba,24.3,49.9,126.0
2026-10-08T09:48:37,2026-10-08T09:48:37.836Z,ESP-1,b7fe4ae3-175e-4947-b615-8a9bf527cd8a,24.3,49.8,142.0
2026-10-08T09:48:39,2026-10-08T09:48:39.832Z,ESP-1,3c88fea5-f1a6-43a6-af92-eab45d6555df,24.3,49.9,150.0
2026-10-08T09:48:41,2026-10-08T09:48:41.854Z,ESP-1,2d19f117-9576-47c0-8c4e-88f547b62b25,24.3,50.0,145.0
2026-10-08T09:48:43,2026-10-08T09:48:43.829Z,ESP-1,828efc25-1562-4777-a2e8-4ec748ea7169,24.3,50.0,126.0
2026-10-08T09:48:45,2026-10-08T09:48:45.832Z,ESP-1,1dcbcdaa-a7be-42fe-b583-d88c3547623f,24.3,50.1,124.0
2026-10-08T09:48:47,2026-10-08T09:48:47.847Z,ESP-1,181f2536-d94c-4470-9642-b90101903939,24.3,50.2,125.0
2026-10-08T09:48:49,2026-10-08T09:48:49.835Z,ESP-1,c33abe24-2a69-45cb-874e-29cb71291664,24.3,50.5,127.0
2026-10-08T09:48:51,2026-10-08T09:48:51.833Z,ESP-1,3d46615d-bbb5-4b12-b1df-7f71f7f92794,24.4,50.6,159.0
2026-10-08T09:48:53,2026-10-08T09:48:53.836Z,ESP-1,0624b4b5-fbc1-44bd-a2d8-aa82946fa7c0,24.3,50.7,149.0
2026-10-08T09:48:55,2026-10-08T09:48:55.833Z,ESP-1,0d5b674a-8a32-4023-9441-aad299c6758b,24.4,50.7,145.0
2026-10-08T09:48:57,2026-10-08T09:48:57.844Z,ESP-1,57c39fd1-d613-40cd-a60c-2a5b40025aae,24.3,50.7,149.0
2026-10-08T09:48:59,2026-10-08T09:48:59.831Z,ESP-1,0f0df919-e5ba-418d-84ee-820a1b986a8b,24.4,50.6,147.0
2026-10-08T09:49:01,2026-10-08T09:49:01.834Z,ESP-1,ce27dfe6-bef6-4675-a63b-e1ddd32fff4b,24.3,50.6,147.0
2026-10-08T09:49:03,2026-10-08T09:49:03.831Z,ESP-1,8c7f1b54-6b7f-4da5-b6a9-abce1af40718,24.4,50.5,147.0
2026-10-08T09:49:05,2026-10-08T09:49:05.831Z,ESP-1,4091a603-f9e3-4476-9824-939e77724a37,24.4,50.5,147.0
2026-10-08T09:49:07,2026-10-08T09:49:07.833Z,ESP-1,cf8993af-f448-4b6e-ae8f-2bf08f4b0a43,24.3,50.6,147.0
2026-10-08T09:49:09,2026-10-08T09:49:09.833Z,ESP-1,8b71c028-8c4c-40ff-81ff-7ca6286e6e33,24.4,50.7,146.0
2026-10-08T09:49:11,2026-10-08T09:49:11.839Z,ESP-1,b2603d78-a846-47d1-aa89-389f301366da,24.4,50.6,145.0
2026-10-08T09:49:13,2026-10-08T09:49:13.833Z,ESP-1,49f811cc-4093-43f6-a5a2-67b1b8fbb9a0,24.4,50.7,144.0
2026-10-08T09:49:15,2026-10-08T09:49:15.842Z,ESP-1,d81e588b-f3a1-4c9c-ae63-8adbc37a2c39,24.4,50.7,142.0
2026-10-08T09:49:17,2026-10-08T09:49:17.832Z,ESP-1,a95078fc-579f-4114-bc3b-4afe9f45c6a3,24.4,50.7,141.0
2026-10-08T09:49:19,2026-10-08T09:49:19.832Z,ESP-1,dcadf0fe-6476-4b65-969b-abb17c0fe9a1,24.4,50.4,144.0
2026-10-08T09:49:21,2026-10-08T09:49:21.834Z,ESP-1,c946d05d-f094-4520-a6a4-4699d59bb950,24.4,50.2,140.0
2026-10-08T09:49:23,2026-10-08T09:49:23.831Z,ESP-1,a66fcaa4-ec3b-41d8-a46f-11376fa0fb12,24.4,50.1,142.0
2026-10-08T09:49:25,2026-10-08T09:49:25.833Z,ESP-1,6fefdc27-fa54-4311-a7b0-bc64ea382951,24.4,50.2,144.0
2026-10-08T09:49:27,2026-10-08T09:49:27.834Z,ESP-1,ddbd76aa-4ec6-46c6-b394-08e046287f6d,24.4,50.5,141.0
2026-10-08T09:49:29,2026-10-08T09:49:29.831Z,ESP-1,d0d77f77-4991-4a36-9b39-d8eda513a8fc,24.4,50.5,142.0
2026-10-08T09:49:31,2026-10-08T09:49:31.831Z,ESP-1,0f7f104a-4307-4d93-b75f-fe9af3551b34,24.4,50.9,135.0
2026-10-08T09:49:33,2026-10-08T09:49:33.840Z,ESP-1,3e7e68c1-3e7b-4837-be91-00df6a6cad64,24.4,51.3,135.0
2026-10-08T09:49:35,2026-10-08T09:49:35.831Z,ESP-1,0c351ee3-109b-45b4-a986-8ce712a455b3,24.4,51.0,135.0
2026-10-08T09:49:37,2026-10-08T09:49:37.860Z,ESP-1,28a8f658-7ebe-489a-9505-251037f6bf6c,24.4,50.6,135.0
2026-10-08T09:49:39,2026-10-08T09:49:39.832Z,ESP-1,c0246a32-a6cd-44c6-8962-2622a747a749,24.4,50.2,135.0
2026-10-08T09:49:41,2026-10-08T09:49:41.837Z,ESP-1,c84a4ad1-2e5b-4049-804b-af4e9bcae4c9,24.4,50.0,135.0
2026-10-08T09:49:43,2026-10-08T09:49:43.831Z,ESP-1,fe1d86ff-c6d1-4b14-92f7-4603e1730d32,24.4,49.8,153.0
2026-10-08T09:49:45,2026-10-08T09:49:45.809Z,ESP-1,6b9d8c6d-10e1-42f0-872e-125315853d9b,24.4,49.7,152.0
2026-10-08T09:49:47,2026-10-08T09:49:47.812Z,ESP-1,81987b17-54d9-421d-8438-c8181463b6a7,24.4,49.8,142.0
2026-10-08T09:49:49,2026-10-08T09:49:49.586Z,ESP-1,18c03114-3be0-419e-aa9d-2919fedeffda,24.4,49.9,150.0
2026-10-08T09:49:51,2026-10-08T09:49:51.583Z,ESP-1,1155ecdf-6c29-41f5-81ad-545a04b3571d,24.4,50.1,144.0
2026-10-08T09:49:53,2026-10-08T09:49:53.583Z,ESP-1,bd5548cd-9395-4821-9790-7e4d70f89b4b,24.4,50.2,145.0
2026-10-08T09:49:55,2026-10-08T09:49:55.587Z,ESP-1,c35151d9-efe4-4390-826c-be30ce5db70b,24.4,50.4,152.0
2026-10-08T09:49:57,2026-10-08T09:49:57.584Z,ESP-1,24abea63-9e90-4912-bb9d-896a20857ab1,24.4,50.4,142.0
2026-10-08T09:49:59,2026-10-08T09:49:59.584Z,ESP-1,bba43ba2-25ae-47b6-a099-18b691245814,24.4,50.5,141.0
2026-10-08T09:50:01,2026-10-08T09:50:01.581Z,ESP-1,5af17903-cd75-485c-b526-7fc6da84a30a,24.4,50.5,142.0
2026-10-08T09:50:03,2026-10-08T09:50:03.582Z,ESP-1,03a6bf51-770d-4c16-9041-39e61b116cb3,24.4,50.6,142.0
2026-10-08T09:50:05,2026-10-08T09:50:05.585Z,ESP-1,abfc86a7-ee9d-411b-a8f2-b3b8725449c2,24.4,50.6,150.0
2026-10-08T09:50:07,2026-10-08T09:50:07.585Z,ESP-1,2921ce77-b3a6-403e-b67f-f769c31b78bb,24.4,50.5,150.0
2026-10-08T09:50:09,2026-10-08T09:50:09.579Z,ESP-1,27e09ec8-8992-4418-a40f-e5e226c4adcd,24.4,50.3,138.0
2026-10-08T09:50:11,2026-10-08T09:50:11.582Z,ESP-1,7f66d0f6-8e19-4c0e-8d59-f17e93a7cf23,24.4,50.1,137.0
2026-10-08T09:50:13,2026-10-08T09:50:13.585Z,ESP-1,5f081816-bd74-4f65-9321-3f7ef7b443f8,24.4,50.0,148.0
2026-10-08T09:50:15,2026-10-08T09:50:15.587Z,ESP-1,a4a1a08b-757e-4393-982b-af85087b42e5,24.4,49.8,148.0
2026-10-08T09:50:17,2026-10-08T09:50:17.586Z,ESP-1,fd61acae-8944-49ba-ab1d-a91c8ea8cd3c,24.4,49.7,137.0
2026-10-08T09:50:19,2026-10-08T09:50:19.583Z,ESP-1,0126d517-f26c-40b9-966a-0ab1d3655b6a,24.4,49.8,137.0
2026-10-08T09:50:21,2026-10-08T09:50:21.583Z,ESP-1,e46c8515-fbcd-497b-af42-11619cefd132,24.4,49.7,149.0
2026-10-08T09:50:23,2026-10-08T09:50:23.585Z,ESP-1,7c834bf8-aa77-4166-a4bc-7a2522965854,24.4,49.6,148.0
2026-10-08T09:50:25,2026-10-08T09:50:25.589Z,ESP-1,835b5d76-e6ae-493d-9c24-f7260c9ed247,24.4,49.7,137.0
2026-10-08T09:50:27,2026-10-08T09:50:27.598Z,ESP-1,0acf2531-f2ab-4c0f-9537-1e234c7e2eab,24.4,49.8,136.0
2026-10-08T09:50:29,2026-10-08T09:50:29.613Z,ESP-1,f7062de8-7730-422e-8d72-776df3149a61,24.4,49.8,148.0
2026-10-08T09:50:31,2026-10-08T09:50:31.586Z,ESP-1,777fd93b-3640-4799-bcdd-fea78629fdd2,24.4,49.8,147.0
2026-10-08T09:50:33,2026-10-08T09:50:33.582Z,ESP-1,6e3de37c-4da9-4bda-a887-9ed3770cd86d,24.4,49.7,135.0
2026-10-08T09:50:35,2026-10-08T09:50:35.582Z,ESP-1,bd16bcee-fa81-4c95-a6c7-67f3990479a0,24.4,49.6,136.0
2026-10-08T09:50:37,2026-10-08T09:50:37.581Z,ESP-1,78d80336-ff64-4e8d-bcd5-f27e5fbccf99,24.4,49.6,135.0
2026-10-08T09:50:39,2026-10-08T09:50:39.581Z,ESP-1,c7dc4871-f1f5-4549-8a38-d6b05a988973,24.4,49.5,135.0
2026-10-08T09:50:41,2026-10-08T09:50:41.624Z,ESP-1,bfa1681b-50b3-406b-ae6d-a415f26bc7d5,24.4,49.5,135.0
2026-10-08T09:50:43,2026-10-08T09:50:43.675Z,ESP-1,5e5f1b75-1461-4921-a34d-d3a8efd3c2ec,24.4,49.5,135.0
2026-10-08T09:50:45,2026-10-08T09:50:45.583Z,ESP-1,af6fb37b-891a-4b22-b993-df91f779bf44,24.4,49.5,135.0
2026-10-08T09:50:47,2026-10-08T09:50:47.584Z,ESP-1,a5a91285-85e7-4b19-8c86-4d436d82ac05,24.4,49.4,135.0
2026-10-08T09:50:49,2026-10-08T09:50:49.581Z,ESP-1,b5979479-dd26-48bf-9d1d-cd09e5466269,24.4,49.4,135.0
2026-10-08T09:50:51,2026-10-08T09:50:51.581Z,ESP-1,c1d06e90-4cb1-40b0-b7ce-9569af226f2e,24.4,49.6,147.0
2026-10-08T09:50:53,2026-10-08T09:50:53.584Z,ESP-1,ed211933-ea21-4923-88a3-cf5e84381279,24.4,49.7,147.0
2026-10-08T09:50:55,2026-10-08T09:50:55.583Z,ESP-1,b3fc892e-bc8a-4425-83a1-7c2dc8f4b062,24.4,49.9,135.0
2026-10-08T09:50:57,2026-10-08T09:50:57.581Z,ESP-1,b05b167f-d405-45f5-ad2e-582e7fcfca25,24.4,50.0,135.0
2026-10-08T09:50:59,2026-10-08T09:50:59.585Z,ESP-1,75802ff8-89ee-4d44-a0fc-639b43b29737,24.4,50.1,147.0
2026-10-08T09:51:01,2026-10-08T09:51:01.584Z,ESP-1,0d3350d1-98e7-4003-b804-f0aa818b231d,24.4,50.2,147.0
2026-10-08T09:51:03,2026-10-08T09:51:03.582Z,ESP-1,b002fcfc-13f1-4281-9bc7-214dd3a33464,24.4,50.1,135.0
2026-10-08T09:51:05,2026-10-08T09:51:05.581Z,ESP-1,9efe9b59-40b4-4ce5-b7f5-c628aa322288,24.4,50.2,135.0
2026-10-08T09:51:07,2026-10-08T09:51:07.598Z,ESP-1,1aadbe5c-2567-498b-9713-fdd7f6cfadab,24.4,50.2,136.0
2026-10-08T09:51:09,2026-10-08T09:51:09.584Z,ESP-1,3fcadd58-fb45-4948-9d89-c3c7513da0e5,24.4,50.2,135.0
2026-10-08T09:51:11,2026-10-08T09:51:11.584Z,ESP-1,ec48d311-4b88-4c62-b52b-7f2e6c13c360,24.4,50.2,146.0
2026-10-08T09:51:13,2026-10-08T09:51:13.585Z,ESP-1,3da90b58-157e-418f-a089-23eb92323820,24.4,50.1,136.0
2026-10-08T09:51:15,2026-10-08T09:51:15.582Z,ESP-1,df1a164a-a12b-453c-bb98-36205dd0f2fc,24.4,50.1,135.0
2026-10-08T09:51:17,2026-10-08T09:51:17.585Z,ESP-1,a13e1f5f-191a-4012-8bad-09b04ed17466,24.4,50.1,147.0
2026-10-08T09:51:19,2026-10-08T09:51:19.583Z,ESP-1,f9660243-de7d-46f4-ac31-3038adb6a73f,24.4,50.1,147.0
2026-10-08T09:51:21,2026-10-08T09:51:21.436Z,ESP-1,d6c621f0-f6ee-4f2f-a9e5-2b8412a204fe,24.4,50.1,135.0
2026-10-08T09:51:23,2026-10-08T09:51:23.436Z,ESP-1,42bfa1d7-ffc6-4ef3-954e-43e6780ea97f,24.4,50.0,134.0
2026-10-08T09:51:25,2026-10-08T09:51:25.434Z,ESP-1,bfd8a67c-1fc4-413e-8083-f47fd85ea7d5,24.4,49.9,133.0
2026-10-08T09:51:27,2026-10-08T09:51:27.438Z,ESP-1,5b1efab8-a3cd-47a3-91c8-9a93e089db52,24.4,49.7,134.0
2026-10-08T09:51:29,2026-10-08T09:51:29.436Z,ESP-1,649cf789-05ea-4b9f-ac58-2d3b3f268c2a,24.4,49.7,134.0
2026-10-08T09:51:31,2026-10-08T09:51:31.437Z,ESP-1,6e5629e7-e838-4aee-8b74-30eec494391e,24.4,49.7,133.0
2026-10-08T09:51:33,2026-10-08T09:51:33.434Z,ESP-1,4ef13918-3f7a-497e-9adc-72a83dcf8b2f,24.4,49.7,134.0
2026-10-08T09:51:35,2026-10-08T09:51:35.437Z,ESP-1,2504c121-c4fc-4325-bb8e-a83b2a9234da,24.4,49.7,134.0
2026-10-08T09:51:37,2026-10-08T09:51:37.435Z,ESP-1,664cb15a-ce16-4fa4-9577-60c1fefabe64,24.4,49.8,134.0
2026-10-08T09:51:39,2026-10-08T09:51:39.434Z,ESP-1,85a8374b-c956-4f83-9006-838c37d3c3ec,24.4,49.7,134.0
2026-10-08T09:51:40,2026-10-08T09:51:40.136Z,ESP-1,3d7036c7-e35b-45f4-96ec-aa533ee0b2c5,24.4,49.8,133.0
2026-10-08T09:51:42,2026-10-08T09:51:42.133Z,ESP-1,c6dd221c-d55c-4e5a-b98c-b21b69c1d48c,24.4,49.8,135.0
2026-10-08T09:51:44,2026-10-08T09:51:44.149Z,ESP-1,efe092a0-304d-4a15-8958-16afa39b34ff,24.4,49.9,135.0
2026-10-08T09:51:46,2026-10-08T09:51:46.128Z,ESP-1,d2d44a96-f313-497d-bf03-c03f9971cc4a,24.4,49.9,136.0
2026-10-08T09:51:48,2026-10-08T09:51:48.136Z,ESP-1,deb17f6b-a586-4f46-adb1-6e64ad578e34,24.3,49.8,136.0
2026-10-08T09:51:50,2026-10-08T09:51:50.132Z,ESP-1,331cb8da-c10d-4d1b-8d71-69896a370cf5,24.4,49.8,135.0
2026-10-08T09:51:52,2026-10-08T09:51:52.134Z,ESP-1,14828ad9-d5b1-4ff4-a049-0514464afe80,24.4,49.7,135.0
2026-10-08T09:51:54,2026-10-08T09:51:54.131Z,ESP-1,91ca82eb-fa58-4001-bce2-d2c906281919,24.4,49.8,135.0
2026-10-08T09:51:56,2026-10-08T09:51:56.132Z,ESP-1,7fa80cb8-5497-47e2-80f4-908adc0cadfb,24.4,49.9,135.0
2026-10-08T09:51:58,2026-10-08T09:51:58.135Z,ESP-1,3c36e0a9-15b4-4b20-9268-1b1bde0d3732,24.4,50.0,135.0
2026-10-08T09:52:00,2026-10-08T09:52:00.131Z,ESP-1,9e3cc15f-ed68-48f1-8b22-1badccb95bc0,24.4,50.0,135.0
2026-10-08T09:52:02,2026-10-08T09:52:02.137Z,ESP-1,c315295b-f354-4de5-aa64-a9e0387f2ce0,24.4,50.1,135.0
2026-10-08T09:52:04,2026-10-08T09:52:04.152Z,ESP-1,7de123b8-da9e-4a6f-94d9-9dd44d743099,24.4,50.1,135.0
2026-10-08T09:52:06,2026-10-08T09:52:06.140Z,ESP-1,21369479-7644-40dc-a522-84987dd0efdd,24.4,50.2,135.0
2026-10-08T09:52:08,2026-10-08T09:52:08.136Z,ESP-1,bdd00d52-fed6-4216-866d-1fc5daf73fe5,24.4,50.2,136.0
2026-10-08T09:52:10,2026-10-08T09:52:10.133Z,ESP-1,9d34ace8-d0ef-4754-b421-033663ab826a,24.4,50.3,135.0
2026-10-08T09:52:12,2026-10-08T09:52:12.132Z,ESP-1,064b59db-21d1-409f-b2c9-446d4b4c20b8,24.4,50.2,135.0
2026-10-08T09:52:14,2026-10-08T09:52:14.133Z,ESP-1,e0eb1ac7-876c-4600-80c4-1f7255d2a92e,24.4,50.1,135.0
2026-10-08T09:52:16,2026-10-08T09:52:16.131Z,ESP-1,8a4a2a01-0762-4b01-8769-c462bdd83e27,24.4,50.1,135.0
2026-10-08T09:52:18,2026-10-08T09:52:18.132Z,ESP-1,a8322f03-88d2-4c34-9f43-efecb4feefdf,24.4,50.0,135.0
2026-10-08T09:52:20,2026-10-08T09:52:20.132Z,ESP-1,1684021d-3f81-4452-b852-512e93626cea,24.4,49.9,135.0
2026-10-08T09:52:22,2026-10-08T09:52:22.129Z,ESP-1,d6dcd9a5-299a-4f90-bee3-04cf07d51c2c,24.4,49.9,135.0
2026-10-08T09:52:24,2026-10-08T09:52:24.145Z,ESP-1,7850e398-61a7-477c-ba8a-b1d09dd1ea45,24.4,49.7,135.0
2026-10-08T09:52:26,2026-10-08T09:52:26.136Z,ESP-1,38c89d11-4efe-4f0c-9d68-f767d64fe556,24.4,49.7,134.0
2026-10-08T09:52:28,2026-10-08T09:52:28.133Z,ESP-1,f5d027e7-5864-4a8d-aa17-7ef2d263b98a,24.4,49.6,135.0
2026-10-08T09:52:30,2026-10-08T09:52:30.130Z,ESP-1,2bd6a4a9-6163-44d8-b9a7-6db34891beef,24.4,49.6,135.0
2026-10-08T09:52:32,2026-10-08T09:52:32.132Z,ESP-1,d7a23afa-823b-4fc3-89d2-41f49986a4ba,24.4,49.6,135.0
2026-10-08T09:52:34,2026-10-08T09:52:34.130Z,ESP-1,a693db4b-6791-43b4-8d8a-4d09655cfafc,24.4,49.5,135.0
2026-10-08T09:52:36,2026-10-08T09:52:36.130Z,ESP-1,c939402c-78ef-4017-9722-39e9527a5052,24.3,49.5,134.0
2026-10-08T09:52:38,2026-10-08T09:52:38.130Z,ESP-1,bb35468d-8a40-4f85-9f5a-908dbce60d7f,24.4,49.5,134.0
2026-10-08T09:52:40,2026-10-08T09:52:40.147Z,ESP-1,d8b6e05f-6357-48ef-af1f-b7493aca1164,24.4,49.5,134.0
2026-10-08T09:52:42,2026-10-08T09:52:42.137Z,ESP-1,c2f17f91-38dc-4b72-a76d-929ded0d317c,24.4,49.5,134.0
2026-10-08T09:52:44,2026-10-08T09:52:44.252Z,ESP-1,628d0253-fc17-4373-9577-03c74349215c,24.4,49.6,134.0
2026-10-08T09:52:46,2026-10-08T09:52:46.129Z,ESP-1,1690db1a-ac7b-43f0-afd2-dd255efc9f23,24.4,49.6,134.0
2026-10-08T09:52:48,2026-10-08T09:52:48.133Z,ESP-1,c1541e8e-dc37-4361-a206-4357834a431e,24.4,49.6,134.0
2026-10-08T09:52:50,2026-10-08T09:52:50.129Z,ESP-1,6a1d67f8-ca1a-467d-aecf-c85d01481653,24.4,49.6,134.0
2026-10-08T09:52:52,2026-10-08T09:52:52.133Z,ESP-1,5746731b-a184-41aa-9286-2f11d71c829f,24.4,49.6,134.0
2026-10-08T09:52:54,2026-10-08T09:52:54.137Z,ESP-1,9acccee6-f052-4c9c-9771-e691eca2e49e,24.4,49.5,134.0
2026-10-08T09:52:56,2026-10-08T09:52:56.129Z,ESP-1,59d3258d-5940-45f5-a073-6a481bdc47f5,24.4,49.6,134.0
2026-10-08T09:52:58,2026-10-08T09:52:58.129Z,ESP-1,68f5b052-f51b-4b9e-83f7-267ccc2cf05d,24.4,49.5,134.0
2026-10-08T09:53:00,2026-10-08T09:53:00.129Z,ESP-1,51edb10e-bd17-4baa-97b9-59dc134e459f,24.4,49.5,134.0
2026-10-08T09:53:02,2026-10-08T09:53:02.134Z,ESP-1,c72c5a11-6f5c-4138-9e07-5cd461b5e77b,24.4,49.5,135.0
2026-10-08T09:53:04,2026-10-08T09:53:04.140Z,ESP-1,337d7682-ea2f-42dc-8653-8ea891cb87c9,24.4,49.5,135.0
2026-10-08T09:53:06,2026-10-08T09:53:06.131Z,ESP-1,96d37208-319d-40bf-b833-3e9fd7cf4824,24.4,49.5,134.0
2026-10-08T09:53:08,2026-10-08T09:53:08.130Z,ESP-1,e068c3d8-4d1f-4c30-bd1e-c440c4ff28af,24.3,49.4,134.0
2026-10-08T09:53:10,2026-10-08T09:53:10.133Z,ESP-1,59e9d43b-f993-4beb-b600-a3cb7fb3d211,24.4,49.4,133.0
2026-10-08T09:53:11,2026-10-08T09:53:11.965Z,ESP-1,5b926ab4-6254-49f5-9b6f-478baf50aea4,24.4,49.4,134.0
2026-10-08T09:53:13,2026-10-08T09:53:13.961Z,ESP-1,646c51eb-c51a-4f08-b5d8-94e06d8926f6,24.4,49.4,130.0
2026-10-08T09:53:15,2026-10-08T09:53:15.983Z,ESP-1,5338a98b-0837-41bb-92a8-8f3b65614629,24.4,49.5,130.0
2026-10-08T09:53:17,2026-10-08T09:53:17.965Z,ESP-1,158786fe-2e6b-4997-b5fd-0d85065c6fb2,24.3,49.4,132.0
2026-10-08T09:53:19,2026-10-08T09:53:19.969Z,ESP-1,d85dcd58-5d9b-4b13-9583-e23d332130f4,24.3,49.5,132.0
2026-10-08T09:53:21,2026-10-08T09:53:21.963Z,ESP-1,7d43efe7-7247-4634-a5da-c04b8273ab9e,24.3,49.4,132.0
2026-10-08T09:53:24,2026-10-08T09:53:23.985Z,ESP-1,44cf3044-3020-4f1c-8c28-8cb95732f5f6,24.4,49.4,134.0
2026-10-08T09:53:26,2026-10-08T09:53:25.986Z,ESP-1,b7374112-b156-46e8-bf4a-f8dee0629125,24.4,49.4,133.0
2026-10-08T09:53:28,2026-10-08T09:53:27.984Z,ESP-1,d6185e40-656d-42ca-8f2a-79e45ff4b4cc,24.3,49.3,133.0
2026-10-08T09:53:30,2026-10-08T09:53:29.987Z,ESP-1,09b55448-e4bb-4ceb-a1cd-ae58e24f6143,24.4,49.3,133.0
2026-10-08T09:53:32,2026-10-08T09:53:31.986Z,ESP-1,24daef4c-b0c9-4ac9-b677-bd7a9adc5319,24.3,49.3,134.0
2026-10-08T09:53:34,2026-10-08T09:53:33.984Z,ESP-1,c3377da5-3e60-4ab3-a987-92ab7990b49f,24.3,49.2,133.0
2026-10-08T09:53:36,2026-10-08T09:53:35.984Z,ESP-1,8798fd2b-1d22-43b8-8c52-a0025b27a72b,24.3,49.2,133.0
2026-10-08T09:53:38,2026-10-08T09:53:37.989Z,ESP-1,d9a6eddf-15b4-48a4-a32a-608b1f32d8ab,24.3,49.2,133.0
2026-10-08T09:53:40,2026-10-08T09:53:39.983Z,ESP-1,1fb95204-23d3-4159-92d7-80630d4bdc04,24.3,49.2,133.0
2026-10-08T09:53:42,2026-10-08T09:53:41.983Z,ESP-1,753f4ff3-d48d-481e-b5e0-e83e8205462c,24.3,49.3,133.0
2026-10-08T09:53:44,2026-10-08T09:53:43.983Z,ESP-1,828371a6-e1fd-48d7-a19d-be73fbc035c7,24.3,49.3,133.0
2026-10-08T09:53:46,2026-10-08T09:53:45.988Z,ESP-1,26dae17e-4423-4989-b540-c6d0d1e75ff5,24.3,49.4,134.0
2026-10-08T09:53:48,2026-10-08T09:53:47.987Z,ESP-1,f3fc9b95-2761-4d3d-be8e-f72b7680450e,24.3,49.5,133.0
2026-10-08T09:53:50,2026-10-08T09:53:49.990Z,ESP-1,b410de6f-9670-4cd8-b3c9-c6b34551294a,24.3,49.8,133.0
2026-10-08T09:53:52,2026-10-08T09:53:51.982Z,ESP-1,bbee5054-ecc7-4e55-80fb-46de26ca1d34,24.3,50.0,134.0
2026-10-08T09:53:54,2026-10-08T09:53:54.008Z,ESP-1,4d1b36c7-d063-4d9b-9ea9-a8597bef4e3c,24.3,50.1,133.0
2026-10-08T09:53:56,2026-10-08T09:53:56.021Z,ESP-1,4c6fa0c2-8a20-45fd-b5bb-2ef0777abb1a,24.3,50.1,134.0
2026-10-08T09:53:58,2026-10-08T09:53:58.012Z,ESP-1,384a06d9-b6d5-41bc-b2ca-7951f22a238c,24.3,50.1,134.0
2026-10-08T09:54:00,2026-10-08T09:54:00.011Z,ESP-1,98d8afb4-222b-4919-a5ca-6aa6c14a0b70,24.3,50.1,134.0
2026-10-08T09:54:02,2026-10-08T09:54:02.008Z,ESP-1,a97ad914-4e53-4e29-a9eb-7872a954e21a,24.3,50.0,134.0
2026-10-08T09:54:04,2026-10-08T09:54:04.012Z,ESP-1,3245523f-66ba-43ee-b8ee-78b5e8b035ae,24.3,50.0,134.0
2026-10-08T09:54:06,2026-10-08T09:54:06.009Z,ESP-1,69d92316-1396-405e-ba1b-cb4622ade8eb,24.3,50.1,134.0
2026-10-08T09:54:08,2026-10-08T09:54:08.013Z,ESP-1,54a61491-e292-4e39-b3d4-a4bbdbd4fb3f,24.3,50.1,134.0
2026-10-08T09:54:10,2026-10-08T09:54:10.007Z,ESP-1,4de910f2-b54a-485a-af7d-68c5fd354abc,24.3,50.1,134.0
2026-10-08T09:54:12,2026-10-08T09:54:12.007Z,ESP-1,60c8edd0-48bf-4ae0-a71c-605cc1b8b242,24.3,50.2,134.0
2026-10-08T09:54:14,2026-10-08T09:54:14.008Z,ESP-1,01e58673-a622-47f6-9487-c6e5e679b47c,24.3,50.3,134.0
2026-10-08T09:54:16,2026-10-08T09:54:16.007Z,ESP-1,eb0b065f-03b8-4140-9733-bedb48c4366f,24.3,50.2,134.0
2026-10-08T09:54:18,2026-10-08T09:54:18.007Z,ESP-1,ca690ca0-8640-48c8-9a0d-d6af7fb6bbd2,24.4,50.1,134.0
2026-10-08T09:54:20,2026-10-08T09:54:20.008Z,ESP-1,00988b53-3b76-4b52-a7c0-02a222fe8aa7,24.3,50.1,134.0
2026-10-08T09:54:22,2026-10-08T09:54:22.009Z,ESP-1,5c79e35b-d16a-4cf7-9f18-0ea6e6e4c0c6,24.3,50.0,134.0
2026-10-08T09:54:24,2026-10-08T09:54:24.025Z,ESP-1,3d0e8ef2-f9e4-4ba2-af49-ece42b1b41c8,24.3,50.0,134.0
2026-10-08T09:54:26,2026-10-08T09:54:26.043Z,ESP-1,709c2ca0-bc4d-4c7b-8f91-12f52048ff22,24.3,50.2,134.0
2026-10-08T09:54:28,2026-10-08T09:54:28.022Z,ESP-1,271e233a-b02c-4576-bd15-d3c36c85088e,24.3,50.3,134.0
2026-10-08T09:54:30,2026-10-08T09:54:30.059Z,ESP-1,7dc178b8-d88f-42ae-8db5-66782efd1248,24.4,50.5,134.0
2026-10-08T09:54:32,2026-10-08T09:54:32.027Z,ESP-1,00f7f55e-a739-417b-bc7a-95a19e460104,24.3,50.6,134.0
2026-10-08T09:54:34,2026-10-08T09:54:34.023Z,ESP-1,38e9335f-00d1-4ca3-899a-b5b6f23bc29c,24.4,50.7,134.0
2026-10-08T09:54:36,2026-10-08T09:54:36.023Z,ESP-1,6c5da7c7-c2e9-44c2-b2d8-bfad48c5139f,24.3,50.8,134.0
2026-10-08T09:54:37,2026-10-08T09:54:37.254Z,ESP-1,04564f9a-cd3b-40cc-acb9-206c594b10a0,24.3,50.8,134.0
2026-10-08T09:54:39,2026-10-08T09:54:39.251Z,ESP-1,b8dd5d31-0c1d-462d-9880-6360a5f630bb,24.3,50.8,136.0
2026-10-08T09:54:41,2026-10-08T09:54:41.277Z,ESP-1,2e443247-fc8f-4034-90a5-72832411d45c,24.3,50.9,136.0
2026-10-08T09:54:43,2026-10-08T09:54:43.253Z,ESP-1,39e39476-f119-4164-9b6d-c2b86e66ec5b,24.4,50.8,136.0
2026-10-08T09:54:45,2026-10-08T09:54:45.380Z,ESP-1,eff53889-e930-4a6c-96c9-5dfd48ca3482,24.4,50.7,135.0
2026-10-08T09:54:47,2026-10-08T09:54:47.251Z,ESP-1,e435f9ad-8c96-4745-aa32-fb6593523b27,24.3,50.5,135.0
2026-10-08T09:54:49,2026-10-08T09:54:49.259Z,ESP-1,e75ed388-082f-48de-b6d8-ab0c74683e7a,24.3,50.3,135.0
2026-10-08T09:54:51,2026-10-08T09:54:51.260Z,ESP-1,c8a191d7-8968-4d10-895e-36515aafc456,24.3,50.2,135.0
2026-10-08T09:54:53,2026-10-08T09:54:53.255Z,ESP-1,66223190-c17b-4e3d-abcf-c31f7ce27428,24.3,50.2,135.0
2026-10-08T09:54:55,2026-10-08T09:54:55.252Z,ESP-1,37bfa7ad-f1df-4fff-ba89-4a2c850732b3,24.4,50.1,135.0
2026-10-08T09:54:57,2026-10-08T09:54:57.257Z,ESP-1,ce686518-2e0b-4b4f-9da0-e73d0492087b,24.4,50.2,135.0
2026-10-08T09:54:59,2026-10-08T09:54:59.253Z,ESP-1,90a3094a-d689-4f24-9cb2-391a51a367c9,24.4,50.3,135.0
2026-10-08T09:55:01,2026-10-08T09:55:01.254Z,ESP-1,256710c4-5669-495c-8d8b-c78e5daebb56,24.4,50.5,135.0
2026-10-08T09:55:03,2026-10-08T09:55:03.276Z,ESP-1,52a8cd99-90b6-47be-9007-54bd29358d02,24.4,50.7,135.0
2026-10-08T09:55:05,2026-10-08T09:55:05.255Z,ESP-1,c201047f-114e-475b-a716-61abcb39e470,24.4,50.8,135.0
2026-10-08T09:55:07,2026-10-08T09:55:07.251Z,ESP-1,acdfbdc6-4b2c-4c2c-82a9-05b0c8c25af6,24.4,50.8,135.0
2026-10-08T09:55:09,2026-10-08T09:55:09.251Z,ESP-1,19f491ba-c664-4459-b201-5a915dd63b44,24.4,50.7,136.0
2026-10-08T09:55:11,2026-10-08T09:55:11.266Z,ESP-1,df872061-409d-4e78-8385-1bf1ca7011f0,24.4,50.9,135.0
2026-10-08T09:55:13,2026-10-08T09:55:13.253Z,ESP-1,4da77fed-7ef2-44d5-a51b-54b622e9fb1b,24.4,50.9,134.0
2026-10-08T09:55:15,2026-10-08T09:55:15.257Z,ESP-1,959990f0-2ccc-49b1-9024-cb6505e9762c,24.4,50.9,135.0
2026-10-08T09:55:17,2026-10-08T09:55:17.255Z,ESP-1,53cb7fe3-23e5-4d0a-b1b9-844c1f8d3510,24.4,50.8,134.0
2026-10-08T09:55:19,2026-10-08T09:55:19.257Z,ESP-1,88421158-f41b-4c19-87e8-67209437b4d6,24.4,51.0,135.0
2026-10-08T09:55:21,2026-10-08T09:55:21.251Z,ESP-1,f7a61929-043b-4808-8bdb-0520a66fc149,24.4,51.1,135.0
2026-10-08T09:55:23,2026-10-08T09:55:23.249Z,ESP-1,be111d1f-0232-4a20-92d0-eabae161cffd,24.4,51.0,135.0
2026-10-08T09:55:25,2026-10-08T09:55:25.252Z,ESP-1,dc9e69fa-cdf8-4d77-8eea-d0cf3d2f5335,24.4,50.9,135.0
2026-10-08T09:55:27,2026-10-08T09:55:27.266Z,ESP-1,1bd61011-3838-4a98-b57d-e6ebae67fd2b,24.4,50.9,135.0
2026-10-08T09:55:29,2026-10-08T09:55:29.253Z,ESP-1,74e81202-0075-405b-8178-c9945d7a940a,24.4,50.9,135.0
2026-10-08T09:55:31,2026-10-08T09:55:31.258Z,ESP-1,6eb6d8d3-fa12-4d49-829c-4036410c841a,24.4,50.9,135.0
2026-10-08T09:55:33,2026-10-08T09:55:33.265Z,ESP-1,ec3bcaaf-be34-40f3-bcbd-066b45c1912f,24.4,50.9,135.0
2026-10-08T09:55:35,2026-10-08T09:55:35.250Z,ESP-1,b402a5d6-7cb8-430d-954f-8d0e8bac545f,24.3,50.8,135.0
2026-10-08T09:55:37,2026-10-08T09:55:37.253Z,ESP-1,9a048285-9e62-480a-989a-267d00543c6a,24.4,50.7,136.0
2026-10-08T09:55:39,2026-10-08T09:55:39.253Z,ESP-1,e1d00440-42d1-4aa8-867c-bdffaeb2aafd,24.4,50.7,135.0
2026-10-08T09:55:41,2026-10-08T09:55:41.250Z,ESP-1,d689861d-d0b7-4ab9-b4e8-8441749b5699,24.4,50.6,135.0
2026-10-08T09:55:43,2026-10-08T09:55:43.250Z,ESP-1,dc524a8f-d269-4f6d-a9fc-271f57daf1b8,24.4,50.6,135.0
2026-10-08T09:55:45,2026-10-08T09:55:45.251Z,ESP-1,853bc3f6-efbe-47ca-a35a-17e52d6b67a4,24.4,50.6,135.0
2026-10-08T09:55:47,2026-10-08T09:55:47.253Z,ESP-1,e02a7960-918b-439c-a2b1-213293732e1a,24.4,50.6,136.0
2026-10-08T09:55:49,2026-10-08T09:55:49.256Z,ESP-1,db226170-8f55-4429-8f20-b15c4e55c243,24.4,50.5,135.0
2026-10-08T09:55:51,2026-10-08T09:55:51.251Z,ESP-1,dc9f93a1-b439-4b9d-bcc9-490c850db17b,24.4,50.5,135.0
2026-10-08T09:55:53,2026-10-08T09:55:53.259Z,ESP-1,2f8ebf62-2dc5-43d6-ac34-b7a694a54a8b,24.4,50.5,135.0
2026-10-08T09:55:55,2026-10-08T09:55:55.253Z,ESP-1,1710edf3-d739-47d0-bac6-22ee80d35748,24.4,50.5,135.0
2026-10-08T09:55:57,2026-10-08T09:55:57.255Z,ESP-1,a80870f7-beaf-466e-9939-5170b7aa7638,24.4,50.5,135.0
2026-10-08T09:55:59,2026-10-08T09:55:59.251Z,ESP-1,4428711e-80cf-47fd-99ea-6a48036e9d61,24.4,50.4,134.0
2026-10-08T09:56:01,2026-10-08T09:56:01.253Z,ESP-1,23404f17-fee2-44f8-ad84-0cd71fc63144,24.4,50.4,135.0
2026-10-08T09:56:03,2026-10-08T09:56:03.250Z,ESP-1,9c0f9424-a887-4f68-b1a0-a0ef64a2b6a7,24.4,50.5,135.0
2026-10-08T09:56:05,2026-10-08T09:56:05.249Z,ESP-1,03b564d6-96b6-4faa-93d7-5c83785b5bf3,24.4,50.5,135.0
2026-10-08T09:56:07,2026-10-08T09:56:07.250Z,ESP-1,6c4aad82-3784-4f12-b632-cb43522f2365,24.4,50.7,135.0
2026-10-08T09:56:09,2026-10-08T09:56:09.245Z,ESP-1,18e4e208-ab9a-49f1-bfd6-f68fb0a9d48d,24.4,50.7,134.0
2026-10-08T09:56:11,2026-10-08T09:56:11.241Z,ESP-1,8711b67f-bab4-4984-9c63-2c356fd2b6f0,24.4,50.9,134.0
2026-10-08T09:56:13,2026-10-08T09:56:13.241Z,ESP-1,6b33a4d6-91f7-4623-957b-caba77c1baed,24.4,50.9,133.0
2026-10-08T09:56:15,2026-10-08T09:56:15.244Z,ESP-1,1eeb1694-5e5b-45a8-a736-3c2c4c75e430,24.4,50.9,133.0
2026-10-08T09:56:17,2026-10-08T09:56:17.245Z,ESP-1,a86de865-50f9-4c0d-b19d-332321021a8d,24.4,51.0,133.0
2026-10-08T09:56:19,2026-10-08T09:56:19.240Z,ESP-1,d6c4fbe6-7e7e-4f9e-9ebc-a2c238284837,24.4,50.9,133.0
2026-10-08T09:56:21,2026-10-08T09:56:21.241Z,ESP-1,e32effcf-f755-487d-aeb6-d70f7e942066,24.4,50.9,133.0
2026-10-08T09:56:23,2026-10-08T09:56:23.250Z,ESP-1,5161c36f-a96a-44bd-955a-f200db89e105,24.4,50.8,133.0
2026-10-08T09:56:25,2026-10-08T09:56:25.241Z,ESP-1,93af7cce-24ad-40e0-9990-87ece02e5dbd,24.4,50.8,133.0
2026-10-08T09:56:27,2026-10-08T09:56:27.242Z,ESP-1,537ad187-e0dc-48c3-9904-f965ef4c2f33,24.4,50.7,133.0
2026-10-08T09:56:29,2026-10-08T09:56:29.241Z,ESP-1,19e3c379-447a-4d5c-a155-10324b2c0c0a,24.4,50.7,133.0
2026-10-08T09:56:31,2026-10-08T09:56:31.245Z,ESP-1,6915301c-6267-4e65-9f35-a71135f56e2f,24.4,50.7,133.0
2026-10-08T09:56:33,2026-10-08T09:56:33.243Z,ESP-1,cdb81320-5753-4900-8863-978c80a68ed4,24.5,50.7,133.0
2026-10-08T09:56:35,2026-10-08T09:56:35.241Z,ESP-1,3e9da0ff-26f5-48ac-99f2-eb65f1c7595a,24.4,50.7,133.0
2026-10-08T09:56:37,2026-10-08T09:56:37.242Z,ESP-1,cba9f947-68e7-445b-a554-a9e6086702d0,24.4,50.6,133.0
2026-10-08T09:56:39,2026-10-08T09:56:39.261Z,ESP-1,80632486-563d-45db-95b5-bfaf3e3f6b05,24.4,50.7,133.0
2026-10-08T09:56:41,2026-10-08T09:56:41.255Z,ESP-1,b0e90d7f-28f1-47ee-b7f2-9b1a1c28738f,24.4,50.7,133.0
2026-10-08T09:56:43,2026-10-08T09:56:43.255Z,ESP-1,47088392-29f5-4b4d-9548-95908b6e8f0a,24.4,50.7,134.0
2026-10-08T09:56:45,2026-10-08T09:56:45.282Z,ESP-1,9e0942da-cef9-4ff9-aa62-6302e2c2c9de,24.4,50.8,134.0
2026-10-08T09:56:47,2026-10-08T09:56:47.349Z,ESP-1,a2040c84-42ec-427b-9107-c440aa031a67,24.5,50.9,133.0
2026-10-08T09:56:49,2026-10-08T09:56:49.258Z,ESP-1,5b79de40-58f0-4376-9e1f-f7d9b2d4d748,24.4,50.9,134.0
2026-10-08T09:56:51,2026-10-08T09:56:51.256Z,ESP-1,64c7fb09-227e-453d-b553-a547e04da0a6,24.4,50.9,133.0
2026-10-08T09:56:53,2026-10-08T09:56:53.257Z,ESP-1,0589617d-7f0b-4924-8497-977d62d3d20c,24.4,50.8,134.0
2026-10-08T09:56:55,2026-10-08T09:56:55.254Z,ESP-1,fb2c4f7d-a3b5-429b-8276-e9a85f7e6c78,24.4,50.7,133.0
2026-10-08T09:56:57,2026-10-08T09:56:57.254Z,ESP-1,4537a627-73ca-4a79-91a3-14a33e0d2633,24.4,50.6,133.0
2026-10-08T09:56:59,2026-10-08T09:56:59.255Z,ESP-1,269299b1-1ee2-40ea-a3e0-ba5324b933fd,24.5,50.5,133.0
2026-10-08T09:57:01,2026-10-08T09:57:01.257Z,ESP-1,1b4577c3-7a59-4fe2-91c2-c1cf073981aa,24.4,50.4,134.0
2026-10-08T09:57:03,2026-10-08T09:57:03.254Z,ESP-1,4236937e-0661-4fa9-89d9-4e4a3d935439,24.4,50.4,133.0
2026-10-08T09:57:05,2026-10-08T09:57:05.259Z,ESP-1,b5be49cc-5649-4043-8dfb-5a20977a8f3a,24.4,50.3,132.0
2026-10-08T09:57:07,2026-10-08T09:57:07.142Z,ESP-1,ef24e588-fca5-499a-a613-3444798b0c0b,24.4,50.3,132.0
2026-10-08T09:57:09,2026-10-08T09:57:09.148Z,ESP-1,ca7e7eaf-c551-47da-8bc2-ac7261f57528,24.4,50.2,134.0
2026-10-08T09:57:11,2026-10-08T09:57:11.142Z,ESP-1,09ff78e4-8d66-465b-b86d-6bfc267fdaff,24.5,50.2,134.0
2026-10-08T09:57:13,2026-10-08T09:57:13.145Z,ESP-1,97bb3b59-88b6-44e1-9264-fca88a9bdfc1,24.4,50.2,134.0
2026-10-08T09:57:15,2026-10-08T09:57:15.141Z,ESP-1,b255d5b4-0adb-4976-8996-fd4e87589c0f,24.5,50.3,134.0
2026-10-08T09:57:17,2026-10-08T09:57:17.141Z,ESP-1,83bb9d04-d730-4502-b70f-60784a7a8421,24.4,50.4,134.0
2026-10-08T09:57:19,2026-10-08T09:57:19.145Z,ESP-1,a24b9fd2-992f-41e6-a7f8-6950f5a29c89,24.4,50.4,134.0
2026-10-08T09:57:21,2026-10-08T09:57:21.147Z,ESP-1,0c9c7974-e4ed-4312-a479-7aea7bd02004,24.4,50.4,134.0
2026-10-08T09:57:23,2026-10-08T09:57:23.152Z,ESP-1,9d3beb54-4da1-42fc-913c-748c2ad2539f,24.4,50.5,133.0
2026-10-08T09:57:25,2026-10-08T09:57:25.142Z,ESP-1,8c8738e1-5923-4122-a8d3-ae734f72fe99,24.4,50.6,134.0
2026-10-08T09:57:27,2026-10-08T09:57:27.141Z,ESP-1,60d0407f-daa9-4478-a176-2e544f5157ad,24.4,50.8,133.0
2026-10-08T09:57:29,2026-10-08T09:57:29.141Z,ESP-1,c65bbcbd-a1c6-4433-bca9-2c7b1a3c5387,24.4,50.9,133.0
2026-10-08T09:57:31,2026-10-08T09:57:31.142Z,ESP-1,205922b2-ded1-46a7-aee1-636101e01fec,24.5,51.1,134.0
2026-10-08T09:57:33,2026-10-08T09:57:33.142Z,ESP-1,90942827-e358-48c6-9b67-2534bada2e29,24.4,51.2,133.0
2026-10-08T09:57:35,2026-10-08T09:57:35.141Z,ESP-1,ac630f5f-14da-4f3e-833a-bf513399cac8,24.4,51.0,134.0
2026-10-08T09:57:37,2026-10-08T09:57:37.141Z,ESP-1,d4649dda-7f0b-4367-b36b-69d4291beaf6,24.4,50.8,134.0
2026-10-08T09:57:39,2026-10-08T09:57:39.156Z,ESP-1,83b90f36-f016-4003-b22b-721ca01ff800,24.4,50.7,134.0
2026-10-08T09:57:41,2026-10-08T09:57:41.140Z,ESP-1,d09a04e7-e4bc-4afa-9eea-959362446ea0,24.4,50.7,134.0
2026-10-08T09:57:43,2026-10-08T09:57:43.145Z,ESP-1,f12ae2da-9b26-4f1e-92d6-454c5d167329,24.4,50.6,134.0
2026-10-08T09:57:45,2026-10-08T09:57:45.141Z,ESP-1,0265543d-68c2-4ee6-a0cf-ac8cd0bde4be,24.4,50.6,133.0
2026-10-08T09:57:47,2026-10-08T09:57:47.142Z,ESP-1,7039067a-79da-47ad-a3f4-f803cfd42e25,24.4,50.6,133.0
2026-10-08T09:57:49,2026-10-08T09:57:49.140Z,ESP-1,247bf774-1512-4ee3-9a65-6c46fe69ebf2,24.5,50.4,133.0
2026-10-08T09:57:51,2026-10-08T09:57:51.143Z,ESP-1,d48b56cf-b12d-4294-ba98-c2a5da5e9b86,24.4,50.3,133.0
2026-10-08T09:57:53,2026-10-08T09:57:53.143Z,ESP-1,1332e1ed-8e5b-48e4-b4dd-32d148cd5b1f,24.4,50.3,133.0
2026-10-08T09:57:55,2026-10-08T09:57:55.147Z,ESP-1,0987077a-5d9f-4685-a2fb-8c6534ea2b72,24.4,50.5,134.0
2026-10-08T09:57:57,2026-10-08T09:57:57.140Z,ESP-1,36b844c1-decd-47f5-a178-c4039d218e36,24.4,50.4,134.0
2026-10-08T09:57:59,2026-10-08T09:57:59.153Z,ESP-1,f0ea070f-eb67-4bb1-89b0-f284114da19e,24.4,50.5,133.0
2026-10-08T09:58:01,2026-10-08T09:58:01.144Z,ESP-1,2db902bc-379b-41df-aa04-9604b6d4d6fa,24.4,50.5,134.0
2026-10-08T09:58:03,2026-10-08T09:58:03.140Z,ESP-1,a0c0f608-f9a2-46b2-8fa8-3845a3b410e8,24.4,50.5,133.0
2026-10-08T09:58:05,2026-10-08T09:58:05.155Z,ESP-1,eedc083b-c1ff-4b13-812e-73671f594451,24.4,50.6,134.0
2026-10-08T09:58:07,2026-10-08T09:58:07.141Z,ESP-1,9a6fd2c4-efc0-406e-b660-8a3cb3fe8916,24.4,50.7,133.0
2026-10-08T09:58:09,2026-10-08T09:58:09.140Z,ESP-1,db98c35e-9ff3-4ce2-a334-80b399435383,24.4,50.7,134.0
2026-10-08T09:58:11,2026-10-08T09:58:11.149Z,ESP-1,1301b3b0-65d4-42a3-8af1-909b0372e6bc,24.4,50.7,133.0
2026-10-08T09:58:13,2026-10-08T09:58:13.140Z,ESP-1,d903155e-b049-429b-9c24-b7e6026e9da9,24.4,50.7,133.0
2026-10-08T09:58:15,2026-10-08T09:58:15.140Z,ESP-1,c8274dca-848e-4a32-90bc-0d77505f16d2,24.4,50.9,133.0
2026-10-08T09:58:17,2026-10-08T09:58:17.139Z,ESP-1,7b9965c6-19c2-4864-99e7-889eda478eee,24.4,51.0,133.0
2026-10-08T09:58:19,2026-10-08T09:58:19.141Z,ESP-1,50c6a2db-2f9f-4d44-b719-0540c2811a5d,24.4,51.2,134.0
2026-10-08T09:58:21,2026-10-08T09:58:21.147Z,ESP-1,6c01b042-96d8-4b9e-a6cf-33e39da415a3,24.5,51.4,134.0
2026-10-08T09:58:23,2026-10-08T09:58:23.140Z,ESP-1,c3a86e74-03d4-4f7d-8cba-dbe6ba742058,24.4,51.5,134.0
2026-10-08T09:58:25,2026-10-08T09:58:25.141Z,ESP-1,cf686257-38e8-4d20-8362-28bbe290f18d,24.4,51.3,134.0
2026-10-08T09:58:27,2026-10-08T09:58:27.141Z,ESP-1,aa78037e-7d00-48de-9e20-334b013005fb,24.4,51.2,134.0
2026-10-08T09:58:29,2026-10-08T09:58:29.145Z,ESP-1,a48081f1-87a9-40c2-85b4-de5ea8c96a98,24.4,51.0,134.0
2026-10-08T09:58:31,2026-10-08T09:58:31.146Z,ESP-1,db48116d-95f3-4077-bdf7-ee6f04628565,24.4,50.9,133.0
2026-10-08T09:58:33,2026-10-08T09:58:33.143Z,ESP-1,763d4a2b-d53c-4272-96c6-3ccab0c13c2f,24.4,50.9,134.0
2026-10-08T09:58:35,2026-10-08T09:58:35.156Z,ESP-1,5ac5d151-5e39-49f7-a039-bf065aae7894,24.4,50.8,134.0
2026-10-08T09:58:37,2026-10-08T09:58:37.139Z,ESP-1,635c461d-5a06-43a7-a068-617b8f85dbf0,24.4,50.7,134.0
2026-10-08T09:58:39,2026-10-08T09:58:39.133Z,ESP-1,dc0f240c-fbba-43e9-8c57-ab46dd1e7923,24.4,50.6,134.0
2026-10-08T09:58:41,2026-10-08T09:58:41.130Z,ESP-1,554ab88f-10df-430e-bdb5-3a9c1b400fa8,24.4,50.5,132.0
2026-10-08T09:58:43,2026-10-08T09:58:43.132Z,ESP-1,9acde39d-515f-4f11-828f-444f6b199519,24.4,50.4,132.0
2026-10-08T09:58:45,2026-10-08T09:58:45.129Z,ESP-1,e6c1e874-c7e3-4584-98f2-b5a307bbadfd,24.4,50.3,132.0
2026-10-08T09:58:47,2026-10-08T09:58:47.252Z,ESP-1,7e911972-b3a1-47f1-a59c-cc45fb9010cd,24.4,50.1,132.0
2026-10-08T09:58:49,2026-10-08T09:58:49.132Z,ESP-1,26e89934-871f-48a0-ae8c-e85e28f58a1f,24.4,50.2,132.0
2026-10-08T09:58:51,2026-10-08T09:58:51.130Z,ESP-1,8402bad6-0c15-49e5-920d-2f190ed1503a,24.4,50.3,132.0
2026-10-08T09:58:53,2026-10-08T09:58:53.129Z,ESP-1,615b6085-625e-4e15-af34-3b38311ccb80,24.4,50.4,132.0
2026-10-08T09:58:55,2026-10-08T09:58:55.132Z,ESP-1,5f934b65-0332-489b-9400-ce17b8fe0b9c,24.4,50.3,132.0
2026-10-08T09:58:57,2026-10-08T09:58:57.131Z,ESP-1,8e22d51e-4866-4f3f-9f25-1b06c706eceb,24.4,50.3,133.0
2026-10-08T09:58:59,2026-10-08T09:58:59.130Z,ESP-1,0b152006-d2ab-44b8-8122-6e01c928ee5a,24.4,50.4,132.0
2026-10-08T09:59:00,2026-10-08T09:59:00.038Z,ESP-1,f9dd4b74-7bfa-4479-ab15-cde31eb70131,24.4,50.3,132.0
2026-10-08T09:59:02,2026-10-08T09:59:02.035Z,ESP-1,eade4504-dd71-4cec-bc9e-1ae3896de1a5,24.4,50.4,134.0
2026-10-08T09:59:04,2026-10-08T09:59:04.036Z,ESP-1,b247118b-6973-4989-8902-3ce7838d5d61,24.4,50.5,134.0
2026-10-08T09:59:06,2026-10-08T09:59:06.038Z,ESP-1,8348fca7-b401-4100-8971-17851925eb65,24.4,50.5,135.0
2026-10-08T09:59:08,2026-10-08T09:59:08.040Z,ESP-1,4a8be708-15ad-4aaf-b1be-cc9e52047a1c,24.4,50.6,135.0
2026-10-08T09:59:10,2026-10-08T09:59:10.036Z,ESP-1,15f520ca-4307-44f0-a18d-ffae3b9efca5,24.4,50.9,134.0
2026-10-08T09:59:12,2026-10-08T09:59:12.036Z,ESP-1,28835f5e-b5c6-4110-8fe7-a34761cc50aa,24.4,50.9,134.0
2026-10-08T09:59:14,2026-10-08T09:59:14.036Z,ESP-1,8d3c9f7e-d963-4525-8622-c29b641a3e76,24.4,50.9,134.0
2026-10-08T09:59:16,2026-10-08T09:59:16.037Z,ESP-1,3d847e9b-1090-4505-a4c8-a3bf60110084,24.4,50.9,134.0
2026-10-08T09:59:18,2026-10-08T09:59:18.036Z,ESP-1,ea67a3dd-44fb-4b8d-9cf1-cfef5e28b612,24.4,50.8,135.0
2026-10-08T09:59:20,2026-10-08T09:59:20.036Z,ESP-1,54dbea3c-a896-4d8f-87d4-facb0a54ac99,24.4,50.9,134.0
2026-10-08T09:59:22,2026-10-08T09:59:22.039Z,ESP-1,f3bd7eb8-426a-4a42-afcb-57660ff30806,24.4,50.9,134.0
2026-10-08T09:59:24,2026-10-08T09:59:24.036Z,ESP-1,b251027c-ff42-4540-8879-c27c15d13310,24.4,50.9,134.0
2026-10-08T09:59:26,2026-10-08T09:59:26.036Z,ESP-1,350b9094-0516-413b-9387-7f9ccecb495a,24.4,51.0,135.0
2026-10-08T09:59:28,2026-10-08T09:59:28.038Z,ESP-1,0d7ea6fe-e6f4-407b-a21b-cca5f672ddba,24.4,51.0,135.0
2026-10-08T09:59:30,2026-10-08T09:59:30.051Z,ESP-1,5a2277da-342b-4855-84b0-1d5e80f84ba7,24.4,50.9,134.0
2026-10-08T09:59:32,2026-10-08T09:59:32.036Z,ESP-1,a91afa90-6d60-48c2-8789-400957fbd83b,24.4,50.9,135.0
2026-10-08T09:59:34,2026-10-08T09:59:34.048Z,ESP-1,33f48608-5621-415a-a595-d1aafdf051cf,24.4,50.8,135.0
2026-10-08T09:59:36,2026-10-08T09:59:36.036Z,ESP-1,4e3c6133-ef5a-4aec-a5ce-a9f2724344e3,24.4,50.7,135.0
2026-10-08T09:59:38,2026-10-08T09:59:38.040Z,ESP-1,00aa4f3a-de4a-4c04-9f60-197617e28a02,24.4,50.7,134.0
2026-10-08T09:59:40,2026-10-08T09:59:40.037Z,ESP-1,71b82293-4a81-4dcd-b583-c8115f3e09c2,24.4,50.7,135.0
2026-10-08T09:59:42,2026-10-08T09:59:42.036Z,ESP-1,ffe96d03-b915-4403-afa8-4af2b81a22b2,24.4,50.8,134.0
2026-10-08T09:59:44,2026-10-08T09:59:44.035Z,ESP-1,3cc8fd25-3031-404c-97c7-b198bd7ba3aa,24.4,50.8,134.0
2026-10-08T09:59:46,2026-10-08T09:59:46.036Z,ESP-1,378472a3-90ef-41eb-9f4a-4e7b4eb52bc2,24.4,50.7,135.0
2026-10-08T09:59:48,2026-10-08T09:59:48.037Z,ESP-1,54e21aad-6edc-4ab9-a47d-21f18a6a7dd6,24.4,50.8,134.0
2026-10-08T09:59:50,2026-10-08T09:59:50.036Z,ESP-1,663dfd87-b2b5-4355-ab3f-9d1ed66fc460,24.4,50.7,134.0
2026-10-08T09:59:52,2026-10-08T09:59:52.035Z,ESP-1,d789a3a5-c3c1-4c3a-9aaf-d44a1b7c207c,24.4,50.7,134.0
2026-10-08T09:59:54,2026-10-08T09:59:54.037Z,ESP-1,72db393f-c6cc-4787-84e3-5f4f0120624f,24.4,50.7,134.0
2026-10-08T09:59:56,2026-10-08T09:59:56.041Z,ESP-1,35014461-56f3-44ad-aad8-b1bae00705c1,24.4,50.7,134.0
2026-10-08T09:59:58,2026-10-08T09:59:58.035Z,ESP-1,d52cbed3-b680-4fbc-b219-aec4d6a4607d,24.4,50.6,134.0
2026-10-08T10:00:00,2026-10-08T10:00:00.047Z,ESP-1,634991f0-b0a1-4e47-8947-fd64483feaf0,24.4,50.7,134.0
2026-10-08T10:00:02,2026-10-08T10:00:02.034Z,ESP-1,6b900c17-03b9-4628-bc92-6bd51689c190,24.4,50.7,134.0
2026-10-08T10:00:04,2026-10-08T10:00:04.036Z,ESP-1,f56ee097-baf8-46c7-a701-5c493c4825eb,24.4,50.7,134.0
2026-10-08T10:00:06,2026-10-08T10:00:06.035Z,ESP-1,ca328fc6-a77f-4efc-85cf-84a2f3258380,24.4,50.7,134.0
2026-10-08T10:00:08,2026-10-08T10:00:08.037Z,ESP-1,bfc3c773-c6ee-4e65-b981-b6b899ab7134,24.4,50.8,134.0
2026-10-08T10:00:10,2026-10-08T10:00:10.036Z,ESP-1,3c9ad805-f4c6-40ab-9af8-4e780cfe6378,24.4,50.8,134.0
2026-10-08T10:00:12,2026-10-08T10:00:12.034Z,ESP-1,a0a919bc-aaa9-406e-83b1-e1608c110e40,24.4,50.8,134.0
2026-10-08T10:00:14,2026-10-08T10:00:14.049Z,ESP-1,56b0dfe6-4ead-48ba-9cdb-0602828536db,24.4,50.7,134.0
2026-10-08T10:00:16,2026-10-08T10:00:16.041Z,ESP-1,66a177c8-04c4-47fa-b76b-8902fd5ca371,24.4,50.8,134.0
2026-10-08T10:00:18,2026-10-08T10:00:18.045Z,ESP-1,d368d394-5441-431e-8485-966591e0f5a2,24.4,50.7,134.0
2026-10-08T10:00:20,2026-10-08T10:00:20.035Z,ESP-1,f704279b-deb4-4bf3-b422-7ed6236a5cf1,24.4,50.7,134.0
2026-10-08T10:00:22,2026-10-08T10:00:22.033Z,ESP-1,1e407f1c-e943-404f-8627-bcbddb898219,24.4,51.0,134.0
2026-10-08T10:00:24,2026-10-08T10:00:24.034Z,ESP-1,48833d46-ae17-4af8-86f9-b90814d30c07,24.4,51.1,134.0
2026-10-08T10:00:26,2026-10-08T10:00:26.045Z,ESP-1,1b701167-7026-47d4-a52b-20784dae7b11,24.4,51.1,134.0
2026-10-08T10:00:28,2026-10-08T10:00:28.035Z,ESP-1,b9380f92-0861-4574-8227-593e3ccf3fa7,24.4,51.1,135.0
2026-10-08T10:00:30,2026-10-08T10:00:30.036Z,ESP-1,81f7c430-77d0-4742-8c51-85c1fc22e793,24.4,51.0,134.0
2026-10-08T10:00:31,2026-10-08T10:00:31.965Z,ESP-1,d0012e71-7f1a-467c-8e86-afa4ac2a79ae,24.4,51.0,134.0
2026-10-08T10:00:33,2026-10-08T10:00:33.944Z,ESP-1,ae9d0dd3-c563-438a-9480-1aefef512883,24.4,51.0,132.0
2026-10-08T10:00:35,2026-10-08T10:00:35.964Z,ESP-1,ed88f3f3-eb57-457d-b8bf-fabadffab2bb,24.4,51.0,132.0
2026-10-08T10:00:37,2026-10-08T10:00:37.184Z,ESP-1,9bf2b218-f673-4274-8040-29372d697a11,24.4,51.0,132.0
2026-10-08T10:00:39,2026-10-08T10:00:39.184Z,ESP-1,574a3a28-1cee-456e-b8bf-98dda7d16181,24.4,51.1,134.0
2026-10-08T10:00:41,2026-10-08T10:00:41.180Z,ESP-1,7ac93613-fea8-4518-8e35-50cf34a529f3,24.4,51.1,134.0
2026-10-08T10:00:43,2026-10-08T10:00:43.181Z,ESP-1,6e4e829e-323b-44b5-9012-279cd04fd5a9,24.4,51.1,134.0
2026-10-08T10:00:45,2026-10-08T10:00:45.189Z,ESP-1,b69df07e-d525-4b33-ae4e-d65a3cb57e8e,24.4,51.1,134.0
2026-10-08T10:00:47,2026-10-08T10:00:47.178Z,ESP-1,f8cb9fbf-2413-4211-a821-d349aac7ad95,24.4,51.2,134.0
2026-10-08T10:00:49,2026-10-08T10:00:49.199Z,ESP-1,ce9c8d68-442d-4008-99c1-cde4961cfef7,24.4,51.3,134.0
2026-10-08T10:00:51,2026-10-08T10:00:51.185Z,ESP-1,d30addd4-ac7a-4a3e-b188-0a8bccecbb38,24.4,51.4,134.0
2026-10-08T10:00:53,2026-10-08T10:00:53.181Z,ESP-1,b46f703d-b7ae-4d7e-a680-d5ea010437fe,24.4,51.3,134.0
2026-10-08T10:00:55,2026-10-08T10:00:55.180Z,ESP-1,76a184bf-8dd3-4402-ac48-3b24396e872e,24.4,51.3,134.0
2026-10-08T10:00:57,2026-10-08T10:00:57.180Z,ESP-1,899f4011-397d-47dc-af73-9a85423f49ce,24.4,51.3,134.0
2026-10-08T10:00:59,2026-10-08T10:00:59.180Z,ESP-1,dada22a0-0924-48f9-a445-14bf0271727a,24.4,51.3,134.0
2026-10-08T10:01:01,2026-10-08T10:01:01.188Z,ESP-1,f8abb272-59e7-480f-823f-38d603da003d,24.4,51.2,134.0
2026-10-08T10:01:03,2026-10-08T10:01:03.206Z,ESP-1,52a6477f-02b8-4bc1-824e-9e83133e8c21,24.4,51.2,134.0
2026-10-08T10:01:05,2026-10-08T10:01:05.180Z,ESP-1,1f6c6e86-331f-4a24-8c9e-597cb7028d77,24.5,51.2,134.0
2026-10-08T10:01:07,2026-10-08T10:01:07.183Z,ESP-1,4d64ac24-02b2-44be-afaa-e9f65dca012a,24.4,51.2,134.0
2026-10-08T10:01:09,2026-10-08T10:01:09.188Z,ESP-1,2e464482-fbc8-453b-b322-40d9064bf50d,24.4,51.2,134.0
2026-10-08T10:01:11,2026-10-08T10:01:11.219Z,ESP-1,27ee3887-c4dd-4c20-ab7a-5aa9c7f9d7b1,24.4,51.2,134.0
2026-10-08T10:01:13,2026-10-08T10:01:13.192Z,ESP-1,9c8a7e83-59cf-405c-8f9d-cf4d100836c3,24.4,51.1,134.0
2026-10-08T10:01:15,2026-10-08T10:01:15.181Z,ESP-1,5b11d8bf-4ed8-40f4-b56e-58d30a689b41,24.4,51.1,134.0
2026-10-08T10:01:17,2026-10-08T10:01:17.181Z,ESP-1,cc76f0af-ad2b-42e8-a152-6837abf92b58,24.4,51.2,134.0
2026-10-08T10:01:19,2026-10-08T10:01:19.180Z,ESP-1,7f6a61e3-4734-4e7c-9618-427718fe3cdb,24.5,51.0,134.0
2026-10-08T10:01:21,2026-10-08T10:01:21.179Z,ESP-1,703992dd-cadd-400a-9aef-1cc40e625d36,24.5,51.1,134.0
2026-10-08T10:01:23,2026-10-08T10:01:23.180Z,ESP-1,bbd60f62-fb55-4633-a4d5-e9c58764b6a7,24.4,51.2,135.0
2026-10-08T10:01:25,2026-10-08T10:01:25.179Z,ESP-1,0912071a-99c6-49ac-b0dc-4ac070451ecd,24.4,51.2,135.0
2026-10-08T10:01:27,2026-10-08T10:01:27.180Z,ESP-1,62010b0f-3d7e-4b2a-8b6d-97a5d5379219,24.4,51.2,135.0
2026-10-08T10:01:29,2026-10-08T10:01:29.178Z,ESP-1,2f8fbca4-d4fd-4675-b1e8-b1028344a449,24.4,51.1,134.0
2026-10-08T10:01:31,2026-10-08T10:01:31.180Z,ESP-1,943685fe-f4b9-4581-aae5-5b4dea193136,24.5,51.2,134.0
2026-10-08T10:01:33,2026-10-08T10:01:33.178Z,ESP-1,32c4ef97-88d5-4fe0-99c6-21511d31b0da,24.4,51.2,134.0
2026-10-08T10:01:35,2026-10-08T10:01:35.188Z,ESP-1,dfd47115-9a29-4ea2-b170-6500a12f1153,24.4,51.1,135.0
2026-10-08T10:01:37,2026-10-08T10:01:37.180Z,ESP-1,14ac84e0-da59-4c17-b4ad-28ed0a8b7e57,24.4,51.1,135.0
2026-10-08T10:01:39,2026-10-08T10:01:39.193Z,ESP-1,1fc1582b-fa89-4fca-b5b0-2f092c4530c6,24.5,51.2,134.0
2026-10-08T10:01:41,2026-10-08T10:01:41.178Z,ESP-1,cbddf10f-c8bc-4945-80cc-a99f564971fa,24.5,51.2,135.0
2026-10-08T10:01:43,2026-10-08T10:01:43.188Z,ESP-1,623454fa-7ed5-46a2-b2f2-6ba3d692745e,24.4,51.2,134.0
2026-10-08T10:01:45,2026-10-08T10:01:45.185Z,ESP-1,c4f740e4-d09f-47e4-95a3-9428b57d0aa3,24.5,51.1,134.0
2026-10-08T10:01:47,2026-10-08T10:01:47.184Z,ESP-1,5f3f838f-5e2e-41ca-857d-f05ecda71520,24.5,51.1,135.0
2026-10-08T10:01:49,2026-10-08T10:01:49.179Z,ESP-1,04ead91b-9939-4fed-9382-82f943af24f2,24.5,51.1,134.0
2026-10-08T10:01:51,2026-10-08T10:01:51.185Z,ESP-1,d6a30c4a-96df-4c2e-830d-047d84f4f0ed,24.4,51.1,135.0
2026-10-08T10:01:53,2026-10-08T10:01:53.181Z,ESP-1,aced7500-8175-4ce0-9353-1407cd5126a3,24.4,51.0,134.0
2026-10-08T10:01:55,2026-10-08T10:01:55.185Z,ESP-1,4bdddb45-a305-4b9d-a916-1ac2f6d93c68,24.4,51.1,134.0
2026-10-08T10:01:57,2026-10-08T10:01:57.179Z,ESP-1,c5c8f927-0c8b-406c-87dc-3c30239d1344,24.4,51.2,134.0
2026-10-08T10:01:59,2026-10-08T10:01:59.179Z,ESP-1,5a2a9e3f-ee89-4ccc-8ee7-62f5d01eb03f,24.4,51.2,134.0
2026-10-08T10:02:01,2026-10-08T10:02:01.183Z,ESP-1,04347ae2-fd58-40e6-b397-f94f957ade76,24.5,51.2,134.0
2026-10-08T10:02:03,2026-10-08T10:02:03.177Z,ESP-1,9e17c9af-ad68-465f-9fa5-de671af83493,24.5,51.1,134.0
2026-10-08T10:02:05,2026-10-08T10:02:05.203Z,ESP-1,abbaddcb-55ce-4e19-ad08-f70326177396,24.4,51.0,134.0
2026-10-08T10:02:07,2026-10-08T10:02:07.178Z,ESP-1,f3ca1a18-23fd-40d1-a44c-a02ff8217473,24.4,51.0,135.0
2026-10-08T10:02:09,2026-10-08T10:02:09.001Z,ESP-1,861f450f-544c-4cce-9d08-a41a9150ee8a,24.4,51.1,134.0
2026-10-08T10:02:11,2026-10-08T10:02:11.003Z,ESP-1,f2f10fd4-df8d-4f4c-8317-a1e9e455d1da,24.4,51.1,132.0
2026-10-08T10:02:13,2026-10-08T10:02:13.003Z,ESP-1,856aeefc-7ac3-46c7-b006-9d44ee75cf30,24.4,51.1,132.0
2026-10-08T10:02:15,2026-10-08T10:02:15.001Z,ESP-1,f2e44579-212f-4f90-85f1-4746408ff2c1,24.5,51.1,132.0
2026-10-08T10:02:17,2026-10-08T10:02:16.999Z,ESP-1,d5b32f25-79f1-4e74-b04e-34fcc14e89a0,24.4,51.1,132.0
2026-10-08T10:02:19,2026-10-08T10:02:19.001Z,ESP-1,5dc8c247-fe3e-427d-863c-9f02856fcf3c,24.5,51.1,133.0
2026-10-08T10:02:21,2026-10-08T10:02:21.005Z,ESP-1,6476acf8-2987-437e-bcc5-26c44f154dcd,24.4,51.1,132.0
2026-10-08T10:02:23,2026-10-08T10:02:23.012Z,ESP-1,cae79b13-00ac-4e42-bb58-66d0865d9c37,24.5,51.0,132.0
2026-10-08T10:02:24,2026-10-08T10:02:24.042Z,ESP-1,516f5133-e2ed-401f-8ba3-604175688b85,24.4,51.1,132.0
2026-10-08T10:02:26,2026-10-08T10:02:26.037Z,ESP-1,2bd19177-f1db-48c0-a2c4-98e7ea9354aa,24.4,51.1,134.0
2026-10-08T10:02:28,2026-10-08T10:02:28.044Z,ESP-1,3f282941-aca4-4729-aef8-72b41af2e8a2,24.4,51.2,134.0
2026-10-08T10:02:30,2026-10-08T10:02:30.037Z,ESP-1,f150f04d-1a82-40c3-832d-21ba83479a6e,24.5,51.7,134.0
2026-10-08T10:02:32,2026-10-08T10:02:32.036Z,ESP-1,51f59f4b-fc35-4891-bcbf-8dfa20c71e6f,24.4,51.7,135.0
2026-10-08T10:02:34,2026-10-08T10:02:34.048Z,ESP-1,53faa482-0c17-4bf5-bc96-54cf2479d0bf,24.4,51.8,134.0
2026-10-08T10:02:36,2026-10-08T10:02:36.039Z,ESP-1,25bf9e15-2341-4a6f-8857-082bb97c1823,24.4,51.7,135.0
2026-10-08T10:02:38,2026-10-08T10:02:38.044Z,ESP-1,c975d9ae-3450-4c63-974a-a4536801e87c,24.4,51.7,134.0
2026-10-08T10:02:40,2026-10-08T10:02:40.045Z,ESP-1,fca6f105-009e-4f66-b56e-8fac13e88f8f,24.4,51.7,134.0
2026-10-08T10:02:42,2026-10-08T10:02:42.051Z,ESP-1,a5471546-cade-4275-9bbf-a51a7728d423,24.5,51.7,134.0
2026-10-08T10:02:44,2026-10-08T10:02:44.036Z,ESP-1,39b1cc26-8021-450d-8b9a-1f02e421fa4f,24.5,51.7,134.0
2026-10-08T10:02:46,2026-10-08T10:02:46.045Z,ESP-1,807f0c19-360d-4e99-89b2-c8705524f523,24.5,51.6,134.0
2026-10-08T10:02:48,2026-10-08T10:02:48.035Z,ESP-1,4d435733-7fc1-4325-9108-9c1305ecd997,24.4,51.6,134.0
2026-10-08T10:02:50,2026-10-08T10:02:50.051Z,ESP-1,13a0107b-2aef-466c-a0df-4068aa2282eb,24.5,51.6,134.0
2026-10-08T10:02:52,2026-10-08T10:02:52.053Z,ESP-1,22064135-cd59-482b-9942-c6ae53649c5b,24.4,51.7,134.0
2026-10-08T10:02:54,2026-10-08T10:02:54.044Z,ESP-1,403ddf8b-af2e-42f6-a379-348735899da5,24.4,51.8,134.0
2026-10-08T10:02:56,2026-10-08T10:02:56.036Z,ESP-1,1a19d41f-2fbf-4504-a3dc-d49c994ff6e1,24.5,51.8,134.0
2026-10-08T10:02:58,2026-10-08T10:02:58.044Z,ESP-1,ed6c07c2-3a3a-4cf5-b2f3-b48a848a2881,24.5,51.8,134.0
2026-10-08T10:03:00,2026-10-08T10:03:00.036Z,ESP-1,1a53b9f6-0633-47c5-90d0-4e2c1ad9f9ef,24.5,51.9,134.0
2026-10-08T10:03:02,2026-10-08T10:03:02.036Z,ESP-1,6be301da-c7f6-47ff-970e-9c27f1fe2d69,24.5,52.0,134.0
2026-10-08T10:03:04,2026-10-08T10:03:04.033Z,ESP-1,e19e32f5-6a63-4d59-9cf8-0e3dffd515a3,24.5,51.9,134.0
2026-10-08T10:03:06,2026-10-08T10:03:06.054Z,ESP-1,4e9187fb-47e1-4a10-8dfd-4e648193d186,24.5,51.8,134.0
2026-10-08T10:03:08,2026-10-08T10:03:08.038Z,ESP-1,48c9ce2a-ac60-4d6e-8b3f-85b80168750e,24.5,51.8,134.0
2026-10-08T10:03:10,2026-10-08T10:03:10.043Z,ESP-1,23167a1a-ef1f-47ee-adc5-b4d806bff829,24.5,51.6,134.0
2026-10-08T10:03:12,2026-10-08T10:03:12.037Z,ESP-1,b3ced0af-c2d8-43a6-b5b8-6f0eb7f45a0f,24.5,51.6,134.0
2026-10-08T10:03:14,2026-10-08T10:03:14.035Z,ESP-1,79b960fc-9469-41a5-919c-d861d42f6157,24.5,51.6,134.0
2026-10-08T10:03:16,2026-10-08T10:03:16.035Z,ESP-1,adc3543b-25dc-44ae-b26f-0f9cad44424d,24.5,51.6,134.0
2026-10-08T10:03:18,2026-10-08T10:03:18.035Z,ESP-1,e02e695e-65c3-44da-8d11-1c468cdf421b,24.5,51.6,134.0
2026-10-08T10:03:20,2026-10-08T10:03:20.055Z,ESP-1,d6da7df4-0841-4934-9e83-a12f494ae38a,24.5,51.7,132.0
2026-10-08T10:03:22,2026-10-08T10:03:22.040Z,ESP-1,d87009fa-e8af-4b6a-bb60-64d6ec505ec4,24.5,51.7,132.0
2026-10-08T10:03:24,2026-10-08T10:03:24.041Z,ESP-1,f0fba138-ac91-47de-af7d-344ce0a9ec3e,24.5,51.7,130.0
2026-10-08T10:03:26,2026-10-08T10:03:26.047Z,ESP-1,478dd85e-56ce-447d-a666-f393273c873b,24.6,51.8,130.0
2026-10-08T10:03:28,2026-10-08T10:03:28.036Z,ESP-1,d6158f30-cc90-46c8-a420-fd3d6454f5ea,24.5,51.8,130.0
2026-10-08T10:03:30,2026-10-08T10:03:30.046Z,ESP-1,61c9ff08-f3f6-4d37-9072-07a532eca563,24.6,52.3,130.0
2026-10-08T10:03:32,2026-10-08T10:03:32.035Z,ESP-1,7277467e-2f0f-49fe-8ba5-e7c4f653c654,24.6,52.0,132.0
2026-10-08T10:03:34,2026-10-08T10:03:34.032Z,ESP-1,9cd62040-36c2-4c69-bee9-fdf272a736d0,24.5,52.0,132.0
2026-10-08T10:03:36,2026-10-08T10:03:36.037Z,ESP-1,eb180903-68a8-4ecb-a632-d7c5bd8cdbc2,24.6,52.3,132.0
2026-10-08T10:03:38,2026-10-08T10:03:38.045Z,ESP-1,572fe19a-ad11-46d5-84ac-2d19b26d579b,24.5,51.9,132.0
2026-10-08T10:03:40,2026-10-08T10:03:40.040Z,ESP-1,89b791a0-6e4b-4952-8796-5e63e6fd0503,24.6,52.3,133.0
2026-10-08T10:03:42,2026-10-08T10:03:42.036Z,ESP-1,76a48de5-c2bc-4e25-91d3-707e960e7355,24.6,52.2,132.0
2026-10-08T10:03:44,2026-10-08T10:03:44.037Z,ESP-1,a5b2b0a5-594b-462a-bbb0-6389d3de765e,24.6,52.1,133.0
2026-10-08T10:03:46,2026-10-08T10:03:46.035Z,ESP-1,620b2c14-9fce-45c2-8331-f29e69eecb3e,24.6,52.0,133.0
2026-10-08T10:03:48,2026-10-08T10:03:48.039Z,ESP-1,a201b93e-a5f6-4e9c-9f8f-8538ceb8640b,24.6,52.0,133.0
2026-10-08T10:03:50,2026-10-08T10:03:50.035Z,ESP-1,dc8e2513-5b5d-49f5-a79b-d699c2821482,24.6,52.1,132.0
2026-10-08T10:03:52,2026-10-08T10:03:52.035Z,ESP-1,ff695a2e-2ac6-4be8-9010-59c5e7b4e8f9,24.6,52.1,132.0
2026-10-08T10:03:54,2026-10-08T10:03:54.035Z,ESP-1,69e42660-e575-4599-be5a-12f68130a8bc,24.6,52.1,130.0
2026-10-08T10:03:55,2026-10-08T10:03:55.927Z,ESP-1,948acd71-4d6d-4f32-ab64-f5b377d0c62e,24.6,52.0,132.0
2026-10-08T10:03:57,2026-10-08T10:03:57.930Z,ESP-1,bd204002-ec06-4350-bd7b-1b42db18bd66,24.7,52.0,128.0
2026-10-08T10:03:59,2026-10-08T10:03:59.927Z,ESP-1,042e93ab-b240-4576-942e-2a70d71525f2,24.6,51.9,128.0
2026-10-08T10:04:01,2026-10-08T10:04:01.960Z,ESP-1,6263f10c-1593-4417-bb99-44fa74d07725,24.7,51.9,128.0
2026-10-08T10:04:03,2026-10-08T10:04:03.952Z,ESP-1,a6f6bd5e-28b6-4e0d-b252-2da6b1492bf5,24.6,51.9,128.0
2026-10-08T10:04:05,2026-10-08T10:04:05.980Z,ESP-1,0f2d60ca-14fd-4e30-88b5-e5e4e46554b9,24.7,51.8,128.0
2026-10-08T10:04:07,2026-10-08T10:04:07.968Z,ESP-1,521493f8-cd61-447f-95ee-f0eb31649d33,24.7,51.9,128.0
2026-10-08T10:04:09,2026-10-08T10:04:09.975Z,ESP-1,175f680e-ce00-46ea-8ed4-bfddf4f5db96,24.7,51.9,128.0
2026-10-08T10:04:11,2026-10-08T10:04:11.971Z,ESP-1,637f9505-083a-4e86-b7e8-a1ae21563526,24.7,51.9,128.0
2026-10-08T10:04:13,2026-10-08T10:04:13.969Z,ESP-1,1dbf1a03-f6d8-4ed3-bf9a-3cf76c9b4e60,24.7,52.0,128.0
2026-10-08T10:04:15,2026-10-08T10:04:15.968Z,ESP-1,c5bcd5f9-4b9a-44ef-98d0-7994da661b10,24.7,51.9,127.0
2026-10-08T10:04:17,2026-10-08T10:04:17.968Z,ESP-1,638722aa-26bd-406f-b590-699cfe04bc51,24.7,52.0,127.0
2026-10-08T10:04:19,2026-10-08T10:04:19.967Z,ESP-1,ce1fc4cd-b107-4de6-bab3-1f945da853f0,24.7,51.9,128.0
2026-10-08T10:04:21,2026-10-08T10:04:21.974Z,ESP-1,4c7f88de-bc99-4951-a843-62c962276481,24.7,51.8,128.0
2026-10-08T10:04:23,2026-10-08T10:04:23.968Z,ESP-1,628c4be1-7f5e-421e-bd94-0497cdee5337,24.7,51.9,128.0
2026-10-08T10:04:25,2026-10-08T10:04:25.969Z,ESP-1,b054be2b-fcaa-455d-9e8c-6e9cbb2070db,24.7,51.8,128.0
2026-10-08T10:04:27,2026-10-08T10:04:27.967Z,ESP-1,e567c713-47b0-474a-ae02-7fae80c7e3f7,24.7,51.9,128.0
2026-10-08T10:04:29,2026-10-08T10:04:29.967Z,ESP-1,40c3b02d-c232-45d6-a1b2-72838c6306c3,24.7,51.9,128.0
2026-10-08T10:04:31,2026-10-08T10:04:31.968Z,ESP-1,ea07c8e0-ac9b-4d2d-a719-65b0d8950a4c,24.7,51.8,128.0
2026-10-08T10:04:33,2026-10-08T10:04:33.971Z,ESP-1,4bb2d6cb-5f51-4463-9b91-f165d47924b6,24.7,51.8,128.0
2026-10-08T10:04:35,2026-10-08T10:04:35.967Z,ESP-1,61a9eafb-c70d-431f-ae89-9f083719285b,24.7,51.8,128.0
2026-10-08T10:04:38,2026-10-08T10:04:37.987Z,ESP-1,b9779b75-de83-4384-8ceb-55456b346bca,24.7,51.7,127.0
2026-10-08T10:04:40,2026-10-08T10:04:40.003Z,ESP-1,cf4f0a5b-85fa-477f-bd16-1bab78f50bc0,24.7,51.7,128.0
2026-10-08T10:04:42,2026-10-08T10:04:42.006Z,ESP-1,b95ee002-4bfe-4d50-8fea-61414eb86830,24.7,51.8,128.0
2026-10-08T10:04:44,2026-10-08T10:04:43.991Z,ESP-1,ba41f900-b93e-4b82-a035-2e42fe0006e5,24.7,51.7,128.0
2026-10-08T10:04:46,2026-10-08T10:04:45.989Z,ESP-1,be3871b3-1d1d-4d1c-92f2-79a0b9669a0c,24.7,51.7,128.0
2026-10-08T10:04:48,2026-10-08T10:04:47.986Z,ESP-1,8cdbae8d-5c43-453d-91e2-572cd2e9b92a,24.7,51.8,128.0
2026-10-08T10:04:50,2026-10-08T10:04:49.993Z,ESP-1,fb84c9fe-9303-45cf-9160-c4fd5e2110c3,24.7,51.8,128.0
2026-10-08T10:04:52,2026-10-08T10:04:51.982Z,ESP-1,13295714-75e5-4b74-85ab-6c839520d8d3,24.7,51.8,128.0
2026-10-08T10:04:54,2026-10-08T10:04:53.987Z,ESP-1,27104af6-b6d4-492f-a67f-52e430af4d0c,24.7,51.8,127.0
2026-10-08T10:04:56,2026-10-08T10:04:55.991Z,ESP-1,280d8f20-b1f1-4108-809c-1a55d86caceb,24.7,51.8,127.0
2026-10-08T10:04:58,2026-10-08T10:04:57.986Z,ESP-1,41d5d9cf-80ac-4d2e-bced-a9dcf3fb15dd,24.7,51.9,127.0
2026-10-08T10:05:00,2026-10-08T10:04:59.987Z,ESP-1,af3c8dab-0ca4-4b8f-8d6d-38b5b60f30d7,24.7,51.8,127.0
2026-10-08T10:05:02,2026-10-08T10:05:01.987Z,ESP-1,15216086-79c0-4a55-a002-8a21dff63a5f,24.7,51.8,127.0
2026-10-08T10:05:04,2026-10-08T10:05:03.985Z,ESP-1,902dca40-15c7-468d-829b-bdc08e3a9879,24.8,51.8,128.0
2026-10-08T10:05:06,2026-10-08T10:05:05.986Z,ESP-1,7637d542-689f-4512-818e-e5418212debb,24.8,51.8,127.0
2026-10-08T10:05:08,2026-10-08T10:05:08.004Z,ESP-1,2e9dba44-a952-4b34-96a1-457417c9f72c,24.8,51.8,127.0
2026-10-08T10:05:10,2026-10-08T10:05:10.003Z,ESP-1,07dd8f8c-263e-41f3-b336-c52e22426251,24.7,51.8,127.0
2026-10-08T10:05:12,2026-10-08T10:05:12.003Z,ESP-1,4f1eafaf-9eae-466f-b78a-b1b4156f23ad,24.8,51.7,127.0
2026-10-08T10:05:14,2026-10-08T10:05:14.003Z,ESP-1,4b457f87-18bf-4128-90ac-749a2ef177ab,24.8,51.7,127.0
2026-10-08T10:05:16,2026-10-08T10:05:16.003Z,ESP-1,2907d477-f1b6-4587-bf2a-95431436c22b,24.8,51.8,127.0
2026-10-08T10:05:18,2026-10-08T10:05:18.014Z,ESP-1,67dd69a7-431e-4cee-bc84-b1d1cdcac04f,24.8,51.7,127.0
2026-10-08T10:05:20,2026-10-08T10:05:20.004Z,ESP-1,19e496c5-c8f3-44c8-ac62-6f9296100980,24.8,51.8,127.0
2026-10-08T10:05:22,2026-10-08T10:05:22.006Z,ESP-1,f3cd1299-0f01-480f-9a95-ebfd1073ccd6,24.8,51.7,127.0
2026-10-08T10:05:24,2026-10-08T10:05:24.006Z,ESP-1,d168ea4a-3238-4078-ba2e-ab5761ac10be,24.8,51.7,127.0
2026-10-08T10:05:26,2026-10-08T10:05:26.013Z,ESP-1,0555511d-21ab-48c8-a7ce-e275b33d0ca6,24.8,51.6,127.0
2026-10-08T10:05:28,2026-10-08T10:05:28.015Z,ESP-1,ccfeee2e-b1c6-4474-9f8f-c477d657164f,24.8,51.7,127.0
2026-10-08T10:05:30,2026-10-08T10:05:30.003Z,ESP-1,0e729cd7-eb0b-4319-b8f3-833884fbfe1f,24.8,51.8,126.0
2026-10-08T10:05:32,2026-10-08T10:05:32.002Z,ESP-1,28d2581f-0561-4d43-b8f6-49641fc6ee17,24.8,51.7,127.0
2026-10-08T10:05:34,2026-10-08T10:05:34.002Z,ESP-1,90a0db0c-452d-4731-9cfc-adb551311170,24.8,51.7,127.0
2026-10-08T10:05:36,2026-10-08T10:05:36.005Z,ESP-1,5a76ec3e-669d-40fc-ae95-3d1b70e26f19,24.8,51.6,127.0
2026-10-08T10:05:38,2026-10-08T10:05:38.020Z,ESP-1,cb4e2e92-6d4f-436d-a582-8b4bba571173,24.8,51.6,127.0
2026-10-08T10:05:40,2026-10-08T10:05:40.020Z,ESP-1,53228dbe-c70a-48b9-87da-5822fdce1549,24.8,51.6,127.0
2026-10-08T10:05:42,2026-10-08T10:05:42.020Z,ESP-1,e173f983-19a1-4b2a-a62d-13ae2d4eb54c,24.8,51.5,127.0
2026-10-08T10:05:44,2026-10-08T10:05:44.020Z,ESP-1,9b75fee0-bc59-4c1e-8830-d0fd4af7203f,24.8,51.6,127.0
2026-10-08T10:05:46,2026-10-08T10:05:46.019Z,ESP-1,d21a0d42-2e61-4d20-a318-e32050975b06,24.8,51.6,127.0
2026-10-08T10:05:48,2026-10-08T10:05:48.019Z,ESP-1,8ee32764-2c33-4861-885e-d443d3a24fc5,24.8,51.6,127.0
2026-10-08T10:05:50,2026-10-08T10:05:50.019Z,ESP-1,835b8b04-636d-49de-8371-16b200bcebf1,24.8,51.5,127.0
2026-10-08T10:05:52,2026-10-08T10:05:52.019Z,ESP-1,6f80712a-1f90-4e34-94b8-70283bf969dd,24.8,51.5,128.0
2026-10-08T10:05:54,2026-10-08T10:05:54.020Z,ESP-1,0ff0085f-86a0-4500-9ee6-b8a34e282bb3,24.8,51.6,127.0
2026-10-08T10:05:56,2026-10-08T10:05:56.020Z,ESP-1,d8a3115d-3172-4d5d-9d13-e6f577cacb4b,24.8,51.6,127.0
2026-10-08T10:05:58,2026-10-08T10:05:58.024Z,ESP-1,12918c8e-e974-4b21-b166-ba8d9d7665dd,24.8,51.6,127.0
2026-10-08T10:06:00,2026-10-08T10:06:00.018Z,ESP-1,beb173b8-19bc-4a52-9582-afb34bdfb5d5,24.8,51.6,127.0
2026-10-08T10:06:02,2026-10-08T10:06:02.019Z,ESP-1,cbda0c7b-d13d-4e06-ba11-604196b3be89,24.8,51.5,127.0
2026-10-08T10:06:04,2026-10-08T10:06:04.019Z,ESP-1,086aa261-a40e-42b4-899e-70aef8014fbf,24.8,51.6,127.0
2026-10-08T10:06:06,2026-10-08T10:06:06.018Z,ESP-1,4032181d-6ee8-4571-97b7-61744727e247,24.8,51.6,127.0
2026-10-08T10:06:08,2026-10-08T10:06:08.036Z,ESP-1,72b2e429-7166-434e-b2f0-897cc0d02a61,24.8,51.6,127.0
2026-10-08T10:06:10,2026-10-08T10:06:10.041Z,ESP-1,1e5b5577-070a-4487-9599-7d21817bf51d,24.8,51.6,127.0
2026-10-08T10:06:12,2026-10-08T10:06:12.040Z,ESP-1,5a1465b9-e19f-4b7c-bda2-3b8bb2d9605f,24.8,51.6,127.0
2026-10-08T10:06:14,2026-10-08T10:06:14.036Z,ESP-1,5f0514ab-5326-4f09-91a9-d4f4727032ae,24.8,51.6,128.0
2026-10-08T10:06:16,2026-10-08T10:06:16.035Z,ESP-1,45b2cb3a-c851-438b-bd28-2c5d5eb75f91,24.8,51.6,127.0
2026-10-08T10:06:18,2026-10-08T10:06:18.036Z,ESP-1,f9b815f5-fbf3-42d6-bddc-6961527212af,24.8,51.5,128.0
2026-10-08T10:06:20,2026-10-08T10:06:20.038Z,ESP-1,e5cd30e4-1b31-4df7-b2fe-fa91986320bc,24.8,51.5,128.0
2026-10-08T10:06:22,2026-10-08T10:06:22.038Z,ESP-1,e3fb1edf-05de-438a-89c7-ae9186666a7c,24.8,51.4,127.0
2026-10-08T10:06:24,2026-10-08T10:06:24.037Z,ESP-1,702c2c6e-f6d7-42c0-bd4e-66db5ce718cc,24.9,51.5,128.0
2026-10-08T10:06:26,2026-10-08T10:06:26.036Z,ESP-1,e6ef17a0-5eef-42ae-91c6-6b70a00222dc,24.8,51.4,128.0
2026-10-08T10:06:28,2026-10-08T10:06:28.035Z,ESP-1,1aec3778-3da8-4c7a-8b54-a7882eae75b9,24.8,51.3,128.0
2026-10-08T10:06:30,2026-10-08T10:06:30.035Z,ESP-1,c5a1dde1-e66c-4ae4-bef6-5c51683de080,24.8,51.4,128.0
2026-10-08T10:06:32,2026-10-08T10:06:32.041Z,ESP-1,c20817b0-5e2e-4e01-89bb-37155a716b0e,24.8,51.3,128.0
2026-10-08T10:06:34,2026-10-08T10:06:34.035Z,ESP-1,fcb9539e-3bf2-4ff2-a1de-a60216e6a698,24.9,51.3,128.0
2026-10-08T10:06:36,2026-10-08T10:06:36.039Z,ESP-1,04777b21-01f1-4b8a-8e05-0994cd392f1b,24.8,51.4,128.0
2026-10-08T10:06:38,2026-10-08T10:06:38.053Z,ESP-1,578bde03-b1ab-40f9-88d2-2bdbd1f5fd58,24.9,51.4,128.0
2026-10-08T10:06:40,2026-10-08T10:06:40.051Z,ESP-1,17244d09-c30d-4829-be3c-f052a5143783,24.9,51.2,128.0
2026-10-08T10:06:42,2026-10-08T10:06:42.050Z,ESP-1,285f8dd3-2327-4281-b055-5bd333e2b7f9,24.9,51.2,129.0
2026-10-08T10:06:44,2026-10-08T10:06:44.052Z,ESP-1,77b20fd7-a088-4c99-b2c9-24245989839e,24.9,51.2,128.0
2026-10-08T10:06:46,2026-10-08T10:06:46.054Z,ESP-1,8349f51b-d75f-4583-86a6-01ad8da33db4,24.9,51.1,128.0
2026-10-08T10:06:48,2026-10-08T10:06:48.057Z,ESP-1,6af6e755-d253-42f8-9241-ef119d775e45,24.9,51.2,128.0
2026-10-08T10:06:50,2026-10-08T10:06:50.052Z,ESP-1,00ef22aa-35fb-4523-be36-1353ca39e227,24.9,51.0,128.0
2026-10-08T10:06:52,2026-10-08T10:06:52.151Z,ESP-1,678a54a0-2b75-460d-89ad-1adcf459e2c8,24.9,50.9,128.0
2026-10-08T10:06:54,2026-10-08T10:06:54.051Z,ESP-1,e19f489f-8425-4df9-b363-9d007b9197d2,24.9,50.9,128.0
2026-10-08T10:06:56,2026-10-08T10:06:56.051Z,ESP-1,5e222c41-c69a-47a5-b2a6-f5399c12322b,24.9,50.8,128.0
2026-10-08T10:06:58,2026-10-08T10:06:58.057Z,ESP-1,627cb506-e285-4d30-8eed-2c7b1400223f,24.9,50.8,127.0
2026-10-08T10:07:00,2026-10-08T10:07:00.053Z,ESP-1,86898870-ce5f-48ac-b215-65955cfb2bf9,24.9,50.8,127.0
2026-10-08T10:07:02,2026-10-08T10:07:02.050Z,ESP-1,3e987a81-4386-4968-ad76-02dd13c04d1e,24.9,50.9,128.0
2026-10-08T10:07:04,2026-10-08T10:07:04.055Z,ESP-1,7f7a339b-dd1f-4324-aac7-4f93caf42f03,24.9,50.9,127.0
2026-10-08T10:07:06,2026-10-08T10:07:06.055Z,ESP-1,52af85a9-d620-4109-a7ca-ceb9847f4311,24.8,50.9,127.0
2026-10-08T10:07:08,2026-10-08T10:07:08.050Z,ESP-1,7a0cb4d3-a566-4c7a-b25b-d3238bcd93d4,24.9,50.8,127.0
2026-10-08T10:07:10,2026-10-08T10:07:10.050Z,ESP-1,deb2897d-c60b-4d10-b062-3919d3d24099,24.9,50.8,127.0
2026-10-08T10:07:12,2026-10-08T10:07:12.050Z,ESP-1,8322f3c2-3fa1-4dae-b600-70f380d012ba,24.9,50.8,127.0
2026-10-08T10:07:14,2026-10-08T10:07:14.050Z,ESP-1,86f8f3d1-600c-4eb3-a439-17189f58da4c,24.9,50.8,127.0
2026-10-08T10:07:16,2026-10-08T10:07:16.053Z,ESP-1,5c72bb58-02ff-4c0c-826b-3c1732de5dfc,24.9,50.8,127.0
2026-10-08T10:07:18,2026-10-08T10:07:18.050Z,ESP-1,b76c6bf3-2205-4482-9280-92bb37b2d085,24.9,50.7,127.0
2026-10-08T10:07:20,2026-10-08T10:07:20.052Z,ESP-1,6ec21916-89be-4075-b085-eb0aeed581f6,24.8,50.7,128.0
2026-10-08T10:07:22,2026-10-08T10:07:22.050Z,ESP-1,f147adcc-260d-433b-b9c5-d98f6c3509b6,24.9,50.8,127.0
2026-10-08T10:07:24,2026-10-08T10:07:24.077Z,ESP-1,fb04b27a-869d-4139-8456-9d0e8262d678,24.8,50.7,127.0
2026-10-08T10:07:26,2026-10-08T10:07:26.067Z,ESP-1,23edb2cb-9ab9-4bd9-8556-dfefe9e9dded,24.9,50.8,127.0
2026-10-08T10:07:28,2026-10-08T10:07:28.071Z,ESP-1,f784ac70-2d8d-4985-9005-1aeebdf0d885,24.8,50.9,127.0
2026-10-08T10:07:30,2026-10-08T10:07:30.074Z,ESP-1,b12ba64a-9608-49b6-b825-c6085590af20,24.9,50.8,127.0
2026-10-08T10:07:32,2026-10-08T10:07:32.067Z,ESP-1,e9d87afe-6de2-41f5-83e3-2123e205c2ec,24.9,50.9,127.0
2026-10-08T10:07:34,2026-10-08T10:07:34.069Z,ESP-1,018d08d0-b86f-40d5-895f-88c0d0f972f3,24.8,50.9,127.0
2026-10-08T10:07:36,2026-10-08T10:07:36.076Z,ESP-1,d97af9c6-0ade-4c6f-b7ea-b83568e095c9,24.8,51.0,127.0
2026-10-08T10:07:38,2026-10-08T10:07:38.071Z,ESP-1,41249a55-9dbe-4dff-a419-d4c54d711f02,24.9,51.0,127.0
2026-10-08T10:07:40,2026-10-08T10:07:40.077Z,ESP-1,02c6f905-7e4b-487b-ace6-fd6d392cc085,24.9,51.1,127.0
2026-10-08T10:07:42,2026-10-08T10:07:42.069Z,ESP-1,20307ab4-1dfe-4d6d-9ca8-a14ef0858f09,24.9,51.2,127.0
2026-10-08T10:07:44,2026-10-08T10:07:44.069Z,ESP-1,4f16498f-6a6f-42df-b569-21a14834a11a,24.8,51.2,127.0
2026-10-08T10:07:46,2026-10-08T10:07:46.067Z,ESP-1,b88a1045-37d0-455f-9304-faf77fec1b97,24.8,51.2,127.0
2026-10-08T10:07:48,2026-10-08T10:07:48.068Z,ESP-1,c78fad8a-dc66-4114-a0c5-d3564c42a2ee,24.8,51.1,127.0
2026-10-08T10:07:50,2026-10-08T10:07:50.075Z,ESP-1,8762e8bb-d3f5-4c83-8707-33c05ff60bab,24.8,51.1,127.0
2026-10-08T10:07:52,2026-10-08T10:07:52.067Z,ESP-1,3fa32eb1-c241-4fb7-98d0-e7cfa917e893,24.8,51.1,127.0
2026-10-08T10:07:54,2026-10-08T10:07:54.093Z,ESP-1,f540c730-5075-449f-87d0-bf53636409cb,24.9,50.9,127.0
2026-10-08T10:07:56,2026-10-08T10:07:56.099Z,ESP-1,d2787e14-0b92-46b4-8546-739b4786c994,24.8,51.0,127.0
2026-10-08T10:07:58,2026-10-08T10:07:58.091Z,ESP-1,e62f297e-a774-4316-947e-0abf429deb5c,24.8,51.1,127.0
2026-10-08T10:08:00,2026-10-08T10:08:00.091Z,ESP-1,bda95017-835c-4abb-853f-895ac6af9564,24.8,51.1,127.0
2026-10-08T10:08:02,2026-10-08T10:08:02.092Z,ESP-1,55eec64a-f066-4de6-8ad1-2d9d75d0a801,24.8,51.2,127.0
2026-10-08T10:08:04,2026-10-08T10:08:04.087Z,ESP-1,ed98f395-2092-4d5e-9dca-1365f0fa6a2d,24.8,51.3,127.0
2026-10-08T10:08:06,2026-10-08T10:08:06.091Z,ESP-1,71027264-047d-4aa1-a45b-88c8de49fc6e,24.8,51.4,127.0
2026-10-08T10:08:08,2026-10-08T10:08:08.095Z,ESP-1,2eb671ec-0894-4442-9044-5d2d97c1359c,24.8,51.4,127.0
2026-10-08T10:08:10,2026-10-08T10:08:10.092Z,ESP-1,e11aa3e6-f153-431e-9a5c-07d82a0597d0,24.8,51.4,127.0
2026-10-08T10:08:12,2026-10-08T10:08:12.091Z,ESP-1,4463c0c2-a45b-4e44-806e-b5c7c3437da7,24.8,51.6,127.0
2026-10-08T10:08:14,2026-10-08T10:08:14.090Z,ESP-1,23d07aa3-75f9-4d50-874e-1e6d9c6237e3,24.8,51.5,127.0
2026-10-08T10:08:16,2026-10-08T10:08:16.101Z,ESP-1,f26cc9cc-df00-4a79-9c40-f5995509ccf4,24.8,51.5,127.0
2026-10-08T10:08:18,2026-10-08T10:08:18.091Z,ESP-1,48037e5c-4ede-4f15-825d-c0046db444f1,24.8,51.4,127.0
2026-10-08T10:08:20,2026-10-08T10:08:20.091Z,ESP-1,db3e20b1-a225-4542-b38f-578917206f2b,24.9,51.5,127.0
2026-10-08T10:08:22,2026-10-08T10:08:22.093Z,ESP-1,b43a4580-78e4-4997-a101-20568ca04079,24.8,51.3,127.0
2026-10-08T10:08:24,2026-10-08T10:08:24.107Z,ESP-1,57376f66-40cc-46d0-b7a5-5f80cfebba60,24.8,51.2,127.0
2026-10-08T10:08:26,2026-10-08T10:08:26.106Z,ESP-1,44cb2c12-5a98-4c54-aad5-d225c9bc2149,24.9,51.1,127.0
2026-10-08T10:08:28,2026-10-08T10:08:28.108Z,ESP-1,ae207bb3-e254-4d65-9ea3-3d30453d8318,24.8,51.1,127.0
2026-10-08T10:08:30,2026-10-08T10:08:30.109Z,ESP-1,bef6e595-e69b-4c06-93ad-3445462b2892,24.9,51.0,127.0
2026-10-08T10:08:31,2026-10-08T10:08:31.169Z,ESP-1,cbeb852c-4c51-4cd8-ab43-46d2860f658a,24.9,51.0,127.0
2026-10-08T10:08:33,2026-10-08T10:08:33.169Z,ESP-1,2a32dcaf-d35d-48b4-b9cb-d66a2c836056,24.8,51.0,129.0
2026-10-08T10:08:35,2026-10-08T10:08:35.169Z,ESP-1,6fb5019c-0947-4c98-a3d2-bc47fddca200,24.8,50.9,128.0
2026-10-08T10:08:37,2026-10-08T10:08:37.169Z,ESP-1,735d8f43-61d3-4d1c-bfba-3198253612a0,24.8,50.9,130.0
2026-10-08T10:08:39,2026-10-08T10:08:39.169Z,ESP-1,a71a6ff0-a6ea-4acb-b7b6-385abf0de899,24.8,50.9,129.0
2026-10-08T10:08:41,2026-10-08T10:08:41.172Z,ESP-1,fa9fa9d5-26ae-470b-ad8f-c96ea8c87230,24.8,50.9,130.0
2026-10-08T10:08:43,2026-10-08T10:08:43.171Z,ESP-1,19ac2800-5b05-448e-8b38-92fc0a06a47f,24.8,50.9,130.0
2026-10-08T10:08:45,2026-10-08T10:08:45.168Z,ESP-1,af1aae88-e69d-4fc3-a70f-15ee2260eb32,24.8,50.9,128.0
2026-10-08T10:08:47,2026-10-08T10:08:47.169Z,ESP-1,1951daa8-9cb9-4c0c-b943-f62a08b3ea63,24.8,50.8,130.0
2026-10-08T10:08:49,2026-10-08T10:08:49.170Z,ESP-1,0849556f-7e3a-488c-a799-ecfeeb26d8a9,24.8,50.8,130.0
2026-10-08T10:08:51,2026-10-08T10:08:51.169Z,ESP-1,b9fb9b58-f030-4e5b-810a-e8a5c1344271,24.8,50.9,128.0
2026-10-08T10:08:53,2026-10-08T10:08:53.196Z,ESP-1,1ae09bc1-047f-4734-8a4a-33c1f2de42f2,24.8,50.9,130.0
2026-10-08T10:08:55,2026-10-08T10:08:55.167Z,ESP-1,920c8cb7-4eb6-42d7-ad5b-587de8f8272f,24.8,51.0,130.0
2026-10-08T10:08:57,2026-10-08T10:08:57.171Z,ESP-1,d478add8-578d-484e-9995-357e29e8dcfb,24.8,50.9,129.0
2026-10-08T10:08:59,2026-10-08T10:08:59.170Z,ESP-1,f7cfef01-aa7d-4769-8abb-c28c88cccb15,24.8,51.0,130.0
2026-10-08T10:09:01,2026-10-08T10:09:01.168Z,ESP-1,c90e8964-bcbd-4e18-9675-0384a3c0f57a,24.8,51.0,130.0
2026-10-08T10:09:03,2026-10-08T10:09:03.174Z,ESP-1,4626a20e-3f0e-40dd-a400-447924bef0a4,24.8,51.1,127.0
2026-10-08T10:09:05,2026-10-08T10:09:05.170Z,ESP-1,fdc2876b-d32f-4fe5-98cd-1f80c1c342fe,24.8,51.2,127.0
2026-10-08T10:09:07,2026-10-08T10:09:07.169Z,ESP-1,e4bf5d12-d173-4309-b88b-a7cf837936de,24.8,51.2,127.0
2026-10-08T10:09:09,2026-10-08T10:09:09.168Z,ESP-1,85268349-5cdc-46b6-bda5-d6366c2eb4c9,24.8,51.1,127.0
2026-10-08T10:09:11,2026-10-08T10:09:11.176Z,ESP-1,8254452b-20a1-4185-b368-be7a4828323c,24.8,51.1,126.0
2026-10-08T10:09:13,2026-10-08T10:09:13.168Z,ESP-1,18885b1c-296f-4ba0-a8cd-99699f577249,24.9,51.1,127.0
2026-10-08T10:09:15,2026-10-08T10:09:15.173Z,ESP-1,b2a34d5d-599b-4e6a-8cbb-79b88e21f8db,24.8,51.1,127.0
2026-10-08T10:09:17,2026-10-08T10:09:17.167Z,ESP-1,368ab113-ce7b-4415-960b-5083f839f41e,24.8,51.1,127.0
2026-10-08T10:09:19,2026-10-08T10:09:19.168Z,ESP-1,c8a2e760-a2e6-40bd-879e-3c414ccb01ae,24.8,51.1,127.0
2026-10-08T10:09:21,2026-10-08T10:09:21.172Z,ESP-1,688775d1-618a-42d5-ab71-32272580afd9,24.8,51.0,127.0
2026-10-08T10:09:23,2026-10-08T10:09:23.171Z,ESP-1,f86b6c4a-f0f2-450c-a422-dbcc51009531,24.8,51.0,127.0
2026-10-08T10:09:25,2026-10-08T10:09:25.172Z,ESP-1,b45f5102-2fbe-4871-8e1d-6f39ec040e7c,24.8,50.9,127.0
2026-10-08T10:09:27,2026-10-08T10:09:27.167Z,ESP-1,13e281ed-7480-4489-bd67-10c8ff2b9ae5,24.8,50.8,127.0
2026-10-08T10:09:29,2026-10-08T10:09:29.173Z,ESP-1,ecc94883-6943-4d15-8afb-fe3f7779f70a,24.8,50.8,127.0
2026-10-08T10:09:31,2026-10-08T10:09:31.176Z,ESP-1,25183fa9-8142-4a8e-b432-fa5058e8531f,24.8,50.8,127.0
2026-10-08T10:09:33,2026-10-08T10:09:33.168Z,ESP-1,e4815818-1bfa-4c21-8820-8145d8f4152f,24.8,50.7,127.0
2026-10-08T10:09:35,2026-10-08T10:09:35.168Z,ESP-1,043d192c-e899-4e17-a896-fd38baa22b6c,24.8,50.7,127.0
2026-10-08T10:09:37,2026-10-08T10:09:37.168Z,ESP-1,8f9a2f56-b6be-4d40-aad8-1c3a13460ba3,24.8,50.6,127.0
2026-10-08T10:09:39,2026-10-08T10:09:39.167Z,ESP-1,1e83147f-5bfb-4774-b742-8173715f02d2,24.8,50.7,127.0
2026-10-08T10:09:41,2026-10-08T10:09:41.167Z,ESP-1,e94fa295-9d26-452c-b6de-b3898a095212,24.8,50.7,127.0
2026-10-08T10:09:43,2026-10-08T10:09:43.171Z,ESP-1,fb4257eb-0310-4771-8cea-63f822c17b80,24.8,50.7,127.0
2026-10-08T10:09:45,2026-10-08T10:09:45.171Z,ESP-1,3d9540e8-f771-4d32-871d-8348b6759d23,24.8,50.7,127.0
2026-10-08T10:09:47,2026-10-08T10:09:47.167Z,ESP-1,e5e22527-f811-4b2c-956f-fae213c469e3,24.8,50.7,127.0
2026-10-08T10:09:49,2026-10-08T10:09:49.169Z,ESP-1,871a39ca-98da-4af2-96d2-f9eb26e2e03d,24.8,50.7,127.0
2026-10-08T10:09:51,2026-10-08T10:09:51.176Z,ESP-1,ac5467d9-564c-43d7-88be-5a121247ac90,24.8,50.8,127.0
2026-10-08T10:09:53,2026-10-08T10:09:53.166Z,ESP-1,cee15eb2-96fd-447b-a337-f2d3885fb13c,24.8,50.7,127.0
2026-10-08T10:09:55,2026-10-08T10:09:55.167Z,ESP-1,fb5ce910-683c-4cc0-9146-3b2b0838d015,24.8,50.8,127.0
2026-10-08T10:09:57,2026-10-08T10:09:57.166Z,ESP-1,d6c96df3-048a-4db8-a747-e60665d0430b,24.8,50.9,127.0
2026-10-08T10:09:59,2026-10-08T10:09:59.169Z,ESP-1,bfc00f19-8487-4aeb-9c66-a7fcc5723aa5,24.8,50.9,127.0
2026-10-08T10:10:01,2026-10-08T10:10:01.168Z,ESP-1,f40ec7e7-fd68-4aa8-b148-188e0582939f,24.8,50.8,127.0
2026-10-08T10:10:03,2026-10-08T10:10:03.477Z,ESP-1,6ccabaaf-3113-4b27-88aa-5d60e9c7dece,24.8,50.8,127.0
2026-10-08T10:10:03,2026-10-08T10:10:03.169Z,ESP-1,d1ef55c4-7c07-4727-84aa-aff8703c6018,24.8,50.8,127.0
2026-10-08T10:10:05,2026-10-08T10:10:05.479Z,ESP-1,1e88bbde-3f0f-4fb3-90ce-f0209f3eaa95,24.8,50.8,124.0
2026-10-08T10:10:07,2026-10-08T10:10:07.476Z,ESP-1,3aa56eb3-78b6-4993-b5c8-4b8a28286437,24.8,50.8,125.0
2026-10-08T10:10:09,2026-10-08T10:10:09.509Z,ESP-1,7d7a34cb-9a6f-4daf-909a-823581e3a9c1,24.8,50.7,124.0
2026-10-08T10:10:11,2026-10-08T10:10:11.503Z,ESP-1,f77bcee8-5395-412f-989b-961824ed2e22,24.8,50.7,125.0
2026-10-08T10:10:13,2026-10-08T10:10:13.495Z,ESP-1,54b6b768-2cb3-40f9-b985-53703d9c937b,24.8,50.8,125.0
2026-10-08T10:10:15,2026-10-08T10:10:15.495Z,ESP-1,7d586ecb-02a3-40c0-87ad-2062c169c563,24.8,50.8,125.0
2026-10-08T10:10:17,2026-10-08T10:10:17.496Z,ESP-1,5c429118-92f8-4983-96d1-b93f5b0da1e1,24.8,50.9,125.0
2026-10-08T10:10:19,2026-10-08T10:10:19.497Z,ESP-1,fc31edcd-f99b-4487-89c4-538c39c50c31,24.8,50.8,125.0
2026-10-08T10:10:21,2026-10-08T10:10:21.495Z,ESP-1,026bef33-8cbc-4a0f-ad44-63c48c082b5f,24.8,50.9,125.0
2026-10-08T10:10:23,2026-10-08T10:10:23.497Z,ESP-1,9a5334b3-687b-4fd1-851f-f48d18fce772,24.8,50.8,125.0
2026-10-08T10:10:25,2026-10-08T10:10:25.497Z,ESP-1,dc65799d-ee7e-4f7a-b72a-f994307fc26d,24.8,50.8,125.0
2026-10-08T10:10:27,2026-10-08T10:10:27.495Z,ESP-1,6b7102ee-e972-434c-84af-2404ceebc555,24.8,50.8,124.0
2026-10-08T10:10:29,2026-10-08T10:10:29.495Z,ESP-1,270aeaa5-7424-4316-8c0e-ebf2656e30e3,24.8,50.7,125.0
2026-10-08T10:10:31,2026-10-08T10:10:31.496Z,ESP-1,65b143a0-5220-4bc0-b367-75eab67baac0,24.8,50.7,125.0
2026-10-08T10:10:33,2026-10-08T10:10:33.496Z,ESP-1,968ccad3-ad76-4e96-93fa-d7d5237c4eb3,24.8,50.7,125.0
2026-10-08T10:10:35,2026-10-08T10:10:35.495Z,ESP-1,82f10057-4db9-4a32-baa5-8174e7f90f4c,24.8,50.8,125.0
2026-10-08T10:10:37,2026-10-08T10:10:37.502Z,ESP-1,c9eec587-1ed4-46cb-b884-5e7bf8817de0,24.9,50.8,124.0
2026-10-08T10:10:39,2026-10-08T10:10:39.516Z,ESP-1,53437902-c0d9-4c51-8a1e-9dc8d2caec02,24.8,50.8,124.0
2026-10-08T10:10:41,2026-10-08T10:10:41.515Z,ESP-1,b470d352-4251-4f4b-ac6f-81497c31d82d,24.8,50.8,125.0
2026-10-08T10:10:42,2026-10-08T10:10:42.951Z,ESP-1,a1ae88f7-2d6f-4773-8532-d8fe9d7993a8,24.8,50.9,125.0
2026-10-08T10:10:44,2026-10-08T10:10:44.952Z,ESP-1,dc20fb8a-2398-4378-b9ab-16386f2f4981,24.8,50.9,127.0
2026-10-08T10:10:46,2026-10-08T10:10:46.971Z,ESP-1,f702d73d-1bda-4f65-a082-eef39c597721,24.8,51.0,127.0
2026-10-08T10:10:48,2026-10-08T10:10:48.961Z,ESP-1,0a04e0eb-2415-40f9-97ac-8660f2792b03,24.8,51.0,127.0
2026-10-08T10:10:50,2026-10-08T10:10:50.949Z,ESP-1,699fdbbc-c5d5-41be-be36-285595109480,24.8,50.9,127.0
2026-10-08T10:10:52,2026-10-08T10:10:52.987Z,ESP-1,5b760f39-a850-4cc8-829b-38a976b0e974,24.8,50.9,127.0
2026-10-08T10:10:54,2026-10-08T10:10:54.990Z,ESP-1,d90705e4-d549-4347-a1cf-8cbcc317a9de,24.8,50.9,127.0
2026-10-08T10:10:56,2026-10-08T10:10:56.953Z,ESP-1,2f6929a0-52c1-4e7b-8dc3-260183fac796,24.8,50.8,127.0
2026-10-08T10:10:58,2026-10-08T10:10:58.956Z,ESP-1,bf9c0953-2b86-4d98-bdee-99ab3ad916ea,24.8,50.8,127.0
2026-10-08T10:11:00,2026-10-08T10:11:00.952Z,ESP-1,55c525a4-5cdb-4891-92d3-c5fcd2184f95,24.8,50.9,127.0
2026-10-08T10:11:02,2026-10-08T10:11:02.951Z,ESP-1,1c6b783d-d270-46ad-8f0b-ebef825dc366,24.8,50.9,127.0
2026-10-08T10:11:04,2026-10-08T10:11:04.957Z,ESP-1,3ea04c0f-c2a0-40ca-ad85-bda1a9926420,24.8,50.9,127.0
2026-10-08T10:11:06,2026-10-08T10:11:06.960Z,ESP-1,78915f9e-7690-477a-8fc0-38027628322a,24.8,50.9,127.0
2026-10-08T10:11:08,2026-10-08T10:11:08.950Z,ESP-1,37d4eb5e-9026-4fd8-804e-c3053e2c94ab,24.8,51.0,127.0
2026-10-08T10:11:10,2026-10-08T10:11:10.949Z,ESP-1,1b6c1f76-6ea6-498a-b1a0-87e399121746,24.8,51.0,127.0
2026-10-08T10:11:12,2026-10-08T10:11:12.951Z,ESP-1,0e148e55-9891-4703-918e-3736694a4195,24.8,51.0,127.0
2026-10-08T10:11:14,2026-10-08T10:11:14.956Z,ESP-1,9be5bc25-5423-4d81-a570-7419eee6ac4d,24.8,50.9,127.0
2026-10-08T10:11:16,2026-10-08T10:11:16.949Z,ESP-1,6a99b1e6-f780-4888-843f-11842405ec2b,24.8,51.0,127.0
2026-10-08T10:11:18,2026-10-08T10:11:18.952Z,ESP-1,3efedaef-f7b8-4cd2-9d43-b754a20f3f8f,24.8,51.0,126.0
2026-10-08T10:11:20,2026-10-08T10:11:20.950Z,ESP-1,64e56d00-3d20-4a23-b9b8-e0a7cc2e8cb8,24.8,51.0,127.0
2026-10-08T10:11:22,2026-10-08T10:11:22.949Z,ESP-1,a0f203d2-b855-48c7-bf4e-6e0a26aba3a6,24.8,51.0,127.0
2026-10-08T10:11:24,2026-10-08T10:11:24.949Z,ESP-1,1f48bcec-72ce-4608-9bfd-65f34fbb0cda,24.8,51.0,127.0
2026-10-08T10:11:26,2026-10-08T10:11:26.950Z,ESP-1,dc283fd7-2631-4d36-b885-6b45da4cb853,24.8,51.0,127.0
2026-10-08T10:11:28,2026-10-08T10:11:28.950Z,ESP-1,e095d8cc-34c8-4fff-98e9-c3f243193c1e,24.8,51.0,127.0
2026-10-08T10:11:30,2026-10-08T10:11:30.950Z,ESP-1,ed1cd9b9-5c5a-4398-aae7-508eebd5901b,24.8,51.0,127.0
2026-10-08T10:11:32,2026-10-08T10:11:32.958Z,ESP-1,53d848a8-54e8-499a-908a-c96136e41365,24.7,51.0,127.0
2026-10-08T10:11:34,2026-10-08T10:11:34.949Z,ESP-1,2356252c-8679-4fac-858f-893abb98333f,24.8,51.1,127.0
2026-10-08T10:11:36,2026-10-08T10:11:36.969Z,ESP-1,03862c73-f569-43d8-a89d-a3956a3b38b7,24.8,51.0,126.0
2026-10-08T10:11:38,2026-10-08T10:11:38.951Z,ESP-1,542ae26d-30da-49d9-ac55-14de3efa528a,24.8,51.0,127.0
2026-10-08T10:11:40,2026-10-08T10:11:40.953Z,ESP-1,f121c9a8-012a-4e7e-a7fc-0b432c5b43f7,24.8,51.1,126.0
2026-10-08T10:11:42,2026-10-08T10:11:42.949Z,ESP-1,a5af2e17-d4ab-4c08-ae05-11ebcd88c83c,24.8,51.1,127.0
2026-10-08T10:11:44,2026-10-08T10:11:44.956Z,ESP-1,4522cac8-95ef-4788-8b91-1cc2364f8241,24.8,51.2,127.0
2026-10-08T10:11:46,2026-10-08T10:11:46.952Z,ESP-1,81e3826b-ea3b-4a20-9833-85fa5f42e8ea,24.8,51.1,127.0
2026-10-08T10:11:48,2026-10-08T10:11:48.949Z,ESP-1,8ba00842-b112-419e-acf3-487d035eaa10,24.8,51.2,126.0
2026-10-08T10:11:50,2026-10-08T10:11:50.949Z,ESP-1,3c4bcf04-182e-48ec-a745-1199a311a5b2,24.8,51.2,127.0
2026-10-08T10:11:52,2026-10-08T10:11:52.950Z,ESP-1,ae5efa1f-621e-4240-9d64-46f4f1f03fc1,24.8,51.2,127.0
2026-10-08T10:11:54,2026-10-08T10:11:54.950Z,ESP-1,a5f662ce-5ee9-4718-8155-f4a7db322b42,24.8,51.2,127.0
2026-10-08T10:11:56,2026-10-08T10:11:56.949Z,ESP-1,0f0ce186-2f52-4b1c-98e4-a9ab6c83ff7c,24.7,51.2,126.0
2026-10-08T10:11:58,2026-10-08T10:11:58.949Z,ESP-1,3cbcec1d-7dcc-4bea-a3e5-7f3c3ef084c5,24.8,51.2,127.0
2026-10-08T10:12:00,2026-10-08T10:12:00.961Z,ESP-1,2a8eff22-94fb-411a-83d8-ceaad850311e,24.7,51.1,127.0
2026-10-08T10:12:02,2026-10-08T10:12:02.949Z,ESP-1,4715fdf6-1109-4ef2-9cba-0365543cd21b,24.7,51.2,126.0
2026-10-08T10:12:04,2026-10-08T10:12:04.949Z,ESP-1,af0b10e8-c1e8-4aa1-9943-6057fef5df05,24.8,51.2,127.0
2026-10-08T10:12:06,2026-10-08T10:12:06.949Z,ESP-1,904bb5d7-64e9-4577-ba49-19290b8feaee,24.7,51.1,126.0
2026-10-08T10:12:08,2026-10-08T10:12:08.955Z,ESP-1,79d5a090-a5b2-4d16-9007-d4352c70a3df,24.8,51.2,127.0
2026-10-08T10:12:10,2026-10-08T10:12:10.955Z,ESP-1,6a7c8072-7178-40d1-9e46-23a56adc7612,24.8,51.2,127.0
2026-10-08T10:12:12,2026-10-08T10:12:12.949Z,ESP-1,56e42581-9d19-4271-9822-0dbc289a29a8,24.7,51.3,127.0
2026-10-08T10:12:14,2026-10-08T10:12:14.949Z,ESP-1,8aea6662-6c01-4aef-8e1d-5e9f8ca81d26,24.7,51.3,127.0
2026-10-08T10:12:15,2026-10-08T10:12:15.109Z,ESP-1,15027c15-b4d2-4ef3-830d-fc480396ed0c,24.7,51.3,126.0
2026-10-08T10:12:17,2026-10-08T10:12:17.110Z,ESP-1,42053312-b18e-4440-854d-c6bbd9b5261a,24.7,51.3,125.0
2026-10-08T10:12:19,2026-10-08T10:12:19.107Z,ESP-1,bb7bac96-b6a2-42c0-aa21-26bb8dc64c17,24.7,51.2,125.0
2026-10-08T10:12:21,2026-10-08T10:12:21.110Z,ESP-1,147581db-f1a6-4413-9611-baa8c90e4672,24.7,51.2,125.0
2026-10-08T10:12:23,2026-10-08T10:12:23.124Z,ESP-1,9e74d7ca-3805-4265-a15f-3972a470c158,24.8,51.2,124.0
2026-10-08T10:12:25,2026-10-08T10:12:25.124Z,ESP-1,7636a4b4-11b3-4afd-a569-b852513a892d,24.7,51.3,125.0
2026-10-08T10:12:27,2026-10-08T10:12:27.125Z,ESP-1,a0955c9c-7379-4b2a-b94a-3aca01a0e649,24.8,51.3,125.0
2026-10-08T10:12:29,2026-10-08T10:12:29.129Z,ESP-1,67af7e6c-6416-4376-8cd5-55b7f10bbeef,24.7,51.3,125.0
2026-10-08T10:12:31,2026-10-08T10:12:31.128Z,ESP-1,e128b73c-71c2-4108-bafe-32b95050aec6,24.7,51.3,125.0
2026-10-08T10:12:33,2026-10-08T10:12:33.124Z,ESP-1,637e7f03-61e2-44d0-bb19-dd54b52f3b5e,24.7,51.4,125.0
2026-10-08T10:12:35,2026-10-08T10:12:35.127Z,ESP-1,9e5b2942-fc54-4d64-8049-a3b13290c749,24.8,51.4,125.0
2026-10-08T10:12:37,2026-10-08T10:12:37.124Z,ESP-1,e4e83c82-be60-4570-b28f-e3eddafbf3c9,24.7,51.5,125.0
2026-10-08T10:12:39,2026-10-08T10:12:39.127Z,ESP-1,61f1e970-906a-4fdb-b314-a2d2386b80a9,24.7,51.5,124.0
2026-10-08T10:12:41,2026-10-08T10:12:41.125Z,ESP-1,20fc9d52-a373-4b84-8f3d-8131cff5fd21,24.7,51.5,125.0
2026-10-08T10:12:43,2026-10-08T10:12:43.125Z,ESP-1,25a0313e-3ea1-4f9b-b723-e864590d3d53,24.7,51.5,125.0
2026-10-08T10:12:45,2026-10-08T10:12:45.124Z,ESP-1,9491de38-417f-49b5-ae40-6ba9d42de7e2,24.7,51.5,125.0
2026-10-08T10:12:47,2026-10-08T10:12:47.124Z,ESP-1,c836fe07-6c13-4844-bb18-1ec714bee753,24.7,51.4,124.0
2026-10-08T10:12:49,2026-10-08T10:12:49.129Z,ESP-1,db5adb38-c9a0-44fc-b8e7-5617b90eff5a,24.7,51.4,125.0
2026-10-08T10:12:51,2026-10-08T10:12:51.125Z,ESP-1,9bc794f7-2024-412d-9bf2-39c5135d9da9,24.7,51.5,125.0
2026-10-08T10:12:53,2026-10-08T10:12:53.147Z,ESP-1,3bd94d5a-e894-4c0f-8242-66f58759579b,24.7,51.4,125.0
2026-10-08T10:12:55,2026-10-08T10:12:55.194Z,ESP-1,2f3ac15b-30b6-436a-a01d-1e37b9fc8022,24.7,51.4,125.0
2026-10-08T10:12:57,2026-10-08T10:12:57.149Z,ESP-1,17f82d97-a28c-4ac9-9f4a-066274da1cf7,24.7,51.4,124.0
2026-10-08T10:12:59,2026-10-08T10:12:59.177Z,ESP-1,19a15a95-331a-4598-8922-886532806763,24.7,51.5,125.0
2026-10-08T10:13:01,2026-10-08T10:13:01.165Z,ESP-1,a749d1e4-59f1-458c-bea8-ff5a67d55a83,24.7,51.6,124.0
2026-10-08T10:13:03,2026-10-08T10:13:03.165Z,ESP-1,ee2879af-0cf1-475e-bee5-e7c629816101,24.7,51.5,125.0
2026-10-08T10:13:05,2026-10-08T10:13:05.171Z,ESP-1,c98abf2d-0219-4bbf-ac0d-4e9eb125008f,24.7,51.5,125.0
2026-10-08T10:13:07,2026-10-08T10:13:07.166Z,ESP-1,e7a913d5-faa0-464e-9905-5d385cb6f992,24.7,51.6,124.0
2026-10-08T10:13:09,2026-10-08T10:13:09.168Z,ESP-1,7ae2be9f-ebe1-4fa6-8ce1-4365a17be80b,24.7,51.5,125.0
2026-10-08T10:13:11,2026-10-08T10:13:11.182Z,ESP-1,ef2a5d6d-c5fe-45b0-b5b0-5075a67dd0e5,24.7,51.6,125.0
2026-10-08T10:13:13,2026-10-08T10:13:13.166Z,ESP-1,cc60d95f-349d-4635-bebc-f65190d0d784,24.7,51.5,125.0
2026-10-08T10:13:15,2026-10-08T10:13:15.165Z,ESP-1,375236d5-f921-49ad-a9bb-d090146e2a9c,24.7,51.5,125.0
2026-10-08T10:13:17,2026-10-08T10:13:17.165Z,ESP-1,7cdb4bde-8233-44bc-b688-a79fdb316bb3,24.7,51.4,126.0
2026-10-08T10:13:19,2026-10-08T10:13:19.165Z,ESP-1,b74a615c-9f7d-44da-ac26-369ed5157d53,24.7,51.4,125.0
2026-10-08T10:13:21,2026-10-08T10:13:21.165Z,ESP-1,d73d136b-268b-439d-88b0-a1d3a0cbbc5a,24.7,51.4,126.0
2026-10-08T10:13:23,2026-10-08T10:13:23.186Z,ESP-1,14457e1b-9cd3-4964-89f4-8375d81e7040,24.7,51.4,126.0
2026-10-08T10:13:25,2026-10-08T10:13:25.184Z,ESP-1,b62c0059-0f47-43d1-9ec1-9dbe584a80f1,24.7,51.5,125.0
2026-10-08T10:13:27,2026-10-08T10:13:27.183Z,ESP-1,903a5168-1b92-458a-aea3-02545b4ce9ab,24.7,51.5,125.0
2026-10-08T10:13:29,2026-10-08T10:13:29.184Z,ESP-1,218ab583-e031-4ada-a73e-749a019f7b11,24.7,51.5,125.0
2026-10-08T10:13:31,2026-10-08T10:13:31.184Z,ESP-1,57f71586-f99a-4b46-9390-ac955283a82e,24.7,51.5,125.0
2026-10-08T10:13:33,2026-10-08T10:13:33.184Z,ESP-1,70a26ad9-1c6f-4a8e-b1fa-03c2b2ec0a92,24.7,51.5,125.0
2026-10-08T10:13:35,2026-10-08T10:13:35.183Z,ESP-1,f90cf723-1114-40d8-bc08-6eb2f80cf10d,24.7,51.4,125.0
2026-10-08T10:13:37,2026-10-08T10:13:37.185Z,ESP-1,63013977-5336-482b-a2b5-ac82cec45418,24.7,51.6,126.0
2026-10-08T10:13:39,2026-10-08T10:13:39.183Z,ESP-1,3dccedf0-3a48-496b-8f0e-8502e696e15e,24.7,51.5,125.0
2026-10-08T10:13:41,2026-10-08T10:13:41.184Z,ESP-1,f6a0b6d7-bb17-4b20-8928-2259c744815c,24.7,51.5,126.0
2026-10-08T10:13:43,2026-10-08T10:13:43.188Z,ESP-1,da6ceb1a-a8ed-4ca3-82c9-d6fe9fc1f43b,24.7,51.6,125.0
2026-10-08T10:13:45,2026-10-08T10:13:45.187Z,ESP-1,bd1eb97d-0c59-4973-bd11-ba4be40d4e92,24.7,51.6,125.0
2026-10-08T10:13:47,2026-10-08T10:13:47.183Z,ESP-1,bcfd6b43-5022-47e1-9f7c-7f3c898d502a,24.6,51.6,126.0
2026-10-08T10:13:49,2026-10-08T10:13:49.184Z,ESP-1,b361f030-5ef7-4c25-bd4e-3dd714777448,24.7,51.6,125.0
2026-10-08T10:13:51,2026-10-08T10:13:51.184Z,ESP-1,1a332743-0eb5-4cbe-bcdc-d591ebafa943,24.6,51.7,125.0
2026-10-08T10:13:53,2026-10-08T10:13:53.199Z,ESP-1,b3840069-685a-4e15-b892-28de58d10956,24.6,51.7,125.0
2026-10-08T10:13:55,2026-10-08T10:13:55.202Z,ESP-1,a8c9bb7f-5ec2-4597-af3e-58bfd4f13a70,24.6,51.7,126.0
2026-10-08T10:13:57,2026-10-08T10:13:57.199Z,ESP-1,05e8f0e0-e447-4e67-9bf2-9d8712ee45ba,24.6,51.6,126.0
2026-10-08T10:13:59,2026-10-08T10:13:59.199Z,ESP-1,b26c6e8b-dadb-480c-8829-1ea072933323,24.6,51.8,125.0
2026-10-08T10:14:01,2026-10-08T10:14:01.198Z,ESP-1,30ea6e8f-b132-40f1-91dd-69c00fcc87b2,24.6,51.8,125.0
2026-10-08T10:14:03,2026-10-08T10:14:03.199Z,ESP-1,23150edc-270c-4b77-84ea-eb8545f2a2f4,24.7,51.7,125.0
2026-10-08T10:14:05,2026-10-08T10:14:05.198Z,ESP-1,f723dd6b-52d9-42ec-a78d-befedc6dd2eb,24.7,51.7,124.0
2026-10-08T10:14:07,2026-10-08T10:14:07.199Z,ESP-1,ba8b5f2f-698c-4cd3-8cd9-a967259db7ce,24.6,51.8,124.0
2026-10-08T10:14:09,2026-10-08T10:14:09.199Z,ESP-1,cc8b7f6f-26c2-4842-9009-cb4aa8c91e41,24.6,51.8,125.0
2026-10-08T10:14:11,2026-10-08T10:14:11.199Z,ESP-1,0706db0b-45a7-47e1-90dd-7a6dcc59a0d2,24.7,51.8,125.0
2026-10-08T10:14:13,2026-10-08T10:14:13.199Z,ESP-1,10fc0ea5-b44a-4b6b-8dc2-1282f7df4104,24.7,51.7,124.0
2026-10-08T10:14:15,2026-10-08T10:14:15.197Z,ESP-1,16714c71-48f3-4aee-96ab-39ea28413856,24.6,51.7,124.0
2026-10-08T10:14:17,2026-10-08T10:14:17.198Z,ESP-1,3b665963-eaac-40bb-8a1f-6e0fe43d475d,24.6,51.8,124.0
2026-10-08T10:14:19,2026-10-08T10:14:19.198Z,ESP-1,14689a10-23aa-4cae-b676-938b08a0a1bd,24.7,51.8,125.0
2026-10-08T10:14:21,2026-10-08T10:14:21.198Z,ESP-1,41eb694f-af14-4b1f-9bd6-3e07d3a74a73,24.6,51.8,125.0
2026-10-08T10:14:23,2026-10-08T10:14:23.215Z,ESP-1,333165b2-7e5d-4858-ac71-8b3a29476c28,24.7,51.8,124.0
2026-10-08T10:14:25,2026-10-08T10:14:25.217Z,ESP-1,fca78e71-808d-486c-969d-63f279caa901,24.7,51.9,125.0
2026-10-08T10:14:27,2026-10-08T10:14:27.216Z,ESP-1,ea9448ff-fb58-435d-8180-6f00b876423b,24.6,51.8,124.0
2026-10-08T10:14:29,2026-10-08T10:14:29.215Z,ESP-1,b5f8ca71-bdfc-4c8b-85cf-6722d63293c8,24.7,51.8,124.0
2026-10-08T10:14:31,2026-10-08T10:14:31.214Z,ESP-1,ec1dba0d-a070-42e7-b8a3-6ee55d1a78f1,24.7,51.8,125.0
2026-10-08T10:14:33,2026-10-08T10:14:33.224Z,ESP-1,2efc0bfc-b2e3-4086-a5a5-bef757f542c5,24.7,51.8,124.0
2026-10-08T10:14:35,2026-10-08T10:14:35.216Z,ESP-1,d7cd21b6-76b0-424d-8368-3f8fbb1790b3,24.7,51.8,125.0
2026-10-08T10:14:37,2026-10-08T10:14:37.217Z,ESP-1,c6561670-a421-4f60-8bde-23138ff57772,24.7,51.8,124.0
2026-10-08T10:14:39,2026-10-08T10:14:39.215Z,ESP-1,80922c6e-a7a4-42a9-8c23-286bcf6269b8,24.7,51.8,124.0
2026-10-08T10:14:41,2026-10-08T10:14:41.215Z,ESP-1,8985a38a-98c2-48e9-b0cb-3b23f318f3a5,24.7,51.7,125.0
2026-10-08T10:14:43,2026-10-08T10:14:43.215Z,ESP-1,7fd5e2bc-7ed8-4aa6-a23e-8530d1542b5f,24.7,51.7,125.0
2026-10-08T10:14:45,2026-10-08T10:14:45.221Z,ESP-1,9a927acd-b832-4c05-95d0-9dff3f3b7c45,24.7,51.6,124.0
2026-10-08T10:14:47,2026-10-08T10:14:47.219Z,ESP-1,3f34f1c1-8d31-4120-9590-4f9243d51b8a,24.7,51.5,124.0
2026-10-08T10:14:49,2026-10-08T10:14:49.249Z,ESP-1,3d2c773d-eb94-4ee6-98cb-e30e012c5765,24.7,51.4,124.0
2026-10-08T10:14:51,2026-10-08T10:14:51.252Z,ESP-1,dac27a5e-eea3-43b9-a2d6-3bf11c3cd59f,24.7,51.2,124.0
2026-10-08T10:14:53,2026-10-08T10:14:53.220Z,ESP-1,e77ea22d-8dc4-4fe4-9a15-5d794f52535b,24.7,50.5,125.0
2026-10-08T10:14:55,2026-10-08T10:14:55.261Z,ESP-1,ccf2fc31-dc77-4b2d-8b88-16fc7e680c90,24.7,49.9,124.0
2026-10-08T10:14:57,2026-10-08T10:14:57.214Z,ESP-1,eb5a3c57-61b4-4665-ab90-8c924e8a2431,24.7,49.8,124.0
2026-10-08T10:14:59,2026-10-08T10:14:59.220Z,ESP-1,9f6ed36d-9b65-4163-b2e9-fa8781baab6d,24.7,49.8,124.0
2026-10-08T10:15:01,2026-10-08T10:15:01.215Z,ESP-1,30ed9667-8968-49bc-a600-bee6cd8393c7,24.7,49.8,124.0
2026-10-08T10:15:03,2026-10-08T10:15:03.215Z,ESP-1,eb0ecbf4-a9a1-4bfd-9525-952865a556dc,24.7,49.8,124.0
2026-10-08T10:15:05,2026-10-08T10:15:05.214Z,ESP-1,cb0f4767-b294-4503-9704-4f156baefa5d,24.7,49.9,125.0
2026-10-08T10:15:07,2026-10-08T10:15:07.215Z,ESP-1,37155c5a-f238-438b-b8a4-612268e0cb0b,24.7,49.9,125.0
2026-10-08T10:15:09,2026-10-08T10:15:09.234Z,ESP-1,323be79e-2b84-457d-8bb3-1a86991d901c,24.7,49.8,125.0
2026-10-08T10:15:11,2026-10-08T10:15:11.233Z,ESP-1,eebd413d-3a85-43c7-b8f4-4981ec1fdf24,24.7,49.9,124.0
2026-10-08T10:15:13,2026-10-08T10:15:13.231Z,ESP-1,44623a83-1f53-448a-b8f6-3373e96dc7b6,24.7,49.9,124.0
2026-10-08T10:15:15,2026-10-08T10:15:15.231Z,ESP-1,1fa9e217-759b-402f-ac01-599945900abe,24.7,49.7,125.0

