timestamp,temperature_c,humidity_pct,pressure_hpa,vibration_g,gas_ppm,current_a,voltage_v,rpm,known_anomaly
2026-10-04 00:00:00,24.06,51.661,1013.244,0.1042,118.584,1.8025,12.102,1454.8,0
2026-10-04 00:00:10,23.992,51.848,1013.202,0.1118,123.064,1.7988,12.1142,1467.07,0
2026-10-04 00:00:20,24.095,51.702,1012.352,0.1158,119.458,1.8246,12.1089,1428.09,0
2026-10-04 00:00:30,24.208,52.057,1013.417,0.1219,120.35,1.8396,12.0686,1477.1,0
2026-10-04 00:00:40,24.006,52.601,1011.972,0.1291,122.257,1.8188,12.096,1456.29,0
2026-10-04 00:00:50,24.015,51.617,1012.561,0.1267,119.954,1.8274,12.1172,1453.32,0
2026-10-04 00:01:00,24.241,52.504,1011.623,0.1119,114.704,1.7971,12.1115,1437.74,0
2026-10-04 00:01:10,24.152,51.613,1014.117,0.1186,123.305,1.8061,12.0816,1442.79,0
2026-10-04 00:01:20,24.012,51.581,1012.868,0.1224,123.974,1.8405,12.1117,1447.02,0
2026-10-04 00:01:30,24.142,52.415,1014.551,0.1199,114.742,1.8169,12.1244,1431.63,0
2026-10-04 00:01:40,24.03,52.467,1013.6,0.1201,117.132,1.7981,12.0773,1448.63,0
2026-10-04 00:01:50,24.038,52.432,1013.355,0.1087,126.36,1.8054,12.0528,1440.3,0
2026-10-04 00:02:00,24.131,51.349,1012.635,0.1135,121.01,1.831,12.1464,1464.26,0
2026-10-04 00:02:10,23.881,51.775,1012.317,0.1197,120.351,1.8336,12.1101,1408.66,0
2026-10-04 00:02:20,23.912,52.42,1013.419,0.0984,119.087,1.7848,12.0909,1450.98,0
2026-10-04 00:02:30,24.06,52.029,1013.006,0.1285,117.301,1.8153,12.0902,1440.51,0
2026-10-04 00:02:40,24.015,51.472,1012.123,0.1126,119.836,1.8065,12.1064,1455.4,0
2026-10-04 00:02:50,24.182,52.239,1012.002,0.1293,123.368,1.8055,12.1289,1491.0,0
2026-10-04 00:03:00,24.044,51.653,1012.397,0.1288,120.424,1.8408,12.0653,1481.14,0
2026-10-04 00:03:10,23.992,52.908,1014.346,0.1199,122.328,1.802,12.0932,1448.94,0
2026-10-04 00:03:20,24.346,52.784,1014.625,0.1325,125.821,1.794,12.1447,1453.91,0
2026-10-04 00:03:30,24.152,52.314,1013.223,0.1306,118.808,1.7884,12.1241,1444.46,0
2026-10-04 00:03:40,24.195,52.693,1013.187,0.1224,121.484,1.8048,12.1222,1455.1,0
2026-10-04 00:03:50,24.025,52.045,1012.851,0.1218,123.615,1.7912,12.114,1468.74,0
2026-10-04 00:04:00,24.139,52.396,1012.436,0.1341,117.829,1.7884,12.1118,1438.32,0
2026-10-04 00:04:10,24.226,52.753,1014.057,0.1274,121.188,1.7882,12.0925,1481.86,0
2026-10-04 00:04:20,24.083,52.137,1014.41,0.1341,126.297,1.7901,12.0904,1472.41,0
2026-10-04 00:04:30,24.274,51.887,1012.476,0.1069,119.686,1.7923,12.1247,1472.09,0
2026-10-04 00:04:40,24.166,51.163,1013.048,0.127,123.938,1.8217,12.0912,1465.1,0
2026-10-04 00:04:50,24.211,51.974,1012.794,0.1138,120.335,1.7631,12.112,1446.14,0
2026-10-04 00:05:00,24.182,52.428,1012.819,0.1264,126.184,1.795,12.1088,1475.21,0
2026-10-04 00:05:10,24.485,52.49,1013.947,0.1326,115.875,1.8105,12.16,1455.56,0
2026-10-04 00:05:20,24.27,52.27,1012.202,0.141,121.032,1.8421,12.1013,1435.36,0
2026-10-04 00:05:30,24.153,51.747,1013.451,0.1198,116.427,1.8076,12.1347,1462.22,0
2026-10-04 00:05:40,24.387,51.03,1013.638,0.1233,118.787,1.8104,12.1234,1443.97,0
2026-10-04 00:05:50,24.15,51.771,1013.032,0.127,118.795,1.8124,12.1029,1452.61,0
2026-10-04 00:06:00,24.33,51.867,1013.761,0.1201,120.141,1.7694,12.0749,1472.62,0
2026-10-04 00:06:10,24.078,51.863,1013.243,0.136,117.403,1.8319,12.1049,1460.55,0
2026-10-04 00:06:20,24.162,52.33,1013.995,0.1278,120.779,1.8313,12.1288,1462.12,0
2026-10-04 00:06:30,24.354,53.014,1012.081,0.1295,122.402,1.8366,12.0759,1480.54,0
2026-10-04 00:06:40,24.427,52.083,1012.907,0.1337,116.451,1.8793,12.1276,1429.5,0
2026-10-04 00:06:50,24.367,51.913,1013.104,0.1284,119.168,1.7847,12.1404,1480.55,0
2026-10-04 00:07:00,24.341,51.892,1011.288,0.1227,128.722,1.7803,12.1094,1466.21,0
2026-10-04 00:07:10,24.327,52.085,1012.402,0.1289,122.112,1.8356,12.13,1463.29,0
2026-10-04 00:07:20,24.194,51.609,1012.596,0.1228,115.698,1.8099,12.1109,1464.1,0
2026-10-04 00:07:30,24.293,52.083,1013.833,0.1307,116.975,1.7941,12.1218,1474.59,0
2026-10-04 00:07:40,24.333,52.249,1012.679,0.138,121.881,1.8121,12.145,1480.71,0
2026-10-04 00:07:50,24.523,52.129,1012.604,0.1208,121.531,1.8041,12.069,1462.1,0
2026-10-04 00:08:00,24.446,52.253,1013.753,0.1182,119.493,1.8631,12.0889,1463.96,0
2026-10-04 00:08:10,24.201,52.241,1012.052,0.131,127.861,1.877,12.1395,1475.44,0
2026-10-04 00:08:20,24.46,51.139,1011.739,0.1247,129.164,1.7799,12.1442,1435.16,0
2026-10-04 00:08:30,24.383,52.344,1012.939,0.1313,120.54,1.7843,12.0733,1465.48,0
2026-10-04 00:08:40,24.356,51.69,1012.183,0.1338,123.978,1.8027,12.1478,1474.76,0
2026-10-04 00:08:50,24.519,51.478,1012.213,0.1143,124.155,1.8048,12.0446,1460.22,0
2026-10-04 00:09:00,24.578,51.474,1013.605,0.1372,124.579,1.8031,12.1247,1455.96,0
2026-10-04 00:09:10,24.574,52.243,1013.82,0.1225,119.517,1.818,12.1147,1465.98,0
2026-10-04 00:09:20,24.369,51.915,1013.763,0.1319,127.282,1.8121,12.091,1459.82,0
2026-10-04 00:09:30,24.441,51.186,1013.991,0.127,121.284,1.7899,12.0927,1465.24,0
2026-10-04 00:09:40,24.526,52.266,1014.087,0.128,122.782,1.7985,12.0938,1462.16,0
2026-10-04 00:09:50,24.612,51.308,1011.732,0.1462,121.548,1.8632,12.1048,1492.99,0
2026-10-04 00:10:00,24.445,52.098,1013.541,0.1354,121.149,1.816,12.1597,1452.8,0
2026-10-04 00:10:10,24.488,52.147,1012.859,0.1403,122.429,1.8151,12.1308,1482.74,0
2026-10-04 00:10:20,24.386,52.471,1012.71,0.1344,118.062,1.7878,12.1462,1461.74,0
2026-10-04 00:10:30,24.383,52.919,1013.63,0.1384,115.733,1.8146,12.1025,1475.75,0
2026-10-04 00:10:40,24.632,51.346,1012.03,0.1369,121.032,1.8506,12.1164,1480.9,0
2026-10-04 00:10:50,24.706,52.002,1012.019,0.1358,119.057,1.8419,12.0841,1494.47,0
2026-10-04 00:11:00,24.542,51.891,1013.692,0.1428,123.367,1.8477,12.1041,1477.73,0
2026-10-04 00:11:10,24.679,52.246,1013.594,0.1354,123.051,1.7977,12.0974,1466.21,0
2026-10-04 00:11:20,24.61,52.137,1013.352,0.1526,121.816,1.7977,12.1236,1473.47,0
2026-10-04 00:11:30,24.497,51.853,1012.644,0.1422,126.247,1.857,12.0938,1501.58,0
2026-10-04 00:11:40,24.626,51.809,1013.784,0.1256,121.809,1.8497,12.0908,1475.57,0
2026-10-04 00:11:50,24.775,51.471,1013.744,0.1335,117.48,1.823,12.1218,1453.83,0
2026-10-04 00:12:00,24.594,52.523,1013.331,0.1382,121.209,1.8512,12.1107,1468.01,0
2026-10-04 00:12:10,24.794,52.259,1012.451,0.1356,125.419,1.8002,12.0947,1467.95,0
2026-10-04 00:12:20,24.3,52.489,1012.981,0.1409,116.279,1.7995,12.0912,1485.35,0
2026-10-04 00:12:30,24.721,51.874,1013.869,0.142,121.676,1.7906,12.095,1456.39,0
2026-10-04 00:12:40,24.64,51.701,1014.215,0.1249,123.71,1.8405,12.133,1467.42,0
2026-10-04 00:12:50,24.602,51.491,1013.061,0.1462,129.967,1.8373,12.1233,1478.56,0
2026-10-04 00:13:00,24.657,52.209,1013.119,0.1321,125.661,1.8192,12.0941,1471.47,0
2026-10-04 00:13:10,24.415,51.51,1013.184,0.1315,122.46,1.8132,12.0953,1477.36,0
2026-10-04 00:13:20,24.635,52.954,1013.494,0.1317,123.65,1.8934,12.0847,1478.52,0
2026-10-04 00:13:30,24.712,51.376,1012.898,0.1431,116.42,1.827,12.1037,1479.84,0
2026-10-04 00:13:40,24.854,52.166,1011.283,0.1346,118.99,1.8686,12.1167,1463.04,0
2026-10-04 00:13:50,24.622,52.813,1014.147,0.1316,124.118,1.8306,12.0919,1489.22,0
2026-10-04 00:14:00,24.595,52.329,1014.572,0.1337,122.675,1.8222,12.1687,1469.54,0
2026-10-04 00:14:10,24.64,52.117,1012.891,0.1229,123.083,1.8705,12.1298,1477.71,0
2026-10-04 00:14:20,24.817,51.545,1012.577,0.1307,122.345,1.8552,12.1135,1460.02,0
2026-10-04 00:14:30,24.754,51.338,1013.231,0.1277,122.254,1.8353,12.1166,1479.11,0
2026-10-04 00:14:40,24.659,52.414,1013.2,0.1356,122.604,1.8646,12.0799,1481.68,0
2026-10-04 00:14:50,24.792,52.782,1014.032,0.1432,119.153,1.8997,12.0849,1479.68,0
2026-10-04 00:15:00,24.749,51.809,1013.377,0.1425,121.66,1.8188,12.1481,1467.75,0
2026-10-04 00:15:10,24.862,51.459,1012.787,0.1483,118.64,1.8493,12.156,1496.68,0
2026-10-04 00:15:20,24.669,50.799,1012.423,0.1466,120.539,1.8276,12.0599,1488.82,0
2026-10-04 00:15:30,24.721,51.537,1013.956,0.1343,126.012,1.8149,12.1272,1478.3,0
2026-10-04 00:15:40,24.721,51.971,1013.773,0.1388,121.908,1.8146,12.1502,1478.47,0
2026-10-04 00:15:50,24.6,52.827,1014.1,0.1386,124.263,1.8789,12.1073,1469.93,0
2026-10-04 00:16:00,24.818,52.363,1012.683,0.1218,122.847,1.7938,12.154,1471.97,0
2026-10-04 00:16:10,24.821,52.179,1014.652,0.1294,121.373,1.8526,12.1353,1503.47,0
2026-10-04 00:16:20,24.798,51.826,1012.148,0.1379,119.527,1.8196,12.1276,1476.55,0
2026-10-04 00:16:30,24.777,51.734,1013.869,0.138,121.379,1.885,12.1104,1523.69,0
2026-10-04 00:16:40,24.642,52.728,1012.039,0.1436,123.154,1.8342,12.1189,1465.14,0
2026-10-04 00:16:50,24.769,52.125,1012.827,0.1434,124.371,1.8323,12.1056,1488.38,0
2026-10-04 00:17:00,24.786,50.973,1014.476,0.1257,123.023,1.8811,12.1244,1486.54,0
2026-10-04 00:17:10,24.738,51.687,1013.969,0.1441,124.63,1.8641,12.1234,1484.0,0
2026-10-04 00:17:20,24.822,51.595,1013.009,0.1415,118.147,1.8565,12.1064,1459.88,0
2026-10-04 00:17:30,24.897,51.75,1013.032,0.1452,125.334,1.8631,12.0688,1463.49,0
2026-10-04 00:17:40,25.082,52.304,1013.469,0.1489,119.375,1.8163,12.1127,1487.3,0
2026-10-04 00:17:50,24.884,51.968,1013.762,0.1393,125.736,1.8623,12.0923,1469.31,0
2026-10-04 00:18:00,24.901,51.983,1014.282,0.1506,124.318,1.8392,12.0899,1503.11,0
2026-10-04 00:18:10,24.868,52.678,1013.09,0.1336,117.226,1.8536,12.1009,1481.91,0
2026-10-04 00:18:20,24.654,51.672,1012.285,0.1333,125.073,1.8571,12.1389,1489.4,0
2026-10-04 00:18:30,24.888,52.952,1013.527,0.1444,125.873,1.8176,12.0907,1485.26,0
2026-10-04 00:18:40,24.906,51.684,1013.101,0.1382,126.687,1.8606,12.0964,1485.15,0
2026-10-04 00:18:50,25.201,52.063,1012.514,0.1433,120.633,1.8415,12.1364,1509.28,0
2026-10-04 00:19:00,24.89,51.877,1013.637,0.1573,123.503,1.8155,12.0998,1503.03,0
2026-10-04 00:19:10,24.956,52.079,1013.283,0.1446,125.074,1.8432,12.0909,1489.38,0
2026-10-04 00:19:20,24.923,52.239,1013.65,0.1433,125.225,1.8478,12.1395,1497.48,0
2026-10-04 00:19:30,24.793,52.233,1012.813,0.1347,124.27,1.8625,12.1162,1505.25,0
2026-10-04 00:19:40,25.078,51.638,1013.784,0.1282,121.788,1.7883,12.1212,1478.98,0
2026-10-04 00:19:50,25.038,51.453,1012.525,0.1413,126.057,1.8581,12.1141,1464.92,0
2026-10-04 00:20:00,25.049,53.265,1012.871,0.1505,126.1,1.836,12.1305,1496.84,0
2026-10-04 00:20:10,24.852,51.771,1013.284,0.1395,122.681,1.8694,12.1372,1507.52,0
2026-10-04 00:20:20,25.136,52.361,1014.677,0.1454,120.819,1.8495,12.1171,1463.41,0
2026-10-04 00:20:30,24.807,51.207,1014.011,0.1537,121.012,1.8416,12.0829,1480.32,0
2026-10-04 00:20:40,25.052,51.87,1014.22,0.1536,127.315,1.8459,12.128,1486.09,0
2026-10-04 00:20:50,25.251,51.946,1014.461,0.146,126.099,1.859,12.1122,1475.26,0
2026-10-04 00:21:00,24.876,52.245,1015.995,0.144,123.212,1.8738,12.1423,1488.12,0
2026-10-04 00:21:10,24.934,50.646,1013.506,0.1306,122.7,1.8292,12.0986,1473.88,0
2026-10-04 00:21:20,25.02,52.089,1014.475,0.1378,118.019,1.8433,12.1133,1486.08,0
2026-10-04 00:21:30,24.954,51.43,1014.193,0.1407,123.096,1.889,12.0843,1501.65,0
2026-10-04 00:21:40,24.835,52.166,1014.185,0.1362,119.801,1.8436,12.1411,1460.4,0
2026-10-04 00:21:50,25.036,51.485,1014.734,0.1451,123.877,1.8622,12.1523,1475.96,0
2026-10-04 00:22:00,24.907,51.574,1013.202,0.1585,126.981,1.8225,12.1096,1513.02,0
2026-10-04 00:22:10,25.098,51.864,1013.15,0.1554,120.509,1.8109,12.1171,1479.93,0
2026-10-04 00:22:20,24.937,51.474,1013.727,0.1453,124.192,1.8281,12.1019,1453.6,0
2026-10-04 00:22:30,25.24,51.761,1013.379,0.1496,126.495,1.8372,12.1045,1495.43,0
2026-10-04 00:22:40,24.966,51.401,1013.733,0.1377,124.188,1.8808,12.1398,1492.03,0
2026-10-04 00:22:50,25.028,51.08,1014.608,0.1553,121.981,1.884,12.11,1495.65,0
2026-10-04 00:23:00,25.171,52.504,1013.183,0.1311,123.609,1.8075,12.1347,1494.57,0
2026-10-04 00:23:10,24.932,51.346,1013.308,0.151,126.475,1.8424,12.1226,1513.09,0
2026-10-04 00:23:20,25.113,51.903,1013.647,0.1477,124.417,1.8738,12.1419,1483.73,0
2026-10-04 00:23:30,25.249,52.368,1013.369,0.1378,123.644,1.8541,12.1135,1493.14,0
2026-10-04 00:23:40,24.906,51.683,1012.193,0.1422,127.148,1.8947,12.1506,1488.34,0
2026-10-04 00:23:50,25.127,51.576,1013.13,0.1349,125.25,1.8743,12.1705,1505.25,0
2026-10-04 00:24:00,25.142,52.1,1014.021,0.1353,120.122,1.8511,12.0813,1507.04,0
2026-10-04 00:24:10,25.211,52.545,1014.55,0.1314,125.65,1.8537,12.1216,1501.24,0
2026-10-04 00:24:20,24.975,51.4,1012.739,0.1503,126.63,1.8571,12.1218,1528.24,0
2026-10-04 00:24:30,24.971,51.908,1012.74,0.1539,120.094,1.8378,12.1063,1504.51,0
2026-10-04 00:24:40,25.198,51.115,1013.576,0.127,117.025,1.8828,12.1346,1515.3,0
2026-10-04 00:24:50,25.177,51.783,1012.106,0.159,120.731,1.8782,12.1526,1483.47,0
2026-10-04 00:25:00,25.177,51.996,1013.251,0.1443,123.575,1.8714,12.0754,1486.55,0
2026-10-04 00:25:10,25.195,51.55,1012.351,0.1467,126.937,1.8664,12.0736,1527.0,0
2026-10-04 00:25:20,25.078,51.747,1014.528,0.1327,121.26,1.8353,12.1665,1477.25,0
2026-10-04 00:25:30,25.193,51.27,1013.035,0.1551,125.623,1.8737,12.1192,1509.35,0
2026-10-04 00:25:40,25.206,52.011,1014.734,0.1462,115.306,1.8647,12.1276,1517.4,0
2026-10-04 00:25:50,25.091,52.498,1014.36,0.1537,124.549,1.9119,12.0988,1516.0,0
2026-10-04 00:26:00,25.407,51.42,1013.132,0.1544,122.814,1.8298,12.1268,1474.7,0
2026-10-04 00:26:10,25.245,51.656,1012.838,0.1554,130.355,1.8444,12.1601,1493.64,0
2026-10-04 00:26:20,25.051,52.216,1013.456,0.1395,118.408,1.8232,12.1384,1508.5,0
2026-10-04 00:26:30,25.279,52.569,1013.522,0.1431,124.066,1.8578,12.131,1510.56,0
2026-10-04 00:26:40,25.089,51.215,1013.841,0.1399,118.44,1.8201,12.0821,1499.56,0
2026-10-04 00:26:50,25.306,51.875,1013.059,0.152,122.511,1.8936,12.145,1489.51,0
2026-10-04 00:27:00,25.356,52.1,1014.129,0.1475,119.081,1.8916,12.1269,1496.11,0
2026-10-04 00:27:10,25.124,51.905,1013.796,0.1534,131.112,1.8607,12.1116,1491.2,0
2026-10-04 00:27:20,25.344,50.716,1013.376,0.1538,123.168,1.8397,12.143,1482.09,0
2026-10-04 00:27:30,25.283,52.203,1013.119,0.1311,123.627,1.8273,12.1059,1496.51,0
2026-10-04 00:27:40,25.338,52.71,1013.492,0.1557,124.157,1.8481,12.1413,1528.99,0
2026-10-04 00:27:50,25.472,52.007,1013.053,0.1525,120.914,1.8817,12.1578,1497.33,0
2026-10-04 00:28:00,25.221,51.431,1013.67,0.142,127.501,1.8467,12.1314,1479.07,0
2026-10-04 00:28:10,25.165,51.688,1013.692,0.1478,126.281,1.9145,12.1171,1496.64,0
2026-10-04 00:28:20,25.154,52.827,1013.819,0.144,127.139,1.9044,12.1136,1528.19,0
2026-10-04 00:28:30,25.168,52.395,1014.876,0.1499,120.757,1.8675,12.1376,1478.63,0
2026-10-04 00:28:40,25.262,52.258,1013.551,0.142,127.842,1.8562,12.1174,1502.77,0
2026-10-04 00:28:50,25.318,52.114,1014.35,0.1488,127.52,1.8539,12.1875,1514.1,0
2026-10-04 00:29:00,25.315,51.603,1013.811,0.1455,123.788,1.9084,12.0931,1486.17,0
2026-10-04 00:29:10,25.387,51.831,1013.488,0.1415,127.196,1.8524,12.1254,1506.39,0
2026-10-04 00:29:20,25.294,51.89,1013.575,0.1465,125.354,1.8925,12.1356,1490.08,0
2026-10-04 00:29:30,25.472,52.201,1013.621,0.1666,119.778,1.8701,12.1328,1485.64,0
2026-10-04 00:29:40,25.271,52.679,1013.861,0.1395,124.037,1.8877,12.1151,1513.61,0
2026-10-04 00:29:50,25.634,52.481,1012.998,0.143,123.166,1.8497,12.1601,1531.86,0
2026-10-04 00:30:00,25.388,51.21,1012.647,0.1396,124.892,1.8622,12.1461,1498.96,0
2026-10-04 00:30:10,25.215,52.029,1014.134,0.1405,127.724,1.8703,12.1481,1513.72,0
2026-10-04 00:30:20,25.194,52.283,1014.309,0.1515,119.761,1.8554,12.1131,1512.51,0
2026-10-04 00:30:30,25.386,52.221,1014.206,0.1507,123.379,1.9028,12.1198,1508.1,0
2026-10-04 00:30:40,25.306,51.595,1013.796,0.1449,122.269,1.8528,12.1423,1495.4,0
2026-10-04 00:30:50,25.423,53.364,1014.228,0.1531,122.423,1.8578,12.1027,1490.77,0
2026-10-04 00:31:00,25.399,51.266,1014.194,0.1512,122.315,1.9065,12.147,1494.25,0
2026-10-04 00:31:10,25.338,51.36,1014.25,0.1436,125.014,1.902,12.128,1503.77,0
2026-10-04 00:31:20,25.25,52.016,1013.1,0.1326,126.404,1.9129,12.1573,1500.4,0
2026-10-04 00:31:30,25.175,52.955,1012.938,0.1514,125.904,1.8258,12.1202,1489.69,0
2026-10-04 00:31:40,25.308,51.476,1013.437,0.1461,125.441,1.8789,12.1764,1504.08,0
2026-10-04 00:31:50,25.469,51.758,1013.701,0.1449,126.774,1.8765,12.1414,1497.86,0
2026-10-04 00:32:00,25.396,52.427,1013.547,0.141,132.074,1.8605,12.1443,1515.98,0
2026-10-04 00:32:10,25.226,51.877,1012.407,0.1506,125.365,1.883,12.1141,1501.99,0
2026-10-04 00:32:20,25.401,51.715,1014.929,0.1474,128.046,1.8672,12.138,1520.74,0
2026-10-04 00:32:30,25.431,52.163,1013.536,0.1427,127.9,1.8796,12.118,1511.76,0
2026-10-04 00:32:40,25.283,52.013,1013.852,0.1348,130.365,1.9609,12.0934,1501.1,0
2026-10-04 00:32:50,25.412,52.389,1014.606,0.1531,126.738,1.8841,12.1272,1506.32,0
2026-10-04 00:33:00,25.405,52.517,1012.097,0.1493,122.548,1.8855,12.1613,1506.97,0
2026-10-04 00:33:10,25.265,52.022,1013.384,0.1465,126.02,1.8973,12.1308,1511.72,0
2026-10-04 00:33:20,25.449,52.011,1013.475,0.1231,125.884,1.8817,12.1252,1514.87,0
2026-10-04 00:33:30,25.478,51.969,1013.514,0.144,127.6,1.85,12.125,1502.92,0
2026-10-04 00:33:40,25.545,52.103,1013.632,0.1423,122.559,1.8366,12.1889,1506.32,0
2026-10-04 00:33:50,25.546,51.883,1014.77,0.1393,129.003,1.8774,12.1482,1511.83,0
2026-10-04 00:34:00,25.258,51.852,1014.232,0.1502,125.244,1.8717,12.0934,1465.98,0
2026-10-04 00:34:10,25.315,52.448,1014.435,0.1498,127.771,1.8296,12.1197,1518.85,0
2026-10-04 00:34:20,25.494,52.604,1013.801,0.1475,126.207,1.9198,12.1234,1496.47,0
2026-10-04 00:34:30,25.497,51.089,1012.792,0.1523,125.67,1.882,12.1156,1506.66,0
2026-10-04 00:34:40,25.502,51.845,1012.319,0.1357,126.028,1.9157,12.1354,1501.05,0
2026-10-04 00:34:50,25.906,51.492,1012.708,0.1402,127.367,1.8242,12.1196,1522.65,0
2026-10-04 00:35:00,25.516,51.677,1014.034,0.1444,131.251,1.9168,12.1212,1527.01,0
2026-10-04 00:35:10,25.588,52.031,1013.808,0.1387,119.348,1.8685,12.1381,1510.17,0
2026-10-04 00:35:20,25.57,52.161,1013.643,0.1495,127.044,1.9124,12.0958,1510.58,0
2026-10-04 00:35:30,25.538,51.767,1013.535,0.1394,125.581,1.8866,12.0807,1511.69,0
2026-10-04 00:35:40,25.426,50.863,1015.205,0.1539,124.942,1.8929,12.1657,1512.25,0
2026-10-04 00:35:50,25.558,51.333,1013.225,0.136,118.408,1.8932,12.1557,1527.71,0
2026-10-04 00:36:00,25.378,52.26,1014.454,0.1604,127.262,1.8715,12.1442,1558.06,0
2026-10-04 00:36:10,25.446,50.438,1013.809,0.1595,125.171,1.8663,12.1427,1510.53,0
2026-10-04 00:36:20,25.42,52.399,1013.769,0.1424,123.067,1.8737,12.1305,1521.84,0
2026-10-04 00:36:30,25.492,52.062,1014.639,0.1522,125.722,1.8463,12.2108,1500.82,0
2026-10-04 00:36:40,25.764,52.456,1014.843,0.1398,124.741,1.8713,12.1404,1502.39,0
2026-10-04 00:36:50,25.265,51.695,1013.655,0.151,120.416,1.8662,12.2009,1498.62,0
2026-10-04 00:37:00,25.575,50.759,1014.386,0.1414,125.932,1.8466,12.1874,1534.22,0
2026-10-04 00:37:10,25.303,52.001,1014.084,0.1324,127.432,1.8957,12.1476,1524.88,0
2026-10-04 00:37:20,25.444,52.42,1013.839,0.1144,124.068,1.8847,12.1309,1508.75,0
2026-10-04 00:37:30,25.634,52.241,1013.98,0.1404,126.525,1.891,12.1367,1517.92,0
2026-10-04 00:37:40,25.515,51.443,1013.359,0.1447,126.089,1.9026,12.1264,1526.39,0
2026-10-04 00:37:50,25.381,51.814,1013.63,0.153,128.925,1.8795,12.1481,1533.05,0
2026-10-04 00:38:00,25.428,51.5,1013.441,0.1425,125.502,1.8623,12.1536,1521.43,0
2026-10-04 00:38:10,25.599,51.353,1014.482,0.1501,128.24,1.8936,12.1063,1516.88,0
2026-10-04 00:38:20,25.433,52.236,1013.788,0.1384,124.921,1.8133,12.2024,1535.48,0
2026-10-04 00:38:30,25.55,51.156,1012.95,0.1392,131.787,1.8839,12.1177,1499.33,0
2026-10-04 00:38:40,25.532,51.304,1013.356,0.1502,124.599,1.906,12.0702,1487.24,0
2026-10-04 00:38:50,25.452,51.194,1011.626,0.122,123.878,1.9134,12.1355,1535.1,0
2026-10-04 00:39:00,25.79,50.997,1013.523,0.1417,125.656,1.8742,12.1089,1509.71,0
2026-10-04 00:39:10,25.612,51.811,1013.899,0.1383,123.797,1.8317,12.1365,1536.69,0
2026-10-04 00:39:20,25.296,52.315,1013.781,0.1522,122.259,1.8222,12.1397,1545.61,0
2026-10-04 00:39:30,25.565,51.637,1015.266,0.137,128.212,1.9043,12.1492,1544.81,0
2026-10-04 00:39:40,25.466,50.972,1014.286,0.1452,116.865,1.8798,12.1634,1472.0,0
2026-10-04 00:39:50,25.651,52.141,1014.259,0.1484,123.925,1.9393,12.1132,1529.38,0
2026-10-04 00:40:00,25.456,52.559,1012.741,0.1289,122.076,1.8539,12.1295,1509.91,0
2026-10-04 00:40:10,25.54,51.389,1013.639,0.1396,126.551,1.898,12.1557,1507.94,0
2026-10-04 00:40:20,25.618,51.468,1013.558,0.1372,119.581,1.9313,12.1224,1523.48,0
2026-10-04 00:40:30,25.664,51.961,1013.352,0.1481,127.816,1.8952,12.092,1508.68,0
2026-10-04 00:40:40,25.419,52.51,1013.346,0.1458,128.165,1.8505,12.1546,1529.49,0
2026-10-04 00:40:50,25.525,51.434,1012.643,0.1384,121.323,1.9599,12.1251,1538.25,0
2026-10-04 00:41:00,25.511,51.023,1013.02,0.1317,126.816,1.9304,12.1236,1515.57,0
2026-10-04 00:41:10,25.492,52.0,1014.528,0.1483,127.816,1.8854,12.1426,1524.16,0
2026-10-04 00:41:20,25.785,52.08,1013.82,0.1393,129.113,1.9119,12.1398,1512.07,0
2026-10-04 00:41:30,25.625,51.678,1013.569,0.1267,121.909,1.9124,12.1648,1526.13,0
2026-10-04 00:41:40,25.427,51.392,1013.923,0.1273,121.51,1.908,12.1088,1540.54,0
2026-10-04 00:41:50,25.691,52.163,1014.748,0.1429,130.871,1.8577,12.1967,1525.6,0
2026-10-04 00:42:00,25.838,51.925,1013.937,0.1291,123.921,1.9006,12.1049,1517.83,0
2026-10-04 00:42:10,25.71,51.272,1014.316,0.154,124.828,1.9292,12.1307,1539.44,0
2026-10-04 00:42:20,25.406,51.676,1013.349,0.1315,128.333,1.9056,12.1189,1513.84,0
2026-10-04 00:42:30,25.533,50.971,1013.512,0.1388,122.95,1.9032,12.1421,1514.37,0
2026-10-04 00:42:40,25.745,51.984,1014.196,0.14,125.684,1.8801,12.1413,1510.3,0
2026-10-04 00:42:50,25.511,51.505,1015.277,0.1327,129.18,1.8712,12.1452,1496.89,0
2026-10-04 00:43:00,25.651,51.414,1014.957,0.1205,122.265,1.8547,12.1477,1507.68,0
2026-10-04 00:43:10,25.693,51.61,1014.367,0.1398,125.052,1.9132,12.174,1521.57,0
2026-10-04 00:43:20,25.491,51.641,1014.069,0.132,123.195,1.889,12.1454,1524.33,0
2026-10-04 00:43:30,25.597,52.064,1014.947,0.1388,124.277,1.8613,12.1763,1506.54,0
2026-10-04 00:43:40,25.218,51.906,1014.526,0.1368,130.18,1.9195,12.098,1513.55,0
2026-10-04 00:43:50,25.486,51.527,1012.368,0.1397,130.861,1.8807,12.0873,1492.97,0
2026-10-04 00:44:00,25.58,51.982,1013.239,0.1499,127.443,1.8741,12.1452,1554.31,0
2026-10-04 00:44:10,25.463,51.795,1014.217,0.1329,128.29,1.8834,12.1503,1543.66,0
2026-10-04 00:44:20,25.811,51.376,1012.733,0.1334,128.231,1.8913,12.129,1511.07,0
2026-10-04 00:44:30,25.445,51.522,1013.359,0.1236,124.723,1.9078,12.1422,1524.02,0
2026-10-04 00:44:40,25.566,51.505,1013.501,0.1352,127.478,1.8747,12.1695,1508.9,0
2026-10-04 00:44:50,25.636,51.826,1013.816,0.1399,122.901,1.9221,12.1595,1537.61,0
2026-10-04 00:45:00,25.795,51.385,1013.797,0.1326,123.934,1.9092,12.1346,1532.03,0
2026-10-04 00:45:10,25.452,51.367,1013.8,0.1396,126.573,1.8845,12.148,1502.81,0
2026-10-04 00:45:20,25.766,52.541,1014.583,0.1347,123.674,1.8936,12.1621,1508.06,0
2026-10-04 00:45:30,25.629,52.021,1013.823,0.1255,123.062,1.8872,12.1126,1521.76,0
2026-10-04 00:45:40,25.512,51.166,1013.743,0.1383,124.767,1.8997,12.1233,1543.71,0
2026-10-04 00:45:50,25.687,51.826,1013.072,0.1339,130.365,1.9363,12.1667,1517.4,0
2026-10-04 00:46:00,25.657,51.594,1014.737,0.1364,131.621,1.8877,12.1005,1542.83,0
2026-10-04 00:46:10,25.563,51.725,1013.553,0.1307,126.875,1.9035,12.1166,1528.02,0
2026-10-04 00:46:20,25.645,51.592,1013.266,0.1298,128.742,1.8815,12.1137,1511.0,0
2026-10-04 00:46:30,25.591,52.112,1014.18,0.1361,125.328,1.9125,12.1671,1517.35,0
2026-10-04 00:46:40,25.653,51.684,1013.497,0.1328,120.845,1.9064,12.1172,1533.23,0
2026-10-04 00:46:50,25.72,51.474,1013.669,0.1483,124.385,1.933,12.1642,1536.49,0
2026-10-04 00:47:00,25.832,52.021,1014.222,0.1407,126.163,1.8792,12.1357,1537.98,0
2026-10-04 00:47:10,25.495,51.61,1013.816,0.1385,127.534,1.9174,12.1892,1527.34,0
2026-10-04 00:47:20,25.901,51.548,1015.666,0.1325,126.831,1.932,12.148,1530.94,0
2026-10-04 00:47:30,25.412,51.639,1013.999,0.1176,126.312,1.8897,12.1716,1558.23,0
2026-10-04 00:47:40,25.629,51.429,1014.488,0.1271,125.456,1.8977,12.1566,1560.61,0
2026-10-04 00:47:50,25.72,51.474,1012.699,0.1282,128.235,1.9059,12.134,1525.34,0
2026-10-04 00:48:00,25.684,51.17,1013.46,0.131,123.135,1.8954,12.1451,1498.23,0
2026-10-04 00:48:10,25.577,51.082,1013.305,0.1327,129.655,1.906,12.1457,1526.8,0
2026-10-04 00:48:20,25.628,50.952,1013.401,0.1381,125.513,1.9186,12.1341,1526.72,0
2026-10-04 00:48:30,25.595,50.749,1014.364,0.1348,133.496,1.8991,12.168,1506.16,0
2026-10-04 00:48:40,25.584,50.999,1014.801,0.1417,126.372,1.8992,12.2087,1527.08,0
2026-10-04 00:48:50,25.758,51.345,1014.321,0.1297,125.9,1.9091,12.149,1509.65,0
2026-10-04 00:49:00,25.7,51.477,1013.925,0.1341,125.675,1.8927,12.1641,1531.09,0
2026-10-04 00:49:10,25.575,51.284,1013.645,0.1346,125.976,1.8941,12.1596,1534.47,0
2026-10-04 00:49:20,25.767,50.235,1014.87,0.1336,129.231,1.8806,12.0812,1533.56,0
2026-10-04 00:49:30,25.697,52.194,1015.544,0.1417,127.305,1.9022,12.1589,1540.61,0
2026-10-04 00:49:40,25.759,51.943,1014.192,0.1377,130.416,1.9147,12.1578,1532.92,0
2026-10-04 00:49:50,25.737,51.616,1014.758,0.1205,128.871,1.897,12.1157,1537.81,0
2026-10-04 00:50:00,25.563,52.341,1014.345,0.1299,127.594,1.8846,12.1023,1545.46,0
2026-10-04 00:50:10,25.596,50.892,1014.637,0.1305,128.642,1.9017,12.1578,1519.56,0
2026-10-04 00:50:20,25.754,52.317,1013.296,0.1477,131.134,1.9143,12.1884,1524.13,0
2026-10-04 00:50:30,25.738,50.884,1013.773,0.1276,129.538,1.9077,12.1382,1521.06,0
2026-10-04 00:50:40,25.663,51.48,1014.395,0.1222,128.432,1.9605,12.1393,1515.31,0
2026-10-04 00:50:50,25.681,50.717,1014.971,0.1333,128.881,1.8885,12.2054,1522.11,0
2026-10-04 00:51:00,25.821,51.354,1013.553,0.1336,124.178,1.9014,12.1702,1539.21,0
2026-10-04 00:51:10,25.597,51.533,1012.706,0.1288,135.373,1.9248,12.1176,1537.68,0
2026-10-04 00:51:20,25.734,51.256,1013.784,0.1274,129.265,1.8882,12.1303,1501.46,0
2026-10-04 00:51:30,25.645,51.683,1014.843,0.1366,129.587,1.954,12.2027,1552.69,0
2026-10-04 00:51:40,25.644,51.369,1013.031,0.122,127.639,1.9061,12.1318,1539.76,0
2026-10-04 00:51:50,25.802,51.051,1013.319,0.1258,120.855,1.9202,12.1352,1530.56,0
2026-10-04 00:52:00,25.77,51.022,1014.255,0.1242,126.974,1.9068,12.1654,1506.51,0
2026-10-04 00:52:10,25.769,51.704,1014.069,0.1369,128.021,1.932,12.1422,1509.54,0
2026-10-04 00:52:20,25.828,50.964,1014.569,0.1302,125.347,1.8802,12.16,1549.95,0
2026-10-04 00:52:30,25.675,51.742,1013.297,0.1192,125.343,1.9462,12.1562,1542.55,0
2026-10-04 00:52:40,25.754,51.888,1013.933,0.1198,126.842,1.9129,12.1455,1544.5,0
2026-10-04 00:52:50,25.636,50.435,1015.0,0.1423,130.197,1.9238,12.1795,1525.66,0
2026-10-04 00:53:00,25.712,51.829,1013.332,0.1357,131.672,1.889,12.1175,1547.33,0
2026-10-04 00:53:10,25.658,52.285,1015.204,0.1336,128.439,1.9161,12.1525,1507.26,0
2026-10-04 00:53:20,25.685,51.374,1013.427,0.1267,126.247,1.8837,12.1352,1509.39,0
2026-10-04 00:53:30,25.745,51.54,1014.772,0.1385,126.884,1.9374,12.1909,1543.09,0
2026-10-04 00:53:40,25.576,51.752,1013.92,0.1174,128.292,1.876,12.1456,1514.27,0
2026-10-04 00:53:50,25.925,51.088,1013.383,0.132,128.669,1.9123,12.1981,1527.51,0
2026-10-04 00:54:00,25.554,51.309,1013.84,0.1222,129.342,1.8989,12.1397,1501.56,0
2026-10-04 00:54:10,25.529,50.554,1014.573,0.1236,126.741,1.8697,12.1531,1485.59,0
2026-10-04 00:54:20,25.814,51.273,1014.19,0.1312,129.669,1.8855,12.1777,1513.0,0
2026-10-04 00:54:30,25.77,51.445,1014.981,0.124,129.454,1.9203,12.1267,1522.71,0
2026-10-04 00:54:40,25.75,51.446,1015.207,0.1214,126.94,1.8869,12.1885,1514.58,0
2026-10-04 00:54:50,25.75,51.713,1013.377,0.1207,122.989,1.8927,12.1515,1537.83,0
2026-10-04 00:55:00,25.673,50.785,1013.329,0.1086,125.515,1.919,12.1613,1543.75,0
2026-10-04 00:55:10,25.567,50.899,1013.299,0.1303,132.894,1.9327,12.1648,1537.8,0
2026-10-04 00:55:20,25.684,52.105,1013.586,0.116,123.133,1.9265,12.1494,1511.36,0
2026-10-04 00:55:30,25.593,51.074,1014.992,0.1387,132.188,1.909,12.1311,1536.64,0
2026-10-04 00:55:40,25.791,51.242,1014.615,0.1213,123.071,1.9157,12.1539,1510.4,0
2026-10-04 00:55:50,25.656,51.1,1013.844,0.1338,125.96,1.9134,12.1014,1556.83,0
2026-10-04 00:56:00,25.575,50.715,1014.222,0.1087,127.177,1.8847,12.119,1529.67,0
2026-10-04 00:56:10,25.635,51.93,1015.216,0.1288,133.67,1.9178,12.1484,1516.15,0
2026-10-04 00:56:20,25.723,50.846,1015.572,0.1306,128.423,1.8848,12.1907,1529.83,0
2026-10-04 00:56:30,25.605,50.539,1014.421,0.1329,127.724,1.9265,12.1901,1531.62,0
2026-10-04 00:56:40,25.574,50.869,1012.382,0.11,125.582,1.9146,12.1768,1539.75,0
2026-10-04 00:56:50,25.702,50.085,1014.455,0.1164,129.975,1.8573,12.1139,1500.87,0
2026-10-04 00:57:00,25.701,50.752,1014.904,0.1264,126.893,1.9361,12.16,1518.79,0
2026-10-04 00:57:10,25.611,50.586,1014.411,0.1228,127.766,1.8987,12.1311,1536.51,0
2026-10-04 00:57:20,25.615,51.371,1014.765,0.1237,127.399,1.8968,12.1511,1541.01,0
2026-10-04 00:57:30,25.699,50.717,1014.51,0.1182,130.656,1.9359,12.1768,1578.43,0
2026-10-04 00:57:40,25.497,51.489,1013.399,0.1333,130.803,1.9081,12.1695,1550.09,0
2026-10-04 00:57:50,25.501,51.736,1013.647,0.1415,125.868,1.9273,12.1852,1519.12,0
2026-10-04 00:58:00,25.583,51.419,1014.046,0.1213,126.679,1.8961,12.1181,1556.1,0
2026-10-04 00:58:10,25.643,50.913,1015.02,0.1239,126.405,1.9327,12.1278,1538.22,0
2026-10-04 00:58:20,25.706,51.083,1013.741,0.1204,129.154,1.9177,12.1912,1550.06,0
2026-10-04 00:58:30,25.845,50.241,1014.6,0.13,131.345,1.923,12.1917,1536.6,0
2026-10-04 00:58:40,25.77,50.928,1014.497,0.1262,129.236,1.9086,12.1534,1551.19,0
2026-10-04 00:58:50,25.647,50.557,1015.398,0.1108,122.096,1.9539,12.1533,1545.9,0
2026-10-04 00:59:00,25.664,51.325,1014.262,0.1142,130.968,1.9601,12.1833,1537.98,0
2026-10-04 00:59:10,25.545,52.256,1013.066,0.1108,124.664,1.8584,12.1675,1523.14,0
2026-10-04 00:59:20,25.662,51.211,1014.751,0.1402,126.586,1.9368,12.1694,1523.12,0
2026-10-04 00:59:30,25.629,49.957,1015.798,0.1235,129.348,1.8867,12.1313,1515.52,0
2026-10-04 00:59:40,25.702,50.763,1014.803,0.1134,128.523,1.9266,12.1833,1528.68,0
2026-10-04 00:59:50,25.563,50.997,1013.757,0.1126,131.414,1.8696,12.1496,1546.43,0
2026-10-04 01:00:00,25.724,50.97,1013.554,0.1242,126.985,1.9242,12.12,1538.56,0
2026-10-04 01:00:10,25.845,50.552,1013.648,0.1248,125.938,1.8933,12.1354,1518.24,0
2026-10-04 01:00:20,25.647,51.032,1015.72,0.1237,127.924,1.9029,12.1401,1544.4,0
2026-10-04 01:00:30,25.707,50.279,1014.092,0.1137,131.811,1.9037,12.1921,1512.26,0
2026-10-04 01:00:40,25.741,50.419,1013.861,0.1193,130.79,1.8963,12.1378,1534.9,0
2026-10-04 01:00:50,25.609,51.205,1014.217,0.1175,129.184,1.8971,12.165,1550.85,0
2026-10-04 01:01:00,25.683,50.366,1014.11,0.1089,132.921,1.9049,12.1027,1512.3,0
2026-10-04 01:01:10,25.657,51.134,1015.432,0.1088,132.399,1.9112,12.179,1532.51,0
2026-10-04 01:01:20,25.666,50.171,1013.628,0.1193,131.351,1.9232,12.1359,1519.49,0
2026-10-04 01:01:30,25.561,51.729,1015.168,0.1173,125.472,1.9618,12.1656,1554.4,0
2026-10-04 01:01:40,25.655,50.451,1014.431,0.12,131.377,1.8917,12.1657,1563.73,0
2026-10-04 01:01:50,25.711,50.717,1015.193,0.1216,128.441,1.9186,12.1719,1538.32,0
2026-10-04 01:02:00,25.824,50.985,1015.46,0.1271,127.884,1.9349,12.1645,1543.17,0
2026-10-04 01:02:10,25.764,50.528,1014.415,0.1087,127.042,1.898,12.2042,1550.49,0
2026-10-04 01:02:20,25.906,50.873,1014.138,0.1197,128.595,1.8594,12.1617,1541.47,0
2026-10-04 01:02:30,25.555,51.08,1014.408,0.1204,127.254,1.8682,12.2128,1517.65,0
2026-10-04 01:02:40,25.75,51.263,1014.299,0.1117,129.661,1.8605,12.1726,1523.33,0
2026-10-04 01:02:50,25.667,51.169,1013.209,0.115,128.654,1.9546,12.1637,1523.22,0
2026-10-04 01:03:00,25.906,50.678,1015.459,0.1115,129.855,1.9316,12.1792,1504.0,0
2026-10-04 01:03:10,25.545,50.681,1014.547,0.1304,130.874,1.9352,12.162,1544.66,0
2026-10-04 01:03:20,25.54,51.92,1013.565,0.1142,128.352,1.941,12.1684,1511.21,0
2026-10-04 01:03:30,25.568,51.211,1012.935,0.1167,127.044,1.9021,12.166,1542.4,0
2026-10-04 01:03:40,25.384,50.266,1012.756,0.1108,123.257,1.9742,12.1636,1519.06,0
2026-10-04 01:03:50,25.574,50.767,1014.928,0.1089,131.609,1.9251,12.2105,1526.62,0
2026-10-04 01:04:00,25.545,50.54,1013.959,0.1021,129.554,1.915,12.2144,1538.31,0
2026-10-04 01:04:10,25.653,50.63,1014.077,0.1211,128.809,1.9447,12.1659,1552.84,0
2026-10-04 01:04:20,25.674,50.074,1014.74,0.1182,132.874,1.9337,12.1893,1542.96,0
2026-10-04 01:04:30,25.857,50.473,1014.041,0.1094,125.513,1.9505,12.188,1528.13,0
2026-10-04 01:04:40,25.745,51.575,1014.788,0.1044,129.568,1.952,12.1854,1529.37,0
2026-10-04 01:04:50,25.56,50.949,1014.475,0.1129,126.527,1.9085,12.1718,1512.21,0
2026-10-04 01:05:00,25.52,49.404,1014.353,0.1072,131.408,1.9221,12.1749,1539.39,0
2026-10-04 01:05:10,25.686,51.249,1013.315,0.1092,122.782,1.8947,12.1727,1528.59,0
2026-10-04 01:05:20,25.467,51.175,1013.845,0.1007,131.892,1.8768,12.1406,1515.84,0
2026-10-04 01:05:30,25.843,50.441,1014.844,0.1123,131.789,1.9386,12.157,1541.45,0
2026-10-04 01:05:40,25.764,50.97,1013.948,0.1123,126.752,1.9416,12.1289,1551.04,0
2026-10-04 01:05:50,25.564,50.171,1015.272,0.1189,129.74,1.8682,12.1733,1527.04,0
2026-10-04 01:06:00,25.414,50.356,1016.075,0.1088,126.857,1.8999,12.1698,1521.25,0
2026-10-04 01:06:10,25.78,51.331,1014.895,0.1071,130.864,1.9194,12.1766,1520.99,0
2026-10-04 01:06:20,25.603,50.436,1015.484,0.0971,132.062,1.9218,12.1399,1535.65,0
2026-10-04 01:06:30,25.763,49.627,1014.946,0.1182,126.607,1.9692,12.1835,1511.71,0
2026-10-04 01:06:40,25.422,50.52,1014.071,0.1163,125.752,1.9025,12.1712,1530.69,0
2026-10-04 01:06:50,25.54,50.502,1014.589,0.1092,132.951,1.914,12.2154,1523.44,0
2026-10-04 01:07:00,25.611,51.131,1015.861,0.0981,135.505,1.9346,12.1798,1537.07,0
2026-10-04 01:07:10,25.614,50.529,1014.089,0.0988,131.185,1.9096,12.1448,1538.18,0
2026-10-04 01:07:20,25.553,50.3,1013.731,0.104,131.427,1.9058,12.1261,1512.57,0
2026-10-04 01:07:30,25.68,51.024,1013.668,0.1159,128.746,1.9038,12.1655,1539.39,0
2026-10-04 01:07:40,25.475,50.551,1014.313,0.1103,130.302,1.9244,12.1344,1536.19,0
2026-10-04 01:07:50,25.585,50.106,1013.766,0.0958,130.834,1.9143,12.1419,1526.42,0
2026-10-04 01:08:00,25.615,51.048,1015.643,0.1108,129.254,1.9358,12.1362,1522.78,0
2026-10-04 01:08:10,25.66,50.557,1014.626,0.1007,133.871,1.9277,12.1459,1522.82,0
2026-10-04 01:08:20,25.682,50.451,1015.158,0.103,130.371,1.8459,12.197,1526.57,0
2026-10-04 01:08:30,25.46,50.529,1014.272,0.1148,130.777,1.8751,12.1365,1515.12,0
2026-10-04 01:08:40,25.409,49.894,1013.687,0.1129,129.394,1.9064,12.1502,1518.78,0
2026-10-04 01:08:50,25.745,50.155,1013.571,0.1153,129.719,1.9435,12.1251,1532.05,0
2026-10-04 01:09:00,25.63,50.41,1013.856,0.1062,133.576,1.9028,12.1183,1520.36,0
2026-10-04 01:09:10,25.499,50.301,1014.738,0.1133,130.377,1.9285,12.1541,1542.05,0
2026-10-04 01:09:20,25.773,51.024,1014.862,0.1014,130.467,1.9341,12.1664,1526.85,0
2026-10-04 01:09:30,25.599,50.486,1014.923,0.1038,130.525,1.9327,12.1326,1521.64,0
2026-10-04 01:09:40,25.725,50.794,1013.462,0.1031,128.904,1.9056,12.1234,1533.68,0
2026-10-04 01:09:50,25.589,50.361,1014.507,0.1057,125.794,1.8906,12.1148,1522.56,0
2026-10-04 01:10:00,25.827,50.874,1013.793,0.095,134.755,1.8865,12.1653,1516.89,0
2026-10-04 01:10:10,25.788,50.534,1014.795,0.1033,133.261,1.9937,12.1851,1523.45,0
2026-10-04 01:10:20,25.546,50.331,1014.853,0.1166,133.823,1.9308,12.1261,1497.82,0
2026-10-04 01:10:30,25.691,50.307,1013.7,0.096,126.878,1.9655,12.1458,1498.83,0
2026-10-04 01:10:40,25.65,49.826,1015.201,0.094,134.449,1.8987,12.1891,1514.52,0
2026-10-04 01:10:50,25.735,50.546,1016.164,0.0944,136.034,1.9508,12.1568,1510.35,0
2026-10-04 01:11:00,25.453,50.262,1015.115,0.1255,133.288,1.9077,12.1598,1537.93,0
2026-10-04 01:11:10,25.649,50.02,1014.42,0.1078,135.116,1.9189,12.1719,1547.01,0
2026-10-04 01:11:20,25.692,50.813,1014.315,0.1017,132.585,1.9125,12.1514,1532.91,0
2026-10-04 01:11:30,25.352,49.624,1014.394,0.1043,127.671,1.8977,12.1431,1499.51,0
2026-10-04 01:11:40,25.419,50.027,1014.011,0.1054,131.753,1.8981,12.1704,1506.74,0
2026-10-04 01:11:50,25.314,50.742,1014.723,0.0983,127.188,1.9188,12.1283,1533.06,0
2026-10-04 01:12:00,25.525,50.375,1013.753,0.0991,128.476,1.9051,12.1226,1525.16,0
2026-10-04 01:12:10,25.641,50.182,1013.23,0.1018,131.236,1.923,12.1457,1499.8,0
2026-10-04 01:12:20,25.734,50.321,1014.71,0.0971,130.852,1.8989,12.1809,1514.71,0
2026-10-04 01:12:30,25.56,50.274,1014.574,0.0995,131.715,1.9375,12.1923,1511.36,0
2026-10-04 01:12:40,25.745,49.415,1014.163,0.1054,124.968,1.9084,12.1514,1549.26,0
2026-10-04 01:12:50,25.382,49.987,1013.668,0.0944,129.901,1.9608,12.1842,1537.9,0
2026-10-04 01:13:00,25.341,50.959,1014.772,0.1231,132.029,1.9186,12.1981,1522.92,0
2026-10-04 01:13:10,25.537,49.81,1013.879,0.1081,132.646,1.9174,12.1646,1530.57,0
2026-10-04 01:13:20,25.588,49.97,1014.478,0.0918,132.861,1.96,12.1796,1529.24,0
2026-10-04 01:13:30,25.536,49.847,1015.814,0.082,131.192,1.9076,12.2105,1528.15,0
2026-10-04 01:13:40,25.29,50.063,1015.038,0.0961,129.32,1.9098,12.1463,1554.27,0
2026-10-04 01:13:50,25.525,49.804,1013.627,0.1069,131.981,1.9024,12.158,1547.91,0
2026-10-04 01:14:00,25.377,50.328,1013.696,0.1052,129.596,1.9251,12.2041,1549.56,0
2026-10-04 01:14:10,25.612,50.172,1014.698,0.1003,133.217,1.9016,12.1407,1531.55,0
2026-10-04 01:14:20,25.574,50.449,1013.632,0.0962,131.814,1.9394,12.1682,1521.42,0
2026-10-04 01:14:30,25.415,49.525,1013.197,0.0936,130.366,1.9188,12.1487,1507.78,0
2026-10-04 01:14:40,25.464,49.869,1014.974,0.0975,128.263,1.941,12.1986,1511.36,0
2026-10-04 01:14:50,25.397,49.915,1014.829,0.0925,133.946,1.9382,12.135,1541.4,0
2026-10-04 01:15:00,25.514,50.245,1014.923,0.0973,132.284,1.9072,12.163,1506.97,0
2026-10-04 01:15:10,25.635,49.609,1014.795,0.111,136.934,1.9016,12.1386,1523.29,0
2026-10-04 01:15:20,25.4,50.452,1014.568,0.094,132.222,1.9118,12.1283,1505.1,0
2026-10-04 01:15:30,25.576,50.576,1014.153,0.1049,132.492,1.9202,12.1176,1524.31,0
2026-10-04 01:15:40,25.45,49.477,1014.981,0.106,126.285,1.9283,12.161,1509.74,0
2026-10-04 01:15:50,25.417,49.715,1015.694,0.0911,131.63,1.9311,12.1773,1535.51,0
2026-10-04 01:16:00,25.497,49.683,1014.276,0.0929,129.768,1.9192,12.1658,1521.78,0
2026-10-04 01:16:10,25.384,51.253,1013.915,0.1081,133.215,1.9029,12.1713,1513.19,0
2026-10-04 01:16:20,25.439,49.711,1013.838,0.092,131.758,1.9053,12.1546,1510.87,0
2026-10-04 01:16:30,25.36,50.753,1014.029,0.0988,133.728,1.9329,12.1902,1527.11,0
2026-10-04 01:16:40,25.738,49.269,1014.781,0.1155,137.188,1.9037,12.1839,1525.74,0
2026-10-04 01:16:50,25.504,49.396,1013.145,0.1069,128.413,1.9339,12.1689,1516.58,0
2026-10-04 01:17:00,25.414,49.536,1014.953,0.0996,133.667,1.9347,12.171,1519.97,0
2026-10-04 01:17:10,25.521,49.445,1015.099,0.1055,132.895,1.9582,12.1543,1517.23,0
2026-10-04 01:17:20,25.48,49.722,1013.393,0.0982,136.8,1.9078,12.2147,1491.82,0
2026-10-04 01:17:30,25.465,49.49,1013.97,0.1067,132.997,1.9117,12.1864,1523.8,0
2026-10-04 01:17:40,25.563,49.423,1014.714,0.0821,132.703,1.862,12.1637,1500.92,0
2026-10-04 01:17:50,25.578,50.4,1014.561,0.0972,133.471,1.8962,12.162,1510.82,0
2026-10-04 01:18:00,25.422,50.421,1015.028,0.0815,133.698,1.8959,12.1567,1528.82,0
2026-10-04 01:18:10,25.414,50.272,1014.569,0.0994,135.316,1.9324,12.1591,1520.28,0
2026-10-04 01:18:20,25.449,50.048,1015.556,0.0961,128.512,1.9649,12.1728,1546.67,0
2026-10-04 01:18:30,25.203,49.821,1014.449,0.1088,129.811,1.9342,12.1241,1511.66,0
2026-10-04 01:18:40,25.296,49.514,1013.989,0.1035,136.212,1.9444,12.1606,1517.32,0
2026-10-04 01:18:50,25.639,49.274,1013.936,0.0935,125.148,1.9018,12.1636,1525.79,0
2026-10-04 01:19:00,25.671,49.92,1015.198,0.0943,130.787,1.8896,12.1668,1522.66,0
2026-10-04 01:19:10,25.442,49.14,1014.707,0.1005,131.508,1.9135,12.1715,1538.8,0
2026-10-04 01:19:20,25.539,49.218,1015.133,0.0928,130.546,1.9039,12.168,1532.55,0
2026-10-04 01:19:30,25.505,50.28,1015.122,0.097,135.837,1.8979,12.1774,1543.63,0
2026-10-04 01:19:40,25.835,50.642,1013.282,0.1077,132.54,1.9249,12.164,1498.43,0
2026-10-04 01:19:50,25.598,49.876,1013.901,0.0905,129.968,1.8897,12.1922,1534.32,0
2026-10-04 01:20:00,25.446,50.221,1013.987,0.0934,129.244,1.94,12.184,1507.67,0
2026-10-04 01:20:10,25.345,49.533,1014.134,0.0945,132.01,1.9093,12.2238,1528.91,0
2026-10-04 01:20:20,25.265,48.975,1014.414,0.1221,134.68,1.9181,12.1853,1518.44,0
2026-10-04 01:20:30,25.48,49.938,1015.411,0.1016,131.615,1.9217,12.1492,1511.62,0
2026-10-04 01:20:40,25.363,49.905,1015.553,0.1057,130.814,1.9075,12.164,1539.41,0
2026-10-04 01:20:50,25.281,49.644,1014.512,0.1027,129.148,1.9507,12.1553,1496.5,0
2026-10-04 01:21:00,25.372,49.475,1014.544,0.1032,132.374,1.8789,12.1683,1548.7,0
2026-10-04 01:21:10,25.318,50.065,1014.23,0.1002,132.225,1.9511,12.1956,1530.82,0
2026-10-04 01:21:20,25.648,49.079,1014.789,0.0993,129.114,1.9103,12.1602,1523.74,0
2026-10-04 01:21:30,25.549,49.173,1014.871,0.0847,134.383,1.9419,12.1541,1518.82,0
2026-10-04 01:21:40,25.441,49.044,1015.297,0.0991,136.439,1.9239,12.1813,1515.34,0
2026-10-04 01:21:50,25.617,49.578,1015.295,0.0953,131.485,1.94,12.1481,1527.77,0
2026-10-04 01:22:00,25.447,48.979,1013.127,0.1005,132.261,1.9158,12.1467,1499.68,0
2026-10-04 01:22:10,25.333,49.169,1014.635,0.0955,128.057,1.9246,12.1782,1474.33,0
2026-10-04 01:22:20,25.617,49.146,1015.714,0.1021,133.601,1.946,12.124,1521.55,0
2026-10-04 01:22:30,25.497,49.357,1014.441,0.1034,132.799,1.9209,12.1568,1508.92,0
2026-10-04 01:22:40,25.306,48.731,1015.549,0.0725,130.445,1.9517,12.1903,1506.2,0
2026-10-04 01:22:50,25.405,49.506,1014.54,0.0923,129.21,1.9272,12.1232,1496.15,0
2026-10-04 01:23:00,25.321,50.074,1014.88,0.0809,137.0,1.9,12.1251,1537.68,0
2026-10-04 01:23:10,25.259,49.506,1013.964,0.0976,132.622,1.9094,12.1333,1546.76,0
2026-10-04 01:23:20,25.534,50.197,1013.994,0.0932,128.738,1.9404,12.101,1518.51,0
2026-10-04 01:23:30,25.65,50.081,1015.274,0.1064,134.074,1.8871,12.2168,1516.78,0
2026-10-04 01:23:40,25.251,49.79,1015.387,0.0972,132.213,1.9379,12.1725,1525.29,0
2026-10-04 01:23:50,25.485,49.427,1014.791,0.0916,131.718,1.9088,12.1528,1524.22,0
2026-10-04 01:24:00,25.337,49.388,1013.916,0.103,134.493,1.8856,12.1374,1510.8,0
2026-10-04 01:24:10,25.355,49.747,1014.809,0.0929,123.736,1.923,12.2247,1536.62,0
2026-10-04 01:24:20,25.34,49.157,1015.662,0.0914,126.17,1.9002,12.1862,1535.24,0
2026-10-04 01:24:30,25.306,48.399,1016.005,0.0985,135.745,1.9033,12.1667,1529.22,0
2026-10-04 01:24:40,25.414,49.574,1014.566,0.1082,131.237,1.9019,12.2004,1544.57,0
2026-10-04 01:24:50,25.306,48.75,1013.629,0.1021,130.36,1.9203,12.1797,1529.34,0
2026-10-04 01:25:00,25.437,48.822,1015.382,0.0998,127.644,1.9076,12.1576,1507.7,0
2026-10-04 01:25:10,25.396,49.291,1014.604,0.1172,132.255,1.9271,12.155,1518.55,0
2026-10-04 01:25:20,25.372,49.231,1015.46,0.0893,132.642,1.9425,12.1555,1531.28,0
2026-10-04 01:25:30,25.29,48.56,1015.0,0.0891,136.029,1.9307,12.1449,1501.23,0
2026-10-04 01:25:40,25.328,49.336,1014.187,0.0963,132.84,1.9622,12.1982,1512.73,0
2026-10-04 01:25:50,25.486,49.724,1014.85,0.1072,130.831,1.9682,12.1576,1492.89,0
2026-10-04 01:26:00,25.454,48.665,1015.728,0.0875,132.972,1.9096,12.2044,1546.62,0
2026-10-04 01:26:10,25.275,49.852,1014.71,0.1091,135.1,1.8879,12.1499,1522.37,0
2026-10-04 01:26:20,25.402,48.424,1014.093,0.0835,134.462,1.9094,12.1558,1525.02,0
2026-10-04 01:26:30,25.479,50.25,1013.709,0.0941,133.668,1.9195,12.1595,1493.25,0
2026-10-04 01:26:40,25.187,48.973,1014.283,0.0964,132.644,1.9721,12.1484,1532.37,0
2026-10-04 01:26:50,25.451,49.239,1014.54,0.088,130.092,1.907,12.1563,1520.17,0
2026-10-04 01:27:00,25.304,48.208,1015.404,0.09,128.754,1.9232,12.1848,1488.33,0
2026-10-04 01:27:10,25.45,49.11,1014.048,0.1014,128.295,1.8991,12.2012,1521.96,0
2026-10-04 01:27:20,25.289,49.243,1015.923,0.1065,133.066,1.9074,12.1787,1500.25,0
2026-10-04 01:27:30,25.162,49.073,1013.903,0.0781,133.395,1.8856,12.1415,1515.57,0
2026-10-04 01:27:40,25.182,48.822,1016.474,0.0964,135.199,1.8792,12.1564,1525.82,0
2026-10-04 01:27:50,25.381,48.618,1016.053,0.0941,133.617,1.9497,12.157,1517.25,0
2026-10-04 01:28:00,25.405,49.644,1014.946,0.0959,135.101,1.9422,12.214,1486.46,0
2026-10-04 01:28:10,25.264,49.082,1013.697,0.0925,131.572,1.9062,12.1962,1517.89,0
2026-10-04 01:28:20,25.448,49.824,1014.815,0.0847,134.292,1.9419,12.202,1526.51,0
2026-10-04 01:28:30,25.17,48.778,1014.586,0.1074,128.991,1.8826,12.154,1510.51,0
2026-10-04 01:28:40,25.36,48.811,1013.968,0.1043,131.83,1.9108,12.14,1521.05,0
2026-10-04 01:28:50,25.221,49.424,1015.066,0.0942,126.532,1.9194,12.1862,1521.1,0
2026-10-04 01:29:00,25.287,48.192,1014.289,0.0912,132.137,1.9465,12.1604,1482.58,0
2026-10-04 01:29:10,25.369,48.384,1014.368,0.0902,135.732,1.9197,12.1793,1531.45,0
2026-10-04 01:29:20,25.259,49.527,1014.729,0.0744,132.284,1.9283,12.1824,1504.09,0
2026-10-04 01:29:30,25.314,48.38,1014.472,0.098,134.254,1.9028,12.1623,1501.41,0
2026-10-04 01:29:40,25.48,48.044,1016.332,0.1014,132.924,1.921,12.1973,1501.64,0
2026-10-04 01:29:50,25.288,49.875,1014.505,0.0963,130.409,1.9459,12.1358,1530.31,0
2026-10-04 01:30:00,25.457,48.231,1015.192,0.0945,131.575,1.8737,12.1751,1533.75,0
2026-10-04 01:30:10,25.219,49.007,1014.988,0.0963,135.69,1.9424,12.1894,1518.51,0
2026-10-04 01:30:20,25.417,48.937,1015.136,0.0885,134.316,1.9086,12.2151,1504.0,0
2026-10-04 01:30:30,25.525,47.485,1015.192,0.0913,130.328,1.8786,12.176,1554.63,0
2026-10-04 01:30:40,25.054,48.744,1015.512,0.094,128.034,1.9069,12.2041,1510.51,0
2026-10-04 01:30:50,25.254,49.089,1015.084,0.101,132.832,1.9457,12.2025,1500.77,0
2026-10-04 01:31:00,25.418,49.029,1015.058,0.1065,130.481,1.9013,12.2312,1525.71,0
2026-10-04 01:31:10,25.323,49.291,1014.944,0.0937,131.71,1.9207,12.181,1508.3,0
2026-10-04 01:31:20,25.39,48.633,1014.81,0.0872,127.894,1.8727,12.2242,1541.26,0
2026-10-04 01:31:30,25.272,49.171,1014.271,0.0959,135.395,1.8673,12.1933,1496.98,0
2026-10-04 01:31:40,25.354,48.457,1014.87,0.1117,131.996,1.8858,12.1347,1506.74,0
2026-10-04 01:31:50,25.323,48.084,1015.084,0.088,132.466,1.9379,12.1739,1532.22,0
2026-10-04 01:32:00,25.481,48.127,1015.2,0.1028,129.818,1.9112,12.1503,1516.32,0
2026-10-04 01:32:10,25.37,48.033,1015.047,0.1065,131.5,1.9398,12.2115,1504.33,0
2026-10-04 01:32:20,25.379,49.256,1014.761,0.093,132.714,1.9411,12.1776,1494.71,0
2026-10-04 01:32:30,25.288,47.981,1014.887,0.0903,130.522,1.8931,12.1404,1491.28,0
2026-10-04 01:32:40,25.278,48.863,1014.542,0.1006,131.729,1.9511,12.1956,1488.67,0
2026-10-04 01:32:50,25.283,48.58,1015.152,0.0988,136.55,1.8981,12.2066,1522.43,0
2026-10-04 01:33:00,25.382,48.649,1014.781,0.1016,127.156,1.9366,12.1635,1519.41,0
2026-10-04 01:33:10,25.283,49.369,1015.065,0.1127,132.975,1.9354,12.1625,1515.21,0
2026-10-04 01:33:20,25.367,48.456,1015.642,0.0976,130.079,1.9129,12.1788,1490.58,0
2026-10-04 01:33:30,25.58,48.968,1014.447,0.0868,136.46,1.9128,12.1285,1502.56,0
2026-10-04 01:33:40,25.435,48.668,1015.365,0.0969,131.923,1.919,12.1916,1511.58,0
2026-10-04 01:33:50,25.29,48.561,1014.973,0.0984,129.338,1.9137,12.2162,1525.36,0
2026-10-04 01:34:00,25.472,49.774,1016.367,0.1067,131.847,1.9009,12.1577,1511.63,0
2026-10-04 01:34:10,25.278,47.891,1014.804,0.095,133.557,1.8986,12.2201,1507.95,0
2026-10-04 01:34:20,25.082,49.244,1015.445,0.0934,140.85,1.9007,12.199,1491.81,0
2026-10-04 01:34:30,25.205,48.914,1014.972,0.0858,126.208,1.9406,12.1723,1519.02,0
2026-10-04 01:34:40,25.1,48.334,1013.992,0.1012,128.954,1.8703,12.1901,1501.08,0
2026-10-04 01:34:50,25.282,49.376,1014.602,0.1237,136.481,1.8974,12.2143,1483.86,0
2026-10-04 01:35:00,25.325,47.624,1015.586,0.0952,128.053,1.9015,12.1779,1491.5,0
2026-10-04 01:35:10,25.523,48.275,1014.67,0.1007,132.623,1.9038,12.1843,1514.77,0
2026-10-04 01:35:20,25.361,47.919,1013.421,0.0928,131.158,1.9167,12.1611,1515.01,0
2026-10-04 01:35:30,25.294,48.716,1014.956,0.087,130.701,1.8754,12.1716,1463.81,0
2026-10-04 01:35:40,25.419,47.941,1014.216,0.1009,132.12,1.9346,12.1921,1502.41,0
2026-10-04 01:35:50,25.054,48.701,1015.076,0.0977,131.653,1.9309,12.1702,1484.14,0
2026-10-04 01:36:00,25.347,48.379,1016.073,0.0785,135.836,1.9254,12.1622,1509.22,0
2026-10-04 01:36:10,25.41,48.22,1015.528,0.1106,136.664,1.9032,12.2036,1511.86,0
2026-10-04 01:36:20,25.14,48.641,1016.068,0.1011,133.972,1.8898,12.1869,1486.67,0
2026-10-04 01:36:30,25.454,48.3,1014.602,0.0985,131.999,1.8999,12.1629,1502.68,0
2026-10-04 01:36:40,25.357,47.877,1014.898,0.0946,133.496,1.9094,12.2188,1514.82,0
2026-10-04 01:36:50,25.266,49.81,1014.27,0.1013,135.15,1.9243,12.2279,1517.37,0
2026-10-04 01:37:00,25.391,48.153,1014.525,0.1018,135.753,1.9055,12.2005,1489.08,0
2026-10-04 01:37:10,25.587,47.275,1014.358,0.1015,133.872,1.9163,12.1453,1517.69,0
2026-10-04 01:37:20,25.336,47.95,1014.095,0.107,137.359,1.8963,12.1854,1505.12,0
2026-10-04 01:37:30,25.343,47.725,1015.968,0.1089,130.94,1.9141,12.19,1493.59,0
2026-10-04 01:37:40,25.258,48.759,1013.55,0.1147,136.223,1.9005,12.1357,1499.38,0
2026-10-04 01:37:50,25.21,48.494,1015.977,0.0921,134.93,1.9132,12.2052,1512.48,0
2026-10-04 01:38:00,25.412,48.52,1015.893,0.0943,131.0,1.8622,12.1807,1511.96,0
2026-10-04 01:38:10,25.209,48.123,1015.373,0.1019,133.542,1.9183,12.2036,1513.57,0
2026-10-04 01:38:20,25.32,48.156,1014.246,0.0929,133.762,1.9195,12.1679,1489.6,0
2026-10-04 01:38:30,25.254,48.097,1013.921,0.0943,132.445,1.919,12.1877,1502.79,0
2026-10-04 01:38:40,25.368,48.23,1014.648,0.1032,132.426,1.8809,12.189,1495.57,0
2026-10-04 01:38:50,25.35,48.675,1015.472,0.1067,128.323,1.8876,12.1804,1502.08,0
2026-10-04 01:39:00,25.434,48.413,1015.039,0.1099,130.843,1.8834,12.1881,1491.03,0
2026-10-04 01:39:10,25.249,48.483,1014.309,0.0982,132.209,1.9132,12.1724,1522.18,0
2026-10-04 01:39:20,25.277,48.47,1015.846,0.1036,131.22,1.9212,12.1463,1497.83,0
2026-10-04 01:39:30,25.192,48.65,1016.224,0.102,130.384,1.8871,12.1249,1495.75,0
2026-10-04 01:39:40,25.256,48.339,1014.89,0.1003,136.147,1.9372,12.1605,1504.23,0
2026-10-04 01:39:50,25.354,48.362,1015.127,0.0938,132.665,1.9367,12.1958,1513.93,0
2026-10-04 01:40:00,25.4,48.764,1013.997,0.0929,139.491,1.9074,12.1501,1497.7,0
2026-10-04 01:40:10,25.198,47.825,1014.766,0.1059,133.672,1.913,12.2027,1492.07,0
2026-10-04 01:40:20,25.413,47.717,1015.416,0.0941,136.137,1.8615,12.211,1509.83,0
2026-10-04 01:40:30,25.471,47.539,1015.31,0.0867,132.405,1.8901,12.1881,1522.33,0
2026-10-04 01:40:40,25.358,48.211,1014.709,0.1008,131.057,1.8718,12.1721,1517.24,0
2026-10-04 01:40:50,25.534,47.18,1014.875,0.1128,133.844,1.8801,12.202,1480.9,0
2026-10-04 01:41:00,25.216,48.326,1014.757,0.079,136.955,1.9155,12.2053,1506.98,0
2026-10-04 01:41:10,25.159,48.028,1014.878,0.0992,132.814,1.9213,12.1708,1494.05,0
2026-10-04 01:41:20,25.095,48.637,1015.372,0.107,134.434,1.9222,12.1786,1513.93,0
2026-10-04 01:41:30,25.489,47.721,1013.701,0.0872,133.879,1.908,12.1562,1522.05,0
2026-10-04 01:41:40,25.388,47.943,1015.029,0.1002,132.825,1.9149,12.1837,1458.67,0
2026-10-04 01:41:50,25.303,48.594,1015.329,0.093,132.991,1.8618,12.125,1494.19,0
2026-10-04 01:42:00,25.343,48.712,1014.687,0.0942,130.149,1.8691,12.1694,1486.86,0
2026-10-04 01:42:10,25.175,47.668,1014.754,0.0992,133.124,1.8959,12.1554,1482.77,0
2026-10-04 01:42:20,25.603,48.086,1014.777,0.0936,135.13,1.9158,12.1746,1479.3,0
2026-10-04 01:42:30,25.326,48.13,1014.759,0.0931,134.069,1.8895,12.1569,1486.16,0
2026-10-04 01:42:40,25.324,48.157,1015.101,0.1024,133.747,1.8664,12.129,1488.24,0
2026-10-04 01:42:50,25.398,47.827,1015.19,0.1209,135.382,1.8829,12.1606,1487.04,0
2026-10-04 01:43:00,25.369,48.586,1013.632,0.1093,133.804,1.8766,12.1651,1461.68,0
2026-10-04 01:43:10,25.338,46.989,1015.562,0.1115,133.274,1.8566,12.2036,1493.65,0
2026-10-04 01:43:20,25.217,47.711,1014.905,0.1099,135.45,1.9551,12.161,1507.27,0
2026-10-04 01:43:30,25.369,48.133,1016.464,0.0981,133.666,1.9301,12.1559,1482.79,0
2026-10-04 01:43:40,25.539,48.125,1014.279,0.1064,132.559,1.8496,12.1473,1466.24,0
2026-10-04 01:43:50,25.475,48.561,1014.509,0.1128,134.686,1.8507,12.2058,1492.01,0
2026-10-04 01:44:00,25.505,48.471,1014.977,0.1109,133.187,1.8784,12.1717,1506.2,0
2026-10-04 01:44:10,25.253,47.717,1015.411,0.106,132.461,1.8611,12.1841,1492.35,0
2026-10-04 01:44:20,25.196,48.497,1013.758,0.1087,133.783,1.9576,12.1387,1478.8,0
2026-10-04 01:44:30,25.301,47.478,1014.546,0.1245,133.831,1.8778,12.1335,1473.68,0
2026-10-04 01:44:40,25.323,48.288,1015.543,0.1117,130.03,1.9066,12.1549,1499.72,0
2026-10-04 01:44:50,25.448,48.716,1014.468,0.1026,134.353,1.8847,12.218,1485.35,0
2026-10-04 01:45:00,25.115,48.406,1016.094,0.1047,138.905,1.8679,12.1502,1480.75,0
2026-10-04 01:45:10,25.502,47.839,1014.82,0.0971,130.438,1.923,12.1619,1479.14,0
2026-10-04 01:45:20,25.3,47.608,1014.51,0.1244,131.881,1.913,12.1779,1491.25,0
2026-10-04 01:45:30,25.269,46.998,1015.57,0.1187,141.741,1.8948,12.162,1489.41,0
2026-10-04 01:45:40,25.199,47.905,1016.271,0.1067,130.946,1.9556,12.1896,1488.17,0
2026-10-04 01:45:50,25.123,47.18,1015.439,0.1237,137.283,1.9017,12.1569,1472.59,0
2026-10-04 01:46:00,25.421,47.329,1016.033,0.1115,132.75,1.8842,12.1502,1471.39,0
2026-10-04 01:46:10,25.332,47.118,1016.327,0.1032,133.628,1.9432,12.2457,1476.71,0
2026-10-04 01:46:20,25.169,47.471,1014.51,0.114,133.065,1.9052,12.1544,1490.52,0
2026-10-04 01:46:30,25.17,47.676,1015.815,0.1102,134.748,1.9355,12.1977,1494.11,0
2026-10-04 01:46:40,25.286,47.814,1014.094,0.1139,128.743,1.8936,12.1543,1507.57,0
2026-10-04 01:46:50,25.527,47.365,1015.461,0.0964,134.052,1.8189,12.1394,1472.72,0
2026-10-04 01:47:00,25.297,48.188,1015.116,0.1011,132.295,1.8551,12.1757,1495.85,0
2026-10-04 01:47:10,25.149,47.537,1016.039,0.1197,127.927,1.9209,12.1445,1458.87,0
2026-10-04 01:47:20,25.301,47.236,1015.992,0.1215,136.89,1.8788,12.1682,1489.62,0
2026-10-04 01:47:30,25.299,47.731,1015.573,0.1195,127.216,1.8996,12.1582,1461.38,0
2026-10-04 01:47:40,25.009,48.587,1015.385,0.1261,139.995,1.9213,12.2094,1465.38,0
2026-10-04 01:47:50,25.327,47.761,1015.535,0.1132,135.412,1.8972,12.1396,1494.75,0
2026-10-04 01:48:00,25.307,47.4,1015.225,0.1128,129.489,1.871,12.1951,1485.44,0
2026-10-04 01:48:10,25.42,46.806,1015.141,0.1016,137.598,1.8919,12.1853,1478.09,0
2026-10-04 01:48:20,25.559,47.448,1016.197,0.1045,131.343,1.8946,12.1725,1461.63,0
2026-10-04 01:48:30,25.474,47.664,1016.284,0.0934,131.491,1.8815,12.1593,1487.77,0
2026-10-04 01:48:40,25.308,47.341,1015.093,0.107,128.214,1.8568,12.1826,1483.22,0
2026-10-04 01:48:50,25.209,46.69,1015.361,0.0933,131.036,1.8822,12.184,1492.47,0
2026-10-04 01:49:00,25.652,47.086,1015.254,0.1186,131.4,1.8885,12.1882,1455.26,0
2026-10-04 01:49:10,25.351,48.226,1014.072,0.1133,136.104,1.8545,12.1717,1490.3,0
2026-10-04 01:49:20,25.347,48.204,1014.967,0.0942,137.162,1.8673,12.1498,1472.56,0
2026-10-04 01:49:30,25.344,47.032,1016.325,0.1091,129.949,1.8721,12.2004,1484.75,0
2026-10-04 01:49:40,25.372,47.8,1014.683,0.1265,134.493,1.8432,12.1784,1479.13,0
2026-10-04 01:49:50,25.333,46.863,1016.69,0.11,128.172,1.8927,12.1632,1466.99,0
2026-10-04 01:50:00,25.283,48.143,1016.033,0.1032,134.526,1.8951,12.1535,1473.27,0
2026-10-04 01:50:10,25.288,47.552,1015.496,0.0971,140.2,1.8753,12.2017,1465.98,0
2026-10-04 01:50:20,25.351,47.892,1015.61,0.0976,128.385,1.8544,12.2133,1470.95,0
2026-10-04 01:50:30,25.291,46.548,1014.578,0.1161,130.691,1.8985,12.1931,1464.88,0
2026-10-04 01:50:40,25.273,47.733,1015.037,0.1086,135.927,1.9017,12.1948,1484.22,0
2026-10-04 01:50:50,25.373,47.379,1016.234,0.1095,136.291,1.8902,12.208,1464.99,0
2026-10-04 01:51:00,25.331,47.797,1014.798,0.1091,130.943,1.8885,12.1697,1485.94,0
2026-10-04 01:51:10,25.544,47.817,1015.973,0.1116,138.197,1.902,12.2321,1526.24,0
2026-10-04 01:51:20,25.047,47.381,1014.269,0.1031,131.34,1.8845,12.1523,1473.09,0
2026-10-04 01:51:30,25.498,47.036,1014.397,0.1157,138.818,1.8637,12.1728,1452.9,0
2026-10-04 01:51:40,25.518,47.715,1016.569,0.102,135.214,1.8846,12.1596,1507.87,0
2026-10-04 01:51:50,25.122,47.284,1015.232,0.1075,137.631,1.8762,12.1805,1481.23,0
2026-10-04 01:52:00,25.332,46.866,1014.866,0.1219,134.94,1.884,12.2222,1473.72,0
2026-10-04 01:52:10,25.33,46.831,1016.199,0.117,135.809,1.9075,12.173,1469.74,0
2026-10-04 01:52:20,25.208,46.541,1016.12,0.1197,135.979,1.8551,12.1895,1459.27,0
2026-10-04 01:52:30,25.285,47.013,1015.895,0.1316,137.293,1.8893,12.1063,1469.64,0
2026-10-04 01:52:40,25.247,47.809,1014.854,0.1142,133.77,1.8532,12.1897,1462.7,0
2026-10-04 01:52:50,25.593,47.335,1015.054,0.115,131.178,1.8613,12.204,1462.52,0
2026-10-04 01:53:00,25.497,46.97,1015.476,0.113,133.651,1.9233,12.1822,1482.55,0
2026-10-04 01:53:10,25.54,47.626,1015.746,0.1118,131.895,1.8951,12.1525,1488.01,0
2026-10-04 01:53:20,25.476,46.796,1014.907,0.1075,132.102,1.8874,12.1491,1469.74,0
2026-10-04 01:53:30,25.256,47.249,1015.385,0.1164,138.882,1.8416,12.1653,1480.33,0
2026-10-04 01:53:40,25.331,47.1,1015.455,0.1188,135.795,1.8769,12.149,1503.91,0
2026-10-04 01:53:50,25.455,47.569,1016.171,0.1195,135.667,1.8306,12.2186,1459.55,0
2026-10-04 01:54:00,25.251,46.379,1015.801,0.1169,137.165,1.8831,12.1909,1447.33,0
2026-10-04 01:54:10,25.486,46.732,1014.22,0.1241,135.809,1.8507,12.2154,1484.01,0
2026-10-04 01:54:20,25.374,46.327,1015.128,0.1171,139.567,1.8955,12.1721,1460.18,0
2026-10-04 01:54:30,25.36,47.005,1014.63,0.1138,127.691,1.8853,12.1602,1462.96,0
2026-10-04 01:54:40,25.493,47.73,1015.68,0.1099,130.992,1.8505,12.1618,1472.39,0
2026-10-04 01:54:50,25.463,46.86,1015.931,0.1051,131.892,1.8901,12.1678,1488.81,0
2026-10-04 01:55:00,25.369,46.847,1015.358,0.1294,129.877,1.9326,12.167,1471.86,0
2026-10-04 01:55:10,25.554,47.527,1015.102,0.1124,134.352,1.8749,12.2099,1437.78,0
2026-10-04 01:55:20,25.288,47.615,1015.341,0.1108,134.502,1.9017,12.2023,1474.62,0
2026-10-04 01:55:30,25.494,47.025,1015.441,0.1151,139.958,1.8268,12.1862,1472.39,0
2026-10-04 01:55:40,25.494,47.401,1014.849,0.1164,136.752,1.8907,12.138,1455.69,0
2026-10-04 01:55:50,25.388,46.509,1014.446,0.132,132.528,1.8645,12.1868,1442.73,0
2026-10-04 01:56:00,25.467,47.726,1013.867,0.1165,135.542,1.8717,12.1717,1462.21,0
2026-10-04 01:56:10,25.28,48.101,1016.191,0.1404,128.587,1.893,12.2147,1433.07,0
2026-10-04 01:56:20,25.544,47.276,1015.654,0.1201,134.504,1.8717,12.2019,1440.49,0
2026-10-04 01:56:30,25.413,45.963,1015.563,0.1362,134.353,1.837,12.1831,1446.7,0
2026-10-04 01:56:40,25.376,46.715,1016.197,0.1272,131.389,1.9153,12.1271,1447.84,0
2026-10-04 01:56:50,25.567,47.29,1014.435,0.1231,133.501,1.8406,12.1762,1479.49,0
2026-10-04 01:57:00,25.359,46.762,1014.101,0.1331,132.036,1.8555,12.1633,1463.71,0
2026-10-04 01:57:10,25.278,47.599,1015.588,0.1297,131.324,1.8794,12.1897,1470.88,0
2026-10-04 01:57:20,25.263,47.246,1015.526,0.126,136.154,1.8793,12.1511,1468.44,0
2026-10-04 01:57:30,25.525,46.588,1014.112,0.1397,137.241,1.8862,12.1862,1441.91,0
2026-10-04 01:57:40,25.302,46.947,1015.578,0.1174,135.678,1.8785,12.1242,1456.21,0
2026-10-04 01:57:50,25.669,46.474,1015.048,0.1136,132.843,1.9036,12.145,1460.91,0
2026-10-04 01:58:00,25.212,46.819,1014.766,0.1164,132.178,1.8868,12.1577,1462.01,0
2026-10-04 01:58:10,25.668,46.623,1015.1,0.136,132.953,1.8446,12.1661,1470.86,0
2026-10-04 01:58:20,25.493,47.477,1013.626,0.1338,133.523,1.8089,12.1894,1477.22,0
2026-10-04 01:58:30,25.459,47.937,1014.924,0.1183,131.575,1.8773,12.1384,1468.56,0
2026-10-04 01:58:40,25.408,46.154,1014.847,0.1039,137.361,1.9099,12.1637,1489.11,0
2026-10-04 01:58:50,25.525,45.897,1015.732,0.1213,133.601,1.8416,12.1644,1468.93,0
2026-10-04 01:59:00,25.475,46.726,1015.234,0.115,136.511,1.8463,12.197,1454.0,0
2026-10-04 01:59:10,25.615,46.079,1015.794,0.1194,130.025,1.8811,12.175,1480.95,0
2026-10-04 01:59:20,25.5,46.852,1013.565,0.1151,132.168,1.884,12.1556,1443.06,0
2026-10-04 01:59:30,25.508,47.193,1014.764,0.1109,136.82,1.8996,12.1528,1469.03,0
2026-10-04 01:59:40,25.449,47.555,1015.743,0.1391,136.87,1.9122,12.166,1458.44,0
2026-10-04 01:59:50,25.489,46.899,1015.14,0.1188,130.65,1.8768,12.1386,1447.49,0
2026-10-04 02:00:00,25.536,46.692,1015.951,0.1358,135.175,1.8474,12.2205,1463.17,0
2026-10-04 02:00:10,25.297,45.789,1014.098,0.1229,135.262,1.8478,12.1797,1455.41,0
2026-10-04 02:00:20,25.344,46.781,1015.875,0.1159,132.157,1.8563,12.157,1431.68,0
2026-10-04 02:00:30,25.599,46.794,1014.918,0.1292,135.361,1.8953,12.1535,1461.79,0
2026-10-04 02:00:40,25.533,47.068,1014.853,0.1222,129.557,1.8567,12.1497,1443.21,0
2026-10-04 02:00:50,25.494,46.384,1016.064,0.1239,131.525,1.8929,12.1892,1460.2,0
2026-10-04 02:01:00,25.522,46.511,1016.186,0.1269,136.11,1.8304,12.1386,1456.12,0
2026-10-04 02:01:10,25.565,45.98,1016.099,0.1195,134.41,1.8753,12.1755,1464.15,0
2026-10-04 02:01:20,25.462,45.564,1016.804,0.1132,134.573,1.849,12.1943,1423.28,0
2026-10-04 02:01:30,25.437,46.145,1016.266,0.126,133.812,1.8805,12.1653,1442.16,0
2026-10-04 02:01:40,25.557,45.905,1014.825,0.1344,135.955,1.8607,12.1546,1458.31,0
2026-10-04 02:01:50,25.42,46.849,1015.483,0.1197,136.107,1.8867,12.2009,1499.61,0
2026-10-04 02:02:00,25.59,46.412,1015.134,0.1283,136.734,1.8555,12.1516,1458.11,0
2026-10-04 02:02:10,25.341,46.392,1016.809,0.1393,134.744,1.8654,12.173,1449.09,0
2026-10-04 02:02:20,25.672,46.159,1016.165,0.1268,133.21,1.8859,12.1828,1468.45,0
2026-10-04 02:02:30,25.609,45.026,1015.261,0.1284,132.711,1.8628,12.1649,1446.19,0
2026-10-04 02:02:40,25.587,47.387,1016.01,0.1284,131.219,1.8665,12.15,1461.18,0
2026-10-04 02:02:50,25.678,46.123,1014.535,0.1227,133.189,1.8837,12.166,1455.13,0
2026-10-04 02:03:00,25.764,46.408,1015.575,0.1204,132.585,1.8624,12.1885,1470.1,0
2026-10-04 02:03:10,25.689,45.877,1014.746,0.1207,139.216,1.8243,12.1618,1463.61,0
2026-10-04 02:03:20,25.35,47.081,1014.223,0.1317,131.278,1.8493,12.1914,1446.16,0
2026-10-04 02:03:30,25.422,46.658,1015.956,0.1351,137.538,1.8151,12.1736,1430.48,0
2026-10-04 02:03:40,25.504,46.164,1016.045,0.1356,133.63,1.8566,12.1649,1436.64,0
2026-10-04 02:03:50,25.586,46.371,1015.731,0.1264,133.821,1.8743,12.1619,1456.79,0
2026-10-04 02:04:00,25.649,47.398,1015.286,0.1384,135.651,1.8653,12.1858,1451.23,0
2026-10-04 02:04:10,25.504,46.513,1014.529,0.1323,130.199,1.8967,12.2082,1452.08,0
2026-10-04 02:04:20,25.617,46.449,1014.605,0.1306,132.062,1.8935,12.183,1455.15,0
2026-10-04 02:04:30,25.508,46.061,1014.742,0.1035,130.745,1.8675,12.1559,1438.72,0
2026-10-04 02:04:40,25.53,45.575,1015.259,0.1239,133.334,1.8009,12.2073,1449.1,0
2026-10-04 02:04:50,25.438,46.433,1016.178,0.1185,131.755,1.8771,12.1579,1450.19,0
2026-10-04 02:05:00,25.501,46.667,1016.169,0.1359,138.44,1.8407,12.2232,1428.43,0
2026-10-04 02:05:10,25.453,47.045,1014.275,0.1318,132.746,1.8817,12.176,1440.49,0
2026-10-04 02:05:20,25.502,45.362,1014.946,0.1227,127.367,1.8671,12.158,1455.2,0
2026-10-04 02:05:30,25.75,45.915,1014.93,0.1339,133.506,1.8753,12.194,1459.48,0
2026-10-04 02:05:40,25.514,46.179,1013.664,0.1203,136.938,1.8711,12.1722,1436.54,0
2026-10-04 02:05:50,25.948,46.458,1015.834,0.1235,139.413,1.9179,12.1911,1455.82,0
2026-10-04 02:06:00,25.696,46.379,1015.268,0.1264,133.84,1.8708,12.1823,1438.77,0
2026-10-04 02:06:10,25.663,46.382,1015.363,0.1366,132.985,1.8254,12.1455,1434.47,0
2026-10-04 02:06:20,25.542,46.638,1016.387,0.1436,134.498,1.8839,12.1782,1475.97,0
2026-10-04 02:06:30,25.733,45.974,1015.509,0.1279,135.793,1.8459,12.1925,1440.76,0
2026-10-04 02:06:40,25.585,46.884,1015.148,0.1434,131.168,1.89,12.1828,1424.53,0
2026-10-04 02:06:50,25.673,46.625,1015.852,0.1334,133.827,1.8945,12.2114,1439.74,0
2026-10-04 02:07:00,25.97,46.24,1016.195,0.1351,134.418,1.8711,12.1878,1441.99,0
2026-10-04 02:07:10,25.655,47.192,1015.663,0.1329,134.711,1.8233,12.1739,1459.34,0
2026-10-04 02:07:20,25.809,47.162,1015.94,0.132,134.146,1.8433,12.1852,1439.93,0
2026-10-04 02:07:30,25.591,46.841,1015.358,0.1373,131.778,1.888,12.1676,1450.65,0
2026-10-04 02:07:40,25.676,44.857,1015.405,0.1399,135.608,1.9041,12.189,1460.58,0
2026-10-04 02:07:50,25.897,47.148,1015.543,0.1271,134.464,1.8553,12.1889,1435.56,0
2026-10-04 02:08:00,25.614,46.748,1014.939,0.1328,134.463,1.8465,12.149,1448.34,0
2026-10-04 02:08:10,25.911,47.345,1015.071,0.1479,131.362,1.8235,12.1993,1442.7,0
2026-10-04 02:08:20,25.783,46.953,1016.435,0.1361,136.536,1.8234,12.2358,1446.68,0
2026-10-04 02:08:30,25.636,47.115,1016.878,0.1372,131.778,1.858,12.1936,1444.49,0
2026-10-04 02:08:40,25.784,46.757,1016.589,0.1444,139.477,1.8694,12.1292,1444.83,0
2026-10-04 02:08:50,25.829,46.984,1014.551,0.1312,131.095,1.8143,12.1692,1438.02,0
2026-10-04 02:09:00,25.792,47.299,1014.485,0.1351,136.925,1.8718,12.1479,1442.35,0
2026-10-04 02:09:10,25.533,46.402,1014.648,0.1421,128.92,1.885,12.1726,1437.55,0
2026-10-04 02:09:20,25.639,45.5,1015.577,0.1457,127.875,1.8661,12.197,1476.27,0
2026-10-04 02:09:30,25.702,46.124,1013.519,0.117,132.991,1.8913,12.1619,1450.05,0
2026-10-04 02:09:40,25.727,46.465,1015.075,0.1302,127.882,1.8585,12.227,1440.67,0
2026-10-04 02:09:50,25.815,46.3,1016.475,0.1283,136.856,1.8583,12.1078,1435.24,0
2026-10-04 02:10:00,25.767,45.632,1016.179,0.1355,134.607,1.8575,12.1736,1454.65,0
2026-10-04 02:10:10,25.59,45.432,1015.138,0.1292,138.881,1.8824,12.1893,1427.41,0
2026-10-04 02:10:20,25.801,45.869,1015.193,0.1421,134.181,1.8615,12.1493,1420.06,0
2026-10-04 02:10:30,25.833,46.636,1015.895,0.1383,135.418,1.8344,12.1526,1418.6,0
2026-10-04 02:10:40,25.832,47.015,1016.155,0.1442,133.889,1.8579,12.1987,1458.11,0
2026-10-04 02:10:50,25.9,46.675,1015.129,0.1449,132.077,1.8577,12.228,1457.0,0
2026-10-04 02:11:00,25.875,46.738,1015.34,0.1429,133.484,1.8412,12.2309,1440.38,0
2026-10-04 02:11:10,25.835,46.162,1015.11,0.1349,131.097,1.8717,12.1711,1429.25,0
2026-10-04 02:11:20,25.776,45.324,1014.577,0.1386,135.877,1.848,12.2135,1429.08,0
2026-10-04 02:11:30,25.59,45.96,1015.357,0.1342,133.796,1.863,12.178,1467.62,0
2026-10-04 02:11:40,25.846,46.051,1015.305,0.1272,134.424,1.8577,12.2026,1435.3,0
2026-10-04 02:11:50,25.825,45.924,1014.632,0.1459,143.201,1.8264,12.1744,1441.47,0
2026-10-04 02:12:00,25.837,46.193,1015.969,0.1377,133.525,1.8197,12.1513,1429.4,0
2026-10-04 02:12:10,25.657,46.379,1015.857,0.1265,135.68,1.8259,12.2197,1437.02,0
2026-10-04 02:12:20,25.685,46.578,1016.008,0.143,134.582,1.8414,12.2262,1441.01,0
2026-10-04 02:12:30,25.946,46.005,1014.985,0.137,138.222,1.8828,12.1691,1462.1,0
2026-10-04 02:12:40,25.82,45.186,1014.136,0.1225,135.469,1.8414,12.203,1433.38,0
2026-10-04 02:12:50,25.912,45.889,1015.854,0.1281,133.944,1.8516,12.176,1442.1,0
2026-10-04 02:13:00,25.839,46.145,1015.064,0.1337,141.64,1.8637,12.2341,1428.66,0
2026-10-04 02:13:10,25.844,46.728,1014.907,0.1411,132.188,1.8325,12.1423,1436.49,0
2026-10-04 02:13:20,25.958,45.826,1014.653,0.1458,134.191,1.8307,12.1751,1438.5,0
2026-10-04 02:13:30,25.789,46.359,1015.342,0.1457,137.526,1.8669,12.1434,1429.97,0
2026-10-04 02:13:40,25.868,46.241,1016.641,0.1446,132.327,1.8545,12.1399,1436.27,0
2026-10-04 02:13:50,25.806,46.112,1015.185,0.1397,137.082,1.8258,12.1766,1421.75,0
2026-10-04 02:14:00,25.814,46.548,1014.778,0.1539,133.352,1.8292,12.1682,1439.6,0
2026-10-04 02:14:10,25.835,45.746,1015.999,0.1458,137.804,1.8412,12.1542,1432.57,0
2026-10-04 02:14:20,25.904,45.782,1015.666,0.1421,137.73,1.8469,12.2004,1423.12,0
2026-10-04 02:14:30,25.825,46.057,1014.064,0.145,134.533,1.8694,12.2119,1429.32,0
2026-10-04 02:14:40,26.038,45.737,1016.013,0.1374,131.806,1.8512,12.1922,1450.37,0
2026-10-04 02:14:50,25.786,46.304,1017.041,0.1403,133.637,1.8129,12.1325,1428.86,0
2026-10-04 02:15:00,25.876,45.687,1013.733,0.1242,134.771,1.8174,12.1879,1436.52,0
2026-10-04 02:15:10,25.851,46.151,1014.69,0.1379,137.484,1.8444,12.1876,1436.15,0
2026-10-04 02:15:20,26.083,45.981,1013.563,0.1552,135.785,1.8399,12.1583,1438.15,0
2026-10-04 02:15:30,25.938,46.133,1015.506,0.1424,136.441,1.8148,12.188,1412.56,0
2026-10-04 02:15:40,26.044,45.789,1016.254,0.1422,135.879,1.8618,12.1666,1413.28,0
2026-10-04 02:15:50,25.747,45.843,1015.637,0.1495,137.374,1.7789,12.1588,1417.26,0
2026-10-04 02:16:00,25.963,46.055,1016.539,0.1444,134.238,1.8431,12.1497,1437.27,0
2026-10-04 02:16:10,26.043,46.102,1016.148,0.1354,135.338,1.7956,12.2001,1431.77,0
2026-10-04 02:16:20,25.951,45.993,1016.76,0.142,134.932,1.8559,12.2115,1430.7,0
2026-10-04 02:16:30,26.075,46.842,1016.383,0.1328,133.536,1.8269,12.1756,1425.38,0
2026-10-04 02:16:40,25.89,45.488,1015.291,0.1435,137.889,1.8518,12.2038,1407.01,0
2026-10-04 02:16:50,26.127,45.945,1015.621,0.1354,137.83,1.8229,12.2173,1417.55,0
2026-10-04 02:17:00,26.239,45.184,1014.968,0.1497,138.479,1.8654,12.1824,1429.4,0
2026-10-04 02:17:10,25.925,46.152,1015.417,0.1382,132.574,1.7852,12.1771,1423.36,0
2026-10-04 02:17:20,25.921,45.402,1015.624,0.1358,135.921,1.8534,12.1908,1428.28,0
2026-10-04 02:17:30,26.154,45.815,1015.523,0.1416,138.149,1.8159,12.1581,1401.92,0
2026-10-04 02:17:40,26.175,45.762,1016.524,0.1455,139.384,1.84,12.1927,1424.76,0
2026-10-04 02:17:50,25.928,46.083,1015.355,0.1331,130.353,1.8407,12.1827,1393.34,0
2026-10-04 02:18:00,25.946,45.661,1014.936,0.1386,134.873,1.795,12.1463,1404.77,0
2026-10-04 02:18:10,25.969,45.634,1014.981,0.1437,134.317,1.8544,12.1465,1409.44,0
2026-10-04 02:18:20,25.847,46.644,1016.05,0.1537,139.661,1.8389,12.1542,1396.05,0
2026-10-04 02:18:30,25.903,46.063,1014.611,0.1228,128.263,1.8315,12.1917,1411.35,0
2026-10-04 02:18:40,25.899,45.635,1015.455,0.1481,131.753,1.8378,12.1704,1427.21,0
2026-10-04 02:18:50,25.933,45.785,1016.527,0.1402,139.197,1.8309,12.1782,1440.24,0
2026-10-04 02:19:00,26.026,46.728,1015.804,0.1394,133.491,1.8483,12.2129,1414.4,0
2026-10-04 02:19:10,26.064,45.783,1015.549,0.138,130.999,1.8152,12.1898,1412.26,0
2026-10-04 02:19:20,26.228,45.55,1015.578,0.1406,139.443,1.8475,12.1626,1420.0,0
2026-10-04 02:19:30,25.928,45.547,1014.884,0.1485,130.614,1.8405,12.154,1417.47,0
2026-10-04 02:19:40,26.171,45.61,1015.007,0.1393,137.978,1.8215,12.1863,1405.98,0
2026-10-04 02:19:50,26.033,45.583,1015.472,0.157,130.234,1.8715,12.1543,1428.99,0
2026-10-04 02:20:00,26.059,45.235,1015.8,0.1488,130.59,1.8362,12.2099,1416.14,0
2026-10-04 02:20:10,26.151,45.308,1016.276,0.1454,135.521,1.8294,12.1847,1410.35,0
2026-10-04 02:20:20,25.941,45.451,1015.679,0.1426,132.378,1.8385,12.1817,1411.4,0
2026-10-04 02:20:30,26.128,46.156,1016.563,0.1535,135.743,1.8211,12.1546,1454.89,0
2026-10-04 02:20:40,26.107,45.665,1016.742,0.1547,140.335,1.8533,12.1939,1430.93,0
2026-10-04 02:20:50,26.152,45.747,1016.176,0.1348,134.466,1.8224,12.2066,1413.91,0
2026-10-04 02:21:00,26.134,46.481,1016.479,0.1385,139.817,1.843,12.175,1382.15,0
2026-10-04 02:21:10,26.399,46.489,1014.93,0.1493,135.909,1.7954,12.2016,1392.82,0
2026-10-04 02:21:20,26.034,45.696,1014.821,0.1518,137.806,1.7768,12.1682,1419.37,0
2026-10-04 02:21:30,26.053,45.517,1015.99,0.1419,127.881,1.8313,12.1767,1413.41,0
2026-10-04 02:21:40,26.047,45.396,1014.69,0.1384,136.852,1.8112,12.2304,1400.18,0
2026-10-04 02:21:50,26.061,46.17,1015.427,0.1451,136.393,1.8156,12.1689,1415.18,0
2026-10-04 02:22:00,26.057,45.717,1016.172,0.1563,133.867,1.7615,12.1917,1405.68,0
2026-10-04 02:22:10,26.282,45.622,1016.624,0.1448,140.636,1.8621,12.1684,1406.93,0
2026-10-04 02:22:20,26.316,45.404,1015.458,0.1344,133.472,1.8218,12.1851,1413.64,0
2026-10-04 02:22:30,26.083,45.422,1015.183,0.1455,130.127,1.8521,12.1955,1400.7,0
2026-10-04 02:22:40,26.057,45.963,1015.864,0.1509,137.302,1.7835,12.1555,1394.85,0
2026-10-04 02:22:50,26.219,45.141,1014.89,0.1439,130.687,1.8204,12.1604,1395.02,0
2026-10-04 02:23:00,26.102,46.292,1015.522,0.1548,135.189,1.8277,12.1922,1408.95,0
2026-10-04 02:23:10,26.25,45.524,1015.639,0.1517,138.981,1.8205,12.182,1390.98,0
2026-10-04 02:23:20,26.205,45.712,1015.627,0.1443,136.459,1.8225,12.2072,1447.28,0
2026-10-04 02:23:30,26.004,45.114,1015.711,0.1451,134.223,1.7815,12.1846,1428.13,0
2026-10-04 02:23:40,26.378,45.773,1015.066,0.1301,133.914,1.8238,12.2243,1424.63,0
2026-10-04 02:23:50,26.413,45.611,1015.143,0.1545,138.765,1.7944,12.1952,1400.25,0
2026-10-04 02:24:00,26.13,45.746,1015.131,0.1422,131.311,1.7996,12.2247,1400.51,0
2026-10-04 02:24:10,26.163,46.503,1014.522,0.1417,137.297,1.815,12.2199,1391.69,0
2026-10-04 02:24:20,26.25,45.853,1015.897,0.1405,141.554,1.8054,12.1616,1440.22,0
2026-10-04 02:24:30,26.261,45.363,1016.285,0.1486,136.605,1.8064,12.2146,1432.49,0
2026-10-04 02:24:40,26.306,45.401,1016.218,0.1359,134.263,1.8415,12.2011,1422.13,0
2026-10-04 02:24:50,26.474,46.051,1015.479,0.1371,134.498,1.8091,12.1993,1409.94,0
2026-10-04 02:25:00,26.218,46.399,1015.097,0.1446,133.538,1.8026,12.2071,1405.64,0
2026-10-04 02:25:10,26.149,45.887,1016.187,0.14,133.028,1.8091,12.1697,1418.76,0
2026-10-04 02:25:20,26.085,46.088,1016.115,0.1477,135.335,1.7839,12.1856,1434.84,0
2026-10-04 02:25:30,26.169,46.045,1015.822,0.1403,137.022,1.8154,12.1668,1420.22,0
2026-10-04 02:25:40,26.258,46.446,1016.892,0.1578,139.817,1.8289,12.2351,1393.6,0
2026-10-04 02:25:50,26.483,44.759,1015.655,0.1505,129.116,1.8183,12.1585,1398.5,0
2026-10-04 02:26:00,26.212,46.064,1015.495,0.1504,127.67,1.811,12.1453,1416.73,0
2026-10-04 02:26:10,26.307,46.219,1015.397,0.1402,139.878,1.8247,12.1567,1396.47,0
2026-10-04 02:26:20,26.284,45.055,1014.586,0.1642,135.16,1.7954,12.1758,1402.07,0
2026-10-04 02:26:30,26.434,45.278,1016.143,0.1415,135.318,1.8098,12.1756,1431.5,0
2026-10-04 02:26:40,26.601,45.293,1015.608,0.1393,136.495,1.8433,12.1993,1403.85,0
2026-10-04 02:26:50,26.24,45.351,1016.04,0.1506,134.431,1.8006,12.1778,1384.64,0
2026-10-04 02:27:00,26.251,45.472,1016.974,0.1465,140.918,1.8227,12.1646,1451.27,0
2026-10-04 02:27:10,26.44,45.831,1015.413,0.1384,136.469,1.8229,12.189,1424.02,0
2026-10-04 02:27:20,26.403,46.14,1014.052,0.1625,133.651,1.7878,12.206,1406.46,0
2026-10-04 02:27:30,26.549,46.245,1016.027,0.1527,133.92,1.8235,12.182,1407.02,0
2026-10-04 02:27:40,26.403,45.283,1015.808,0.1449,134.565,1.7907,12.1985,1374.95,0
2026-10-04 02:27:50,26.296,45.277,1015.181,0.1641,132.665,1.8162,12.1788,1400.68,0
2026-10-04 02:28:00,26.415,46.355,1015.973,0.1513,140.065,1.7895,12.1702,1395.13,0
2026-10-04 02:28:10,26.483,46.018,1016.247,0.1447,135.369,1.8116,12.1941,1407.47,0
2026-10-04 02:28:20,26.455,45.733,1015.036,0.163,131.486,1.8074,12.1823,1430.14,0
2026-10-04 02:28:30,26.423,45.926,1015.489,0.15,136.214,1.8066,12.2016,1412.05,0
2026-10-04 02:28:40,26.496,45.672,1016.735,0.1496,139.316,1.8101,12.215,1435.63,0
2026-10-04 02:28:50,26.514,45.947,1015.198,0.1416,138.181,1.7897,12.1736,1383.95,0
2026-10-04 02:29:00,26.546,45.515,1015.751,0.145,132.72,1.7734,12.1926,1381.49,0
2026-10-04 02:29:10,26.463,45.815,1013.869,0.1413,131.672,1.8041,12.203,1422.97,0
2026-10-04 02:29:20,26.371,44.923,1014.671,0.1561,139.282,1.8292,12.1865,1405.63,0
2026-10-04 02:29:30,26.415,45.332,1015.82,0.1316,130.127,1.8158,12.189,1410.8,0
2026-10-04 02:29:40,26.548,45.336,1016.571,0.1554,136.113,1.812,12.1798,1403.12,0
2026-10-04 02:29:50,26.311,45.485,1014.759,0.1374,133.294,1.7876,12.1825,1406.18,0
2026-10-04 02:30:00,26.459,45.207,1015.767,0.1439,138.941,1.8047,12.1891,1413.3,0
2026-10-04 02:30:10,26.373,45.402,1015.453,0.142,131.836,1.7788,12.1608,1406.5,0
2026-10-04 02:30:20,26.43,44.91,1016.385,0.1401,132.611,1.7886,12.1335,1393.87,0
2026-10-04 02:30:30,26.586,45.939,1014.867,0.1497,136.851,1.8077,12.1737,1437.12,0
2026-10-04 02:30:40,26.461,45.622,1016.022,0.1441,137.386,1.7529,12.1716,1403.31,0
2026-10-04 02:30:50,26.449,44.809,1015.265,0.1388,139.078,1.8411,12.2163,1398.64,0
2026-10-04 02:31:00,26.286,45.243,1015.88,0.1453,136.418,1.7641,12.1832,1396.18,0
2026-10-04 02:31:10,26.545,45.827,1015.774,0.1384,136.047,1.8443,12.1898,1406.21,0
2026-10-04 02:31:20,26.539,45.385,1015.551,0.1396,138.146,1.7757,12.1654,1397.2,0
2026-10-04 02:31:30,26.727,45.307,1016.063,0.1319,130.886,1.775,12.1607,1370.13,0
2026-10-04 02:31:40,26.436,45.617,1015.761,0.1402,132.359,1.7859,12.1547,1396.5,0
2026-10-04 02:31:50,26.505,45.825,1015.639,0.1477,131.137,1.7844,12.144,1383.8,0
2026-10-04 02:32:00,26.514,44.933,1015.484,0.1439,126.94,1.7798,12.1936,1403.8,0
2026-10-04 02:32:10,26.679,45.925,1015.789,0.1581,137.523,1.7853,12.183,1399.07,0
2026-10-04 02:32:20,26.484,45.249,1015.892,0.1644,139.285,1.7964,12.2123,1389.31,0
2026-10-04 02:32:30,26.535,45.639,1015.046,0.1397,136.663,1.7713,12.189,1413.12,0
2026-10-04 02:32:40,26.58,45.629,1015.495,0.1367,136.134,1.8143,12.1813,1397.69,0
2026-10-04 02:32:50,26.535,45.382,1015.003,0.1523,135.248,1.8282,12.1256,1392.84,0
2026-10-04 02:33:00,26.465,45.133,1015.715,0.1458,135.158,1.7438,12.2228,1392.8,0
2026-10-04 02:33:10,26.548,45.501,1015.33,0.1522,140.077,1.8384,12.176,1392.21,0
2026-10-04 02:33:20,26.659,46.456,1016.285,0.1462,139.638,1.8109,12.1229,1405.33,0
2026-10-04 02:33:30,26.413,44.961,1016.218,0.1413,133.235,1.7977,12.1806,1385.78,0
2026-10-04 02:33:40,26.557,46.488,1015.103,0.1413,138.315,1.7764,12.1546,1398.28,0
2026-10-04 02:33:50,26.463,45.511,1015.749,0.1462,138.676,1.7945,12.1536,1389.41,0
2026-10-04 02:34:00,26.696,45.658,1016.199,0.1409,136.938,1.8124,12.1814,1387.07,0
2026-10-04 02:34:10,26.376,45.096,1015.631,0.1523,136.148,1.8548,12.16,1403.56,0
2026-10-04 02:34:20,26.497,45.253,1015.245,0.132,136.044,1.8439,12.2003,1382.2,0
2026-10-04 02:34:30,26.615,45.387,1014.992,0.152,130.537,1.7505,12.1717,1403.79,0
2026-10-04 02:34:40,26.763,45.115,1016.356,0.1272,130.27,1.7831,12.1845,1400.37,0
2026-10-04 02:34:50,26.573,45.533,1016.391,0.1433,137.331,1.7898,12.1886,1415.39,0
2026-10-04 02:35:00,26.52,45.433,1015.615,0.1394,131.678,1.821,12.1807,1368.85,0
2026-10-04 02:35:10,26.818,46.562,1016.298,0.1298,130.81,1.7849,12.1797,1410.28,0
2026-10-04 02:35:20,26.424,45.053,1013.688,0.1253,128.75,1.7677,12.1778,1390.21,0
2026-10-04 02:35:30,26.339,45.688,1016.694,0.1329,133.548,1.7876,12.2115,1367.69,0
2026-10-04 02:35:40,26.661,45.76,1015.657,0.1419,136.097,1.7762,12.1952,1384.38,0
2026-10-04 02:35:50,26.554,45.101,1015.867,0.1366,136.337,1.81,12.1568,1401.71,0
2026-10-04 02:36:00,26.497,45.979,1015.545,0.133,137.522,1.8446,12.1462,1392.5,0
2026-10-04 02:36:10,26.71,45.437,1016.748,0.152,133.794,1.8073,12.1541,1413.77,0
2026-10-04 02:36:20,26.66,44.39,1015.03,0.1313,135.289,1.8079,12.1846,1388.24,0
2026-10-04 02:36:30,26.568,45.966,1016.806,0.1464,137.503,1.8146,12.1462,1392.58,0
2026-10-04 02:36:40,26.488,45.078,1016.053,0.1338,136.355,1.7947,12.1574,1390.07,0
2026-10-04 02:36:50,26.751,45.112,1016.213,0.1318,133.207,1.7729,12.1401,1377.29,0
2026-10-04 02:37:00,26.73,45.98,1015.548,0.1358,135.859,1.775,12.1969,1391.94,0
2026-10-04 02:37:10,26.646,45.463,1014.864,0.1454,129.005,1.8095,12.1901,1388.86,0
2026-10-04 02:37:20,26.885,46.096,1016.432,0.1294,134.956,1.7889,12.1955,1393.23,0
2026-10-04 02:37:30,26.54,46.243,1016.0,0.1425,133.099,1.7567,12.1616,1392.57,0
2026-10-04 02:37:40,26.491,45.315,1016.737,0.1324,139.507,1.8135,12.1294,1391.48,0
2026-10-04 02:37:50,26.596,46.035,1015.65,0.1337,132.018,1.761,12.1524,1392.67,0
2026-10-04 02:38:00,26.679,45.261,1015.493,0.143,135.297,1.7518,12.1395,1407.49,0
2026-10-04 02:38:10,26.719,46.756,1016.76,0.1571,133.659,1.7577,12.1392,1376.11,0
2026-10-04 02:38:20,26.666,45.294,1017.128,0.1323,133.268,1.7868,12.2015,1379.69,0
2026-10-04 02:38:30,26.742,46.154,1015.797,0.1452,136.073,1.8031,12.1668,1411.58,0
2026-10-04 02:38:40,26.555,46.064,1015.265,0.1368,133.684,1.7847,12.1802,1409.16,0
2026-10-04 02:38:50,26.884,45.8,1016.361,0.1353,140.492,1.764,12.2005,1393.77,0
2026-10-04 02:39:00,26.706,45.308,1015.617,0.1475,129.01,1.7573,12.1473,1420.02,0
2026-10-04 02:39:10,26.855,45.568,1016.216,0.1321,136.824,1.7964,12.1881,1396.77,0
2026-10-04 02:39:20,26.767,44.568,1015.616,0.1294,134.674,1.7744,12.1364,1417.33,0
2026-10-04 02:39:30,26.786,45.758,1016.894,0.1422,134.775,1.7848,12.1789,1410.9,0
2026-10-04 02:39:40,26.805,45.822,1015.311,0.1511,135.83,1.7724,12.1992,1413.2,0
2026-10-04 02:39:50,26.795,45.715,1016.138,0.1442,137.914,1.7829,12.144,1371.35,0
2026-10-04 02:40:00,26.824,44.163,1015.461,0.1268,135.713,1.7848,12.1931,1398.38,0
2026-10-04 02:40:10,26.911,45.018,1015.607,0.133,137.919,1.8353,12.1779,1386.9,0
2026-10-04 02:40:20,26.78,45.278,1015.517,0.1456,135.051,1.7843,12.1609,1367.86,0
2026-10-04 02:40:30,26.847,45.799,1016.324,0.1502,131.807,1.7641,12.1422,1407.76,0
2026-10-04 02:40:40,26.756,45.799,1016.451,0.1393,134.639,1.7778,12.1781,1405.43,0
2026-10-04 02:40:50,26.945,45.571,1016.2,0.1326,138.362,1.7493,12.1844,1385.13,0
2026-10-04 02:41:00,26.696,45.975,1015.735,0.1503,133.669,1.7486,12.164,1377.83,0
2026-10-04 02:41:10,26.998,45.146,1015.91,0.1364,131.649,1.8034,12.1474,1387.76,0
2026-10-04 02:41:20,26.782,45.965,1016.442,0.1319,136.753,1.7794,12.1909,1359.47,0
2026-10-04 02:41:30,26.62,45.899,1016.465,0.1304,135.901,1.7994,12.2013,1366.27,0
2026-10-04 02:41:40,26.812,45.852,1013.933,0.1269,132.576,1.7303,12.1955,1381.78,0
2026-10-04 02:41:50,26.72,45.574,1015.627,0.1589,134.186,1.7462,12.2113,1395.31,0
2026-10-04 02:42:00,26.907,46.582,1015.662,0.1475,134.337,1.7776,12.1552,1383.09,0
2026-10-04 02:42:10,26.733,45.915,1016.289,0.1307,134.898,1.7491,12.1361,1377.34,0
2026-10-04 02:42:20,26.763,45.186,1015.775,0.1496,136.815,1.7337,12.1816,1373.06,0
2026-10-04 02:42:30,26.594,45.797,1016.326,0.1399,133.656,1.742,12.1612,1421.86,0
2026-10-04 02:42:40,26.771,46.051,1015.069,0.1392,136.963,1.7605,12.1959,1368.97,0
2026-10-04 02:42:50,26.54,45.382,1016.007,0.1295,133.264,1.7785,12.1452,1357.47,0
2026-10-04 02:43:00,26.645,46.223,1016.457,0.1309,139.86,1.8106,12.147,1376.06,0
2026-10-04 02:43:10,26.931,45.871,1014.796,0.1345,139.921,1.741,12.1727,1392.27,0
2026-10-04 02:43:20,26.939,44.511,1017.589,0.119,132.285,1.7419,12.1753,1385.93,0
2026-10-04 02:43:30,26.9,45.834,1016.664,0.1306,131.174,1.7302,12.1877,1372.85,0
2026-10-04 02:43:40,26.738,45.484,1015.832,0.1344,137.781,1.7804,12.1683,1386.81,0
2026-10-04 02:43:50,26.853,45.958,1015.253,0.1446,135.617,1.7688,12.1227,1400.37,0
2026-10-04 02:44:00,26.863,46.164,1015.711,0.129,136.494,1.7412,12.2569,1386.61,0
2026-10-04 02:44:10,26.729,45.791,1015.894,0.1403,132.871,1.7441,12.1713,1385.67,0
2026-10-04 02:44:20,27.053,46.529,1016.145,0.1171,134.434,1.7614,12.2426,1385.54,0
2026-10-04 02:44:30,26.982,45.609,1016.888,0.1427,133.793,1.7624,12.1672,1371.81,0
2026-10-04 02:44:40,26.855,46.014,1015.506,0.126,135.736,1.7377,12.1439,1389.56,0
2026-10-04 02:44:50,26.889,46.106,1016.234,0.1341,131.082,1.7677,12.1623,1398.26,0
2026-10-04 02:45:00,26.915,45.658,1014.937,0.1361,134.517,1.7285,12.1976,1402.74,0
2026-10-04 02:45:10,26.649,46.098,1015.553,0.1343,131.044,1.7637,12.1855,1388.72,0
2026-10-04 02:45:20,26.869,45.414,1016.107,0.1316,133.26,1.7577,12.1776,1382.32,0
2026-10-04 02:45:30,26.821,45.503,1016.329,0.1223,134.511,1.7718,12.1683,1410.07,0
2026-10-04 02:45:40,26.787,45.061,1015.319,0.1249,136.321,1.7916,12.173,1383.55,0
2026-10-04 02:45:50,26.878,45.841,1015.539,0.1398,136.565,1.7517,12.166,1374.31,0
2026-10-04 02:46:00,27.132,45.885,1016.871,0.1269,137.073,1.7605,12.1995,1371.06,0
2026-10-04 02:46:10,26.997,46.315,1016.663,0.1306,130.337,1.7106,12.1924,1369.17,0
2026-10-04 02:46:20,26.856,46.124,1015.997,0.1193,138.573,1.809,12.1459,1373.51,0
2026-10-04 02:46:30,26.998,45.589,1014.286,0.1379,132.842,1.7128,12.1324,1409.78,0
2026-10-04 02:46:40,27.101,45.146,1017.611,0.1203,133.057,1.7569,12.1386,1369.37,0
2026-10-04 02:46:50,27.048,45.954,1015.84,0.138,135.574,1.6948,12.1603,1403.45,0
2026-10-04 02:47:00,26.948,46.296,1015.637,0.1219,133.752,1.7375,12.1746,1377.3,0
2026-10-04 02:47:10,26.868,46.122,1015.491,0.1384,135.844,1.8012,12.1677,1395.85,0
2026-10-04 02:47:20,27.033,46.29,1016.121,0.1301,136.396,1.786,12.1847,1363.88,0
2026-10-04 02:47:30,27.001,45.645,1016.13,0.1254,132.459,1.7816,12.1685,1379.63,0
2026-10-04 02:47:40,27.065,45.521,1016.526,0.1424,134.193,1.7518,12.2087,1355.49,0
2026-10-04 02:47:50,27.038,45.389,1015.213,0.1289,134.277,1.7975,12.1814,1379.91,0
2026-10-04 02:48:00,27.091,45.733,1015.644,0.1263,137.609,1.7623,12.1691,1391.22,0
2026-10-04 02:48:10,26.905,45.725,1017.285,0.1363,133.334,1.7727,12.1307,1393.76,0
2026-10-04 02:48:20,27.131,45.871,1016.022,0.1169,133.198,1.8212,12.1772,1379.04,0
2026-10-04 02:48:30,27.001,45.707,1015.745,0.1084,131.655,1.7819,12.1808,1373.57,0
2026-10-04 02:48:40,27.23,45.708,1015.208,0.1376,131.986,1.7526,12.1504,1380.1,0
2026-10-04 02:48:50,26.902,45.39,1016.222,0.1215,130.657,1.7666,12.1393,1370.06,0
2026-10-04 02:49:00,27.197,46.253,1016.591,0.1349,132.595,1.7886,12.1954,1369.89,0
2026-10-04 02:49:10,27.016,45.824,1016.482,0.1281,139.48,1.7687,12.1438,1372.22,0
2026-10-04 02:49:20,26.918,45.703,1015.69,0.1182,136.766,1.7723,12.172,1381.61,0
2026-10-04 02:49:30,26.942,45.42,1016.125,0.1322,138.52,1.7845,12.1686,1399.59,0
2026-10-04 02:49:40,26.965,45.132,1017.044,0.1238,131.833,1.8152,12.1789,1397.39,0
2026-10-04 02:49:50,27.058,46.456,1016.624,0.1182,128.834,1.7282,12.1436,1372.98,0
2026-10-04 02:50:00,27.073,46.083,1015.327,0.1182,135.621,1.7687,12.1645,1365.38,0
2026-10-04 02:50:10,26.945,44.998,1014.094,0.1126,140.228,1.7623,12.1433,1366.48,0
2026-10-04 02:50:20,27.015,46.195,1016.085,0.1294,133.205,1.7408,12.1692,1355.15,0
2026-10-04 02:50:30,27.278,46.279,1016.438,0.1185,134.961,1.7339,12.1799,1388.11,0
2026-10-04 02:50:40,27.232,45.884,1015.117,0.1255,129.941,1.791,12.1896,1356.15,0
2026-10-04 02:50:50,27.081,46.625,1015.875,0.1241,134.729,1.7237,12.2045,1343.05,0
2026-10-04 02:51:00,27.036,45.939,1015.697,0.1178,134.264,1.7137,12.1604,1387.71,0
2026-10-04 02:51:10,27.049,45.126,1015.956,0.1129,128.354,1.7345,12.1599,1386.93,0
2026-10-04 02:51:20,27.112,46.021,1015.503,0.1452,131.515,1.7036,12.1986,1360.3,0
2026-10-04 02:51:30,26.919,45.966,1016.788,0.1243,131.271,1.7266,12.1811,1380.92,0
2026-10-04 02:51:40,27.014,45.546,1015.99,0.1391,129.876,1.7211,12.1976,1356.47,0
2026-10-04 02:51:50,26.848,46.139,1015.272,0.1336,132.435,1.7492,12.2154,1374.66,0
2026-10-04 02:52:00,27.099,45.023,1016.53,0.1215,136.13,1.7828,12.1454,1381.38,0
2026-10-04 02:52:10,27.132,46.356,1015.004,0.1252,132.698,1.7315,12.1866,1386.27,0
2026-10-04 02:52:20,27.0,45.426,1016.789,0.1248,138.037,1.7675,12.1513,1381.68,0
2026-10-04 02:52:30,27.25,45.378,1016.585,0.1381,133.497,1.7643,12.2053,1347.2,0
2026-10-04 02:52:40,26.917,45.818,1016.865,0.1298,135.558,1.6896,12.1364,1380.03,0
2026-10-04 02:52:50,26.891,46.096,1015.782,0.1165,136.066,1.731,12.1889,1408.09,0
2026-10-04 02:53:00,27.097,45.966,1015.547,0.1255,139.169,1.735,12.152,1381.14,0
2026-10-04 02:53:10,27.199,45.518,1015.954,0.1289,132.412,1.7536,12.1796,1354.36,0
2026-10-04 02:53:20,27.278,45.641,1015.837,0.1128,135.882,1.7579,12.1974,1364.37,0
2026-10-04 02:53:30,27.024,45.332,1015.44,0.126,131.708,1.7516,12.1495,1367.23,0
2026-10-04 02:53:40,27.211,45.791,1015.511,0.1326,139.708,1.7206,12.1288,1339.81,0
2026-10-04 02:53:50,27.08,46.446,1015.643,0.1147,131.416,1.7267,12.1589,1376.18,0
2026-10-04 02:54:00,27.067,45.911,1015.081,0.1156,135.68,1.7046,12.1556,1369.3,0
2026-10-04 02:54:10,27.196,46.348,1016.376,0.1304,139.201,1.7435,12.1331,1369.9,0
2026-10-04 02:54:20,27.171,46.651,1015.865,0.1181,130.926,1.7323,12.1149,1372.47,0
2026-10-04 02:54:30,26.907,45.635,1015.687,0.1128,136.294,1.7544,12.1954,1363.4,0
2026-10-04 02:54:40,27.276,45.84,1015.127,0.1275,131.524,1.7581,12.2022,1386.95,0
2026-10-04 02:54:50,27.267,47.024,1015.093,0.1248,141.481,1.732,12.1498,1376.78,0
2026-10-04 02:55:00,27.029,46.666,1017.261,0.1208,128.815,1.7471,12.1574,1365.91,0
2026-10-04 02:55:10,27.154,45.113,1015.468,0.1288,129.93,1.7342,12.1848,1380.49,0
2026-10-04 02:55:20,27.168,46.148,1016.335,0.1291,131.111,1.7114,12.1851,1379.04,0
2026-10-04 02:55:30,27.143,45.96,1016.022,0.1187,131.2,1.7189,12.2089,1359.29,0
2026-10-04 02:55:40,27.048,46.379,1013.967,0.1349,136.024,1.6818,12.1799,1370.92,0
2026-10-04 02:55:50,27.036,45.598,1017.165,0.1315,139.853,1.7283,12.1386,1370.8,0
2026-10-04 02:56:00,27.116,45.556,1016.39,0.1028,137.913,1.723,12.1839,1364.54,0
2026-10-04 02:56:10,27.262,45.644,1015.375,0.1102,135.142,1.7101,12.1466,1352.87,0
2026-10-04 02:56:20,27.189,45.701,1015.893,0.1002,134.462,1.7576,12.1623,1363.89,0
2026-10-04 02:56:30,27.081,46.4,1015.11,0.1154,132.607,1.7499,12.1916,1392.03,0
2026-10-04 02:56:40,27.221,45.408,1017.193,0.1081,135.592,1.7503,12.1411,1363.21,0
2026-10-04 02:56:50,26.789,45.693,1015.28,0.111,133.785,1.7533,12.1618,1386.34,0
2026-10-04 02:57:00,27.27,45.115,1015.551,0.126,134.973,1.7357,12.1329,1372.24,0
2026-10-04 02:57:10,26.926,46.519,1015.407,0.1031,132.174,1.735,12.1387,1375.2,0
2026-10-04 02:57:20,27.093,46.657,1015.975,0.1179,130.784,1.7558,12.1496,1354.23,0
2026-10-04 02:57:30,27.005,45.863,1016.879,0.1176,134.459,1.7513,12.204,1389.97,0
2026-10-04 02:57:40,26.986,45.884,1017.173,0.1158,134.385,1.76,12.1639,1403.33,0
2026-10-04 02:57:50,27.282,46.265,1015.642,0.1172,132.58,1.7329,12.2291,1361.88,0
2026-10-04 02:58:00,27.089,46.782,1016.187,0.0981,132.06,1.7089,12.1868,1391.82,0
2026-10-04 02:58:10,27.188,46.255,1015.98,0.1093,136.027,1.7392,12.1874,1353.15,0
2026-10-04 02:58:20,27.143,45.708,1015.236,0.1279,135.709,1.7184,12.1353,1371.31,0
2026-10-04 02:58:30,27.208,45.253,1017.62,0.1057,139.967,1.7489,12.1588,1354.45,0
2026-10-04 02:58:40,27.162,45.511,1016.879,0.1284,138.472,1.7394,12.1339,1377.62,0
2026-10-04 02:58:50,27.0,46.111,1016.058,0.1036,130.74,1.7331,12.1546,1368.83,0
2026-10-04 02:59:00,27.276,45.753,1017.034,0.1024,133.741,1.7217,12.1509,1371.06,0
2026-10-04 02:59:10,27.098,46.184,1016.776,0.1068,130.211,1.7562,12.1611,1391.43,0
2026-10-04 02:59:20,26.973,45.817,1015.986,0.1233,128.78,1.7539,12.1827,1390.33,0
2026-10-04 02:59:30,27.11,45.57,1016.158,0.1096,140.876,1.7165,12.1554,1369.03,0
2026-10-04 02:59:40,27.343,45.517,1016.989,0.1165,138.723,1.6994,12.1829,1388.15,0
2026-10-04 02:59:50,27.266,46.893,1015.269,0.1142,132.385,1.7343,12.1251,1388.74,0
2026-10-04 03:00:00,27.124,46.563,1017.103,0.1129,137.996,1.7591,12.1728,1388.06,0
2026-10-04 03:00:10,27.125,46.99,1015.775,0.1233,138.433,1.6976,12.1506,1373.57,0
2026-10-04 03:00:20,27.13,46.401,1017.001,0.1191,128.488,1.7405,12.1678,1376.25,0
2026-10-04 03:00:30,27.419,45.923,1015.931,0.1036,136.793,1.7079,12.1829,1366.98,0
2026-10-04 03:00:40,27.217,46.806,1016.171,0.1103,132.758,1.7027,12.1252,1406.19,0
2026-10-04 03:00:50,27.224,46.134,1015.912,0.1262,135.374,1.7511,12.1978,1377.11,0
2026-10-04 03:01:00,27.298,46.267,1015.564,0.1146,143.246,1.7437,12.1562,1369.83,0
2026-10-04 03:01:10,27.204,46.142,1015.748,0.0998,138.964,1.7233,12.2074,1378.56,0
2026-10-04 03:01:20,27.146,44.697,1016.903,0.1001,133.815,1.7465,12.1626,1375.03,0
2026-10-04 03:01:30,27.154,46.979,1014.319,0.1185,138.456,1.7435,12.1937,1401.84,0
2026-10-04 03:01:40,27.17,46.429,1015.072,0.1168,128.416,1.689,12.1621,1370.53,0
2026-10-04 03:01:50,27.176,46.355,1015.432,0.1036,135.685,1.7279,12.1671,1382.3,0
2026-10-04 03:02:00,27.268,46.166,1015.186,0.1168,135.748,1.7608,12.1632,1368.97,0
2026-10-04 03:02:10,27.188,46.286,1016.999,0.1234,136.274,1.737,12.1547,1345.41,0
2026-10-04 03:02:20,27.271,45.912,1016.823,0.122,132.623,1.6594,12.1537,1370.7,0
2026-10-04 03:02:30,27.174,46.526,1016.358,0.123,135.286,1.6977,12.1656,1383.43,0
2026-10-04 03:02:40,27.194,45.571,1015.498,0.1144,136.699,1.7491,12.1736,1372.63,0
2026-10-04 03:02:50,26.946,46.324,1016.879,0.1083,127.153,1.7099,12.1656,1353.21,0
2026-10-04 03:03:00,27.297,46.519,1014.834,0.1063,133.165,1.7515,12.1727,1394.29,0
2026-10-04 03:03:10,27.229,46.146,1017.446,0.1092,131.394,1.7743,12.1216,1352.63,0
2026-10-04 03:03:20,27.308,46.438,1015.468,0.1021,136.082,1.7169,12.1821,1358.84,0
2026-10-04 03:03:30,26.841,45.763,1015.764,0.1061,138.22,1.7071,12.1408,1353.53,0
2026-10-04 03:03:40,27.44,45.783,1015.648,0.119,132.242,1.6971,12.118,1354.83,0
2026-10-04 03:03:50,27.174,46.392,1015.198,0.0957,130.802,1.7409,12.2053,1371.01,0
2026-10-04 03:04:00,27.324,46.62,1017.297,0.096,134.411,1.7065,12.1943,1379.47,0
2026-10-04 03:04:10,27.067,45.35,1016.503,0.1148,130.59,1.7112,12.1586,1361.48,0
2026-10-04 03:04:20,27.266,46.556,1016.802,0.1052,133.362,1.6932,12.1855,1378.72,0
2026-10-04 03:04:30,27.066,46.03,1015.095,0.0924,133.036,1.7098,12.1504,1381.76,0
2026-10-04 03:04:40,27.118,46.213,1016.079,0.1071,135.763,1.7027,12.1468,1365.27,0
2026-10-04 03:04:50,27.423,45.647,1016.318,0.1057,134.959,1.6705,12.1436,1347.47,0
2026-10-04 03:05:00,27.171,45.898,1016.143,0.1037,134.488,1.6987,12.1423,1392.87,0
2026-10-04 03:05:10,27.22,46.814,1015.142,0.1125,138.905,1.738,12.1517,1360.08,0
2026-10-04 03:05:20,27.299,46.355,1016.708,0.0961,134.794,1.7528,12.1402,1336.97,0
2026-10-04 03:05:30,27.254,46.154,1016.041,0.1067,132.722,1.7161,12.0868,1364.27,0
2026-10-04 03:05:40,27.213,46.295,1015.288,0.1047,133.08,1.7193,12.1533,1378.84,0
2026-10-04 03:05:50,27.239,46.605,1014.658,0.1065,131.663,1.7253,12.1335,1381.07,0
2026-10-04 03:06:00,27.484,46.588,1016.382,0.0922,130.891,1.7669,12.1651,1353.0,0
2026-10-04 03:06:10,27.188,46.338,1017.674,0.1017,129.769,1.6923,12.1515,1342.31,0
2026-10-04 03:06:20,27.219,46.93,1015.248,0.1058,137.33,1.6857,12.1733,1374.62,0
2026-10-04 03:06:30,27.321,46.876,1016.079,0.1098,131.763,1.7157,12.1576,1377.78,0
2026-10-04 03:06:40,27.328,46.605,1016.737,0.1201,134.856,1.7265,12.1255,1386.79,0
2026-10-04 03:06:50,27.338,46.433,1015.072,0.1116,132.998,1.7155,12.1254,1385.06,0
2026-10-04 03:07:00,27.272,46.742,1015.625,0.1086,133.8,1.6819,12.1259,1372.21,0
2026-10-04 03:07:10,27.058,46.578,1015.36,0.1149,137.34,1.7379,12.1352,1356.22,0
2026-10-04 03:07:20,27.391,46.959,1016.652,0.1022,134.398,1.712,12.1391,1362.76,0
2026-10-04 03:07:30,27.057,46.886,1016.891,0.1168,131.09,1.729,12.1796,1366.36,0
2026-10-04 03:07:40,27.231,45.935,1016.075,0.1132,132.156,1.7537,12.1611,1356.27,0
2026-10-04 03:07:50,27.104,45.909,1015.375,0.1005,136.418,1.678,12.1098,1386.22,0
2026-10-04 03:08:00,27.186,46.109,1015.655,0.1193,135.277,1.6713,12.1343,1385.42,0
2026-10-04 03:08:10,27.233,46.956,1015.524,0.1073,136.585,1.7281,12.1552,1349.07,0
2026-10-04 03:08:20,27.232,45.688,1015.282,0.1211,133.092,1.6628,12.1309,1365.19,0
2026-10-04 03:08:30,27.243,46.681,1015.895,0.1058,129.609,1.7034,12.1579,1400.96,0
2026-10-04 03:08:40,27.386,46.673,1016.369,0.0987,135.307,1.6988,12.1348,1387.48,0
2026-10-04 03:08:50,27.246,47.081,1016.311,0.0969,134.535,1.7218,12.1523,1372.87,0
2026-10-04 03:09:00,27.162,46.597,1015.962,0.1,134.603,1.6959,12.1413,1386.49,0
2026-10-04 03:09:10,27.306,45.844,1016.009,0.0982,129.611,1.7245,12.1582,1394.81,0
2026-10-04 03:09:20,27.332,46.044,1015.912,0.1127,131.825,1.6853,12.1913,1371.5,0
2026-10-04 03:09:30,27.042,45.94,1015.062,0.1022,130.92,1.6806,12.1775,1349.75,0
2026-10-04 03:09:40,27.26,46.27,1016.082,0.0893,134.922,1.7119,12.128,1383.01,0
2026-10-04 03:09:50,27.272,46.456,1015.562,0.1038,135.015,1.7137,12.2177,1383.81,0
2026-10-04 03:10:00,27.151,45.973,1015.028,0.1029,133.573,1.7182,12.1843,1355.07,0
2026-10-04 03:10:10,27.351,47.299,1016.231,0.098,136.595,1.7475,12.1375,1374.09,0
2026-10-04 03:10:20,27.167,45.909,1015.544,0.1038,138.154,1.7423,12.1329,1358.34,0
2026-10-04 03:10:30,27.199,47.253,1016.132,0.1011,134.73,1.7213,12.1629,1345.56,0
2026-10-04 03:10:40,27.162,47.181,1016.567,0.1064,135.673,1.7299,12.1719,1373.56,0
2026-10-04 03:10:50,27.184,47.045,1015.309,0.1058,132.025,1.716,12.1983,1392.06,0
2026-10-04 03:11:00,27.049,46.258,1016.039,0.1039,131.462,1.7386,12.1667,1375.13,0
2026-10-04 03:11:10,27.007,46.784,1014.708,0.0905,136.657,1.718,12.1373,1372.99,0
2026-10-04 03:11:20,27.37,45.982,1017.048,0.1177,130.992,1.6948,12.1411,1350.38,0
2026-10-04 03:11:30,27.076,47.085,1015.025,0.0881,135.697,1.6895,12.1693,1379.83,0
2026-10-04 03:11:40,27.057,46.601,1015.616,0.0994,138.753,1.7368,12.12,1362.14,0
2026-10-04 03:11:50,26.917,46.441,1016.914,0.0916,135.544,1.7032,12.1908,1358.8,0
2026-10-04 03:12:00,27.097,46.042,1015.813,0.1033,133.33,1.7555,12.1397,1383.74,0
2026-10-04 03:12:10,27.014,45.424,1015.14,0.1011,129.54,1.6797,12.1771,1352.32,0
2026-10-04 03:12:20,27.368,46.152,1016.477,0.0986,134.04,1.7383,12.183,1367.41,0
2026-10-04 03:12:30,27.291,47.236,1016.462,0.1119,136.566,1.6961,12.2293,1353.41,0
2026-10-04 03:12:40,27.086,46.487,1015.536,0.1085,132.991,1.7167,12.1451,1366.18,0
2026-10-04 03:12:50,27.437,46.612,1015.612,0.0969,136.581,1.6737,12.1457,1337.83,0
2026-10-04 03:13:00,27.283,47.033,1015.675,0.1058,134.6,1.66,12.1443,1378.89,0
2026-10-04 03:13:10,27.125,47.616,1015.835,0.1118,134.367,1.7427,12.1567,1376.66,0
2026-10-04 03:13:20,26.862,47.384,1014.656,0.1079,132.532,1.6945,12.1362,1403.51,0
2026-10-04 03:13:30,27.436,46.244,1015.854,0.0979,129.102,1.7298,12.1824,1374.54,0
2026-10-04 03:13:40,26.992,45.768,1017.23,0.0862,132.184,1.6885,12.1772,1357.43,0
2026-10-04 03:13:50,26.96,47.927,1015.355,0.1014,132.148,1.7293,12.1455,1385.89,0
2026-10-04 03:14:00,27.278,47.891,1015.574,0.104,135.162,1.6937,12.134,1385.6,0
2026-10-04 03:14:10,27.447,46.859,1015.154,0.0924,133.378,1.6739,12.1407,1390.72,0
2026-10-04 03:14:20,27.318,46.138,1016.412,0.0986,136.662,1.7201,12.1398,1341.77,0
2026-10-04 03:14:30,27.218,47.264,1016.826,0.0976,134.245,1.7273,12.1637,1360.72,0
2026-10-04 03:14:40,27.22,46.737,1016.81,0.1093,131.876,1.7194,12.1561,1357.68,0
2026-10-04 03:14:50,27.249,46.743,1015.111,0.1129,130.932,1.6995,12.1717,1394.28,0
2026-10-04 03:15:00,27.235,47.255,1016.335,0.1074,131.555,1.6592,12.1882,1383.5,0
2026-10-04 03:15:10,27.176,46.984,1016.989,0.0972,133.835,1.6759,12.1583,1388.44,0
2026-10-04 03:15:20,27.153,46.233,1016.342,0.107,132.223,1.6849,12.1656,1355.27,0
2026-10-04 03:15:30,27.131,46.672,1016.321,0.1029,130.1,1.6957,12.212,1373.6,0
2026-10-04 03:15:40,27.046,47.174,1015.656,0.097,136.337,1.7302,12.1647,1347.27,0
2026-10-04 03:15:50,27.1,47.107,1016.141,0.1142,133.762,1.6988,12.1381,1355.21,0
2026-10-04 03:16:00,26.929,46.992,1016.852,0.0915,134.117,1.6488,12.1485,1373.67,0
2026-10-04 03:16:10,27.118,47.336,1016.217,0.1021,130.813,1.6365,12.1084,1375.22,0
2026-10-04 03:16:20,27.009,46.697,1015.114,0.1039,130.144,1.6836,12.1636,1377.86,0
2026-10-04 03:16:30,26.993,46.976,1015.669,0.0948,132.77,1.6879,12.1361,1362.28,0
2026-10-04 03:16:40,27.144,45.208,1016.835,0.1015,127.16,1.7094,12.1274,1378.49,0
2026-10-04 03:16:50,27.287,46.68,1016.216,0.1045,135.571,1.664,12.1279,1372.26,0
2026-10-04 03:17:00,27.228,47.296,1016.072,0.0988,131.107,1.6655,12.178,1395.82,0
2026-10-04 03:17:10,26.927,46.727,1015.602,0.1005,132.404,1.7112,12.1428,1365.95,0
2026-10-04 03:17:20,26.994,46.698,1016.822,0.0975,134.475,1.7329,12.1683,1344.91,0
2026-10-04 03:17:30,27.223,46.42,1017.154,0.103,132.508,1.6503,12.1587,1381.76,0
2026-10-04 03:17:40,26.99,47.451,1016.875,0.0947,129.665,1.6799,12.1539,1377.64,0
2026-10-04 03:17:50,27.078,47.233,1017.0,0.0939,137.674,1.7267,12.1392,1359.34,0
2026-10-04 03:18:00,27.169,47.38,1015.74,0.0965,128.547,1.722,12.161,1367.87,0
2026-10-04 03:18:10,26.984,46.113,1015.641,0.1058,126.422,1.6753,12.1379,1375.77,0
2026-10-04 03:18:20,27.11,46.905,1015.882,0.0822,135.743,1.7272,12.1523,1367.26,0
2026-10-04 03:18:30,26.934,46.854,1016.019,0.0889,128.728,1.6991,12.1759,1356.38,0
2026-10-04 03:18:40,27.02,46.863,1016.994,0.1143,136.852,1.7143,12.181,1370.13,0
2026-10-04 03:18:50,27.127,46.704,1016.808,0.0982,134.212,1.68,12.1371,1386.49,0
2026-10-04 03:19:00,26.895,46.848,1016.37,0.0927,133.917,1.7047,12.1571,1367.89,0
2026-10-04 03:19:10,27.136,47.455,1014.991,0.1023,131.348,1.668,12.1623,1376.59,0
2026-10-04 03:19:20,27.078,46.083,1014.811,0.0896,130.566,1.6832,12.1535,1370.79,0
2026-10-04 03:19:30,27.144,47.937,1016.162,0.079,131.901,1.6893,12.1665,1355.08,0
2026-10-04 03:19:40,27.101,47.3,1016.61,0.0986,130.385,1.7,12.1667,1372.12,0
2026-10-04 03:19:50,27.235,47.046,1015.938,0.0898,136.626,1.7565,12.1931,1367.13,0
2026-10-04 03:20:00,27.083,47.529,1017.335,0.0964,130.762,1.7601,12.2009,1385.29,0
2026-10-04 03:20:10,27.014,46.359,1015.237,0.0982,134.496,1.6862,12.1428,1392.55,0
2026-10-04 03:20:20,27.077,46.762,1015.149,0.0967,135.98,1.7327,12.1883,1387.35,0
2026-10-04 03:20:30,27.124,47.043,1015.53,0.0818,130.307,1.6677,12.1576,1363.2,0
2026-10-04 03:20:40,27.062,47.795,1015.503,0.0957,134.067,1.7052,12.142,1356.9,0
2026-10-04 03:20:50,27.057,47.098,1016.364,0.099,130.243,1.6779,12.1615,1351.74,0
2026-10-04 03:21:00,26.965,47.356,1015.7,0.0842,132.391,1.6836,12.1404,1377.1,0
2026-10-04 03:21:10,26.966,46.845,1014.912,0.0832,131.522,1.7612,12.145,1364.04,0
2026-10-04 03:21:20,26.874,47.393,1016.62,0.0867,130.798,1.6848,12.1185,1358.09,0
2026-10-04 03:21:30,27.249,47.997,1014.764,0.1012,133.344,1.678,12.1478,1404.33,0
2026-10-04 03:21:40,26.887,47.665,1015.246,0.0792,129.215,1.669,12.169,1382.31,0
2026-10-04 03:21:50,26.949,47.136,1014.861,0.1018,135.632,1.6746,12.1635,1380.18,0
2026-10-04 03:22:00,26.943,47.524,1016.142,0.0983,129.586,1.6581,12.1545,1379.55,0
2026-10-04 03:22:10,27.133,47.484,1016.127,0.0931,129.016,1.699,12.1887,1399.66,0
2026-10-04 03:22:20,26.986,47.458,1017.338,0.0833,132.046,1.6984,12.1985,1372.99,0
2026-10-04 03:22:30,27.168,47.77,1016.637,0.0887,131.672,1.7015,12.1574,1384.89,0
2026-10-04 03:22:40,26.934,47.775,1017.006,0.1013,133.843,1.6926,12.1848,1389.29,0
2026-10-04 03:22:50,27.045,47.169,1016.199,0.1051,133.017,1.6785,12.1534,1403.73,0
2026-10-04 03:23:00,26.907,47.562,1015.314,0.0868,127.866,1.6761,12.1467,1375.97,0
2026-10-04 03:23:10,27.261,47.059,1016.087,0.1042,135.694,1.6963,12.1684,1394.64,0
2026-10-04 03:23:20,26.857,46.799,1016.413,0.1005,131.889,1.6909,12.1425,1348.82,0
2026-10-04 03:23:30,27.033,47.135,1016.491,0.095,133.431,1.6761,12.0851,1408.14,0
2026-10-04 03:23:40,27.068,47.241,1015.667,0.0891,139.299,1.6846,12.1375,1382.85,0
2026-10-04 03:23:50,27.038,46.457,1016.34,0.0904,136.538,1.7301,12.1062,1387.98,0
2026-10-04 03:24:00,26.962,47.727,1015.345,0.1096,133.297,1.7407,12.134,1357.52,0
2026-10-04 03:24:10,26.965,45.923,1015.268,0.0964,128.532,1.6857,12.1299,1356.69,0
2026-10-04 03:24:20,26.982,48.673,1015.218,0.1056,128.568,1.6727,12.13,1367.36,0
2026-10-04 03:24:30,26.955,48.076,1016.016,0.0969,136.109,1.6898,12.117,1377.49,0
2026-10-04 03:24:40,27.085,47.204,1015.174,0.0914,131.403,1.7191,12.1132,1373.51,0
2026-10-04 03:24:50,27.23,47.349,1015.702,0.0997,132.089,1.6895,12.1268,1371.32,0
2026-10-04 03:25:00,26.894,47.505,1016.631,0.1123,129.144,1.6993,12.1336,1374.66,0
2026-10-04 03:25:10,26.792,47.068,1015.279,0.0899,133.903,1.6738,12.1353,1342.74,0
2026-10-04 03:25:20,26.942,47.468,1015.646,0.1024,135.976,1.6609,12.1491,1384.3,0
2026-10-04 03:25:30,27.258,47.309,1016.049,0.0966,137.108,1.7089,12.1601,1375.5,0
2026-10-04 03:25:40,26.848,47.343,1016.172,0.0835,131.178,1.6946,12.1171,1392.46,0
2026-10-04 03:25:50,27.137,47.491,1015.65,0.0833,134.443,1.7059,12.1203,1371.2,0
2026-10-04 03:26:00,27.137,46.752,1016.55,0.0915,132.209,1.6466,12.1836,1372.91,0
2026-10-04 03:26:10,26.865,47.438,1016.413,0.0979,135.12,1.735,12.1608,1381.01,0
2026-10-04 03:26:20,26.996,47.51,1016.798,0.1022,132.453,1.6954,12.1223,1389.06,0
2026-10-04 03:26:30,27.119,47.502,1015.943,0.0826,129.978,1.6437,12.1102,1396.21,0
2026-10-04 03:26:40,26.873,47.339,1015.641,0.1004,136.396,1.7134,12.129,1378.49,0
2026-10-04 03:26:50,26.89,48.025,1015.522,0.0943,132.717,1.6792,12.135,1385.69,0
2026-10-04 03:27:00,26.84,47.289,1016.215,0.0953,131.352,1.6892,12.1582,1379.91,0
2026-10-04 03:27:10,26.784,47.588,1015.736,0.1,132.925,1.6763,12.0835,1375.17,0
2026-10-04 03:27:20,26.823,48.133,1015.601,0.1093,130.167,1.6857,12.1168,1350.9,0
2026-10-04 03:27:30,26.75,47.454,1015.686,0.0978,133.608,1.6868,12.1857,1382.98,0
2026-10-04 03:27:40,26.896,47.61,1015.521,0.0846,131.758,1.6461,12.141,1366.4,0
2026-10-04 03:27:50,26.795,47.464,1016.139,0.094,129.948,1.7093,12.142,1393.28,0
2026-10-04 03:28:00,26.911,48.14,1015.011,0.1023,139.448,1.6903,12.1262,1367.36,0
2026-10-04 03:28:10,26.692,47.402,1016.212,0.1027,129.28,1.6985,12.1599,1372.03,0
2026-10-04 03:28:20,26.914,48.182,1016.474,0.101,133.347,1.7076,12.0949,1368.39,0
2026-10-04 03:28:30,26.969,47.498,1015.593,0.0916,132.443,1.6901,12.1292,1388.88,0
2026-10-04 03:28:40,26.625,47.129,1017.345,0.0848,129.18,1.6952,12.0877,1376.51,0
2026-10-04 03:28:50,26.905,47.908,1016.012,0.1005,131.23,1.6501,12.1391,1389.75,0
2026-10-04 03:29:00,27.002,47.425,1014.907,0.0861,128.199,1.6659,12.1283,1341.34,0
2026-10-04 03:29:10,26.705,47.897,1015.803,0.1014,138.411,1.6887,12.0985,1411.48,0
2026-10-04 03:29:20,27.046,46.232,1016.044,0.1015,131.393,1.691,12.1644,1366.59,0
2026-10-04 03:29:30,26.891,47.608,1016.314,0.0923,131.633,1.6963,12.1562,1393.45,0
2026-10-04 03:29:40,26.751,47.385,1015.82,0.0952,138.002,1.7213,12.1646,1389.6,0
2026-10-04 03:29:50,26.824,47.093,1015.292,0.0977,129.679,1.6836,12.101,1392.95,0
2026-10-04 03:30:00,26.893,47.357,1015.233,0.0913,136.018,1.6949,12.1134,1370.19,0
2026-10-04 03:30:10,26.83,47.356,1015.542,0.0852,133.897,1.6872,12.1684,1377.55,0
2026-10-04 03:30:20,26.881,47.629,1015.609,0.0961,126.167,1.6794,12.1585,1388.79,0
2026-10-04 03:30:30,26.701,46.978,1015.205,0.097,130.976,1.6802,12.1732,1383.06,0
2026-10-04 03:30:40,26.827,47.829,1015.487,0.1074,133.383,1.6658,12.132,1369.54,0
2026-10-04 03:30:50,26.632,48.364,1016.461,0.0903,132.165,1.6823,12.1351,1391.97,0
2026-10-04 03:31:00,26.783,47.83,1017.153,0.1052,132.157,1.6796,12.1531,1417.81,0
2026-10-04 03:31:10,26.683,48.104,1016.528,0.0876,130.205,1.6812,12.1037,1377.41,0
2026-10-04 03:31:20,26.698,48.256,1016.913,0.0861,129.872,1.6413,12.1423,1391.25,0
2026-10-04 03:31:30,26.93,48.336,1016.681,0.0945,131.07,1.6823,12.2006,1387.54,0
2026-10-04 03:31:40,26.907,48.662,1016.582,0.0895,137.863,1.6627,12.1281,1378.75,0
2026-10-04 03:31:50,26.844,47.487,1015.762,0.0862,129.241,1.683,12.0968,1396.59,0
2026-10-04 03:32:00,26.635,47.387,1016.097,0.1127,130.501,1.6571,12.147,1396.58,0
2026-10-04 03:32:10,26.723,48.147,1015.704,0.0937,132.019,1.6856,12.1141,1376.64,0
2026-10-04 03:32:20,26.901,48.119,1015.845,0.1159,127.527,1.6768,12.1338,1406.58,0
2026-10-04 03:32:30,26.767,48.162,1016.046,0.0895,133.196,1.6684,12.1635,1385.44,0
2026-10-04 03:32:40,27.023,48.728,1016.498,0.0839,128.02,1.6912,12.1501,1401.61,0
2026-10-04 03:32:50,26.787,47.798,1016.295,0.108,128.607,1.6933,12.1238,1390.84,0
2026-10-04 03:33:00,26.757,48.015,1015.885,0.092,128.447,1.6825,12.1568,1386.47,0
2026-10-04 03:33:10,26.692,47.321,1016.037,0.099,126.915,1.6979,12.094,1385.95,0
2026-10-04 03:33:20,26.74,48.888,1016.301,0.0871,135.625,1.6732,12.1405,1396.42,0
2026-10-04 03:33:30,26.7,47.661,1016.465,0.0978,133.369,1.6935,12.1258,1369.98,0
2026-10-04 03:33:40,26.798,47.685,1014.934,0.0872,134.555,1.6823,12.0763,1392.25,0
2026-10-04 03:33:50,26.822,47.675,1015.243,0.0977,134.265,1.6583,12.1049,1406.54,0
2026-10-04 03:34:00,26.608,47.535,1016.772,0.0946,131.251,1.6631,12.1346,1394.76,0
2026-10-04 03:34:10,26.537,47.502,1015.954,0.1004,131.651,1.7122,12.1535,1361.1,0
2026-10-04 03:34:20,26.471,47.614,1015.7,0.1037,134.764,1.7224,12.1352,1366.77,0
2026-10-04 03:34:30,26.747,47.202,1015.812,0.1007,136.622,1.7007,12.1271,1388.04,0
2026-10-04 03:34:40,26.548,47.501,1015.812,0.1025,127.916,1.6682,12.1546,1376.13,0
2026-10-04 03:34:50,26.416,48.878,1016.387,0.0981,139.234,1.7184,12.1411,1401.49,0
2026-10-04 03:35:00,26.716,48.28,1015.221,0.0957,127.71,1.6979,12.159,1381.25,0
2026-10-04 03:35:10,26.963,48.385,1016.013,0.103,130.255,1.6909,12.1483,1396.84,0
2026-10-04 03:35:20,26.657,48.519,1016.168,0.0985,131.846,1.7285,12.116,1417.88,0
2026-10-04 03:35:30,26.753,48.857,1016.273,0.0989,132.105,1.6609,12.1504,1389.35,0
2026-10-04 03:35:40,26.656,47.063,1016.151,0.1028,137.482,1.7016,12.1575,1374.04,0
2026-10-04 03:35:50,26.629,47.343,1016.356,0.0915,134.61,1.6618,12.1683,1395.38,0
2026-10-04 03:36:00,26.746,47.565,1015.594,0.1113,132.796,1.667,12.12,1393.9,0
2026-10-04 03:36:10,26.595,47.742,1015.336,0.098,134.647,1.7471,12.1239,1393.63,0
2026-10-04 03:36:20,26.656,47.835,1017.714,0.1012,132.562,1.6945,12.1549,1410.62,0
2026-10-04 03:36:30,26.657,47.771,1015.783,0.1,129.481,1.7281,12.1537,1372.53,0
2026-10-04 03:36:40,26.532,48.113,1015.865,0.1057,132.948,1.6954,12.1198,1405.54,0
2026-10-04 03:36:50,26.726,48.031,1016.468,0.1033,131.676,1.6918,12.1156,1381.68,0
2026-10-04 03:37:00,26.58,47.661,1017.111,0.1003,128.928,1.666,12.1214,1411.71,0
2026-10-04 03:37:10,26.505,46.943,1015.612,0.1125,135.228,1.7061,12.1341,1359.39,0
2026-10-04 03:37:20,26.654,47.544,1015.294,0.0754,131.26,1.6822,12.1097,1424.91,0
2026-10-04 03:37:30,26.476,47.774,1015.123,0.1111,128.045,1.6835,12.1423,1387.62,0
2026-10-04 03:37:40,26.581,47.935,1017.108,0.1087,128.501,1.6749,12.0884,1373.76,0
2026-10-04 03:37:50,26.571,47.502,1015.266,0.0868,132.977,1.6788,12.1107,1405.76,0
2026-10-04 03:38:00,26.696,47.831,1015.973,0.1091,134.503,1.6819,12.1359,1400.05,0
2026-10-04 03:38:10,26.617,47.52,1015.308,0.1102,132.783,1.6843,12.1082,1399.41,0
2026-10-04 03:38:20,26.551,48.031,1014.978,0.1064,132.779,1.6799,12.1205,1406.79,0
2026-10-04 03:38:30,26.647,47.567,1015.787,0.0896,128.872,1.6422,12.1277,1393.62,0
2026-10-04 03:38:40,26.709,47.688,1015.334,0.1077,131.565,1.6946,12.1837,1388.92,0
2026-10-04 03:38:50,26.604,47.467,1015.506,0.1105,130.279,1.6779,12.0979,1376.16,0
2026-10-04 03:39:00,26.532,48.053,1017.395,0.098,130.667,1.598,12.1363,1392.08,0
2026-10-04 03:39:10,26.367,47.706,1016.287,0.1063,130.899,1.6412,12.1046,1386.36,0
2026-10-04 03:39:20,26.391,48.601,1016.642,0.1001,129.237,1.669,12.1035,1394.14,0
2026-10-04 03:39:30,26.476,48.36,1016.567,0.1101,133.455,1.7128,12.108,1396.2,0
2026-10-04 03:39:40,26.434,48.131,1015.918,0.1007,128.155,1.6959,12.1258,1420.81,0
2026-10-04 03:39:50,26.478,47.776,1015.681,0.0987,127.269,1.6635,12.1655,1383.78,0
2026-10-04 03:40:00,26.502,48.373,1016.163,0.1032,128.792,1.6759,12.1588,1393.12,0
2026-10-04 03:40:10,26.552,48.537,1016.106,0.093,133.78,1.7082,12.1178,1388.95,0
2026-10-04 03:40:20,26.474,48.272,1015.59,0.1028,132.13,1.6652,12.1225,1374.68,0
2026-10-04 03:40:30,26.535,49.012,1016.078,0.107,125.745,1.6534,12.1438,1439.65,0
2026-10-04 03:40:40,26.478,48.448,1015.493,0.1112,132.869,1.7025,12.1303,1382.18,0
2026-10-04 03:40:50,26.227,48.684,1015.867,0.1064,130.914,1.7084,12.1128,1402.01,0
2026-10-04 03:41:00,26.346,48.303,1015.752,0.0931,129.789,1.6653,12.145,1422.22,0
2026-10-04 03:41:10,26.435,48.583,1015.098,0.1156,130.298,1.6926,12.1689,1378.38,0
2026-10-04 03:41:20,26.301,47.855,1014.34,0.1164,127.005,1.6793,12.1547,1410.36,0
2026-10-04 03:41:30,26.512,48.033,1015.328,0.106,131.508,1.6656,12.162,1374.38,0
2026-10-04 03:41:40,26.618,48.446,1017.248,0.0993,127.168,1.7095,12.1244,1385.69,0
2026-10-04 03:41:50,26.574,48.451,1015.768,0.1012,129.902,1.6637,12.1007,1406.4,0
2026-10-04 03:42:00,26.396,48.542,1016.527,0.104,129.888,1.6991,12.0776,1394.14,0
2026-10-04 03:42:10,26.594,48.847,1014.497,0.1081,133.226,1.6819,12.0756,1420.31,0
2026-10-04 03:42:20,26.427,47.593,1015.278,0.1036,131.018,1.6759,12.1222,1400.68,0
2026-10-04 03:42:30,26.363,47.827,1015.035,0.0994,132.999,1.6663,12.1398,1406.82,0
2026-10-04 03:42:40,26.323,48.438,1015.841,0.1146,127.275,1.6555,12.148,1388.92,0
2026-10-04 03:42:50,26.355,47.969,1017.677,0.1087,130.521,1.6739,12.1329,1383.95,0
2026-10-04 03:43:00,26.338,50.029,1016.304,0.0984,132.417,1.6673,12.1086,1382.45,0
2026-10-04 03:43:10,26.399,48.606,1017.168,0.1093,134.535,1.6824,12.1428,1386.02,0
2026-10-04 03:43:20,26.391,48.318,1015.803,0.1085,127.373,1.6501,12.0964,1389.88,0
2026-10-04 03:43:30,26.366,48.108,1016.936,0.1016,128.249,1.6763,12.0986,1417.93,0
2026-10-04 03:43:40,26.412,48.134,1017.431,0.1171,132.27,1.6902,12.1413,1406.89,0
2026-10-04 03:43:50,26.496,48.398,1015.903,0.1088,135.57,1.6632,12.095,1381.93,0
2026-10-04 03:44:00,26.461,48.447,1015.602,0.1062,131.575,1.6986,12.1065,1395.19,0
2026-10-04 03:44:10,26.163,48.171,1015.056,0.1075,127.369,1.7013,12.1011,1401.18,0
2026-10-04 03:44:20,26.028,48.271,1015.762,0.1119,127.409,1.6498,12.1296,1445.9,0
2026-10-04 03:44:30,26.441,49.088,1016.035,0.108,131.067,1.661,12.1399,1402.3,0
2026-10-04 03:44:40,26.158,49.117,1017.399,0.1081,131.716,1.6465,12.1404,1409.24,0
2026-10-04 03:44:50,26.289,48.559,1015.07,0.1175,129.961,1.6906,12.1104,1387.82,0
2026-10-04 03:45:00,26.169,47.771,1016.018,0.0978,127.369,1.6832,12.1205,1413.79,0
2026-10-04 03:45:10,26.087,48.719,1014.706,0.0993,133.892,1.64,12.1429,1423.96,0
2026-10-04 03:45:20,26.362,49.235,1015.677,0.1158,129.523,1.6637,12.1111,1401.26,0
2026-10-04 03:45:30,26.382,49.151,1016.193,0.1291,132.132,1.6877,12.1014,1413.03,0
2026-10-04 03:45:40,26.215,48.842,1016.333,0.117,125.213,1.6828,12.108,1412.7,0
2026-10-04 03:45:50,25.967,49.194,1016.386,0.1251,134.117,1.7103,12.1087,1405.38,0
2026-10-04 03:46:00,26.206,48.518,1016.252,0.1069,128.441,1.6512,12.1245,1423.98,0
2026-10-04 03:46:10,26.313,48.813,1016.379,0.1055,134.51,1.6798,12.1229,1392.91,0
2026-10-04 03:46:20,26.082,48.167,1016.004,0.1144,132.296,1.655,12.1193,1392.09,0
2026-10-04 03:46:30,26.275,48.662,1015.238,0.1186,126.152,1.6828,12.1033,1405.52,0
2026-10-04 03:46:40,26.245,49.188,1014.675,0.1007,131.156,1.6755,12.0998,1400.13,0
2026-10-04 03:46:50,26.31,48.237,1015.588,0.1097,135.371,1.6869,12.1392,1362.34,0
2026-10-04 03:47:00,26.248,48.109,1015.876,0.1114,128.588,1.6699,12.1314,1395.32,0
2026-10-04 03:47:10,26.111,48.597,1016.848,0.1064,135.338,1.6992,12.1118,1374.62,0
2026-10-04 03:47:20,26.365,48.443,1015.899,0.1076,131.501,1.6623,12.1211,1402.04,0
2026-10-04 03:47:30,26.196,48.889,1015.831,0.119,134.346,1.6548,12.1526,1417.83,0
2026-10-04 03:47:40,26.206,48.345,1016.238,0.1162,130.785,1.6858,12.1204,1408.23,0
2026-10-04 03:47:50,26.09,49.439,1015.779,0.1191,129.915,1.7266,12.1218,1409.7,0
2026-10-04 03:48:00,26.143,47.943,1016.534,0.1156,135.78,1.6422,12.16,1405.65,0
2026-10-04 03:48:10,26.084,49.223,1017.352,0.1061,132.413,1.6517,12.1484,1411.45,0
2026-10-04 03:48:20,26.163,48.222,1017.5,0.1167,129.524,1.6861,12.1055,1450.93,0
2026-10-04 03:48:30,26.383,47.714,1016.033,0.1059,131.482,1.7085,12.1481,1403.56,0
2026-10-04 03:48:40,26.006,48.739,1016.201,0.1113,128.497,1.688,12.1169,1408.93,0
2026-10-04 03:48:50,25.971,48.5,1017.069,0.1057,130.496,1.6652,12.0948,1396.45,0
2026-10-04 03:49:00,26.335,48.081,1015.859,0.1093,133.74,1.6909,12.1535,1381.15,0
2026-10-04 03:49:10,26.127,47.803,1016.438,0.1152,129.648,1.6934,12.103,1413.98,0
2026-10-04 03:49:20,26.065,48.647,1015.168,0.111,127.491,1.6635,12.1078,1427.27,0
2026-10-04 03:49:30,26.264,49.147,1015.744,0.1078,127.195,1.7012,12.1108,1445.38,0
2026-10-04 03:49:40,26.06,48.959,1016.771,0.1242,130.297,1.6797,12.1711,1408.06,0
2026-10-04 03:49:50,26.346,48.703,1015.458,0.1144,127.634,1.6369,12.0963,1407.28,0
2026-10-04 03:50:00,26.202,48.921,1015.87,0.1113,125.739,1.6773,12.1048,1425.49,0
2026-10-04 03:50:10,26.055,48.676,1014.857,0.1071,126.422,1.6665,12.1112,1437.44,0
2026-10-04 03:50:20,26.366,47.982,1017.363,0.101,133.523,1.7134,12.1328,1393.51,0
2026-10-04 03:50:30,26.029,47.995,1016.842,0.1144,129.551,1.6476,12.1177,1422.31,0
2026-10-04 03:50:40,26.184,48.611,1016.089,0.1054,130.132,1.6688,12.1026,1440.06,0
2026-10-04 03:50:50,26.125,48.64,1016.312,0.1223,127.039,1.6873,12.1347,1409.2,0
2026-10-04 03:51:00,26.239,49.153,1016.233,0.1171,128.175,1.7414,12.1528,1395.86,0
2026-10-04 03:51:10,26.263,49.114,1016.925,0.1296,128.059,1.7299,12.0782,1425.31,0
2026-10-04 03:51:20,26.074,49.045,1015.592,0.1191,129.05,1.6799,12.1016,1393.65,0
2026-10-04 03:51:30,25.973,48.61,1016.467,0.1117,124.885,1.6898,12.1312,1431.98,0
2026-10-04 03:51:40,26.112,48.067,1016.708,0.1027,133.11,1.6962,12.0874,1444.29,0
2026-10-04 03:51:50,25.97,48.971,1016.804,0.1244,129.772,1.6559,12.1142,1407.23,0
2026-10-04 03:52:00,26.286,49.035,1014.371,0.1078,130.408,1.6815,12.1497,1439.9,0
2026-10-04 03:52:10,26.055,47.586,1015.532,0.1152,132.524,1.7153,12.1333,1424.8,0
2026-10-04 03:52:20,25.988,48.37,1015.238,0.132,132.275,1.685,12.1306,1436.42,0
2026-10-04 03:52:30,26.048,48.449,1016.055,0.1238,128.016,1.7302,12.1361,1406.19,0
2026-10-04 03:52:40,25.858,48.861,1014.538,0.1222,131.535,1.6704,12.1254,1425.59,0
2026-10-04 03:52:50,25.897,48.408,1014.517,0.1269,131.484,1.6794,12.1087,1420.18,0
2026-10-04 03:53:00,26.151,48.797,1017.467,0.1268,130.63,1.6797,12.1411,1405.07,0
2026-10-04 03:53:10,25.922,48.718,1016.38,0.1324,132.845,1.6492,12.1049,1411.88,0
2026-10-04 03:53:20,25.869,48.751,1016.032,0.1152,132.04,1.7095,12.1126,1426.1,0
2026-10-04 03:53:30,26.053,48.48,1016.201,0.1172,131.804,1.6736,12.0751,1400.89,0
2026-10-04 03:53:40,26.125,48.526,1016.048,0.1131,133.697,1.6884,12.1044,1400.05,0
2026-10-04 03:53:50,26.062,48.312,1016.643,0.1204,129.667,1.6671,12.1181,1399.23,0
2026-10-04 03:54:00,26.089,49.049,1015.501,0.1198,129.735,1.7253,12.1166,1407.05,0
2026-10-04 03:54:10,25.873,49.152,1016.074,0.1071,131.999,1.713,12.1389,1423.29,0
2026-10-04 03:54:20,25.787,48.488,1016.102,0.1161,128.986,1.6837,12.1047,1411.71,0
2026-10-04 03:54:30,26.131,49.641,1015.209,0.1331,130.946,1.6518,12.1055,1438.78,0
2026-10-04 03:54:40,25.906,48.73,1016.835,0.1237,127.8,1.701,12.1018,1398.27,0
2026-10-04 03:54:50,25.909,49.66,1015.628,0.1277,122.622,1.7096,12.1212,1427.94,0
2026-10-04 03:55:00,26.092,48.58,1016.652,0.1213,131.233,1.6594,12.1536,1415.05,0
2026-10-04 03:55:10,25.993,47.895,1016.019,0.1074,124.773,1.6791,12.0571,1419.29,0
2026-10-04 03:55:20,25.975,49.116,1017.082,0.1217,127.302,1.6847,12.1025,1431.44,0
2026-10-04 03:55:30,26.174,49.046,1015.208,0.1312,131.839,1.7101,12.1057,1381.97,0
2026-10-04 03:55:40,25.831,48.946,1015.177,0.1136,131.853,1.6792,12.061,1389.73,0
2026-10-04 03:55:50,26.014,48.615,1015.302,0.1293,132.864,1.7071,12.1111,1421.17,0
2026-10-04 03:56:00,25.903,48.925,1016.028,0.11,123.258,1.6638,12.1052,1419.09,0
2026-10-04 03:56:10,25.922,48.694,1017.013,0.124,130.185,1.6569,12.1029,1401.32,0
2026-10-04 03:56:20,26.067,48.805,1017.049,0.1284,128.503,1.7292,12.0861,1453.14,0
2026-10-04 03:56:30,25.939,49.383,1014.316,0.1217,132.22,1.6507,12.1113,1406.0,0
2026-10-04 03:56:40,25.936,49.061,1016.107,0.1442,133.664,1.6648,12.0842,1415.71,0
2026-10-04 03:56:50,25.995,49.281,1013.682,0.1207,125.288,1.7033,12.0921,1441.26,0
2026-10-04 03:57:00,25.816,48.867,1016.487,0.1203,129.241,1.6705,12.108,1414.2,0
2026-10-04 03:57:10,25.753,48.818,1016.712,0.1268,131.671,1.6699,12.1384,1411.62,0
2026-10-04 03:57:20,25.722,48.419,1015.9,0.1193,128.138,1.679,12.1229,1430.8,0
2026-10-04 03:57:30,25.606,48.817,1015.987,0.114,134.369,1.6302,12.1279,1414.13,0
2026-10-04 03:57:40,26.083,47.348,1015.978,0.117,127.906,1.7122,12.1614,1431.52,0
2026-10-04 03:57:50,25.697,48.72,1015.377,0.1321,128.189,1.6887,12.1232,1433.61,0
2026-10-04 03:58:00,25.797,48.981,1016.227,0.1238,125.849,1.6641,12.0858,1431.93,0
2026-10-04 03:58:10,25.785,49.31,1015.762,0.1401,129.51,1.6416,12.0978,1444.24,0
2026-10-04 03:58:20,25.849,48.9,1016.575,0.1231,119.973,1.6505,12.0903,1421.09,0
2026-10-04 03:58:30,25.904,49.215,1015.843,0.1326,128.263,1.6449,12.1081,1419.64,0
2026-10-04 03:58:40,25.904,47.957,1015.319,0.1312,132.792,1.6906,12.1011,1426.24,0
2026-10-04 03:58:50,25.724,49.025,1014.846,0.1236,124.774,1.6909,12.0876,1385.4,0
2026-10-04 03:59:00,25.768,48.22,1014.615,0.1205,124.088,1.7004,12.1341,1431.37,0
2026-10-04 03:59:10,25.817,48.462,1016.838,0.1139,132.271,1.7036,12.1357,1423.54,0
2026-10-04 03:59:20,25.747,48.978,1015.598,0.1324,132.656,1.7011,12.1152,1434.55,0
2026-10-04 03:59:30,25.964,49.716,1016.155,0.1377,124.813,1.7239,12.0855,1415.69,0
2026-10-04 03:59:40,25.824,49.27,1017.165,0.1156,134.057,1.7155,12.1134,1449.64,0
2026-10-04 03:59:50,25.848,49.099,1015.522,0.1256,130.135,1.7097,12.0949,1426.66,0
2026-10-04 04:00:00,25.833,49.087,1015.476,0.1234,131.963,1.6918,12.1422,1442.64,0
2026-10-04 04:00:10,25.889,48.746,1015.821,0.1334,126.42,1.704,12.08,1422.82,0
2026-10-04 04:00:20,25.764,48.837,1015.934,0.1266,133.242,1.6759,12.1261,1437.76,0
2026-10-04 04:00:30,25.581,49.328,1017.233,0.14,127.949,1.6807,12.1254,1407.75,0
2026-10-04 04:00:40,25.779,48.428,1017.007,0.1265,127.796,1.7294,12.1318,1398.46,0
2026-10-04 04:00:50,25.647,49.423,1016.345,0.1199,130.158,1.6726,12.1141,1428.63,0
2026-10-04 04:01:00,25.656,48.938,1016.924,0.1263,127.513,1.6709,12.1008,1431.76,0
2026-10-04 04:01:10,25.784,49.551,1015.784,0.1274,124.106,1.6778,12.1687,1430.94,0
2026-10-04 04:01:20,25.857,49.625,1016.117,0.1346,129.042,1.6732,12.0868,1428.37,0
2026-10-04 04:01:30,25.705,48.313,1015.696,0.1277,127.67,1.6755,12.1265,1427.02,0
2026-10-04 04:01:40,25.734,48.865,1015.002,0.1344,126.3,1.6933,12.1088,1443.5,0
2026-10-04 04:01:50,25.895,48.734,1016.748,0.1247,132.304,1.6943,12.1168,1460.45,0
2026-10-04 04:02:00,25.714,48.261,1016.276,0.1289,135.738,1.7103,12.1165,1472.83,0
2026-10-04 04:02:10,25.992,48.656,1015.916,0.1252,125.782,1.7424,12.0808,1450.77,0
2026-10-04 04:02:20,25.742,50.399,1015.9,0.1249,129.11,1.6786,12.0741,1400.37,0
2026-10-04 04:02:30,25.458,49.489,1014.847,0.142,127.301,1.6863,12.0756,1450.77,0
2026-10-04 04:02:40,25.754,50.148,1015.216,0.1263,135.34,1.6422,12.0962,1450.91,0
2026-10-04 04:02:50,25.704,49.61,1016.134,0.1295,129.928,1.656,12.1134,1434.16,0
2026-10-04 04:03:00,25.807,48.83,1015.528,0.1408,131.212,1.6848,12.0898,1449.91,0
2026-10-04 04:03:10,25.728,49.015,1015.745,0.1386,131.955,1.7002,12.071,1441.73,0
2026-10-04 04:03:20,25.625,49.506,1015.823,0.146,128.778,1.701,12.1297,1436.44,0
2026-10-04 04:03:30,25.489,49.436,1015.417,0.1369,127.807,1.7043,12.0681,1440.79,0
2026-10-04 04:03:40,25.606,48.934,1015.217,0.1284,132.901,1.7205,12.1184,1429.01,0
2026-10-04 04:03:50,25.523,48.473,1014.765,0.1499,130.656,1.7319,12.0874,1410.05,0
2026-10-04 04:04:00,25.55,50.877,1015.79,0.1382,125.763,1.6833,12.1365,1409.82,0
2026-10-04 04:04:10,25.685,49.168,1016.324,0.1325,126.106,1.6695,12.0927,1452.07,0
2026-10-04 04:04:20,25.81,49.081,1014.74,0.1344,127.088,1.7061,12.0617,1423.26,0
2026-10-04 04:04:30,25.651,49.306,1015.872,0.1356,131.713,1.7132,12.1045,1416.03,0
2026-10-04 04:04:40,25.455,49.133,1016.085,0.1324,132.634,1.6934,12.0843,1416.06,0
2026-10-04 04:04:50,25.647,49.321,1015.194,0.1235,134.647,1.6857,12.1255,1432.5,0
2026-10-04 04:05:00,25.732,49.908,1016.882,0.1477,126.043,1.6778,12.1133,1462.71,0
2026-10-04 04:05:10,25.51,49.207,1015.615,0.1347,128.568,1.6895,12.0891,1438.13,0
2026-10-04 04:05:20,25.562,48.693,1015.813,0.1365,126.925,1.708,12.0796,1419.17,0
2026-10-04 04:05:30,25.574,49.199,1015.77,0.1519,127.557,1.6742,12.0771,1463.2,0
2026-10-04 04:05:40,25.473,49.053,1014.642,0.1299,130.871,1.671,12.0897,1446.2,0
2026-10-04 04:05:50,25.64,50.002,1016.587,0.1408,127.922,1.7062,12.1383,1436.44,0
2026-10-04 04:06:00,25.543,49.88,1015.211,0.1294,131.985,1.6702,12.1004,1449.25,0
2026-10-04 04:06:10,25.603,49.354,1015.713,0.1385,126.466,1.6954,12.1275,1442.48,0
2026-10-04 04:06:20,25.441,48.665,1016.296,0.1377,130.217,1.6942,12.0667,1431.88,0
2026-10-04 04:06:30,25.49,48.697,1016.899,0.1426,126.643,1.692,12.0555,1434.77,0
2026-10-04 04:06:40,25.624,49.322,1015.12,0.1461,122.437,1.6761,12.0797,1424.75,0
2026-10-04 04:06:50,25.487,49.487,1015.562,0.132,124.862,1.7357,12.1196,1436.59,0
2026-10-04 04:07:00,25.734,49.137,1016.841,0.1481,128.277,1.7025,12.0958,1457.93,0
2026-10-04 04:07:10,25.474,49.089,1016.197,0.1488,133.647,1.6798,12.1251,1457.85,0
2026-10-04 04:07:20,25.544,49.037,1016.341,0.1351,126.481,1.7012,12.1343,1442.0,0
2026-10-04 04:07:30,25.624,49.326,1015.134,0.1372,127.33,1.7389,12.0786,1442.5,0
2026-10-04 04:07:40,25.337,48.151,1015.604,0.1335,129.284,1.6955,12.1232,1429.81,0
2026-10-04 04:07:50,25.291,48.797,1015.75,0.1352,125.995,1.7318,12.1369,1451.59,0
2026-10-04 04:08:00,25.315,49.038,1015.266,0.1281,126.319,1.665,12.1278,1425.23,0
2026-10-04 04:08:10,25.644,49.96,1014.694,0.1441,127.964,1.6726,12.062,1458.79,0
2026-10-04 04:08:20,25.422,48.954,1015.507,0.1217,126.416,1.6405,12.0553,1452.93,0
2026-10-04 04:08:30,25.79,49.456,1016.811,0.1326,122.354,1.7436,12.0903,1443.01,0
2026-10-04 04:08:40,25.411,49.483,1015.904,0.138,125.73,1.6519,12.0911,1453.85,0
2026-10-04 04:08:50,25.496,50.023,1016.823,0.1489,129.503,1.699,12.1222,1442.54,0
2026-10-04 04:09:00,25.654,50.01,1015.985,0.1343,129.574,1.7383,12.0768,1450.82,0
2026-10-04 04:09:10,25.705,49.354,1015.324,0.1422,131.622,1.7193,12.1112,1451.55,0
2026-10-04 04:09:20,25.707,49.15,1016.752,0.1383,131.357,1.7047,12.0736,1466.16,0
2026-10-04 04:09:30,25.6,49.06,1016.005,0.1467,124.867,1.7275,12.1091,1456.34,0
2026-10-04 04:09:40,25.574,49.275,1016.529,0.1423,125.309,1.679,12.0889,1465.06,0
2026-10-04 04:09:50,25.517,49.183,1015.107,0.146,125.419,1.7088,12.1091,1455.56,0
2026-10-04 04:10:00,33.535,49.681,1016.58,0.3851,127.044,1.6933,12.0909,1449.14,1
2026-10-04 04:10:10,25.371,49.619,1016.6,0.1316,125.608,1.693,12.0446,1458.06,0
2026-10-04 04:10:20,25.334,49.708,1016.054,0.1428,126.931,1.7013,12.1124,1455.84,0
2026-10-04 04:10:30,25.428,50.046,1015.285,0.1361,124.815,1.7261,12.1287,1445.59,0
2026-10-04 04:10:40,25.403,50.352,1015.816,0.1403,129.762,1.7361,12.0784,1430.23,0
2026-10-04 04:10:50,25.365,49.487,1016.275,0.1428,124.542,1.6905,12.1194,1443.84,0
2026-10-04 04:11:00,25.499,49.978,1016.01,0.1503,124.371,1.6701,12.0837,1444.07,0
2026-10-04 04:11:10,25.525,49.257,1016.266,0.1468,128.901,1.6771,12.0651,1460.67,0
2026-10-04 04:11:20,25.417,50.029,1016.552,0.1352,129.485,1.7465,12.0834,1451.7,0
2026-10-04 04:11:30,25.579,49.971,1015.389,0.1316,126.62,1.735,12.0939,1440.83,0
2026-10-04 04:11:40,25.261,49.949,1015.033,0.1545,129.879,1.671,12.0653,1450.88,0
2026-10-04 04:11:50,25.37,49.495,1015.814,0.1283,129.64,1.74,12.1319,1448.88,0
2026-10-04 04:12:00,25.303,49.118,1015.608,0.1375,132.924,1.6809,12.0597,1440.24,0
2026-10-04 04:12:10,25.161,48.758,1016.388,0.1464,129.402,1.7155,12.0843,1476.36,0
2026-10-04 04:12:20,25.371,49.439,1015.084,0.1545,132.302,1.6813,12.0746,1451.9,0
2026-10-04 04:12:30,25.362,50.23,1016.549,0.1399,127.343,1.7534,12.1313,1443.15,0
2026-10-04 04:12:40,25.554,49.312,1016.781,0.1418,131.333,1.6853,12.0596,1430.42,0
2026-10-04 04:12:50,25.444,49.863,1015.833,0.1347,131.374,1.6736,12.1178,1457.0,0
2026-10-04 04:13:00,25.241,49.896,1015.874,0.1428,126.66,1.6886,12.1019,1463.8,0
2026-10-04 04:13:10,25.583,49.336,1015.293,0.1327,125.0,1.766,12.0656,1446.59,0
2026-10-04 04:13:20,25.503,50.139,1015.449,0.136,125.504,1.707,12.0879,1458.8,0
2026-10-04 04:13:30,25.422,48.03,1015.542,0.1482,128.264,1.675,12.0919,1440.66,0
2026-10-04 04:13:40,25.321,48.877,1016.837,0.1388,123.547,1.6813,12.1109,1453.92,0
2026-10-04 04:13:50,25.229,49.034,1015.775,0.1497,125.611,1.6575,12.08,1473.97,0
2026-10-04 04:14:00,25.296,49.085,1014.898,0.1412,130.541,1.715,12.1118,1454.53,0
2026-10-04 04:14:10,25.467,49.667,1016.001,0.1316,128.927,1.6704,12.097,1448.7,0
2026-10-04 04:14:20,25.559,49.647,1016.4,0.152,119.845,1.7296,12.1069,1478.83,0
2026-10-04 04:14:30,25.514,49.702,1015.802,0.1322,122.882,1.7219,12.0734,1462.0,0
2026-10-04 04:14:40,25.266,49.806,1016.847,0.138,133.333,1.6999,12.0893,1451.81,0
2026-10-04 04:14:50,25.187,49.036,1016.362,0.1413,130.372,1.7336,12.0979,1446.71,0
2026-10-04 04:15:00,25.335,48.906,1015.082,0.151,125.061,1.7261,12.097,1442.79,0
2026-10-04 04:15:10,25.102,49.716,1015.429,0.1389,122.321,1.7071,12.0938,1466.76,0
2026-10-04 04:15:20,25.349,49.206,1015.972,0.1357,123.015,1.6842,12.1469,1472.2,0
2026-10-04 04:15:30,25.289,48.739,1014.646,0.1445,128.267,1.714,12.1088,1461.02,0
2026-10-04 04:15:40,25.247,50.013,1016.046,0.1416,132.647,1.7141,12.1125,1458.38,0
2026-10-04 04:15:50,25.108,50.228,1014.577,0.1397,132.433,1.7165,12.1003,1470.51,0
2026-10-04 04:16:00,25.357,50.312,1016.525,0.1452,121.942,1.7064,12.1073,1440.75,0
2026-10-04 04:16:10,25.228,49.63,1016.442,0.1339,125.759,1.7128,12.0988,1463.49,0
2026-10-04 04:16:20,25.148,49.852,1016.159,0.1299,124.051,1.7125,12.1391,1462.94,0
2026-10-04 04:16:30,24.941,50.227,1015.331,0.1608,127.01,1.7392,12.092,1469.23,0
2026-10-04 04:16:40,25.279,49.224,1015.922,0.1446,122.582,1.6736,12.1141,1470.53,0
2026-10-04 04:16:50,25.491,50.103,1015.442,0.1452,124.915,1.6807,12.1453,1457.55,0
2026-10-04 04:17:00,25.474,49.689,1015.079,0.1377,123.927,1.7078,12.1093,1491.82,0
2026-10-04 04:17:10,25.217,50.01,1015.562,0.1512,128.076,1.6872,12.0857,1448.06,0
2026-10-04 04:17:20,25.196,49.649,1016.286,0.1398,124.937,1.7118,12.0743,1457.51,0
2026-10-04 04:17:30,25.321,50.207,1015.827,0.1218,125.344,1.6789,12.0801,1477.86,0
2026-10-04 04:17:40,25.142,49.674,1016.81,0.1396,127.967,1.6831,12.1021,1455.8,0
2026-10-04 04:17:50,25.295,48.823,1016.33,0.142,131.338,1.7588,12.1367,1467.32,0
2026-10-04 04:18:00,25.347,50.293,1016.253,0.1429,132.734,1.7018,12.1071,1457.99,0
2026-10-04 04:18:10,25.399,49.096,1014.664,0.1427,127.731,1.6785,12.0821,1460.44,0
2026-10-04 04:18:20,25.237,50.199,1015.59,0.1392,126.074,1.7052,12.084,1447.22,0
2026-10-04 04:18:30,25.221,49.53,1015.043,0.1385,130.264,1.7343,12.0877,1478.37,0
2026-10-04 04:18:40,25.137,50.165,1015.658,0.1421,129.793,1.7388,12.0578,1479.03,0
2026-10-04 04:18:50,25.14,50.147,1015.3,0.1314,128.913,1.6724,12.0797,1479.31,0
2026-10-04 04:19:00,25.209,49.797,1015.519,0.1289,121.506,1.69,12.0784,1461.5,0
2026-10-04 04:19:10,25.278,49.839,1016.525,0.1454,129.845,1.715,12.1603,1473.25,0
2026-10-04 04:19:20,25.34,49.798,1016.114,0.1456,127.271,1.7089,12.1138,1498.52,0
2026-10-04 04:19:30,25.131,48.583,1016.484,0.1517,123.492,1.67,12.0636,1473.27,0
2026-10-04 04:19:40,25.404,49.651,1014.658,0.1427,124.133,1.6743,12.0511,1451.9,0
2026-10-04 04:19:50,25.189,49.036,1015.817,0.1352,127.871,1.6839,12.0575,1456.76,0
2026-10-04 04:20:00,25.216,49.682,1016.452,0.1293,118.566,1.6666,12.1253,1456.38,0
2026-10-04 04:20:10,25.126,49.027,1016.828,0.1377,125.701,1.6996,12.0561,1490.03,0
2026-10-04 04:20:20,24.922,49.008,1014.689,0.1482,124.088,1.7412,12.1299,1476.46,0
2026-10-04 04:20:30,25.317,50.405,1015.525,0.1564,123.758,1.695,12.0955,1447.26,0
2026-10-04 04:20:40,25.296,50.14,1016.493,0.1453,124.634,1.739,12.0832,1490.73,0
2026-10-04 04:20:50,25.171,49.605,1015.633,0.1352,121.543,1.713,12.0605,1480.01,0
2026-10-04 04:21:00,25.21,49.702,1015.129,0.1379,129.115,1.7079,12.1206,1474.45,0
2026-10-04 04:21:10,25.262,49.487,1014.68,0.1381,119.549,1.6712,12.1025,1494.92,0
2026-10-04 04:21:20,25.01,49.898,1015.1,0.1417,126.417,1.7423,12.1111,1469.04,0
2026-10-04 04:21:30,25.131,49.277,1014.58,0.1539,123.342,1.7163,12.0817,1493.23,0
2026-10-04 04:21:40,25.287,50.114,1015.802,0.1546,131.812,1.6737,12.105,1439.98,0
2026-10-04 04:21:50,25.039,49.493,1016.387,0.1436,125.905,1.7235,12.1252,1462.45,0
2026-10-04 04:22:00,25.222,49.411,1014.875,0.1465,119.443,1.6996,12.1029,1485.64,0
2026-10-04 04:22:10,25.022,49.634,1015.937,0.1386,127.429,1.7161,12.0614,1499.26,0
2026-10-04 04:22:20,25.238,49.329,1016.346,0.1313,122.487,1.7209,12.1006,1456.14,0
2026-10-04 04:22:30,25.175,49.791,1015.751,0.1593,128.695,1.7455,12.1064,1468.45,0
2026-10-04 04:22:40,24.983,49.36,1014.624,0.1264,127.569,1.6873,12.1292,1477.53,0
2026-10-04 04:22:50,25.315,49.864,1016.021,0.1303,130.11,1.73,12.1018,1461.27,0
2026-10-04 04:23:00,25.084,50.24,1015.71,0.1594,126.229,1.7492,12.1145,1471.73,0
2026-10-04 04:23:10,25.073,49.274,1015.638,0.1451,128.101,1.7794,12.1022,1499.73,0
2026-10-04 04:23:20,25.192,49.57,1015.363,0.136,125.747,1.7429,12.0528,1460.84,0
2026-10-04 04:23:30,25.304,49.867,1015.805,0.1504,123.826,1.726,12.1072,1473.02,0
2026-10-04 04:23:40,25.042,49.42,1016.1,0.1511,128.768,1.7241,12.0893,1481.04,0
2026-10-04 04:23:50,25.169,49.872,1017.415,0.1343,121.855,1.7564,12.1361,1484.24,0
2026-10-04 04:24:00,25.211,49.919,1015.818,0.1407,125.413,1.7107,12.05,1464.6,0
2026-10-04 04:24:10,25.24,50.185,1016.796,0.1519,123.792,1.7381,12.0575,1475.21,0
2026-10-04 04:24:20,25.176,49.342,1015.987,0.1383,127.999,1.7733,12.1038,1473.85,0
2026-10-04 04:24:30,25.109,49.175,1015.665,0.1471,122.609,1.716,12.1233,1483.07,0
2026-10-04 04:24:40,25.052,49.494,1015.837,0.1562,124.198,1.6687,12.0823,1461.18,0
2026-10-04 04:24:50,25.159,49.165,1014.877,0.1257,125.532,1.6979,12.0823,1498.21,0
2026-10-04 04:25:00,25.018,49.932,1015.944,0.142,129.839,1.727,12.0902,1483.32,0
2026-10-04 04:25:10,24.795,49.071,1014.334,0.1468,123.754,1.6991,12.0727,1495.77,0
2026-10-04 04:25:20,25.196,50.819,1015.123,0.1304,124.124,1.7116,12.1094,1471.5,0
2026-10-04 04:25:30,25.25,50.302,1015.803,0.1404,121.258,1.7133,12.0725,1462.08,0
2026-10-04 04:25:40,24.856,49.662,1016.56,0.153,122.329,1.735,12.1019,1466.37,0
2026-10-04 04:25:50,25.017,50.09,1016.724,0.139,126.492,1.6976,12.0511,1491.51,0
2026-10-04 04:26:00,25.21,48.839,1015.555,0.1327,125.325,1.707,12.127,1474.7,0
2026-10-04 04:26:10,25.381,50.921,1015.828,0.1536,125.348,1.7571,12.0308,1457.32,0
2026-10-04 04:26:20,25.135,49.365,1016.407,0.148,130.403,1.7102,12.0571,1484.63,0
2026-10-04 04:26:30,25.043,49.601,1014.785,0.1439,120.138,1.7407,12.1399,1477.42,0
2026-10-04 04:26:40,25.107,48.734,1015.998,0.1436,132.084,1.7232,12.0859,1478.11,0
2026-10-04 04:26:50,25.292,49.906,1015.133,0.1525,128.641,1.7226,12.0667,1457.19,0
2026-10-04 04:27:00,25.048,49.111,1015.591,0.1466,124.104,1.742,12.0511,1460.52,0
2026-10-04 04:27:10,25.028,49.716,1015.388,0.1494,126.23,1.6773,12.072,1475.23,0
2026-10-04 04:27:20,25.065,49.394,1016.013,0.1386,122.983,1.7352,12.09,1469.85,0
2026-10-04 04:27:30,25.007,49.128,1016.092,0.1288,125.965,1.7383,12.0947,1475.52,0
2026-10-04 04:27:40,25.134,49.266,1016.329,0.149,131.432,1.746,12.0904,1496.85,0
2026-10-04 04:27:50,25.313,49.782,1015.947,0.1528,123.019,1.7157,12.0376,1468.71,0
2026-10-04 04:28:00,25.156,49.029,1015.822,0.1421,124.237,1.7255,12.0855,1471.38,0
2026-10-04 04:28:10,25.085,49.296,1016.998,0.1509,122.638,1.6645,12.0904,1477.36,0
2026-10-04 04:28:20,25.079,50.003,1014.631,0.1411,123.095,1.7094,12.0904,1471.12,0
2026-10-04 04:28:30,24.925,50.973,1016.883,0.143,123.651,1.7308,12.0823,1482.64,0
2026-10-04 04:28:40,25.217,49.912,1015.492,0.1577,121.549,1.7635,12.0507,1501.58,0
2026-10-04 04:28:50,25.101,49.215,1016.093,0.1412,124.018,1.7733,12.0582,1482.16,0
2026-10-04 04:29:00,25.087,49.491,1015.464,0.1407,124.947,1.7189,12.1114,1490.64,0
2026-10-04 04:29:10,25.491,49.691,1015.198,0.1284,123.55,1.7496,12.0615,1452.25,0
2026-10-04 04:29:20,25.142,49.501,1016.027,0.1488,117.837,1.7244,12.0627,1488.58,0
2026-10-04 04:29:30,25.015,50.128,1016.416,0.1376,124.247,1.6881,12.0732,1509.79,0
2026-10-04 04:29:40,25.053,49.786,1016.016,0.1443,124.543,1.7439,12.05,1489.43,0
2026-10-04 04:29:50,25.241,50.131,1015.304,0.1406,130.353,1.7749,12.0961,1490.17,0
2026-10-04 04:30:00,25.116,49.521,1018.209,0.1394,124.716,1.7199,12.0484,1492.82,0
2026-10-04 04:30:10,24.928,50.341,1016.519,0.142,127.417,1.7071,12.107,1512.35,0
2026-10-04 04:30:20,25.21,49.596,1016.331,0.1425,123.308,1.7318,12.0462,1509.43,0
2026-10-04 04:30:30,25.019,49.194,1015.429,0.1521,128.455,1.7274,12.0726,1474.09,0
2026-10-04 04:30:40,25.323,50.769,1015.237,0.1548,121.702,1.7961,12.0881,1507.75,0
2026-10-04 04:30:50,25.227,48.768,1015.477,0.1477,126.026,1.7563,12.0991,1510.64,0
2026-10-04 04:31:00,25.042,49.311,1016.428,0.1526,127.007,1.7347,12.0735,1464.64,0
2026-10-04 04:31:10,25.249,49.368,1014.976,0.1492,126.541,1.6595,12.0614,1490.97,0
2026-10-04 04:31:20,25.103,50.936,1014.92,0.1462,130.928,1.7286,12.1143,1498.75,0
2026-10-04 04:31:30,25.196,50.585,1016.044,0.1538,122.658,1.7789,12.0832,1449.15,0
2026-10-04 04:31:40,25.151,50.429,1015.888,0.1315,128.627,1.7349,12.0742,1481.24,0
2026-10-04 04:31:50,24.991,49.517,1015.123,0.1364,127.827,1.7538,12.0329,1480.99,0
2026-10-04 04:32:00,25.014,50.896,1014.897,0.1352,124.484,1.7434,12.083,1482.34,0
2026-10-04 04:32:10,25.214,49.867,1016.666,0.1393,129.828,1.7218,12.0779,1507.97,0
2026-10-04 04:32:20,25.05,50.172,1015.907,0.1471,123.846,1.7766,12.0439,1491.73,0
2026-10-04 04:32:30,25.041,49.773,1014.701,0.1325,124.327,1.7394,12.0582,1499.18,0
2026-10-04 04:32:40,24.974,49.658,1014.748,0.1454,124.219,1.7173,12.0799,1494.49,0
2026-10-04 04:32:50,25.139,49.557,1015.399,0.1365,120.39,1.7359,12.089,1530.45,0
2026-10-04 04:33:00,25.335,49.579,1016.163,0.1383,126.469,1.7714,12.0517,1508.66,0
2026-10-04 04:33:10,24.959,49.988,1016.065,0.1426,125.976,1.6991,12.0518,1493.73,0
2026-10-04 04:33:20,25.089,49.867,1016.439,0.1543,123.821,1.7432,12.0798,1490.31,0
2026-10-04 04:33:30,25.255,49.668,1014.602,0.135,129.397,1.7386,12.0557,1484.1,0
2026-10-04 04:33:40,25.076,50.438,1015.8,0.14,122.773,1.6986,12.0715,1480.23,0
2026-10-04 04:33:50,25.139,48.2,1016.64,0.1319,118.87,1.7566,12.1208,1477.15,0
2026-10-04 04:34:00,24.957,49.938,1016.573,0.1346,129.74,1.7442,12.0752,1510.11,0
2026-10-04 04:34:10,25.136,50.042,1015.889,0.1315,127.042,1.7602,12.1016,1482.23,0
2026-10-04 04:34:20,25.061,50.257,1017.28,0.1421,125.861,1.767,12.0448,1505.56,0
2026-10-04 04:34:30,25.202,49.651,1016.061,0.1434,122.94,1.7375,12.0566,1488.65,0
2026-10-04 04:34:40,25.226,49.787,1016.362,0.1453,124.959,1.7254,12.0559,1485.21,0
2026-10-04 04:34:50,25.394,50.176,1015.662,0.1337,120.126,1.704,12.0478,1491.8,0
2026-10-04 04:35:00,25.152,50.428,1015.082,0.1436,123.207,1.7239,12.0311,1523.9,0
2026-10-04 04:35:10,25.122,49.532,1015.014,0.1403,121.146,1.7406,12.0799,1542.86,0
2026-10-04 04:35:20,25.106,49.816,1015.752,0.1388,124.617,1.7166,12.0846,1492.07,0
2026-10-04 04:35:30,25.04,50.521,1015.475,0.1292,126.577,1.7557,12.0512,1490.96,0
2026-10-04 04:35:40,25.123,48.62,1014.384,0.1402,120.638,1.7189,12.056,1512.43,0
2026-10-04 04:35:50,25.046,49.336,1014.902,0.1403,125.93,1.6978,12.0764,1500.66,0
2026-10-04 04:36:00,25.102,50.414,1015.395,0.1395,124.33,1.7277,12.0748,1488.83,0
2026-10-04 04:36:10,25.24,50.227,1016.125,0.1417,125.757,1.7472,12.1,1506.26,0
2026-10-04 04:36:20,24.961,49.942,1015.603,0.1439,122.953,1.7114,12.1024,1510.68,0
2026-10-04 04:36:30,25.218,49.456,1015.562,0.1294,125.766,1.7211,12.0571,1495.83,0
2026-10-04 04:36:40,25.24,49.239,1014.92,0.1363,121.541,1.7279,12.072,1496.51,0
2026-10-04 04:36:50,25.068,49.384,1015.625,0.142,118.557,1.7316,12.0485,1525.68,0
2026-10-04 04:37:00,24.827,50.453,1016.53,0.1356,119.216,1.7519,12.1109,1487.9,0
2026-10-04 04:37:10,25.009,49.364,1015.714,0.1453,122.044,1.7607,12.0799,1492.38,0
2026-10-04 04:37:20,25.238,49.729,1014.548,0.1382,118.69,1.7333,12.0979,1493.8,0
2026-10-04 04:37:30,25.079,49.301,1014.725,0.1216,128.153,1.7195,12.0638,1526.48,0
2026-10-04 04:37:40,24.962,50.098,1016.011,0.1438,123.228,1.7493,12.0983,1471.6,0
2026-10-04 04:37:50,25.022,49.407,1015.44,0.136,126.209,1.7592,12.0912,1513.84,0
2026-10-04 04:38:00,25.183,49.627,1015.543,0.1226,125.786,1.787,12.1044,1501.32,0
2026-10-04 04:38:10,25.148,48.834,1015.165,0.1346,123.419,1.7757,12.0387,1529.22,0
2026-10-04 04:38:20,25.054,48.868,1015.944,0.1263,133.984,1.7159,12.074,1507.61,0
2026-10-04 04:38:30,25.039,49.678,1015.379,0.1423,132.132,1.7442,12.0994,1470.26,0
2026-10-04 04:38:40,25.037,49.011,1015.457,0.1358,127.499,1.7596,12.0484,1526.95,0
2026-10-04 04:38:50,24.973,50.725,1014.99,0.1285,120.582,1.7273,12.0847,1499.49,0
2026-10-04 04:39:00,25.278,48.641,1016.229,0.1422,127.571,1.7401,12.0858,1472.67,0
2026-10-04 04:39:10,25.046,49.271,1015.427,0.1393,118.001,1.7661,12.0889,1497.45,0
2026-10-04 04:39:20,25.231,49.679,1016.006,0.1335,127.411,1.7559,12.0795,1504.32,0
2026-10-04 04:39:30,25.268,49.487,1014.743,0.1253,115.527,1.7501,12.0865,1488.29,0
2026-10-04 04:39:40,25.206,49.117,1016.79,0.1283,122.213,1.7341,12.0817,1481.3,0
2026-10-04 04:39:50,25.034,49.19,1016.469,0.128,126.772,1.7147,12.1003,1508.97,0
2026-10-04 04:40:00,25.135,49.172,1014.236,0.1407,124.274,1.7434,12.0526,1486.11,0
2026-10-04 04:40:10,25.084,49.524,1015.009,0.1211,118.657,1.7493,12.0789,1489.62,0
2026-10-04 04:40:20,24.979,50.642,1015.903,0.134,123.578,1.7152,12.1007,1525.61,0
2026-10-04 04:40:30,25.127,49.704,1014.643,0.1321,124.199,1.7535,12.0505,1500.53,0
2026-10-04 04:40:40,24.947,50.256,1015.473,0.1422,123.631,1.7625,12.0527,1487.48,0
2026-10-04 04:40:50,25.232,49.917,1015.861,0.1356,121.769,1.7358,12.0829,1492.54,0
2026-10-04 04:41:00,25.034,50.22,1015.432,0.1379,125.53,1.7636,12.1042,1512.01,0
2026-10-04 04:41:10,25.115,48.262,1015.936,0.1292,126.374,1.7608,12.0661,1512.78,0
2026-10-04 04:41:20,25.125,49.509,1015.072,0.1234,122.451,1.7467,12.0717,1516.67,0
2026-10-04 04:41:30,25.061,50.314,1013.984,0.1304,127.447,1.7443,12.0782,1518.99,0
2026-10-04 04:41:40,25.163,49.373,1016.24,0.139,122.393,1.7467,12.0568,1512.16,0
2026-10-04 04:41:50,25.036,50.539,1016.234,0.1388,121.367,1.734,12.1237,1516.51,0
2026-10-04 04:42:00,25.199,50.399,1017.302,0.129,126.881,1.7644,12.0456,1500.49,0
2026-10-04 04:42:10,24.933,49.422,1014.002,0.1254,126.746,1.7351,12.0708,1491.09,0
2026-10-04 04:42:20,25.111,49.404,1016.071,0.1236,120.899,1.7371,12.071,1528.46,0
2026-10-04 04:42:30,25.329,49.147,1014.165,0.1308,120.438,1.7694,12.0135,1521.52,0
2026-10-04 04:42:40,24.977,49.338,1016.771,0.1327,128.001,1.7513,12.047,1504.32,0
2026-10-04 04:42:50,25.017,49.036,1015.881,0.1432,122.374,1.7593,12.0341,1498.81,0
2026-10-04 04:43:00,25.161,49.865,1014.871,0.1322,122.666,1.7154,12.0858,1543.29,0
2026-10-04 04:43:10,25.121,48.922,1016.081,0.136,121.874,1.7455,12.0253,1495.66,0
2026-10-04 04:43:20,25.143,49.951,1015.146,0.1246,126.57,1.801,12.091,1512.86,0
2026-10-04 04:43:30,25.16,49.962,1015.741,0.131,129.011,1.7148,12.0378,1499.62,0
2026-10-04 04:43:40,25.179,48.816,1015.673,0.1316,122.763,1.8035,12.0912,1503.73,0
2026-10-04 04:43:50,25.237,50.42,1016.748,0.1291,129.781,1.7667,12.0321,1498.87,0
2026-10-04 04:44:00,25.154,49.901,1016.795,0.1299,120.838,1.7472,12.0775,1477.88,0
2026-10-04 04:44:10,25.076,50.018,1015.105,0.1308,121.627,1.7558,12.0901,1516.41,0
2026-10-04 04:44:20,25.187,49.263,1016.261,0.1335,124.469,1.7921,12.0809,1520.63,0
2026-10-04 04:44:30,25.335,49.952,1015.767,0.1388,119.973,1.7048,12.0359,1501.03,0
2026-10-04 04:44:40,25.092,50.203,1014.528,0.1111,124.379,1.7975,12.0945,1550.31,0
2026-10-04 04:44:50,24.992,49.589,1015.027,0.1379,120.817,1.7692,12.0797,1515.68,0
2026-10-04 04:45:00,25.243,50.638,1017.148,0.1151,117.714,1.7882,12.007,1514.15,0
2026-10-04 04:45:10,25.097,49.658,1015.761,0.131,117.093,1.7196,12.0686,1517.66,0
2026-10-04 04:45:20,24.852,50.205,1016.208,0.1472,121.323,1.758,12.1365,1503.17,0
2026-10-04 04:45:30,25.215,49.78,1015.358,0.1278,123.522,1.7059,12.0934,1497.61,0
2026-10-04 04:45:40,25.051,49.925,1015.126,0.1294,118.159,1.7945,12.0529,1501.07,0
2026-10-04 04:45:50,25.105,48.795,1015.521,0.1252,122.753,1.7403,12.0788,1504.52,0
2026-10-04 04:46:00,25.157,49.815,1015.314,0.1328,122.736,1.7404,12.0552,1521.31,0
2026-10-04 04:46:10,25.141,49.261,1014.453,0.1302,121.662,1.7174,12.0902,1507.44,0
2026-10-04 04:46:20,25.205,49.204,1014.794,0.1217,119.361,1.7772,12.0444,1522.6,0
2026-10-04 04:46:30,25.068,50.498,1015.989,0.126,122.834,1.7683,12.0948,1494.6,0
2026-10-04 04:46:40,25.184,49.517,1015.225,0.1177,121.661,1.7482,12.0874,1504.06,0
2026-10-04 04:46:50,25.092,49.121,1015.508,0.1255,125.007,1.7739,12.0803,1503.24,0
2026-10-04 04:47:00,25.213,49.442,1015.652,0.1229,118.157,1.7482,12.1159,1456.87,0
2026-10-04 04:47:10,25.2,48.97,1015.705,0.1271,122.352,1.7242,12.0891,1507.46,0
2026-10-04 04:47:20,25.015,50.336,1016.286,0.1201,118.168,1.7594,12.0894,1498.96,0
2026-10-04 04:47:30,25.259,49.27,1014.712,0.1238,121.247,1.8101,12.0918,1521.58,0
2026-10-04 04:47:40,25.065,49.881,1015.878,0.1254,118.647,1.7936,12.0814,1525.91,0
2026-10-04 04:47:50,25.228,50.293,1016.006,0.1258,119.154,1.7811,12.075,1494.11,0
2026-10-04 04:48:00,25.176,49.363,1016.165,0.1271,121.868,1.7763,12.0463,1511.63,0
2026-10-04 04:48:10,25.354,49.878,1014.484,0.1233,120.157,1.7615,12.0465,1496.3,0
2026-10-04 04:48:20,25.108,49.095,1015.649,0.1182,126.228,1.7894,12.0737,1520.56,0
2026-10-04 04:48:30,25.094,50.832,1016.67,0.1249,125.34,1.7855,12.078,1505.58,0
2026-10-04 04:48:40,25.135,50.076,1015.397,0.1226,124.19,1.7697,12.0631,1508.06,0
2026-10-04 04:48:50,25.103,49.51,1015.803,0.132,124.105,1.7772,12.0505,1513.01,0
2026-10-04 04:49:00,25.237,49.218,1016.008,0.1328,122.115,1.7325,12.0589,1520.74,0
2026-10-04 04:49:10,24.948,49.546,1014.742,0.1124,125.612,1.761,12.0609,1517.46,0
2026-10-04 04:49:20,25.017,49.432,1016.741,0.1281,120.79,1.7436,12.0689,1522.72,0
2026-10-04 04:49:30,25.017,50.577,1015.805,0.1295,128.004,1.7435,12.0563,1527.78,0
2026-10-04 04:49:40,25.26,48.986,1015.817,0.1119,118.793,1.786,12.0909,1515.19,0
2026-10-04 04:49:50,25.353,49.665,1014.288,0.1271,118.207,1.743,12.0588,1501.83,0
2026-10-04 04:50:00,25.137,49.586,1016.005,0.1294,117.383,1.7943,12.0454,1493.53,0
2026-10-04 04:50:10,25.13,49.535,1015.801,0.1144,117.879,1.8013,12.0593,1506.28,0
2026-10-04 04:50:20,25.161,49.538,1016.582,0.1199,116.628,1.7743,12.0336,1521.28,0
2026-10-04 04:50:30,25.293,49.533,1015.225,0.1231,122.132,1.7611,12.1114,1497.33,0
2026-10-04 04:50:40,25.044,50.026,1014.749,0.1259,124.025,1.8025,12.0773,1534.36,0
2026-10-04 04:50:50,25.185,49.892,1014.961,0.1132,121.54,1.7909,12.0604,1502.67,0
2026-10-04 04:51:00,25.275,49.796,1015.082,0.1302,117.256,1.8074,12.096,1516.91,0
2026-10-04 04:51:10,25.22,48.068,1014.65,0.1044,119.977,1.7509,12.0553,1540.92,0
2026-10-04 04:51:20,25.184,49.733,1016.335,0.131,123.884,1.7718,12.0595,1516.21,0
2026-10-04 04:51:30,25.283,48.754,1016.359,0.1246,120.308,1.7733,12.0425,1502.73,0
2026-10-04 04:51:40,24.84,49.903,1015.29,0.115,118.912,1.7844,12.0365,1481.63,0
2026-10-04 04:51:50,25.248,50.316,1015.15,0.1267,116.74,1.7952,12.0651,1525.54,0
2026-10-04 04:52:00,25.089,49.114,1014.152,0.1112,119.987,1.7834,12.0863,1524.27,0
2026-10-04 04:52:10,24.95,49.445,1015.908,0.1202,119.121,1.8138,12.0376,1528.42,0
2026-10-04 04:52:20,25.232,49.274,1016.576,0.121,120.944,1.7714,12.0534,1521.64,0
2026-10-04 04:52:30,25.337,50.19,1014.97,0.1208,122.606,1.755,12.0542,1512.06,0
2026-10-04 04:52:40,25.158,49.618,1015.332,0.1119,120.303,1.765,12.0784,1508.47,0
2026-10-04 04:52:50,25.29,50.433,1015.715,0.1145,121.679,1.7623,12.0482,1521.05,0
2026-10-04 04:53:00,25.371,49.774,1016.616,0.1192,122.515,1.7711,12.0777,1535.43,0
2026-10-04 04:53:10,25.337,49.687,1015.547,0.1122,117.383,1.7762,12.0766,1476.35,0
2026-10-04 04:53:20,25.378,49.598,1015.542,0.1199,126.704,1.7776,12.042,1534.98,0
2026-10-04 04:53:30,25.272,49.972,1015.528,0.1126,118.796,1.7895,12.0511,1516.69,0
2026-10-04 04:53:40,25.193,48.692,1014.403,0.1253,122.544,1.7726,12.0603,1518.7,0
2026-10-04 04:53:50,24.994,49.602,1014.385,0.1296,117.56,1.8108,12.0472,1531.79,0
2026-10-04 04:54:00,25.158,49.523,1014.83,0.1145,121.272,1.7365,12.0356,1518.95,0
2026-10-04 04:54:10,25.088,49.919,1016.102,0.124,121.356,1.7297,12.0949,1525.04,0
2026-10-04 04:54:20,25.451,49.461,1015.156,0.1147,125.867,1.8108,12.0131,1497.3,0
2026-10-04 04:54:30,25.171,49.034,1015.018,0.1087,120.166,1.8093,12.0634,1517.79,0
2026-10-04 04:54:40,25.209,49.555,1015.004,0.1126,124.736,1.8176,12.0915,1529.69,0
2026-10-04 04:54:50,25.262,49.008,1015.288,0.1164,121.683,1.803,12.0371,1516.37,0
2026-10-04 04:55:00,25.203,48.586,1016.573,0.1012,126.341,1.7875,12.0578,1517.41,0
2026-10-04 04:55:10,25.403,49.91,1015.274,0.1203,115.419,1.7814,12.0796,1524.99,0
2026-10-04 04:55:20,25.126,49.834,1014.827,0.1158,122.179,1.7482,11.9808,1529.14,0
2026-10-04 04:55:30,25.226,49.777,1015.393,0.1229,112.688,1.7924,12.0555,1545.63,0
2026-10-04 04:55:40,25.115,50.193,1016.601,0.1195,120.506,1.7532,12.0173,1529.54,0
2026-10-04 04:55:50,25.048,49.208,1015.018,0.1154,123.717,1.8512,12.0805,1543.36,0
2026-10-04 04:56:00,25.135,48.823,1014.541,0.1114,124.965,1.7642,12.0365,1521.76,0
2026-10-04 04:56:10,25.205,49.502,1015.015,0.1262,122.818,1.7885,12.1008,1487.83,0
2026-10-04 04:56:20,25.16,49.361,1015.454,0.1311,119.704,1.8285,12.0321,1517.07,0
2026-10-04 04:56:30,25.13,49.112,1015.843,0.1109,122.185,1.7821,12.0671,1511.47,0
2026-10-04 04:56:40,25.046,49.492,1016.064,0.1217,128.073,1.7826,12.0338,1522.8,0
2026-10-04 04:56:50,25.207,49.224,1014.625,0.1075,120.723,1.7274,12.0497,1519.06,0
2026-10-04 04:57:00,25.038,48.611,1014.689,0.1082,123.354,1.7597,12.0553,1527.96,0
2026-10-04 04:57:10,25.311,49.306,1015.126,0.1096,119.157,1.8069,12.056,1514.08,0
2026-10-04 04:57:20,25.232,48.957,1015.829,0.118,123.63,1.8351,12.0965,1527.49,0
2026-10-04 04:57:30,25.049,49.64,1014.465,0.1037,123.111,1.7714,12.0907,1529.93,0
2026-10-04 04:57:40,25.188,49.194,1014.92,0.1245,118.535,1.7991,12.0362,1525.04,0
2026-10-04 04:57:50,25.137,50.076,1014.928,0.1194,122.672,1.8623,12.0558,1502.68,0
2026-10-04 04:58:00,25.267,50.321,1015.999,0.1169,122.788,1.8091,12.0255,1538.15,0
2026-10-04 04:58:10,25.392,49.857,1015.708,0.1091,122.508,1.8198,12.0197,1534.16,0
2026-10-04 04:58:20,25.008,48.74,1015.968,0.1179,120.138,1.7767,12.0377,1522.11,0
2026-10-04 04:58:30,25.248,50.267,1016.27,0.0877,123.923,1.835,12.0963,1497.93,0
2026-10-04 04:58:40,25.217,50.3,1015.117,0.1143,117.405,1.7793,12.0119,1529.74,0
2026-10-04 04:58:50,25.318,49.52,1014.497,0.1119,120.212,1.7754,12.0683,1517.41,0
2026-10-04 04:59:00,25.265,50.171,1014.499,0.0953,120.491,1.8345,12.0653,1517.2,0
2026-10-04 04:59:10,25.151,49.232,1014.037,0.1134,123.645,1.782,12.0351,1524.38,0
2026-10-04 04:59:20,25.205,48.573,1015.0,0.1147,117.205,1.7982,12.0696,1547.49,0
2026-10-04 04:59:30,25.149,49.125,1015.05,0.0949,120.802,1.8394,12.0694,1527.97,0
2026-10-04 04:59:40,25.376,50.368,1015.868,0.1001,118.575,1.7763,12.0523,1524.21,0
2026-10-04 04:59:50,25.251,48.756,1015.326,0.1259,120.355,1.7937,12.0494,1518.16,0
2026-10-04 05:00:00,25.478,49.5,1014.968,0.1077,121.177,1.7847,12.0468,1526.55,0
2026-10-04 05:00:10,25.244,49.516,1015.228,0.1168,116.139,1.7922,12.0317,1526.17,0
2026-10-04 05:00:20,25.168,49.24,1014.579,0.1178,123.74,1.8018,12.0568,1535.33,0
2026-10-04 05:00:30,25.074,49.274,1016.022,0.1117,121.205,1.8348,12.0399,1518.42,0
2026-10-04 05:00:40,25.041,49.53,1014.752,0.1165,117.319,1.8427,12.0565,1514.31,0
2026-10-04 05:00:50,25.069,49.211,1014.502,0.0913,118.846,1.806,12.0371,1519.94,0
2026-10-04 05:01:00,25.292,48.78,1015.87,0.1061,124.326,1.7843,12.0357,1525.38,0
2026-10-04 05:01:10,25.323,49.597,1015.697,0.0831,121.064,1.8199,12.0384,1526.46,0
2026-10-04 05:01:20,25.074,50.024,1014.086,0.0936,116.896,1.8035,12.0836,1526.72,0
2026-10-04 05:01:30,25.373,49.921,1015.888,0.103,117.414,1.8047,12.0173,1512.1,0
2026-10-04 05:01:40,25.209,49.08,1014.768,0.1019,121.613,1.7784,12.0959,1525.77,0
2026-10-04 05:01:50,25.287,48.858,1015.023,0.1073,121.946,1.7642,12.0707,1537.4,0
2026-10-04 05:02:00,25.464,49.34,1015.413,0.1066,120.774,1.8046,12.0123,1546.31,0
2026-10-04 05:02:10,25.38,50.264,1015.691,0.1077,118.785,1.7787,12.0368,1542.08,0
2026-10-04 05:02:20,25.242,49.802,1015.589,0.1078,122.063,1.7926,12.0105,1526.49,0
2026-10-04 05:02:30,25.169,49.829,1015.24,0.1089,118.672,1.8433,12.0671,1525.11,0
2026-10-04 05:02:40,25.019,49.921,1014.975,0.0984,117.017,1.8049,12.0828,1546.21,0
2026-10-04 05:02:50,25.193,49.685,1015.559,0.1001,124.315,1.8348,12.0564,1526.0,0
2026-10-04 05:03:00,25.255,49.533,1015.185,0.1054,120.995,1.8149,12.081,1540.74,0
2026-10-04 05:03:10,25.164,49.803,1016.529,0.1053,117.148,1.8225,12.055,1527.37,0
2026-10-04 05:03:20,25.268,49.197,1015.673,0.0966,119.879,1.7946,12.0746,1491.9,0
2026-10-04 05:03:30,25.295,48.762,1014.614,0.1138,119.532,1.8376,12.0575,1537.92,0
2026-10-04 05:03:40,25.26,49.829,1014.923,0.1107,118.374,1.817,12.0504,1542.53,0
2026-10-04 05:03:50,25.211,50.085,1015.289,0.0979,120.099,1.803,12.0693,1523.19,0
2026-10-04 05:04:00,25.311,48.906,1016.162,0.1029,116.586,1.8178,12.0459,1510.82,0
2026-10-04 05:04:10,25.345,49.874,1016.238,0.1205,121.967,1.7926,12.0861,1551.08,0
2026-10-04 05:04:20,25.163,50.302,1014.971,0.1055,119.301,1.8035,12.0416,1526.13,0
2026-10-04 05:04:30,25.465,49.459,1014.592,0.1072,114.465,1.8099,12.0636,1523.23,0
2026-10-04 05:04:40,25.285,49.05,1014.5,0.099,118.583,1.7986,12.0316,1535.19,0
2026-10-04 05:04:50,25.301,49.519,1015.417,0.1012,117.394,1.8511,12.0098,1569.56,0
2026-10-04 05:05:00,25.385,49.181,1016.85,0.1156,110.244,1.8022,12.058,1535.84,0
2026-10-04 05:05:10,25.329,49.147,1015.613,0.1043,118.721,1.865,12.0038,1531.32,0
2026-10-04 05:05:20,25.417,49.671,1014.117,0.1026,122.273,1.8151,12.1025,1529.75,0
2026-10-04 05:05:30,25.339,48.651,1014.722,0.1031,118.813,1.8079,12.0398,1553.58,0
2026-10-04 05:05:40,25.233,48.73,1014.791,0.1232,121.235,1.8016,12.0465,1536.73,0
2026-10-04 05:05:50,25.351,49.46,1014.65,0.103,119.11,1.8252,12.0406,1541.84,0
2026-10-04 05:06:00,25.172,49.438,1014.951,0.0959,117.689,1.8374,12.0518,1533.49,0
2026-10-04 05:06:10,25.324,49.62,1015.479,0.0972,116.837,1.752,12.0566,1537.03,0
2026-10-04 05:06:20,25.308,50.384,1015.695,0.1085,115.158,1.816,12.027,1524.87,0
2026-10-04 05:06:30,25.289,49.498,1015.979,0.0907,121.757,1.7666,11.984,1531.63,0
2026-10-04 05:06:40,25.3,49.743,1015.579,0.1055,121.146,1.8412,12.0202,1518.85,0
2026-10-04 05:06:50,25.091,48.955,1013.842,0.096,118.093,1.8421,12.0355,1521.57,0
2026-10-04 05:07:00,25.252,49.826,1014.467,0.0868,112.829,1.8186,12.0545,1536.59,0
2026-10-04 05:07:10,25.33,49.177,1015.094,0.0936,120.292,1.8232,12.0519,1518.73,0
2026-10-04 05:07:20,25.34,49.475,1015.305,0.1015,116.135,1.7826,12.0661,1531.28,0
2026-10-04 05:07:30,25.199,49.384,1015.803,0.1123,119.255,1.8051,12.006,1523.85,0
2026-10-04 05:07:40,25.475,49.954,1015.227,0.1083,114.173,1.8039,12.0247,1512.55,0
2026-10-04 05:07:50,25.221,48.781,1015.23,0.0985,119.047,1.8084,12.0358,1532.87,0
2026-10-04 05:08:00,25.442,48.293,1015.359,0.1085,118.351,1.8418,12.0848,1541.12,0
2026-10-04 05:08:10,25.379,49.327,1015.011,0.0977,111.49,1.8525,12.1146,1509.8,0
2026-10-04 05:08:20,25.251,49.667,1015.248,0.0887,123.547,1.8361,12.0128,1538.7,0
2026-10-04 05:08:30,25.543,49.508,1015.972,0.1005,117.69,1.8132,12.0736,1512.87,0
2026-10-04 05:08:40,25.188,50.047,1015.123,0.0881,117.863,1.803,12.0484,1549.96,0
2026-10-04 05:08:50,25.443,49.649,1015.158,0.1064,120.218,1.8243,12.06,1538.17,0
2026-10-04 05:09:00,25.454,49.147,1015.153,0.1064,118.436,1.8299,12.0129,1509.96,0
2026-10-04 05:09:10,25.255,48.265,1016.082,0.0927,119.654,1.8174,12.0797,1542.51,0
2026-10-04 05:09:20,25.504,49.308,1014.396,0.1008,115.103,1.8068,11.9902,1520.55,0
2026-10-04 05:09:30,25.308,49.94,1016.412,0.1006,118.084,1.8391,12.0127,1515.29,0
2026-10-04 05:09:40,25.374,49.229,1014.343,0.1064,112.756,1.842,12.0387,1540.62,0
2026-10-04 05:09:50,25.371,49.438,1014.706,0.0893,117.745,1.7917,12.0305,1547.92,0
2026-10-04 05:10:00,25.325,49.634,1015.682,0.1039,122.767,1.8154,12.0459,1536.99,0
2026-10-04 05:10:10,25.44,48.915,1015.88,0.0885,113.888,1.8448,12.028,1524.29,0
2026-10-04 05:10:20,25.439,49.733,1014.173,0.1051,117.328,1.8505,12.0361,1532.42,0
2026-10-04 05:10:30,25.135,50.239,1014.388,0.1073,111.982,1.8278,12.0403,1521.17,0
2026-10-04 05:10:40,25.502,49.334,1015.345,0.0933,118.352,1.8357,12.0392,1527.3,0
2026-10-04 05:10:50,25.147,48.855,1016.789,0.1083,119.7,1.8333,12.0483,1536.05,0
2026-10-04 05:11:00,25.472,49.385,1016.018,0.0858,119.426,1.8513,12.0669,1508.55,0
2026-10-04 05:11:10,25.484,48.305,1014.969,0.1071,116.444,1.8001,12.0255,1536.65,0
2026-10-04 05:11:20,25.219,49.585,1013.447,0.1097,111.791,1.8349,12.078,1508.78,0
2026-10-04 05:11:30,25.302,49.642,1015.194,0.1009,114.473,1.8064,12.0454,1510.87,0
2026-10-04 05:11:40,25.219,50.253,1015.388,0.0964,121.941,1.8562,12.0756,1539.79,0
2026-10-04 05:11:50,25.327,49.318,1014.864,0.1004,120.783,1.803,12.0353,1517.33,0
2026-10-04 05:12:00,25.317,49.618,1014.534,0.0929,117.846,1.8401,12.0221,1515.13,0
2026-10-04 05:12:10,25.449,48.983,1015.238,0.1187,118.581,1.8082,12.0457,1525.56,0
2026-10-04 05:12:20,25.513,49.235,1014.464,0.0929,114.985,1.8495,12.1076,1521.13,0
2026-10-04 05:12:30,25.524,48.65,1016.432,0.108,121.914,1.842,12.0093,1533.47,0
2026-10-04 05:12:40,25.29,49.314,1016.18,0.0914,115.859,1.8375,12.0602,1532.62,0
2026-10-04 05:12:50,25.334,49.258,1015.577,0.1101,119.302,1.8809,12.0476,1515.21,0
2026-10-04 05:13:00,25.157,49.56,1015.176,0.1133,113.981,1.8147,12.0532,1504.33,0
2026-10-04 05:13:10,25.264,49.098,1014.649,0.1002,117.404,1.8558,12.0128,1526.95,0
2026-10-04 05:13:20,25.477,49.451,1015.093,0.0993,121.658,1.8624,12.0543,1546.49,0
2026-10-04 05:13:30,25.556,49.242,1016.253,0.0893,115.046,1.8566,12.0501,1528.99,0
2026-10-04 05:13:40,25.215,49.243,1015.711,0.0882,120.109,1.8169,12.0055,1524.75,0
2026-10-04 05:13:50,25.292,49.448,1015.242,0.0991,114.592,1.8284,12.0458,1555.91,0
2026-10-04 05:14:00,25.361,49.428,1015.744,0.1083,115.103,1.8195,12.0363,1541.23,0
2026-10-04 05:14:10,25.399,49.788,1015.476,0.0922,117.756,1.8277,12.0334,1504.02,0
2026-10-04 05:14:20,25.268,49.347,1015.369,0.1142,120.672,1.8145,12.041,1525.73,0
2026-10-04 05:14:30,25.417,49.232,1015.775,0.0916,116.837,1.8268,12.0692,1533.24,0
2026-10-04 05:14:40,25.31,49.316,1015.448,0.0982,119.561,1.873,12.0534,1513.87,0
2026-10-04 05:14:50,25.366,49.049,1015.685,0.0982,121.112,1.8287,12.0157,1525.47,0
2026-10-04 05:15:00,25.434,49.226,1015.194,0.0954,115.34,1.8397,12.0541,1530.16,0
2026-10-04 05:15:10,25.37,50.421,1014.9,0.0798,113.052,1.8193,12.0405,1526.46,0
2026-10-04 05:15:20,25.317,48.949,1014.692,0.0911,116.535,1.8375,12.026,1511.64,0
2026-10-04 05:15:30,25.357,49.266,1014.606,0.0976,121.395,1.8589,12.0103,1551.8,0
2026-10-04 05:15:40,25.36,49.211,1013.946,0.0952,115.112,1.8509,12.0614,1533.75,0
2026-10-04 05:15:50,25.326,49.281,1014.429,0.101,120.569,1.8745,12.0268,1516.83,0
2026-10-04 05:16:00,25.34,49.239,1014.406,0.1019,116.711,1.8092,12.0637,1542.83,0
2026-10-04 05:16:10,25.564,49.544,1014.707,0.0939,122.741,1.821,12.014,1528.45,0
2026-10-04 05:16:20,25.44,48.549,1016.153,0.088,124.183,1.8299,12.0906,1544.51,0
2026-10-04 05:16:30,25.337,49.923,1014.946,0.1081,120.515,1.8788,12.1065,1528.03,0
2026-10-04 05:16:40,25.457,49.72,1015.223,0.0848,112.455,1.8485,12.0541,1507.42,0
2026-10-04 05:16:50,25.333,48.783,1015.242,0.0908,110.16,1.806,12.0728,1513.52,0
2026-10-04 05:17:00,25.514,48.269,1016.159,0.0887,117.527,1.8691,12.029,1546.61,0
2026-10-04 05:17:10,25.418,48.915,1014.642,0.1015,120.038,1.845,12.0264,1544.94,0
2026-10-04 05:17:20,25.361,49.283,1014.887,0.106,118.795,1.8649,12.07,1509.47,0
2026-10-04 05:17:30,25.428,50.694,1014.966,0.094,115.096,1.8826,12.0438,1550.26,0
2026-10-04 05:17:40,25.186,49.676,1015.833,0.0972,112.783,1.819,12.0056,1544.71,0
2026-10-04 05:17:50,25.24,48.5,1015.975,0.0988,120.004,1.8834,12.0417,1519.77,0
2026-10-04 05:18:00,25.232,49.06,1015.364,0.1097,122.765,1.8423,12.0091,1528.07,0
2026-10-04 05:18:10,25.392,49.378,1015.892,0.0811,115.153,1.8342,12.0349,1496.15,0
2026-10-04 05:18:20,25.583,49.532,1015.15,0.1012,119.614,1.8488,12.0657,1518.63,0
2026-10-04 05:18:30,25.643,48.748,1014.902,0.0982,124.921,1.8155,12.0758,1525.92,0
2026-10-04 05:18:40,25.452,49.338,1015.846,0.0922,116.517,1.8452,12.0461,1533.68,0
2026-10-04 05:18:50,25.436,49.047,1015.359,0.0978,116.552,1.84,12.0726,1527.25,0
2026-10-04 05:19:00,25.16,48.854,1014.5,0.101,118.714,1.823,12.0275,1531.02,0
2026-10-04 05:19:10,25.311,49.536,1015.71,0.0998,116.156,1.8307,12.0814,1514.36,0
2026-10-04 05:19:20,25.281,49.793,1014.863,0.1123,121.002,1.8757,12.0207,1533.68,0
2026-10-04 05:19:30,25.301,49.827,1014.775,0.0961,115.746,1.8432,12.0185,1554.01,0
2026-10-04 05:19:40,25.355,49.695,1015.629,0.0953,116.839,1.8235,12.0271,1535.3,0
2026-10-04 05:19:50,25.319,49.159,1014.939,0.0936,112.58,1.8596,12.0198,1529.15,0
2026-10-04 05:20:00,25.138,49.765,1015.27,0.0994,116.175,1.868,12.0513,1517.47,0
2026-10-04 05:20:10,25.465,49.563,1015.459,0.0948,113.833,1.8491,12.0696,1523.17,0
2026-10-04 05:20:20,25.246,49.476,1014.444,0.0951,117.868,1.8187,12.0385,1508.77,0
2026-10-04 05:20:30,25.403,49.104,1015.259,0.0951,111.812,1.7863,12.0458,1506.7,0
2026-10-04 05:20:40,25.623,49.162,1015.931,0.0939,119.719,1.8278,12.0034,1527.27,0
2026-10-04 05:20:50,25.264,49.448,1014.314,0.0901,114.14,1.8771,12.0402,1536.57,0
2026-10-04 05:21:00,25.07,50.632,1015.296,0.0983,122.08,1.8752,12.082,1515.35,0
2026-10-04 05:21:10,25.339,49.563,1014.398,0.0927,120.815,1.8316,12.0729,1546.05,0
2026-10-04 05:21:20,25.505,49.107,1015.69,0.0999,118.284,1.846,12.0101,1519.62,0
2026-10-04 05:21:30,25.608,48.997,1015.681,0.0959,112.037,1.8697,12.0265,1526.61,0
2026-10-04 05:21:40,25.225,49.169,1014.722,0.0919,114.742,1.8491,12.1225,1542.07,0
2026-10-04 05:21:50,25.432,50.504,1016.514,0.1076,113.911,1.8764,12.0477,1523.11,0
2026-10-04 05:22:00,25.316,49.216,1015.739,0.0942,114.261,1.8509,12.075,1537.14,0
2026-10-04 05:22:10,25.358,49.87,1015.456,0.1,121.28,1.8658,12.0768,1536.24,0
2026-10-04 05:22:20,25.688,49.23,1015.414,0.0895,116.066,1.846,12.009,1517.46,0
2026-10-04 05:22:30,25.19,49.549,1015.644,0.0789,114.525,1.8349,12.0549,1517.78,0
2026-10-04 05:22:40,25.4,49.815,1014.256,0.0906,114.229,1.884,12.0414,1545.74,0
2026-10-04 05:22:50,25.425,49.135,1015.086,0.078,114.852,1.8177,12.0801,1547.12,0
2026-10-04 05:23:00,25.498,49.101,1015.215,0.0933,118.02,1.8406,12.0855,1536.61,0
2026-10-04 05:23:10,25.379,50.252,1014.664,0.1069,111.515,1.8536,12.0156,1514.13,0
2026-10-04 05:23:20,25.404,49.916,1015.267,0.088,116.666,1.8778,12.1223,1540.08,0
2026-10-04 05:23:30,25.319,49.82,1015.8,0.0784,117.616,1.8347,12.0404,1522.79,0
2026-10-04 05:23:40,25.397,49.819,1014.64,0.1073,111.114,1.8602,12.0519,1507.84,0
2026-10-04 05:23:50,25.323,49.657,1014.894,0.0915,112.042,1.8228,11.9697,1517.23,0
2026-10-04 05:24:00,25.438,50.437,1014.355,0.0952,116.127,1.8688,12.0611,1523.33,0
2026-10-04 05:24:10,25.318,49.451,1013.676,0.1017,120.567,1.9038,11.9819,1542.88,0
2026-10-04 05:24:20,25.407,49.719,1015.469,0.0996,119.827,1.8096,12.0321,1514.45,0
2026-10-04 05:24:30,25.357,48.706,1014.903,0.1015,114.368,1.8407,12.0218,1511.9,0
2026-10-04 05:24:40,25.495,49.021,1014.951,0.1027,120.396,1.8802,12.0471,1519.05,0
2026-10-04 05:24:50,25.353,48.834,1014.224,0.0816,115.184,1.9332,12.0399,1524.36,0
2026-10-04 05:25:00,25.145,50.073,1014.782,0.0843,115.133,1.8747,12.05,1536.18,0
2026-10-04 05:25:10,25.508,48.161,1015.677,0.105,116.374,1.8421,12.0663,1534.54,0
2026-10-04 05:25:20,25.247,49.237,1014.907,0.0895,118.586,1.857,12.01,1492.13,0
2026-10-04 05:25:30,25.276,47.943,1014.924,0.0904,114.215,1.8304,12.0299,1520.43,0
2026-10-04 05:25:40,25.282,49.026,1015.046,0.0857,114.823,1.8816,12.0138,1527.52,0
2026-10-04 05:25:50,25.517,49.198,1014.032,0.0927,112.247,1.888,12.0118,1512.49,0
2026-10-04 05:26:00,25.095,50.137,1015.332,0.0932,117.019,1.8973,12.083,1513.73,0
2026-10-04 05:26:10,25.727,49.645,1014.013,0.0885,118.741,1.8543,12.0029,1534.7,0
2026-10-04 05:26:20,25.476,49.031,1014.231,0.0877,118.9,1.8427,12.0139,1535.46,0
2026-10-04 05:26:30,25.374,49.983,1014.152,0.0987,111.791,1.9006,12.0893,1522.44,0
2026-10-04 05:26:40,25.34,49.46,1014.76,0.0898,114.717,1.8981,12.0311,1531.01,0
2026-10-04 05:26:50,25.379,49.472,1014.633,0.0914,119.577,1.8392,12.0326,1531.81,0
2026-10-04 05:27:00,25.406,48.853,1014.876,0.0789,116.512,1.8549,12.0441,1508.29,0
2026-10-04 05:27:10,25.419,48.962,1014.241,0.1119,115.892,1.8844,12.0039,1508.37,0
2026-10-04 05:27:20,25.407,49.046,1015.575,0.1041,115.796,1.8587,12.0109,1518.61,0
2026-10-04 05:27:30,25.35,49.483,1015.452,0.0926,117.364,1.8661,12.0184,1513.99,0
2026-10-04 05:27:40,25.314,49.501,1014.744,0.0895,116.572,1.829,12.0598,1515.31,0
2026-10-04 05:27:50,25.318,50.236,1014.528,0.0968,113.963,1.838,12.0504,1522.71,0
2026-10-04 05:28:00,25.311,49.659,1014.454,0.0967,118.308,1.8641,12.0178,1522.63,0
2026-10-04 05:28:10,25.469,48.114,1014.639,0.0867,112.031,1.8493,12.0301,1485.47,0
2026-10-04 05:28:20,25.402,49.601,1013.873,0.0766,119.581,1.8384,12.0529,1525.18,0
2026-10-04 05:28:30,24.977,48.747,1014.179,0.0929,112.902,1.8596,11.9737,1519.84,0
2026-10-04 05:28:40,25.406,48.991,1015.45,0.0847,117.208,1.8459,12.0407,1526.87,0
2026-10-04 05:28:50,25.349,49.07,1015.056,0.0987,115.045,1.8688,12.052,1513.74,0
2026-10-04 05:29:00,25.322,49.147,1015.986,0.0988,114.085,1.8933,12.01,1513.69,0
2026-10-04 05:29:10,25.276,48.793,1014.629,0.0897,119.562,1.8613,12.0492,1517.23,0
2026-10-04 05:29:20,25.455,49.585,1014.583,0.0933,117.693,1.8585,12.0332,1538.98,0
2026-10-04 05:29:30,25.432,48.78,1014.547,0.1118,115.263,1.8964,12.078,1516.56,0
2026-10-04 05:29:40,25.224,49.666,1014.606,0.104,120.65,1.8882,12.0196,1539.33,0
2026-10-04 05:29:50,25.364,50.608,1014.365,0.0943,118.329,1.8901,12.0473,1537.18,0
2026-10-04 05:30:00,25.196,48.828,1015.013,0.1163,112.948,1.8075,11.9957,1517.31,0
2026-10-04 05:30:10,25.145,49.353,1014.841,0.0885,108.559,1.8597,12.0342,1514.58,0
2026-10-04 05:30:20,25.234,48.236,1014.461,0.0917,115.636,1.8569,12.0527,1514.96,0
2026-10-04 05:30:30,25.41,49.349,1015.691,0.0974,119.441,1.8509,12.0191,1519.79,0
2026-10-04 05:30:40,25.419,49.824,1016.139,0.0862,117.097,1.8982,12.0601,1513.42,0
2026-10-04 05:30:50,25.364,49.865,1015.625,0.1129,119.962,1.8586,12.055,1532.69,0
2026-10-04 05:31:00,25.387,49.546,1015.196,0.1001,113.421,1.8378,12.0355,1511.82,0
2026-10-04 05:31:10,25.36,49.955,1015.336,0.0925,114.839,1.879,12.0251,1534.3,0
2026-10-04 05:31:20,25.219,50.786,1016.099,0.1025,114.887,1.873,11.9546,1507.22,0
2026-10-04 05:31:30,25.345,50.372,1015.329,0.1002,115.865,1.8505,12.0154,1496.04,0
2026-10-04 05:31:40,25.387,49.257,1014.384,0.0967,117.419,1.8993,12.0591,1493.94,0
2026-10-04 05:31:50,25.379,48.796,1015.065,0.0896,119.989,1.8875,12.0246,1512.64,0
2026-10-04 05:32:00,25.429,49.321,1015.226,0.0879,120.595,1.8877,12.0427,1508.47,0
2026-10-04 05:32:10,25.369,49.053,1014.088,0.117,120.042,1.887,12.0197,1507.63,0
2026-10-04 05:32:20,25.324,49.755,1014.582,0.0888,117.025,1.9024,11.9956,1535.01,0
2026-10-04 05:32:30,25.407,48.942,1015.549,0.1134,113.966,1.8716,12.0498,1509.13,0
2026-10-04 05:32:40,25.273,49.499,1013.499,0.0931,115.646,1.8448,12.0003,1490.46,0
2026-10-04 05:32:50,25.168,49.958,1013.897,0.1064,116.909,1.871,12.0244,1528.25,0
2026-10-04 05:33:00,25.252,49.491,1014.646,0.1039,115.324,1.8351,12.04,1539.66,0
2026-10-04 05:33:10,25.179,49.072,1015.014,0.1056,112.153,1.8503,12.0138,1526.2,0
2026-10-04 05:33:20,25.185,50.135,1013.813,0.1063,113.483,1.9176,12.07,1509.23,0
2026-10-04 05:33:30,25.246,48.612,1014.672,0.0877,117.449,1.8499,12.0799,1521.69,0
2026-10-04 05:33:40,25.165,49.39,1015.565,0.0953,114.081,1.8484,12.0103,1506.89,0
2026-10-04 05:33:50,25.221,49.537,1014.802,0.0899,114.868,1.8948,12.0112,1504.2,0
2026-10-04 05:34:00,25.028,49.569,1015.408,0.1025,114.536,1.9,12.0194,1515.64,0
2026-10-04 05:34:10,25.278,49.654,1014.334,0.0906,112.07,1.8371,12.0591,1517.57,0
2026-10-04 05:34:20,25.249,49.873,1014.178,0.0855,114.209,1.8853,12.0424,1515.21,0
2026-10-04 05:34:30,25.148,49.553,1015.336,0.0996,113.324,1.8656,12.0489,1543.15,0
2026-10-04 05:34:40,25.322,49.39,1014.997,0.084,112.598,1.8879,12.0629,1518.54,0
2026-10-04 05:34:50,25.353,49.374,1013.906,0.1038,111.474,1.8724,12.0073,1532.12,0
2026-10-04 05:35:00,25.044,49.276,1014.172,0.0919,114.323,1.8462,12.0425,1551.02,0
2026-10-04 05:35:10,25.143,49.979,1015.825,0.0954,116.455,1.8686,12.0311,1510.26,0
2026-10-04 05:35:20,25.139,49.265,1014.079,0.084,117.937,1.8966,12.0405,1519.41,0
2026-10-04 05:35:30,25.115,50.015,1015.378,0.1156,110.369,1.9298,12.0584,1529.26,0
2026-10-04 05:35:40,25.324,49.605,1014.386,0.0909,119.346,1.8913,12.0258,1518.65,0
2026-10-04 05:35:50,25.198,49.339,1014.715,0.0998,115.381,1.8721,12.0121,1512.48,0
2026-10-04 05:36:00,25.187,49.912,1014.92,0.0886,111.097,1.8527,12.0031,1551.6,0
2026-10-04 05:36:10,24.975,49.243,1013.24,0.0964,113.243,1.8785,12.0732,1534.24,0
2026-10-04 05:36:20,25.288,49.93,1013.684,0.1172,108.797,1.8733,12.0282,1484.55,0
2026-10-04 05:36:30,25.06,49.721,1014.765,0.1058,109.54,1.8907,11.995,1536.24,0
2026-10-04 05:36:40,25.212,49.32,1014.195,0.0978,119.545,1.8819,12.0637,1539.7,0
2026-10-04 05:36:50,25.235,49.887,1015.396,0.1034,112.259,1.8956,11.9863,1533.43,0
2026-10-04 05:37:00,25.362,49.9,1013.571,0.0994,115.943,1.875,11.9902,1526.57,0
2026-10-04 05:37:10,25.038,50.209,1015.088,0.1033,113.975,1.927,12.021,1538.38,0
2026-10-04 05:37:20,24.829,50.118,1013.726,0.1102,114.337,1.8992,12.0151,1528.16,0
2026-10-04 05:37:30,25.21,49.884,1014.44,0.1018,115.364,1.8672,12.0365,1523.4,0
2026-10-04 05:37:40,25.4,49.079,1013.938,0.1063,107.984,1.9102,11.9805,1516.54,0
2026-10-04 05:37:50,25.329,50.871,1016.012,0.1067,118.167,1.8565,12.0367,1498.25,0
2026-10-04 05:38:00,25.202,48.949,1013.739,0.1023,113.891,1.8644,12.0605,1493.53,0
2026-10-04 05:38:10,25.114,50.13,1014.588,0.0992,112.65,1.866,12.0039,1525.52,0
2026-10-04 05:38:20,25.266,49.876,1013.462,0.1011,115.543,1.9195,12.0189,1525.05,0
2026-10-04 05:38:30,25.049,49.077,1015.787,0.1111,111.952,1.8821,12.0082,1512.88,0
2026-10-04 05:38:40,25.219,49.606,1014.945,0.1119,114.716,1.8712,12.0362,1500.46,0
2026-10-04 05:38:50,25.219,49.634,1014.757,0.0968,113.571,1.8913,12.0012,1496.16,0
2026-10-04 05:39:00,25.281,50.33,1015.69,0.104,116.176,1.901,11.998,1507.47,0
2026-10-04 05:39:10,25.481,49.325,1014.758,0.1002,113.377,1.9275,12.0242,1523.22,0
2026-10-04 05:39:20,25.193,49.556,1014.805,0.1128,110.905,1.8506,12.0363,1546.06,0
2026-10-04 05:39:30,25.081,48.523,1014.741,0.1028,115.058,1.9199,12.0316,1511.91,0
2026-10-04 05:39:40,25.135,50.563,1015.04,0.1244,113.135,1.8369,12.0168,1516.38,0
2026-10-04 05:39:50,24.922,49.165,1014.298,0.1087,108.46,1.9116,12.0444,1528.74,0
2026-10-04 05:40:00,25.047,49.869,1014.489,0.1166,114.492,1.9183,12.0334,1510.68,0
2026-10-04 05:40:10,25.077,49.659,1015.203,0.0993,112.263,1.9198,11.9983,1516.96,0
2026-10-04 05:40:20,25.059,49.666,1014.827,0.1077,114.888,1.904,11.9606,1523.54,0
2026-10-04 05:40:30,25.136,50.124,1014.55,0.1127,111.262,1.8634,12.0404,1527.53,0
2026-10-04 05:40:40,25.015,50.56,1013.646,0.0997,110.184,1.909,12.0209,1511.59,0
2026-10-04 05:40:50,25.244,49.855,1015.672,0.1083,117.32,1.8639,11.9995,1503.35,0
2026-10-04 05:41:00,25.105,50.062,1014.157,0.1168,116.285,1.8674,12.0678,1513.4,0
2026-10-04 05:41:10,25.1,49.904,1015.308,0.1059,113.712,1.8797,12.0675,1484.66,0
2026-10-04 05:41:20,25.057,50.253,1014.737,0.1019,115.022,1.8822,12.0589,1514.3,0
2026-10-04 05:41:30,25.111,49.518,1013.705,0.1234,116.116,1.8977,12.0326,1522.68,0
2026-10-04 05:41:40,25.187,50.292,1015.484,0.0998,113.63,1.8745,11.9478,1534.93,0
2026-10-04 05:41:50,24.979,50.315,1014.782,0.1106,110.011,1.9004,12.0562,1523.1,0
2026-10-04 05:42:00,25.0,50.306,1015.536,0.1039,114.512,1.8582,12.0038,1470.51,0
2026-10-04 05:42:10,25.038,49.44,1014.47,0.1023,116.596,1.8937,12.0127,1529.65,0
2026-10-04 05:42:20,24.908,49.691,1015.088,0.1159,115.346,1.8862,12.0491,1530.55,0
2026-10-04 05:42:30,24.967,49.901,1013.358,0.1085,113.72,1.9186,12.0774,1494.51,0
2026-10-04 05:42:40,25.003,49.101,1014.238,0.1136,115.215,1.9214,12.065,1502.08,0
2026-10-04 05:42:50,25.161,50.589,1013.694,0.0925,112.825,1.8895,12.0308,1529.44,0
2026-10-04 05:43:00,25.083,49.791,1014.32,0.1148,116.604,1.8451,12.0449,1508.46,0
2026-10-04 05:43:10,25.07,49.945,1014.909,0.1052,117.49,1.8574,11.9987,1498.58,0
2026-10-04 05:43:20,25.144,49.52,1014.152,0.0962,109.536,1.9227,11.9857,1495.89,0
2026-10-04 05:43:30,25.02,49.15,1015.177,0.1265,116.749,1.8912,12.0532,1546.44,0
2026-10-04 05:43:40,25.079,49.517,1013.969,0.1164,120.089,1.9388,12.0342,1518.5,0
2026-10-04 05:43:50,25.015,49.935,1015.186,0.1137,114.931,1.9177,11.9898,1502.27,0
2026-10-04 05:44:00,25.054,50.167,1015.48,0.1221,116.282,1.902,12.0248,1527.64,0
2026-10-04 05:44:10,24.947,49.917,1015.269,0.1143,111.366,1.8991,12.0414,1504.62,0
2026-10-04 05:44:20,24.72,50.016,1014.315,0.1061,111.772,1.8674,12.0485,1523.9,0
2026-10-04 05:44:30,24.991,49.68,1013.065,0.1113,112.632,1.8806,12.0415,1514.21,0
2026-10-04 05:44:40,25.173,50.102,1014.957,0.1075,112.029,1.907,12.0167,1500.17,0
2026-10-04 05:44:50,25.108,50.601,1014.459,0.1091,109.278,1.8882,12.0045,1512.48,0
2026-10-04 05:45:00,25.108,50.218,1013.858,0.1033,112.672,1.9088,12.0285,1512.84,0
2026-10-04 05:45:10,25.135,50.277,1014.151,0.1058,115.676,1.9231,12.0456,1516.53,0
2026-10-04 05:45:20,24.992,50.025,1015.541,0.1209,109.248,1.8931,12.0481,1528.7,0
2026-10-04 05:45:30,25.0,49.132,1013.737,0.1167,113.658,1.887,12.0649,1537.2,0
2026-10-04 05:45:40,24.897,49.368,1014.858,0.1102,113.542,1.8756,12.0262,1509.95,0
2026-10-04 05:45:50,24.928,50.124,1014.68,0.1062,112.17,1.9192,11.9976,1474.91,0
2026-10-04 05:46:00,25.035,49.897,1014.274,0.1114,114.54,1.9174,12.0524,1516.43,0
2026-10-04 05:46:10,25.1,50.129,1014.972,0.1014,114.235,1.9535,12.0273,1499.12,0
2026-10-04 05:46:20,24.933,50.753,1015.66,0.1161,111.887,1.9034,11.9931,1477.41,0
2026-10-04 05:46:30,24.891,50.284,1014.307,0.1229,116.164,1.8968,12.0407,1512.89,0
2026-10-04 05:46:40,24.939,50.557,1014.341,0.1345,114.64,1.9112,12.0603,1508.86,0
2026-10-04 05:46:50,25.006,49.982,1014.943,0.1069,117.655,1.8925,12.0345,1489.94,0
2026-10-04 05:47:00,24.755,49.537,1015.147,0.1232,112.712,1.8778,12.0605,1483.98,0
2026-10-04 05:47:10,24.647,49.918,1014.412,0.1105,111.923,1.9024,12.0127,1522.45,0
2026-10-04 05:47:20,24.851,49.551,1014.284,0.1074,112.24,1.9119,12.0066,1508.84,0
2026-10-04 05:47:30,24.765,50.739,1012.942,0.1076,116.378,1.9137,12.0461,1489.13,0
2026-10-04 05:47:40,24.845,50.362,1013.947,0.118,112.374,1.912,12.0159,1510.67,0
2026-10-04 05:47:50,24.883,50.234,1013.69,0.1096,112.534,1.9277,12.0547,1494.17,0
2026-10-04 05:48:00,24.84,50.598,1014.964,0.1125,118.657,1.9143,12.0288,1508.39,0
2026-10-04 05:48:10,25.063,48.977,1014.311,0.114,108.717,1.9083,12.055,1504.67,0
2026-10-04 05:48:20,24.922,50.288,1014.28,0.1118,113.798,1.8701,12.0402,1461.22,0
2026-10-04 05:48:30,24.914,49.345,1014.469,0.1115,112.521,1.9081,12.0019,1501.05,0
2026-10-04 05:48:40,24.946,50.004,1013.862,0.0988,111.93,1.8979,11.9746,1496.67,0
2026-10-04 05:48:50,24.729,49.859,1015.556,0.1191,109.799,1.8744,12.0438,1487.8,0
2026-10-04 05:49:00,24.985,50.352,1015.374,0.1192,110.645,1.9152,12.0384,1479.67,0
2026-10-04 05:49:10,24.845,50.143,1015.594,0.1125,111.389,1.9158,11.9987,1495.11,0
2026-10-04 05:49:20,24.929,50.708,1014.937,0.122,114.078,1.9137,12.0441,1492.81,0
2026-10-04 05:49:30,24.714,49.742,1014.435,0.1305,115.125,1.9172,12.0588,1507.6,0
2026-10-04 05:49:40,24.65,50.404,1015.582,0.1197,107.209,1.9066,12.0063,1495.39,0
2026-10-04 05:49:50,24.928,50.138,1013.972,0.1304,108.918,1.8975,11.9756,1498.62,0
2026-10-04 05:50:00,24.869,49.247,1013.835,0.1379,114.144,1.9482,12.0482,1501.93,0
2026-10-04 05:50:10,24.71,49.612,1014.021,0.1405,114.374,1.9078,12.0557,1489.79,0
2026-10-04 05:50:20,24.708,50.004,1014.805,0.1109,108.064,1.8408,12.0055,1481.53,0
2026-10-04 05:50:30,24.941,50.642,1013.902,0.1112,115.055,1.8439,12.0431,1529.41,0
2026-10-04 05:50:40,24.657,50.325,1014.323,0.1173,112.368,1.9349,12.032,1494.77,0
2026-10-04 05:50:50,24.991,49.517,1013.307,0.1222,114.628,1.8591,12.0209,1492.51,0
2026-10-04 05:51:00,24.679,50.038,1014.762,0.134,109.809,1.8915,12.0381,1516.58,0
2026-10-04 05:51:10,24.858,51.125,1013.36,0.1266,108.172,1.875,12.011,1523.41,0
2026-10-04 05:51:20,24.735,50.179,1013.766,0.1122,111.393,1.898,11.996,1516.51,0
2026-10-04 05:51:30,24.841,49.967,1015.267,0.1171,111.504,1.9154,12.0336,1488.7,0
2026-10-04 05:51:40,24.697,50.385,1015.238,0.1219,111.314,1.8893,12.0301,1499.48,0
2026-10-04 05:51:50,24.736,50.528,1014.671,0.1106,111.081,1.8858,11.9597,1502.76,0
2026-10-04 05:52:00,24.754,49.926,1014.598,0.1228,117.308,1.9246,11.9938,1527.26,0
2026-10-04 05:52:10,24.623,50.413,1014.03,0.1134,107.108,1.9723,12.0065,1499.73,0
2026-10-04 05:52:20,24.825,50.005,1013.858,0.1099,109.65,1.9202,12.0363,1500.12,0
2026-10-04 05:52:30,24.668,50.537,1014.142,0.1158,110.907,1.8841,11.9851,1477.67,0
2026-10-04 05:52:40,24.696,50.27,1013.333,0.1269,112.212,1.9289,12.0151,1473.75,0
2026-10-04 05:52:50,24.597,50.434,1014.565,0.127,114.251,1.9509,12.0715,1512.61,0
2026-10-04 05:53:00,24.403,49.822,1014.42,0.1248,114.692,1.9341,12.0247,1497.2,0
2026-10-04 05:53:10,24.681,49.799,1013.729,0.1322,115.303,1.8691,12.0262,1498.44,0
2026-10-04 05:53:20,24.986,50.69,1015.477,0.1315,113.496,1.9211,12.0214,1507.55,0
2026-10-04 05:53:30,24.784,50.186,1014.8,0.1263,106.839,1.8966,12.0475,1503.94,0
2026-10-04 05:53:40,24.681,50.376,1014.856,0.1254,107.014,1.9095,12.0239,1501.69,0
2026-10-04 05:53:50,24.645,50.089,1014.028,0.1262,115.427,1.899,12.0173,1500.12,0
2026-10-04 05:54:00,24.673,50.7,1014.364,0.1242,115.21,1.9271,12.0266,1492.37,0
2026-10-04 05:54:10,24.729,49.955,1014.801,0.1082,113.849,1.8999,12.0559,1493.14,0
2026-10-04 05:54:20,24.515,50.199,1014.466,0.1349,109.458,1.9444,12.0327,1503.45,0
2026-10-04 05:54:30,24.784,50.668,1015.477,0.1292,110.929,1.909,12.0241,1475.34,0
2026-10-04 05:54:40,24.729,50.87,1014.209,0.1165,110.678,1.9037,12.052,1473.37,0
2026-10-04 05:54:50,24.722,50.03,1013.995,0.1379,108.778,1.9237,12.0095,1490.06,0
2026-10-04 05:55:00,24.682,51.28,1014.789,0.1219,112.608,1.9186,11.9425,1490.78,0
2026-10-04 05:55:10,24.625,50.466,1013.457,0.126,118.275,1.9248,12.0337,1499.11,0
2026-10-04 05:55:20,24.696,49.796,1014.985,0.1353,110.3,1.9066,12.0333,1484.62,0
2026-10-04 05:55:30,24.679,50.511,1013.425,0.1291,115.655,1.9435,12.0068,1475.99,0
2026-10-04 05:55:40,24.559,50.143,1014.779,0.1382,109.087,1.9351,12.0156,1496.39,0
2026-10-04 05:55:50,24.526,50.56,1013.874,0.1249,107.111,1.9102,12.0538,1507.26,0
2026-10-04 05:56:00,24.6,50.331,1014.659,0.1415,114.662,1.9312,12.0336,1492.24,0
2026-10-04 05:56:10,24.766,50.398,1014.957,0.1219,111.021,1.9042,12.0591,1464.66,0
2026-10-04 05:56:20,24.425,49.914,1014.426,0.1389,115.469,1.9252,12.0289,1490.3,0
2026-10-04 05:56:30,24.39,50.874,1013.475,0.1105,116.047,1.9317,12.0183,1456.9,0
2026-10-04 05:56:40,24.579,49.809,1013.684,0.12,110.777,1.9175,12.0398,1484.95,0
2026-10-04 05:56:50,24.558,49.842,1013.798,0.1314,115.619,1.8909,12.0313,1455.12,0
2026-10-04 05:57:00,24.565,50.589,1012.978,0.126,108.941,1.8817,12.033,1478.52,0
2026-10-04 05:57:10,24.567,51.216,1015.09,0.1288,108.872,1.9191,12.0162,1492.33,0
2026-10-04 05:57:20,24.503,50.247,1014.375,0.13,114.742,1.8938,12.0077,1480.08,0
2026-10-04 05:57:30,24.702,50.783,1013.5,0.1203,106.86,1.9384,12.0086,1501.29,0
2026-10-04 05:57:40,24.324,50.978,1015.31,0.1211,111.478,1.8745,12.0349,1487.04,0
2026-10-04 05:57:50,24.409,50.858,1013.797,0.1321,115.21,1.9453,12.0381,1466.6,0
2026-10-04 05:58:00,24.489,50.304,1014.46,0.1251,115.39,1.9137,11.9561,1496.66,0
2026-10-04 05:58:10,24.296,49.924,1013.703,0.1414,110.12,1.8913,12.0035,1493.18,0
2026-10-04 05:58:20,24.465,49.375,1012.865,0.1293,114.424,1.9015,11.982,1501.65,0
2026-10-04 05:58:30,24.678,50.356,1013.319,0.1368,108.006,1.9078,12.0093,1492.88,0
2026-10-04 05:58:40,24.474,51.086,1013.957,0.1348,109.351,1.9251,12.0066,1488.97,0
2026-10-04 05:58:50,24.492,49.944,1014.896,0.1266,112.023,1.8826,12.0253,1466.72,0
2026-10-04 05:59:00,24.305,50.866,1014.506,0.1158,112.444,1.8893,12.0263,1493.51,0
2026-10-04 05:59:10,24.375,50.05,1014.358,0.1413,108.146,1.9054,12.0748,1478.8,0
2026-10-04 05:59:20,24.397,50.588,1012.85,0.1242,116.855,1.9128,12.0309,1492.78,0
2026-10-04 05:59:30,24.396,50.898,1015.142,0.129,105.614,1.9316,12.0375,1513.83,0
2026-10-04 05:59:40,24.58,50.224,1014.407,0.1312,111.388,1.9206,11.9859,1498.17,0
2026-10-04 05:59:50,24.486,50.649,1014.163,0.1322,111.792,1.9043,12.0131,1484.04,0
2026-10-04 06:00:00,24.278,50.366,1015.036,0.1405,105.942,1.92,11.9943,1480.55,0
2026-10-04 06:00:10,24.433,50.936,1015.113,0.1331,115.134,1.9184,12.0363,1472.87,0
2026-10-04 06:00:20,24.456,50.711,1015.044,0.1322,108.919,1.9081,12.0227,1443.98,0
2026-10-04 06:00:30,24.525,50.631,1014.06,0.1415,111.415,1.9174,12.0128,1479.21,0
2026-10-04 06:00:40,24.571,51.392,1013.527,0.1384,112.083,1.8608,12.0452,1470.49,0
2026-10-04 06:00:50,24.251,50.954,1014.918,0.1279,106.715,1.9381,12.0145,1482.71,0
2026-10-04 06:01:00,24.268,50.287,1013.267,0.1248,107.84,1.9286,12.0546,1469.83,0
2026-10-04 06:01:10,24.207,50.599,1015.582,0.1276,115.725,1.9524,12.0542,1480.57,0
2026-10-04 06:01:20,24.322,50.614,1014.235,0.1339,110.817,1.8948,12.0053,1495.63,0
2026-10-04 06:01:30,24.398,50.702,1013.47,0.1245,102.903,1.9295,12.049,1478.98,0
2026-10-04 06:01:40,24.453,51.935,1013.346,0.1354,110.067,1.8677,12.0239,1460.02,0
2026-10-04 06:01:50,24.318,50.868,1013.311,0.1338,110.853,1.8713,12.0112,1463.53,0
2026-10-04 06:02:00,24.281,49.675,1014.3,0.1147,111.589,1.9097,12.0309,1486.04,0
2026-10-04 06:02:10,24.329,50.431,1014.194,0.124,104.914,1.9012,11.9814,1486.65,0
2026-10-04 06:02:20,24.203,49.747,1013.33,0.1123,110.801,1.942,12.0076,1461.96,0
2026-10-04 06:02:30,24.546,50.558,1013.942,0.1328,108.371,1.9454,12.0314,1474.29,0
2026-10-04 06:02:40,24.095,49.74,1013.23,0.1444,111.511,1.9481,12.0136,1487.97,0
2026-10-04 06:02:50,24.302,50.308,1014.597,0.1208,112.346,1.9311,12.0479,1499.89,0
2026-10-04 06:03:00,24.515,49.994,1014.143,0.1255,112.006,1.9323,12.011,1476.41,0
2026-10-04 06:03:10,24.265,50.957,1013.913,0.135,114.998,1.8843,12.0239,1470.46,0
2026-10-04 06:03:20,24.233,50.775,1013.272,0.1279,117.337,1.9514,12.0179,1467.58,0
2026-10-04 06:03:30,24.205,50.937,1013.961,0.1281,107.344,1.9478,11.9826,1474.95,0
2026-10-04 06:03:40,24.218,50.744,1013.877,0.1411,109.578,1.8821,12.0306,1493.32,0
2026-10-04 06:03:50,24.397,50.11,1014.386,0.133,112.932,1.9284,12.0287,1474.33,0
2026-10-04 06:04:00,23.959,51.074,1014.277,0.1252,110.302,1.9032,11.9724,1479.34,0
2026-10-04 06:04:10,24.4,51.789,1014.711,0.1206,102.494,1.9632,11.959,1450.19,0
2026-10-04 06:04:20,24.037,51.043,1013.814,0.1551,110.064,1.8926,12.0094,1495.11,0
2026-10-04 06:04:30,24.168,50.636,1012.848,0.1466,114.324,1.9194,12.0515,1490.92,0
2026-10-04 06:04:40,24.14,50.146,1014.84,0.1341,106.417,1.9218,12.0886,1466.1,0
2026-10-04 06:04:50,24.254,50.417,1013.488,0.1386,111.242,1.916,11.9751,1468.65,0
2026-10-04 06:05:00,23.984,51.108,1013.364,0.1342,104.838,1.9711,12.0613,1487.59,0
2026-10-04 06:05:10,24.223,51.429,1014.106,0.1423,113.15,1.9597,12.0496,1513.75,0
2026-10-04 06:05:20,24.402,51.034,1014.344,0.1315,111.244,1.8766,12.006,1443.97,0
2026-10-04 06:05:30,23.988,51.314,1013.757,0.1342,108.795,1.9298,12.0676,1461.26,0
2026-10-04 06:05:40,24.166,51.279,1013.748,0.1423,109.225,1.9174,12.0322,1462.68,0
2026-10-04 06:05:50,24.056,51.189,1013.848,0.1505,105.962,1.9387,12.0148,1483.88,0
2026-10-04 06:06:00,24.178,50.618,1015.11,0.1449,113.462,1.9232,11.976,1473.26,0
2026-10-04 06:06:10,24.121,51.045,1014.113,0.149,108.02,1.8976,12.023,1459.93,0
2026-10-04 06:06:20,24.033,50.545,1013.434,0.1368,111.899,1.8921,12.0215,1446.04,0
2026-10-04 06:06:30,24.161,50.989,1013.437,0.1344,107.493,1.9081,12.0764,1482.13,0
2026-10-04 06:06:40,24.311,51.157,1013.929,0.124,116.953,1.9152,11.9968,1463.63,1
2026-10-04 06:06:50,24.308,51.842,1014.267,0.1403,115.017,1.9231,11.9983,1448.94,1
2026-10-04 06:07:00,24.654,50.359,1014.436,0.1429,116.539,1.9041,12.0076,1455.74,1
2026-10-04 06:07:10,24.649,51.266,1014.181,0.1376,116.87,1.961,12.0868,1459.27,1
2026-10-04 06:07:20,24.926,51.777,1013.501,0.1339,108.375,1.9318,11.9916,1460.82,1
2026-10-04 06:07:30,25.334,51.427,1013.79,0.1502,107.606,1.9404,12.0531,1449.32,1
2026-10-04 06:07:40,25.692,51.476,1014.597,0.1454,116.317,1.9151,11.9814,1449.18,1
2026-10-04 06:07:50,25.793,51.365,1013.278,0.151,109.795,1.8927,12.0311,1499.87,1
2026-10-04 06:08:00,25.95,51.731,1013.75,0.133,112.698,1.9408,12.0228,1468.94,1
2026-10-04 06:08:10,26.224,50.55,1014.491,0.1351,108.317,1.8939,12.0028,1457.5,1
2026-10-04 06:08:20,26.31,50.412,1014.682,0.1505,108.346,1.8683,12.0382,1469.01,1
2026-10-04 06:08:30,26.769,51.114,1013.931,0.1406,112.629,1.933,12.0003,1465.42,1
2026-10-04 06:08:40,27.039,50.048,1013.774,0.1366,104.21,1.9001,11.9799,1449.08,1
2026-10-04 06:08:50,27.116,51.755,1013.133,0.1372,112.449,1.9106,12.0124,1433.62,1
2026-10-04 06:09:00,27.35,51.762,1014.423,0.1413,111.654,1.9364,11.9973,1454.05,1
2026-10-04 06:09:10,27.675,50.947,1014.975,0.1495,108.47,1.8958,12.0267,1458.95,1
2026-10-04 06:09:20,27.827,50.99,1015.844,0.1403,110.114,1.8791,12.0131,1459.71,1
2026-10-04 06:09:30,28.108,51.151,1014.315,0.148,110.564,1.9497,12.0593,1433.55,1
2026-10-04 06:09:40,28.605,51.225,1014.005,0.1455,110.713,1.9178,12.0122,1497.89,1
2026-10-04 06:09:50,28.559,51.274,1013.394,0.1349,112.053,1.9507,12.0271,1496.4,1
2026-10-04 06:10:00,28.783,51.501,1012.719,0.135,107.518,1.935,11.9911,1466.7,1
2026-10-04 06:10:10,28.984,51.148,1014.154,0.1385,118.037,1.9358,12.0095,1460.08,1
2026-10-04 06:10:20,29.388,51.718,1015.672,0.1315,109.307,1.9235,11.9973,1450.89,1
2026-10-04 06:10:30,29.513,51.481,1014.913,0.1382,109.513,1.9235,12.0497,1467.71,1
2026-10-04 06:10:40,29.694,50.966,1014.801,0.1545,115.72,1.9479,12.0012,1456.94,1
2026-10-04 06:10:50,30.167,51.95,1014.188,0.1423,104.379,1.9399,12.0038,1477.15,1
2026-10-04 06:11:00,30.415,50.615,1014.264,0.1365,115.65,1.9049,12.0276,1471.74,1
2026-10-04 06:11:10,30.409,51.26,1012.312,0.158,110.108,1.9319,12.0023,1444.94,1
2026-10-04 06:11:20,30.493,51.802,1014.539,0.1354,108.218,1.9042,12.0553,1447.05,1
2026-10-04 06:11:30,31.075,50.969,1013.596,0.1352,106.43,1.9119,12.069,1471.57,1
2026-10-04 06:11:40,31.108,51.497,1013.507,0.1528,105.963,1.9339,11.9976,1467.11,1
2026-10-04 06:11:50,31.522,51.626,1013.769,0.1484,108.725,1.9039,12.0412,1439.66,1
2026-10-04 06:12:00,31.427,50.937,1013.741,0.1421,110.566,1.9235,11.9989,1449.17,1
2026-10-04 06:12:10,32.007,51.343,1013.485,0.1499,111.58,1.9293,12.0111,1453.38,1
2026-10-04 06:12:20,31.991,51.313,1013.994,0.1457,110.492,1.9113,12.0373,1454.81,1
2026-10-04 06:12:30,32.46,51.128,1013.59,0.1339,108.144,1.9378,12.0235,1453.94,1
2026-10-04 06:12:40,32.611,52.567,1014.047,0.1243,113.674,1.9089,12.0242,1468.18,1
2026-10-04 06:12:50,32.731,51.047,1012.933,0.139,117.658,1.9434,12.0475,1456.54,1
2026-10-04 06:13:00,33.033,51.943,1013.82,0.1523,114.102,1.9232,12.0473,1455.23,1
2026-10-04 06:13:10,33.4,51.257,1013.199,0.1403,108.521,1.9242,12.0213,1442.33,1
2026-10-04 06:13:20,33.567,50.922,1013.514,0.1475,111.086,1.8975,12.0042,1455.86,1
2026-10-04 06:13:30,33.861,51.53,1014.06,0.1453,111.26,1.9141,12.02,1452.58,1
2026-10-04 06:13:40,34.265,51.815,1012.833,0.1304,114.354,1.9248,11.9948,1445.48,1
2026-10-04 06:13:50,34.076,51.964,1013.376,0.1407,108.509,1.9456,12.0397,1435.09,1
2026-10-04 06:14:00,34.694,52.297,1014.347,0.1469,106.61,1.9119,12.0153,1471.16,1
2026-10-04 06:14:10,34.749,53.001,1012.956,0.1378,112.888,1.9455,11.9924,1478.37,1
2026-10-04 06:14:20,34.865,51.666,1015.186,0.1413,110.687,1.9011,12.0535,1455.01,1
2026-10-04 06:14:30,35.05,51.222,1014.781,0.1473,106.123,1.9283,12.0197,1472.52,1
2026-10-04 06:14:40,35.423,51.793,1013.588,0.1449,111.547,1.9073,12.0013,1454.11,1
2026-10-04 06:14:50,35.793,51.446,1013.38,0.1527,114.927,1.9586,12.0486,1429.53,1
2026-10-04 06:15:00,23.658,52.055,1014.068,0.1474,107.312,1.9541,12.0514,1454.5,0
2026-10-04 06:15:10,23.847,50.956,1012.91,0.1368,106.702,1.9271,11.9728,1444.57,0
2026-10-04 06:15:20,23.483,52.802,1012.518,0.1406,109.447,1.9066,12.0477,1456.47,0
2026-10-04 06:15:30,23.647,52.058,1013.595,0.1447,111.379,1.8821,12.0239,1472.56,0
2026-10-04 06:15:40,23.489,50.801,1013.819,0.1553,109.095,1.9294,12.0443,1441.06,0
2026-10-04 06:15:50,23.675,51.302,1013.975,0.1408,112.705,1.9252,12.0183,1454.14,0
2026-10-04 06:16:00,23.729,52.077,1013.475,0.1308,110.065,1.9414,12.0295,1460.91,0
2026-10-04 06:16:10,23.564,52.27,1014.794,0.1482,112.3,1.8833,12.0124,1467.97,0
2026-10-04 06:16:20,23.293,51.059,1012.852,0.1387,107.084,1.9235,12.0448,1462.11,0
2026-10-04 06:16:30,23.621,52.064,1013.098,0.1345,105.545,1.9307,12.0032,1430.26,0
2026-10-04 06:16:40,23.641,50.747,1014.232,0.1449,108.19,1.8974,12.0457,1429.91,0
2026-10-04 06:16:50,23.629,51.689,1013.074,0.1526,105.152,1.9228,12.0245,1457.79,0
2026-10-04 06:17:00,23.72,52.303,1013.044,0.1402,110.402,1.9017,12.0389,1440.21,0
2026-10-04 06:17:10,23.435,51.484,1013.967,0.1488,103.105,1.8992,11.9948,1430.89,0
2026-10-04 06:17:20,23.637,51.02,1013.139,0.1503,107.779,1.9066,12.0306,1463.14,0
2026-10-04 06:17:30,23.69,51.86,1013.78,0.1512,108.262,1.9132,12.0334,1439.43,0
2026-10-04 06:17:40,23.325,51.497,1013.38,0.1391,105.961,1.9508,12.0664,1469.1,0
2026-10-04 06:17:50,23.568,52.128,1013.263,0.136,108.164,1.9117,12.0375,1437.7,0
2026-10-04 06:18:00,23.461,51.383,1012.391,0.1371,109.078,1.8986,12.0054,1432.77,0
2026-10-04 06:18:10,23.503,51.453,1013.956,0.1513,112.855,1.9401,12.0043,1442.67,0
2026-10-04 06:18:20,23.546,50.842,1012.982,0.1503,105.907,1.9454,12.0391,1454.68,0
2026-10-04 06:18:30,23.437,51.951,1013.734,0.1373,110.084,1.9402,12.0066,1447.37,0
2026-10-04 06:18:40,23.406,51.799,1013.489,0.1621,110.661,1.9539,12.0071,1471.01,0
2026-10-04 06:18:50,23.483,51.298,1013.7,0.1364,108.913,1.9244,11.9986,1444.88,0
2026-10-04 06:19:00,23.34,52.003,1013.736,0.153,107.464,1.9235,12.0234,1439.32,0
2026-10-04 06:19:10,23.332,52.433,1013.973,0.1572,105.524,1.9019,12.0256,1464.28,0
2026-10-04 06:19:20,23.535,51.825,1013.324,0.1459,114.619,1.9545,12.012,1450.23,0
2026-10-04 06:19:30,23.308,52.08,1014.7,0.1388,109.123,1.9172,12.0625,1434.77,0
2026-10-04 06:19:40,23.517,52.096,1012.533,0.139,107.941,1.9118,12.0344,1444.22,0
2026-10-04 06:19:50,23.484,51.371,1013.664,0.1429,115.235,1.9096,12.0641,1443.58,0
2026-10-04 06:20:00,23.213,53.015,1014.404,0.1536,109.52,1.9353,12.0234,1436.89,0
2026-10-04 06:20:10,23.331,51.765,1014.149,0.1354,116.466,1.9214,12.0018,1442.38,0
2026-10-04 06:20:20,23.547,52.342,1013.129,0.1302,104.569,1.924,11.9953,1419.99,0
2026-10-04 06:20:30,23.278,52.412,1013.242,0.1478,108.089,1.9111,12.0171,1433.64,0
2026-10-04 06:20:40,23.331,51.971,1013.1,0.1496,104.673,1.9142,12.039,1445.11,0
2026-10-04 06:20:50,23.434,52.358,1014.22,0.1606,108.399,1.9154,12.0128,1430.39,0
2026-10-04 06:21:00,23.464,52.191,1013.279,0.1338,108.368,1.9546,12.0416,1424.61,0
2026-10-04 06:21:10,23.332,51.373,1013.972,0.1438,107.357,1.874,12.0553,1437.04,0
2026-10-04 06:21:20,23.282,51.929,1013.975,0.1541,108.875,1.9302,12.0001,1430.23,0
2026-10-04 06:21:30,23.516,51.803,1015.444,0.1458,107.469,1.9461,11.9928,1417.16,0
2026-10-04 06:21:40,23.546,51.892,1014.002,0.1432,108.348,1.8729,12.044,1417.2,0
2026-10-04 06:21:50,23.446,51.485,1013.211,0.1511,106.395,1.917,12.027,1442.45,0
2026-10-04 06:22:00,23.331,52.714,1012.753,0.1399,112.974,1.9433,12.0284,1437.36,0
2026-10-04 06:22:10,23.215,52.965,1013.579,0.1515,105.302,1.8998,12.0378,1440.38,0
2026-10-04 06:22:20,23.205,52.667,1013.685,0.1346,109.248,1.9253,11.9822,1430.86,0
2026-10-04 06:22:30,23.359,52.827,1012.217,0.1324,105.016,1.8952,12.0314,1412.31,0
2026-10-04 06:22:40,23.338,52.033,1013.261,0.1424,106.072,1.9193,12.0249,1421.57,0
2026-10-04 06:22:50,23.448,51.901,1013.965,0.124,106.375,1.9503,12.0319,1429.52,0
2026-10-04 06:23:00,23.349,51.844,1013.381,0.1451,108.148,1.9607,11.9965,1440.56,0
2026-10-04 06:23:10,23.083,52.569,1014.428,0.1306,109.052,1.9246,12.0224,1407.47,0
2026-10-04 06:23:20,23.381,52.375,1012.655,0.1466,105.189,1.8862,12.0083,1398.7,0
2026-10-04 06:23:30,23.127,52.236,1014.216,0.1458,107.252,1.9103,12.0465,1454.77,0
2026-10-04 06:23:40,23.193,52.937,1014.378,0.1437,105.502,1.8727,12.0183,1441.68,0
2026-10-04 06:23:50,23.261,52.505,1014.405,0.1477,105.353,1.9106,12.0055,1419.24,0
2026-10-04 06:24:00,23.462,51.898,1012.635,0.1458,111.843,1.942,11.9957,1428.54,0
2026-10-04 06:24:10,23.588,51.99,1013.948,0.1418,104.25,1.8837,12.0424,1425.41,0
2026-10-04 06:24:20,23.279,52.686,1013.256,0.1587,108.633,1.9125,12.0451,1435.75,0
2026-10-04 06:24:30,23.176,52.88,1012.736,0.1471,113.487,1.8972,12.0687,1423.47,0
2026-10-04 06:24:40,23.254,52.649,1013.427,0.1501,111.994,1.9624,12.0125,1413.53,0
2026-10-04 06:24:50,23.289,53.336,1013.08,0.1524,109.635,1.9274,11.9953,1437.77,0
2026-10-04 06:25:00,23.136,53.219,1014.354,0.1491,108.294,1.9386,12.0175,1457.32,0
2026-10-04 06:25:10,23.382,52.636,1014.065,0.1602,110.536,1.9246,12.0032,1437.73,0
2026-10-04 06:25:20,23.186,52.01,1012.895,0.145,109.418,1.9362,12.0049,1430.58,0
2026-10-04 06:25:30,23.21,51.789,1013.192,0.1435,112.561,1.9441,12.0326,1425.92,0
2026-10-04 06:25:40,23.222,52.264,1013.428,0.1383,107.876,1.918,12.048,1416.98,0
2026-10-04 06:25:50,23.185,52.849,1013.64,0.1414,111.264,1.9036,12.0311,1422.37,0
2026-10-04 06:26:00,23.227,53.399,1014.392,0.1375,107.267,1.8934,12.0236,1434.05,0
2026-10-04 06:26:10,23.044,52.709,1014.167,0.1487,113.909,1.9607,12.0413,1445.65,0
2026-10-04 06:26:20,23.044,53.099,1013.716,0.1359,107.727,1.9372,12.0151,1446.0,0
2026-10-04 06:26:30,22.971,52.406,1013.494,0.1437,103.339,1.861,12.0571,1429.75,0
2026-10-04 06:26:40,23.148,52.854,1012.431,0.1475,108.413,1.9103,12.0958,1429.68,0
2026-10-04 06:26:50,23.18,52.969,1014.574,0.1441,110.458,1.9267,12.0051,1427.34,0
2026-10-04 06:27:00,23.134,51.582,1013.352,0.1356,113.034,1.958,12.0511,1434.8,0
2026-10-04 06:27:10,23.272,52.379,1014.75,0.1483,105.143,1.8886,12.0512,1426.64,0
2026-10-04 06:27:20,23.063,53.075,1013.795,0.1419,102.882,1.9267,12.0341,1426.56,0
2026-10-04 06:27:30,23.136,52.752,1015.072,0.1195,109.59,1.9059,12.0531,1412.38,0
2026-10-04 06:27:40,22.917,52.03,1014.075,0.1346,109.481,1.8859,12.0299,1411.7,0
2026-10-04 06:27:50,22.994,51.428,1012.645,0.1535,103.835,1.9493,12.0373,1414.27,0
2026-10-04 06:28:00,23.116,52.475,1013.213,0.1541,107.063,1.8915,12.0231,1427.92,0
2026-10-04 06:28:10,23.127,52.636,1013.521,0.1463,107.182,1.9397,12.0246,1419.41,0
2026-10-04 06:28:20,22.982,52.244,1013.024,0.1483,110.49,1.8755,12.037,1462.43,0
2026-10-04 06:28:30,23.001,52.772,1013.368,0.1357,106.764,1.903,12.0317,1429.19,0
2026-10-04 06:28:40,22.82,52.968,1012.672,0.1397,106.682,1.9294,11.995,1446.62,0
2026-10-04 06:28:50,22.951,53.065,1013.629,0.1516,108.317,1.9329,12.0339,1445.01,0
2026-10-04 06:29:00,23.094,51.566,1013.787,0.145,103.823,1.9258,12.0151,1428.8,0
2026-10-04 06:29:10,23.048,52.101,1012.915,0.142,113.644,1.9394,12.0074,1421.5,0
2026-10-04 06:29:20,23.032,52.62,1014.972,0.1399,110.729,1.9074,12.0455,1408.32,0
2026-10-04 06:29:30,22.97,53.073,1013.655,0.1506,105.806,1.9493,11.998,1412.46,0
2026-10-04 06:29:40,22.957,53.046,1013.035,0.1501,104.543,1.9233,12.0146,1433.78,0
2026-10-04 06:29:50,22.87,53.052,1012.462,0.1462,104.76,1.9326,11.9947,1424.91,0
2026-10-04 06:30:00,23.025,52.639,1013.641,0.1414,109.625,1.9232,12.0114,1410.91,0
2026-10-04 06:30:10,22.985,52.681,1013.413,0.1379,104.818,1.9263,12.0813,1417.13,0
2026-10-04 06:30:20,22.986,52.495,1014.14,0.1462,107.086,1.8888,12.0024,1424.87,0
2026-10-04 06:30:30,22.856,53.258,1013.488,0.1317,102.746,1.8902,12.0177,1419.99,0
2026-10-04 06:30:40,22.653,52.428,1012.749,0.1332,109.427,1.9001,12.0563,1415.74,0
2026-10-04 06:30:50,23.036,53.328,1014.75,0.1286,109.525,1.9263,12.0325,1418.18,0
2026-10-04 06:31:00,22.84,53.022,1013.882,0.15,107.219,1.8986,12.0181,1382.46,0
2026-10-04 06:31:10,22.786,52.91,1013.395,0.1342,108.339,1.9058,12.0043,1418.66,0
2026-10-04 06:31:20,22.966,52.618,1013.685,0.1431,110.13,1.9112,12.0385,1402.2,0
2026-10-04 06:31:30,22.828,52.284,1013.898,0.1387,108.228,1.9484,12.0136,1423.22,0
2026-10-04 06:31:40,22.995,52.652,1012.562,0.1627,110.055,1.9278,12.0761,1419.47,0
2026-10-04 06:31:50,22.935,52.826,1013.669,0.1429,104.194,1.8761,12.0147,1428.38,0
2026-10-04 06:32:00,22.936,51.821,1013.24,0.1244,108.819,1.9165,12.0641,1428.22,0
2026-10-04 06:32:10,22.682,52.921,1013.906,0.1485,108.248,1.9047,12.0438,1442.34,0
2026-10-04 06:32:20,22.985,53.497,1013.029,0.1359,111.259,1.9065,12.0436,1386.49,0
2026-10-04 06:32:30,22.863,53.333,1013.12,0.1372,107.729,1.912,12.018,1414.05,0
2026-10-04 06:32:40,22.781,52.815,1014.704,0.1333,107.331,1.94,12.0105,1385.03,0
2026-10-04 06:32:50,22.835,53.102,1014.398,0.1401,105.937,1.8914,12.0155,1422.69,0
2026-10-04 06:33:00,22.598,52.815,1011.226,0.1398,112.067,1.9167,12.0482,1412.53,0
2026-10-04 06:33:10,22.853,53.182,1014.339,0.1331,100.511,1.9187,12.0352,1407.67,0
2026-10-04 06:33:20,22.673,53.892,1013.474,0.134,109.098,1.9057,11.9755,1418.43,0
2026-10-04 06:33:30,22.627,53.621,1013.026,0.1387,107.489,1.8951,11.9899,1398.34,0
2026-10-04 06:33:40,22.6,53.412,1012.813,0.119,106.984,1.8921,12.0188,1441.55,0
2026-10-04 06:33:50,22.909,52.92,1012.85,0.1261,106.533,1.9003,12.0356,1409.87,0
2026-10-04 06:34:00,22.693,53.556,1013.034,0.1508,107.339,1.9291,12.0165,1414.38,0
2026-10-04 06:34:10,22.946,52.352,1012.718,0.1399,108.927,1.9015,12.0097,1411.01,0
2026-10-04 06:34:20,22.691,53.084,1012.555,0.1329,105.092,1.9078,11.9977,1426.48,0
2026-10-04 06:34:30,22.543,53.517,1012.771,0.1234,107.868,1.8812,12.0452,1394.31,0
2026-10-04 06:34:40,22.608,53.61,1013.722,0.1363,108.501,1.8981,12.0249,1424.47,0
2026-10-04 06:34:50,22.883,53.589,1013.527,0.1445,104.573,1.9155,12.0645,1403.98,0
2026-10-04 06:35:00,22.709,53.416,1013.877,0.1576,108.932,1.8679,11.99,1403.81,0
2026-10-04 06:35:10,22.656,53.186,1013.438,0.1514,108.482,1.9356,12.0398,1424.36,0
2026-10-04 06:35:20,22.734,53.567,1012.566,0.129,104.995,1.8945,12.0363,1406.85,0
2026-10-04 06:35:30,22.768,52.837,1013.823,0.132,103.813,1.9532,12.0438,1419.79,0
2026-10-04 06:35:40,22.835,52.905,1012.77,0.124,104.927,1.9194,12.0433,1419.78,0
2026-10-04 06:35:50,22.869,53.373,1013.922,0.1289,107.755,1.8629,12.01,1404.76,0
2026-10-04 06:36:00,22.645,53.444,1012.649,0.1337,107.107,1.9155,12.0183,1413.2,0
2026-10-04 06:36:10,22.522,52.459,1012.981,0.1323,111.503,1.9004,12.027,1402.16,0
2026-10-04 06:36:20,22.625,53.614,1013.205,0.1515,106.206,1.9155,11.9978,1408.84,0
2026-10-04 06:36:30,22.7,53.788,1013.926,0.1244,104.626,1.9485,12.0487,1415.95,0
2026-10-04 06:36:40,22.546,53.377,1013.574,0.1343,109.25,1.9255,11.9611,1394.21,0
2026-10-04 06:36:50,22.541,54.618,1013.461,0.118,104.325,1.902,11.9939,1414.88,0
2026-10-04 06:37:00,22.69,53.104,1014.763,0.137,104.879,1.8726,11.9811,1412.75,0
2026-10-04 06:37:10,22.637,53.28,1012.154,0.1234,104.905,1.9291,12.0506,1385.37,0
2026-10-04 06:37:20,22.64,53.277,1012.709,0.1428,98.232,1.9199,12.0285,1396.23,0
2026-10-04 06:37:30,22.539,53.451,1012.675,0.1314,108.911,1.9359,12.0099,1396.76,0
2026-10-04 06:37:40,22.596,53.34,1012.189,0.1224,110.017,1.9032,12.0256,1400.19,0
2026-10-04 06:37:50,22.507,52.816,1012.921,0.1166,109.933,1.9139,12.0299,1392.23,0
2026-10-04 06:38:00,22.718,53.26,1013.902,0.1254,112.826,1.9002,11.9923,1420.38,0
2026-10-04 06:38:10,22.729,53.5,1013.003,0.1349,111.677,1.9083,12.027,1421.92,0
2026-10-04 06:38:20,22.377,54.177,1013.18,0.1362,106.141,1.8681,12.0581,1393.91,0
2026-10-04 06:38:30,22.481,54.679,1012.204,0.1286,110.457,1.9137,12.0626,1388.14,0
2026-10-04 06:38:40,22.407,54.26,1012.848,0.1398,106.823,1.9151,12.0448,1404.97,0
2026-10-04 06:38:50,22.503,53.22,1013.079,0.1232,105.824,1.8928,12.03,1424.85,0
2026-10-04 06:39:00,22.564,53.274,1013.848,0.1086,104.822,1.9203,12.0467,1436.93,0
2026-10-04 06:39:10,22.394,53.557,1012.222,0.1341,106.273,1.9268,12.0413,1394.22,0
2026-10-04 06:39:20,22.452,54.544,1013.072,0.142,108.049,1.9398,11.9956,1369.94,0
2026-10-04 06:39:30,22.436,53.583,1014.148,0.1418,111.792,1.879,12.0009,1381.48,0
2026-10-04 06:39:40,22.575,53.017,1013.072,0.1209,109.222,1.9211,12.0397,1376.78,0
2026-10-04 06:39:50,22.553,53.445,1011.899,0.1267,104.709,1.9376,12.0072,1409.5,0
2026-10-04 06:40:00,22.452,54.089,1014.271,0.1366,103.877,1.8952,11.9983,1404.44,0
2026-10-04 06:40:10,22.554,54.07,1013.887,0.1256,108.702,1.9386,12.0562,1405.96,0
2026-10-04 06:40:20,22.461,53.639,1013.977,0.1313,109.691,1.8854,12.0256,1419.33,0
2026-10-04 06:40:30,22.489,54.096,1012.144,0.1245,110.653,1.905,12.0224,1426.6,0
2026-10-04 06:40:40,22.716,52.632,1014.42,0.1213,106.151,1.8599,11.9941,1414.54,0
2026-10-04 06:40:50,22.671,53.835,1012.816,0.1227,108.353,1.8562,12.013,1412.66,0
2026-10-04 06:41:00,22.348,54.228,1012.997,0.1373,109.499,1.8638,12.0156,1379.25,0
2026-10-04 06:41:10,22.598,53.396,1012.858,0.1295,102.866,1.9379,12.0017,1393.47,0
2026-10-04 06:41:20,22.59,53.409,1014.009,0.1394,107.739,1.8828,11.994,1421.61,0
2026-10-04 06:41:30,22.349,52.909,1013.216,0.1332,109.606,1.8827,12.0681,1392.33,0
2026-10-04 06:41:40,22.58,54.652,1013.676,0.1416,108.412,1.912,12.0597,1416.89,0
2026-10-04 06:41:50,22.661,53.511,1013.388,0.1351,106.626,1.883,12.0219,1401.9,0
2026-10-04 06:42:00,22.336,54.007,1013.265,0.1344,114.685,1.9314,11.9914,1411.53,0
2026-10-04 06:42:10,22.355,54.203,1012.665,0.1272,112.634,1.9477,11.9815,1386.45,0
2026-10-04 06:42:20,22.582,54.671,1014.592,0.152,106.858,1.8453,12.0134,1410.71,0
2026-10-04 06:42:30,22.487,53.853,1012.295,0.1286,106.249,1.9136,11.9684,1389.41,0
2026-10-04 06:42:40,22.515,53.675,1013.605,0.1117,108.906,1.8489,12.0135,1402.21,0
2026-10-04 06:42:50,22.485,54.046,1013.576,0.1294,106.62,1.8662,11.9743,1398.06,0
2026-10-04 06:43:00,22.485,54.616,1014.117,0.1192,110.595,1.9119,12.0225,1416.12,0
2026-10-04 06:43:10,22.274,53.903,1014.276,0.135,102.966,1.8761,12.0299,1410.46,0
2026-10-04 06:43:20,22.554,53.525,1013.205,0.1325,106.034,1.906,12.0203,1371.24,0
2026-10-04 06:43:30,22.563,53.247,1013.669,0.1249,108.799,1.9,12.0794,1385.32,0
2026-10-04 06:43:40,22.39,53.421,1014.529,0.1191,109.743,1.8578,12.02,1387.68,0
2026-10-04 06:43:50,22.407,54.479,1013.244,0.1272,102.276,1.9152,12.0685,1407.35,0
2026-10-04 06:44:00,22.224,53.901,1012.54,0.1207,103.845,1.906,12.0327,1389.29,0
2026-10-04 06:44:10,22.464,53.772,1013.013,0.1319,101.666,1.8993,12.0756,1380.13,0
2026-10-04 06:44:20,22.466,53.732,1012.365,0.1298,104.063,1.8819,11.9815,1375.75,0
2026-10-04 06:44:30,22.385,54.147,1013.535,0.1486,102.839,1.9076,11.9984,1406.88,0
2026-10-04 06:44:40,22.522,53.999,1014.016,0.1213,108.276,1.8652,12.0183,1364.62,0
2026-10-04 06:44:50,22.342,53.997,1013.183,0.1223,107.334,1.8721,12.0656,1411.31,0
2026-10-04 06:45:00,22.445,54.823,1012.129,0.1232,106.173,1.9051,12.0196,1375.93,0
2026-10-04 06:45:10,22.25,54.932,1013.975,0.1234,106.701,1.9226,12.0087,1388.28,0
2026-10-04 06:45:20,22.365,53.372,1012.013,0.1322,110.194,1.8847,12.0409,1377.22,0
2026-10-04 06:45:30,22.342,54.355,1012.17,0.1216,103.473,1.9078,12.0485,1380.72,0
2026-10-04 06:45:40,22.385,53.817,1013.124,0.1394,100.797,1.9012,12.0067,1390.92,0
2026-10-04 06:45:50,22.309,54.096,1013.421,0.128,108.708,1.9062,12.0087,1391.98,0
2026-10-04 06:46:00,22.333,54.389,1013.537,0.1192,105.391,1.8783,12.0684,1370.59,0
2026-10-04 06:46:10,22.443,54.143,1013.191,0.117,103.497,1.8916,12.0573,1387.47,0
2026-10-04 06:46:20,22.287,54.379,1014.466,0.131,108.203,1.8941,12.064,1394.86,0
2026-10-04 06:46:30,22.142,54.614,1013.275,0.1227,100.627,1.9323,12.0497,1400.1,0
2026-10-04 06:46:40,22.541,54.44,1013.95,0.1223,103.945,1.8669,12.0049,1362.21,0
2026-10-04 06:46:50,22.492,53.983,1013.773,0.1172,99.341,1.8592,12.0255,1385.43,0
2026-10-04 06:47:00,22.167,54.006,1012.313,0.1213,107.273,1.969,11.9998,1361.57,0
2026-10-04 06:47:10,22.4,53.615,1013.096,0.1165,111.205,1.9015,12.0508,1384.52,0
2026-10-04 06:47:20,22.252,53.923,1014.697,0.1322,104.753,1.9072,12.0129,1385.46,0
2026-10-04 06:47:30,22.34,55.345,1012.854,0.1269,104.087,1.9093,11.9838,1401.12,0
2026-10-04 06:47:40,22.339,53.982,1012.731,0.1195,111.804,1.9123,12.0295,1406.06,0
2026-10-04 06:47:50,22.272,53.796,1013.319,0.1192,108.321,1.9152,12.0548,1375.9,0
2026-10-04 06:48:00,22.202,54.567,1012.868,0.1212,113.569,1.9119,11.9924,1395.41,0
2026-10-04 06:48:10,22.208,54.366,1012.637,0.1202,106.899,1.9204,12.0237,1400.6,0
2026-10-04 06:48:20,22.177,54.337,1012.85,0.1123,107.085,1.8961,12.0131,1379.34,0
2026-10-04 06:48:30,22.183,55.154,1014.187,0.1046,110.729,1.9185,12.0518,1401.92,0
2026-10-04 06:48:40,22.271,54.738,1013.085,0.1132,105.937,1.9387,11.9759,1392.14,0
2026-10-04 06:48:50,22.189,54.213,1012.247,0.1183,107.114,1.896,12.0555,1385.78,0
2026-10-04 06:49:00,22.353,54.28,1012.115,0.1132,99.098,1.9029,12.0096,1391.79,0
2026-10-04 06:49:10,22.445,54.255,1014.714,0.1254,111.564,1.8761,12.0233,1365.74,0
2026-10-04 06:49:20,22.193,54.958,1013.009,0.1168,107.512,1.8862,12.0488,1391.33,0
2026-10-04 06:49:30,22.288,54.38,1013.466,0.1334,106.007,1.8988,12.0644,1376.32,0
2026-10-04 06:49:40,22.315,53.652,1012.618,0.1137,109.04,1.88,12.0288,1389.22,0
2026-10-04 06:49:50,22.308,54.538,1013.379,0.1191,102.763,1.8918,12.0094,1382.49,0
2026-10-04 06:50:00,22.256,53.808,1014.172,0.1154,104.643,1.8977,12.0143,1392.68,0
2026-10-04 06:50:10,22.333,55.683,1012.69,0.1211,107.946,1.9269,12.0568,1406.02,0
2026-10-04 06:50:20,22.298,54.122,1013.464,0.1258,106.408,1.867,12.0057,1389.84,0
2026-10-04 06:50:30,22.088,54.538,1012.155,0.122,107.605,1.8988,12.0361,1402.73,0
2026-10-04 06:50:40,22.337,54.762,1014.552,0.1006,107.002,1.8729,12.0281,1372.17,0
2026-10-04 06:50:50,22.335,54.502,1013.32,0.1206,108.136,1.9069,12.047,1408.81,0
2026-10-04 06:51:00,22.134,54.516,1012.839,0.1083,102.271,1.9086,12.0289,1371.91,0
2026-10-04 06:51:10,22.226,54.886,1012.916,0.1137,110.058,1.9291,12.0173,1368.09,0
2026-10-04 06:51:20,22.3,55.452,1012.764,0.1215,104.761,1.8763,12.0156,1382.56,0
2026-10-04 06:51:30,22.189,55.086,1012.796,0.1068,106.376,1.8903,12.0152,1379.81,0
2026-10-04 06:51:40,22.34,55.456,1011.4,0.1248,104.39,1.9064,11.9939,1362.55,0
2026-10-04 06:51:50,22.491,54.207,1013.041,0.1125,105.32,1.9025,12.0411,1369.16,0
2026-10-04 06:52:00,22.11,54.903,1013.008,0.1325,106.859,1.8235,12.0337,1331.96,0
2026-10-04 06:52:10,22.035,54.835,1013.444,0.1154,108.367,1.8683,11.9919,1365.41,0
2026-10-04 06:52:20,22.234,54.947,1012.732,0.1283,108.856,1.8994,12.0185,1375.58,0
2026-10-04 06:52:30,22.281,55.474,1012.555,0.124,107.439,1.8796,12.0218,1407.63,0
2026-10-04 06:52:40,22.163,54.689,1013.085,0.1093,104.344,1.9048,12.0142,1395.78,0
2026-10-04 06:52:50,22.362,54.61,1011.958,0.1036,107.23,1.9103,12.0259,1389.74,0
2026-10-04 06:53:00,22.024,55.094,1013.183,0.1147,106.833,1.8786,12.0263,1417.17,0
2026-10-04 06:53:10,22.265,53.951,1011.776,0.1089,106.279,1.8987,12.0514,1357.61,0
2026-10-04 06:53:20,22.106,54.736,1013.86,0.126,107.695,1.9198,12.029,1383.29,0
2026-10-04 06:53:30,22.382,54.801,1013.551,0.1112,102.255,1.9085,12.044,1414.65,0
2026-10-04 06:53:40,22.411,54.421,1012.42,0.1105,99.992,1.8635,11.9945,1376.32,0
2026-10-04 06:53:50,22.077,55.424,1013.527,0.1015,109.633,1.8778,12.0028,1371.32,0
2026-10-04 06:54:00,22.1,54.378,1013.138,0.1158,105.659,1.8828,11.9951,1395.81,0
2026-10-04 06:54:10,22.267,54.854,1012.35,0.1029,107.292,1.8585,12.0196,1375.02,0
2026-10-04 06:54:20,22.114,55.082,1011.637,0.1156,103.431,1.9083,12.031,1402.07,0
2026-10-04 06:54:30,22.152,55.626,1013.271,0.1165,109.811,1.8651,12.0713,1395.47,0
2026-10-04 06:54:40,22.158,54.958,1012.489,0.1056,107.065,1.8784,12.009,1379.96,0
2026-10-04 06:54:50,21.922,55.444,1013.808,0.1191,105.467,1.9074,12.051,1397.34,0
2026-10-04 06:55:00,22.148,55.34,1013.048,0.109,106.854,1.869,12.0091,1378.92,0
2026-10-04 06:55:10,22.064,55.065,1012.544,0.0992,100.762,1.8716,12.0306,1384.27,0
2026-10-04 06:55:20,22.085,54.472,1014.289,0.1232,107.097,1.8881,12.0263,1390.88,0
2026-10-04 06:55:30,22.315,54.313,1013.43,0.1032,110.429,1.8691,12.007,1376.08,0
2026-10-04 06:55:40,21.988,55.097,1010.464,0.1144,106.905,1.9174,12.0091,1404.4,0
2026-10-04 06:55:50,22.234,54.785,1012.678,0.1136,106.508,1.8558,12.0702,1382.62,0
2026-10-04 06:56:00,22.1,55.53,1012.046,0.1131,104.99,1.821,12.0171,1385.74,0
2026-10-04 06:56:10,22.098,55.456,1012.451,0.1127,109.18,1.8992,12.0554,1361.48,0
2026-10-04 06:56:20,22.224,55.004,1012.906,0.1018,109.616,1.8688,12.0475,1371.39,0
2026-10-04 06:56:30,22.167,54.531,1013.252,0.1229,104.618,1.8573,12.0154,1383.33,0
2026-10-04 06:56:40,22.193,55.378,1013.183,0.1168,106.981,1.8867,12.0306,1393.75,0
2026-10-04 06:56:50,22.238,54.627,1013.751,0.1128,106.592,1.8873,12.0338,1401.74,0
2026-10-04 06:57:00,22.08,54.77,1013.438,0.0981,107.092,1.8574,12.0431,1364.48,0
2026-10-04 06:57:10,22.044,54.673,1013.391,0.1007,103.56,1.9058,12.0208,1367.82,0
2026-10-04 06:57:20,21.985,55.106,1013.126,0.1136,109.297,1.8974,11.9934,1361.61,0
2026-10-04 06:57:30,22.014,55.774,1013.882,0.0921,107.556,1.9249,12.0136,1387.3,0
2026-10-04 06:57:40,22.465,55.199,1012.756,0.1107,109.459,1.8637,12.0604,1400.93,0
2026-10-04 06:57:50,22.258,54.993,1012.77,0.0971,102.497,1.8788,12.0305,1377.21,0
2026-10-04 06:58:00,21.944,54.465,1011.636,0.1006,102.665,1.8804,12.0209,1380.29,0
2026-10-04 06:58:10,21.946,55.517,1013.705,0.0961,112.004,1.866,11.9946,1381.25,0
2026-10-04 06:58:20,22.16,54.864,1012.908,0.1091,109.259,1.884,12.0625,1372.07,0
2026-10-04 06:58:30,22.166,55.325,1015.012,0.1159,103.363,1.8855,12.0265,1360.63,0
2026-10-04 06:58:40,22.164,55.102,1012.671,0.1096,108.405,1.8852,12.0589,1394.7,0
2026-10-04 06:58:50,22.066,55.711,1013.013,0.1103,104.394,1.8647,12.0489,1380.96,0
2026-10-04 06:59:00,22.08,55.227,1013.33,0.1078,100.687,1.8673,12.0518,1370.27,0
2026-10-04 06:59:10,22.132,55.289,1012.172,0.1117,99.474,1.858,12.0735,1423.42,0
2026-10-04 06:59:20,22.101,55.574,1013.191,0.1098,105.701,1.8531,12.0351,1378.15,0
2026-10-04 06:59:30,21.823,56.397,1012.96,0.0841,110.441,1.8699,12.0288,1352.37,0
2026-10-04 06:59:40,22.06,55.801,1012.72,0.1129,110.315,1.9091,12.0714,1387.72,0
2026-10-04 06:59:50,21.984,55.325,1013.749,0.1119,109.523,1.9218,12.0532,1350.13,0
2026-10-04 07:00:00,22.105,55.383,1012.292,0.1024,108.224,1.9034,12.0148,1384.6,0
2026-10-04 07:00:10,22.441,55.132,1013.113,0.0893,106.678,1.8586,12.0586,1384.06,0
2026-10-04 07:00:20,22.125,54.932,1013.935,0.1069,109.174,1.88,12.0705,1398.03,0
2026-10-04 07:00:30,22.042,55.143,1012.419,0.1074,99.677,1.8183,11.9752,1362.16,0
2026-10-04 07:00:40,22.189,55.046,1012.702,0.1011,108.672,1.8653,12.0017,1372.65,0
2026-10-04 07:00:50,22.134,55.771,1014.547,0.1059,102.331,1.8591,12.0127,1375.88,0
2026-10-04 07:01:00,22.125,54.921,1013.234,0.1128,102.948,1.9153,12.0511,1389.77,0
2026-10-04 07:01:10,22.146,56.136,1012.544,0.1232,107.766,1.8747,12.0528,1383.16,0
2026-10-04 07:01:20,22.319,55.858,1013.456,0.1051,108.457,1.8691,12.0462,1384.3,0
2026-10-04 07:01:30,21.935,55.505,1012.493,0.1064,103.834,1.8657,12.0552,1394.66,0
2026-10-04 07:01:40,22.126,55.507,1011.791,0.097,107.594,1.8598,12.0057,1372.92,0
2026-10-04 07:01:50,21.957,55.24,1013.844,0.0994,107.337,1.88,12.0033,1398.06,0
2026-10-04 07:02:00,22.134,55.666,1012.107,0.1021,104.708,1.8498,12.0649,1374.67,0
2026-10-04 07:02:10,21.956,56.088,1014.592,0.1125,106.094,1.8798,12.0362,1389.3,0
2026-10-04 07:02:20,22.015,55.204,1012.529,0.1094,111.868,1.9015,12.064,1368.31,0
2026-10-04 07:02:30,22.028,54.801,1014.361,0.1182,104.773,1.8682,12.0164,1384.54,0
2026-10-04 07:02:40,22.18,55.932,1011.906,0.0906,104.869,1.8571,12.0075,1392.87,0
2026-10-04 07:02:50,22.172,55.755,1013.578,0.0918,106.053,1.8628,12.0023,1359.14,0
2026-10-04 07:03:00,21.911,55.044,1013.207,0.1111,105.047,1.8943,12.0541,1389.42,0
2026-10-04 07:03:10,22.066,55.25,1013.439,0.1137,107.96,1.8674,12.0625,1377.82,0
2026-10-04 07:03:20,21.973,55.199,1013.527,0.1022,109.989,1.8484,12.0479,1405.59,0
2026-10-04 07:03:30,21.906,55.278,1012.497,0.0661,104.834,1.8835,12.0223,1370.94,0
2026-10-04 07:03:40,22.031,55.491,1011.926,0.0957,102.996,1.8451,12.0504,1379.19,0
2026-10-04 07:03:50,22.019,55.531,1012.802,0.1042,111.484,1.8567,12.0498,1372.33,0
2026-10-04 07:04:00,22.346,55.351,1012.99,0.0941,105.912,1.8679,11.9841,1384.5,0
2026-10-04 07:04:10,22.106,55.309,1012.5,0.1027,100.432,1.8416,12.026,1341.7,0
2026-10-04 07:04:20,21.888,55.586,1013.021,0.1162,111.125,1.8168,12.0419,1353.18,0
2026-10-04 07:04:30,21.985,55.796,1013.054,0.1123,108.91,1.8723,12.0627,1384.26,0
2026-10-04 07:04:40,22.174,55.566,1012.182,0.1072,110.329,1.8059,12.033,1374.52,0
2026-10-04 07:04:50,22.302,56.315,1013.092,0.1001,109.821,1.8372,12.0389,1343.97,0
2026-10-04 07:05:00,21.86,56.001,1012.625,0.0965,113.446,1.8795,12.0336,1364.4,0
2026-10-04 07:05:10,21.824,54.963,1012.318,0.1064,102.394,1.8701,12.042,1367.92,0
2026-10-04 07:05:20,22.274,56.032,1013.355,0.1004,103.111,1.8553,12.0013,1366.43,0
2026-10-04 07:05:30,22.096,56.085,1012.256,0.1005,104.014,1.8365,12.0204,1387.58,0
2026-10-04 07:05:40,21.944,55.576,1012.477,0.0875,103.922,1.8478,11.9799,1392.36,0
2026-10-04 07:05:50,22.112,55.058,1012.843,0.0941,105.847,1.8726,12.0247,1339.85,0
2026-10-04 07:06:00,21.731,55.821,1013.751,0.1057,104.002,1.8545,12.0483,1371.53,0
2026-10-04 07:06:10,22.047,55.824,1012.92,0.0907,101.896,1.8266,12.0162,1374.93,0
2026-10-04 07:06:20,22.086,55.279,1013.151,0.1015,102.835,1.8351,12.0298,1350.91,0
2026-10-04 07:06:30,22.157,55.125,1012.569,0.1026,104.571,1.8458,12.0459,1391.83,0
2026-10-04 07:06:40,21.924,55.818,1012.719,0.1029,108.878,1.8655,12.1043,1378.51,0
2026-10-04 07:06:50,22.056,55.757,1012.736,0.1035,103.713,1.8586,12.0343,1385.62,0
2026-10-04 07:07:00,21.934,55.676,1012.972,0.1039,107.863,1.8244,12.0545,1366.08,0
2026-10-04 07:07:10,22.076,55.854,1012.556,0.0938,101.463,1.8889,12.0319,1361.0,0
2026-10-04 07:07:20,21.937,55.356,1013.697,0.0869,95.824,1.8363,12.0456,1364.06,0
2026-10-04 07:07:30,21.996,55.701,1012.494,0.0916,105.015,1.8655,12.0361,1370.86,0
2026-10-04 07:07:40,21.925,56.196,1011.556,0.1043,103.578,1.8304,12.0263,1366.05,0
2026-10-04 07:07:50,22.123,55.766,1014.668,0.0887,102.757,1.9158,12.0319,1385.93,0
2026-10-04 07:08:00,22.147,55.116,1012.515,0.0899,102.4,1.8865,12.0683,1412.26,0
2026-10-04 07:08:10,22.016,55.726,1013.659,0.0897,103.268,1.8336,12.0444,1380.93,0
2026-10-04 07:08:20,22.049,55.439,1013.72,0.0832,102.422,1.8548,12.0074,1342.91,0
2026-10-04 07:08:30,21.871,56.118,1013.394,0.0887,102.688,1.8265,12.0268,1374.36,0
2026-10-04 07:08:40,22.008,56.155,1012.59,0.1058,101.296,1.843,12.0152,1354.15,0
2026-10-04 07:08:50,22.038,55.177,1012.926,0.0919,98.979,1.862,12.0608,1365.78,0
2026-10-04 07:09:00,22.359,56.397,1011.829,0.0836,98.733,1.8722,12.0187,1371.28,0
2026-10-04 07:09:10,21.911,55.472,1014.111,0.0934,112.739,1.8198,12.0594,1367.86,0
2026-10-04 07:09:20,22.221,56.818,1012.118,0.1015,105.16,1.8316,12.0623,1356.15,0
2026-10-04 07:09:30,22.165,56.025,1012.532,0.0826,109.918,1.8735,12.0416,1379.44,0
2026-10-04 07:09:40,22.079,55.437,1012.776,0.1048,104.806,1.8827,12.0518,1341.64,0
2026-10-04 07:09:50,22.257,55.5,1012.627,0.0856,104.9,1.8299,12.0257,1377.28,0
2026-10-04 07:10:00,22.091,56.255,1012.239,0.0938,106.248,1.8727,12.0596,1357.89,0
2026-10-04 07:10:10,22.093,55.896,1013.671,0.0937,107.243,1.8175,12.0075,1375.54,0
2026-10-04 07:10:20,22.04,56.054,1013.357,0.0923,101.577,1.8406,12.027,1351.12,0
2026-10-04 07:10:30,22.194,56.919,1012.913,0.0962,104.172,1.819,12.031,1374.71,0
2026-10-04 07:10:40,22.179,55.774,1012.404,0.1029,106.221,1.8371,12.0635,1391.84,0
2026-10-04 07:10:50,21.973,56.164,1013.425,0.0963,99.501,1.8946,12.0815,1362.2,0
2026-10-04 07:11:00,21.89,56.854,1012.351,0.0917,109.188,1.8451,12.0276,1361.82,0
2026-10-04 07:11:10,22.024,56.29,1013.772,0.1001,108.479,1.8391,12.0367,1377.5,0
2026-10-04 07:11:20,21.953,55.361,1012.747,0.098,98.98,1.8316,12.0097,1374.12,0
2026-10-04 07:11:30,22.042,56.428,1013.526,0.0909,102.644,1.8378,12.0373,1350.18,0
2026-10-04 07:11:40,22.199,55.604,1012.582,0.0966,105.59,1.8247,12.067,1387.47,0
2026-10-04 07:11:50,21.996,56.899,1012.708,0.0901,107.796,1.848,11.9947,1382.94,0
2026-10-04 07:12:00,22.046,55.794,1013.512,0.0892,109.844,1.8434,12.0401,1389.99,0
2026-10-04 07:12:10,22.059,57.7,1014.186,0.1025,103.349,1.8324,12.0577,1378.91,0
2026-10-04 07:12:20,22.154,56.959,1013.739,0.0995,112.27,1.8298,12.0413,1398.99,0
2026-10-04 07:12:30,21.784,55.837,1013.257,0.1021,105.105,1.8476,12.0353,1342.54,0
2026-10-04 07:12:40,21.981,56.255,1013.051,0.1009,104.574,1.8244,12.062,1393.45,0
2026-10-04 07:12:50,22.08,56.632,1012.28,0.0887,106.927,1.8362,12.02,1364.7,0
2026-10-04 07:13:00,22.2,56.657,1012.838,0.1037,106.169,1.8305,12.0208,1362.35,0
2026-10-04 07:13:10,21.997,56.496,1011.989,0.0933,105.997,1.7863,11.9943,1359.76,0
2026-10-04 07:13:20,21.832,56.911,1012.887,0.1031,111.216,1.8625,12.0487,1378.08,0
2026-10-04 07:13:30,22.132,56.233,1012.928,0.0946,105.965,1.7948,12.0462,1382.41,0
2026-10-04 07:13:40,21.983,56.121,1011.244,0.098,102.266,1.796,12.0264,1363.38,0
2026-10-04 07:13:50,21.917,56.14,1012.64,0.0982,102.695,1.8622,12.0185,1374.44,0
2026-10-04 07:14:00,21.986,56.753,1012.899,0.1019,109.628,1.8118,12.0398,1411.77,0
2026-10-04 07:14:10,22.039,56.516,1012.547,0.0823,107.257,1.7872,12.0435,1360.23,0
2026-10-04 07:14:20,21.99,56.488,1012.852,0.0828,100.532,1.8721,12.0113,1364.34,0
2026-10-04 07:14:30,21.799,56.75,1011.659,0.1007,100.381,1.8223,11.9927,1391.53,0
2026-10-04 07:14:40,22.172,55.336,1012.051,0.0981,105.268,1.8682,11.9983,1346.57,0
2026-10-04 07:14:50,22.219,56.526,1013.315,0.0891,107.038,1.8146,12.0052,1373.86,0
2026-10-04 07:15:00,22.145,56.49,1012.587,0.0981,103.151,1.796,12.0115,1333.93,0
2026-10-04 07:15:10,21.931,57.224,1012.821,0.0839,100.14,1.8286,12.0397,1349.45,0
2026-10-04 07:15:20,22.045,55.635,1012.197,0.1213,101.801,1.8061,12.044,1352.27,0
2026-10-04 07:15:30,22.069,57.187,1012.589,0.1056,110.11,1.846,12.0378,1356.95,0
2026-10-04 07:15:40,22.143,56.455,1010.96,0.1001,106.66,1.8524,12.0511,1351.38,0
2026-10-04 07:15:50,22.152,56.671,1013.16,0.0957,108.165,1.8583,12.0523,1373.08,0
2026-10-04 07:16:00,21.985,57.274,1013.83,0.0901,108.656,1.8269,12.0506,1391.05,0
2026-10-04 07:16:10,22.085,56.725,1011.815,0.0846,103.279,1.8688,12.0447,1400.63,0
2026-10-04 07:16:20,22.131,56.654,1011.899,0.0941,104.034,1.8107,12.0162,1354.59,0
2026-10-04 07:16:30,22.252,56.584,1012.862,0.0882,104.646,1.8368,12.0093,1380.95,0
2026-10-04 07:16:40,22.163,56.23,1013.581,0.0886,106.396,1.8296,12.0288,1388.15,0
2026-10-04 07:16:50,22.174,56.466,1012.544,0.0837,108.411,1.882,12.0713,1371.83,0
2026-10-04 07:17:00,22.091,56.131,1011.681,0.097,110.748,1.8625,12.1017,1380.63,0
2026-10-04 07:17:10,22.252,56.476,1012.392,0.092,107.578,1.8327,12.0571,1376.9,0
2026-10-04 07:17:20,22.133,55.339,1011.813,0.0993,107.597,1.8364,12.0523,1376.88,0
2026-10-04 07:17:30,21.982,56.73,1012.063,0.0987,110.908,1.8694,12.0701,1358.95,0
2026-10-04 07:17:40,22.255,56.463,1012.314,0.0968,104.51,1.8119,12.0814,1340.09,0
2026-10-04 07:17:50,22.172,56.365,1011.873,0.1163,108.689,1.7794,12.0206,1364.77,0
2026-10-04 07:18:00,22.036,56.651,1011.975,0.1016,106.853,1.8057,12.1164,1358.5,0
2026-10-04 07:18:10,22.033,55.833,1012.568,0.0849,106.96,1.8191,12.0836,1365.84,0
2026-10-04 07:18:20,22.128,57.523,1012.663,0.0987,104.468,1.863,12.0099,1384.44,0
2026-10-04 07:18:30,22.15,56.515,1011.512,0.0946,100.926,1.8545,12.0192,1391.56,0
2026-10-04 07:18:40,22.119,56.502,1012.782,0.0843,106.14,1.8271,12.1147,1372.3,0
2026-10-04 07:18:50,22.134,56.101,1012.234,0.0837,106.15,1.8395,12.0703,1352.28,0
2026-10-04 07:19:00,22.303,56.604,1013.001,0.0987,103.373,1.8097,12.0296,1364.22,0
2026-10-04 07:19:10,22.229,57.293,1013.04,0.1007,104.806,1.8792,12.0466,1358.48,0
2026-10-04 07:19:20,22.125,57.126,1012.109,0.0868,102.448,1.8569,12.0636,1371.94,0
2026-10-04 07:19:30,22.216,57.044,1012.916,0.1029,102.47,1.8275,12.0671,1363.1,0
2026-10-04 07:19:40,21.981,56.898,1011.896,0.0974,103.645,1.8239,12.0792,1383.66,0
2026-10-04 07:19:50,22.154,56.453,1013.405,0.1048,101.1,1.8429,12.0512,1357.42,0
2026-10-04 07:20:00,22.325,55.915,1011.916,0.1039,103.332,1.8235,12.0522,1402.91,0
2026-10-04 07:20:10,22.084,56.548,1012.718,0.094,107.221,1.779,12.0363,1348.09,0
2026-10-04 07:20:20,22.01,56.538,1012.336,0.1084,109.445,1.8625,12.0223,1374.79,0
2026-10-04 07:20:30,22.035,57.189,1011.752,0.0863,111.3,1.8529,12.0212,1346.07,0
2026-10-04 07:20:40,21.984,56.827,1013.091,0.1145,103.871,1.8326,12.0421,1385.97,0
2026-10-04 07:20:50,22.023,57.486,1012.026,0.0884,108.669,1.8124,12.0545,1370.98,0
2026-10-04 07:21:00,22.074,57.286,1011.263,0.0951,106.075,1.8227,12.0096,1373.4,0
2026-10-04 07:21:10,21.952,56.467,1010.432,0.0909,104.352,1.756,12.0973,1356.88,0
2026-10-04 07:21:20,22.124,55.805,1011.833,0.0925,106.268,1.794,12.0288,1386.66,0
2026-10-04 07:21:30,22.232,57.403,1013.405,0.119,108.366,1.8654,12.0249,1380.05,0
2026-10-04 07:21:40,22.017,57.398,1013.318,0.0919,103.562,1.8338,12.0458,1362.26,0
2026-10-04 07:21:50,22.31,56.043,1011.931,0.1025,103.491,1.7717,11.9873,1370.23,0
2026-10-04 07:22:00,22.191,57.488,1012.168,0.0938,103.823,1.7993,12.0558,1357.16,0
2026-10-04 07:22:10,22.255,56.932,1012.101,0.1033,103.17,1.7715,12.0221,1356.01,0
2026-10-04 07:22:20,22.054,56.828,1011.49,0.0915,108.645,1.7997,11.9989,1361.36,0
2026-10-04 07:22:30,22.238,57.563,1011.755,0.0979,102.755,1.8146,12.0507,1366.52,0
2026-10-04 07:22:40,22.006,57.435,1013.102,0.101,103.281,1.8584,12.0508,1370.7,0
2026-10-04 07:22:50,22.246,57.095,1012.765,0.0902,105.976,1.8376,12.096,1370.05,0
2026-10-04 07:23:00,22.162,57.014,1012.599,0.1182,105.731,1.81,12.052,1357.79,0
2026-10-04 07:23:10,22.209,57.092,1011.47,0.1016,103.809,1.8108,12.0519,1382.2,0
2026-10-04 07:23:20,22.004,56.591,1012.471,0.0944,110.087,1.7967,12.0488,1387.2,0
2026-10-04 07:23:30,22.04,56.771,1010.784,0.0907,103.143,1.8435,11.9834,1384.61,0
2026-10-04 07:23:40,22.221,56.354,1012.983,0.0971,104.52,1.8461,12.0499,1381.55,0
2026-10-04 07:23:50,22.037,56.646,1012.571,0.0867,99.251,1.782,12.0469,1333.47,0
2026-10-04 07:24:00,22.209,56.636,1011.444,0.1108,104.115,1.772,12.0446,1356.09,0
2026-10-04 07:24:10,21.991,56.508,1013.514,0.1,101.059,1.8067,12.0275,1348.79,0
2026-10-04 07:24:20,22.259,56.901,1011.121,0.096,102.278,1.8093,12.0626,1344.59,0
2026-10-04 07:24:30,22.011,56.678,1012.746,0.1051,99.157,1.8203,12.0242,1388.39,0
2026-10-04 07:24:40,22.228,57.097,1012.76,0.0911,102.346,1.7715,12.0664,1396.72,0
2026-10-04 07:24:50,22.238,56.042,1011.5,0.0877,104.797,1.7951,12.0586,1371.47,0
2026-10-04 07:25:00,22.082,56.803,1012.337,0.096,104.288,1.8105,12.0841,1378.49,0
2026-10-04 07:25:10,22.237,56.932,1011.215,0.0981,103.775,1.7927,12.0375,1366.09,0
2026-10-04 07:25:20,22.201,56.717,1010.364,0.1014,104.043,1.8332,12.0827,1389.09,0
2026-10-04 07:25:30,22.107,56.793,1011.605,0.0855,103.502,1.858,12.0547,1375.81,0
2026-10-04 07:25:40,22.053,56.093,1011.918,0.0937,104.912,1.7974,12.0476,1363.86,0
2026-10-04 07:25:50,21.941,57.07,1012.797,0.0728,104.684,1.8327,12.0283,1380.18,0
2026-10-04 07:26:00,22.22,57.222,1012.389,0.0881,105.838,1.8011,12.0597,1369.09,0
2026-10-04 07:26:10,21.993,57.151,1012.404,0.1034,104.409,1.7864,12.038,1374.82,0
2026-10-04 07:26:20,22.194,57.43,1011.624,0.1055,103.71,1.7914,12.0493,1382.36,0
2026-10-04 07:26:30,22.153,57.018,1011.96,0.0887,107.345,1.828,12.0696,1428.44,0
2026-10-04 07:26:40,22.268,57.162,1011.676,0.0954,106.818,1.7923,12.0495,1398.91,0
2026-10-04 07:26:50,22.153,57.007,1011.466,0.0983,104.911,1.7968,12.0584,1374.44,0
2026-10-04 07:27:00,22.152,57.279,1011.904,0.1068,108.593,1.7789,12.0884,1358.17,0
2026-10-04 07:27:10,22.281,56.152,1012.368,0.1105,105.255,1.823,12.0648,1338.55,0
2026-10-04 07:27:20,22.236,56.5,1011.912,0.0996,104.522,1.8182,12.0339,1391.69,0
2026-10-04 07:27:30,22.236,57.746,1012.082,0.0965,104.799,1.8427,12.0408,1389.31,0
2026-10-04 07:27:40,22.257,55.729,1012.792,0.0871,105.5,1.8208,12.0546,1363.18,0
2026-10-04 07:27:50,22.018,56.894,1011.951,0.0996,102.252,1.8158,12.1043,1371.37,0
2026-10-04 07:28:00,22.296,57.556,1011.364,0.1155,99.382,1.8196,12.018,1375.89,0
2026-10-04 07:28:10,22.281,56.929,1012.689,0.1093,105.847,1.7982,12.0563,1381.77,0
2026-10-04 07:28:20,22.087,56.779,1012.477,0.1005,107.504,1.8069,12.0857,1397.76,0
2026-10-04 07:28:30,22.182,57.052,1012.517,0.1017,101.999,1.827,12.0671,1353.49,0
2026-10-04 07:28:40,22.209,56.816,1012.721,0.0939,108.221,1.7828,12.0486,1383.23,0
2026-10-04 07:28:50,22.2,57.014,1012.599,0.0967,100.062,1.8455,12.009,1376.51,0
2026-10-04 07:29:00,22.258,56.662,1012.296,0.1008,103.324,1.8185,12.09,1365.67,0
2026-10-04 07:29:10,22.392,57.564,1013.946,0.101,110.119,1.8526,12.0405,1385.51,0
2026-10-04 07:29:20,22.353,57.726,1011.369,0.108,106.068,1.7723,12.0286,1371.84,0
2026-10-04 07:29:30,22.068,56.953,1011.854,0.1077,104.093,1.7719,12.0588,1372.4,0
2026-10-04 07:29:40,22.302,56.332,1012.938,0.1043,105.757,1.8101,12.0884,1378.42,0
2026-10-04 07:29:50,22.389,56.768,1012.357,0.0923,108.589,1.8035,12.063,1366.94,0
2026-10-04 07:30:00,22.279,56.944,1012.784,0.0928,100.665,1.7886,12.0439,1383.73,0
2026-10-04 07:30:10,22.365,57.293,1012.369,0.0935,108.954,1.7678,12.0593,1368.06,0
2026-10-04 07:30:20,22.478,56.542,1013.208,0.1026,103.53,1.7925,12.0562,1399.48,0
2026-10-04 07:30:30,22.362,56.666,1011.538,0.0847,107.125,1.8042,12.0417,1377.66,0
2026-10-04 07:30:40,22.271,57.311,1013.179,0.101,103.158,1.7656,12.0552,1364.29,0
2026-10-04 07:30:50,22.369,57.53,1013.055,0.1124,110.052,1.7876,12.0331,1379.08,0
2026-10-04 07:31:00,22.264,56.755,1011.385,0.1067,104.907,1.807,12.0291,1389.4,0
2026-10-04 07:31:10,22.251,56.404,1012.67,0.0987,101.015,1.8168,12.0677,1351.05,0
2026-10-04 07:31:20,22.209,58.717,1012.195,0.096,106.412,1.7895,12.0442,1393.79,0
2026-10-04 07:31:30,22.441,57.471,1011.797,0.1082,108.906,1.7762,12.0536,1380.01,0
2026-10-04 07:31:40,22.157,56.951,1010.895,0.1044,108.567,1.7987,12.035,1374.56,0
2026-10-04 07:31:50,22.442,57.524,1011.506,0.1001,105.283,1.7902,12.0403,1364.84,0
2026-10-04 07:32:00,22.32,57.032,1012.706,0.0975,107.44,1.7583,12.0425,1380.46,0
2026-10-04 07:32:10,22.095,57.532,1012.776,0.103,103.739,1.7833,12.0401,1362.12,0
2026-10-04 07:32:20,22.309,57.182,1012.055,0.1001,106.778,1.7794,12.0446,1345.66,0
2026-10-04 07:32:30,22.015,57.153,1012.771,0.109,106.094,1.7943,12.06,1364.92,0
2026-10-04 07:32:40,22.345,57.055,1012.857,0.1128,96.32,1.775,12.0899,1371.65,0
2026-10-04 07:32:50,22.378,56.392,1012.3,0.0921,102.005,1.7792,12.0743,1385.06,0
2026-10-04 07:33:00,22.203,58.089,1011.683,0.0934,105.631,1.7879,12.0471,1372.71,0
2026-10-04 07:33:10,22.291,56.654,1012.494,0.1142,105.503,1.808,12.0398,1358.95,0
2026-10-04 07:33:20,22.513,56.449,1012.522,0.1049,104.922,1.7939,12.0113,1366.33,0
2026-10-04 07:33:30,22.221,57.026,1012.649,0.0947,105.278,1.8578,12.039,1376.69,0
2026-10-04 07:33:40,22.157,56.656,1012.78,0.1118,108.634,1.7592,12.0285,1386.2,0
2026-10-04 07:33:50,22.464,57.115,1011.217,0.1068,106.074,1.8132,12.0575,1388.84,0
2026-10-04 07:34:00,22.524,57.489,1011.81,0.1219,98.015,1.788,12.098,1356.35,0
2026-10-04 07:34:10,22.291,57.647,1010.834,0.1025,110.857,1.7547,12.0465,1377.68,0
2026-10-04 07:34:20,22.414,57.56,1012.682,0.1135,99.296,1.7797,12.0203,1388.66,0
2026-10-04 07:34:30,22.456,57.004,1012.007,0.0932,107.891,1.7509,12.0518,1364.1,0
2026-10-04 07:34:40,22.209,57.185,1012.454,0.1161,100.325,1.7904,12.0458,1404.33,0
2026-10-04 07:34:50,22.242,57.368,1011.116,0.1127,109.29,1.7802,12.0885,1370.05,0
2026-10-04 07:35:00,22.45,56.289,1013.126,0.1181,104.187,1.7703,12.01,1392.91,0
2026-10-04 07:35:10,22.507,57.457,1011.305,0.1144,106.175,1.7605,12.0325,1388.12,0
2026-10-04 07:35:20,22.375,56.447,1012.68,0.1049,99.065,1.812,12.0764,1367.59,0
2026-10-04 07:35:30,22.204,58.199,1012.217,0.0965,107.214,1.7822,12.0183,1378.29,0
2026-10-04 07:35:40,22.55,56.98,1011.998,0.1012,106.275,1.791,12.072,1398.66,0
2026-10-04 07:35:50,22.25,57.093,1011.938,0.0921,106.88,1.7898,12.0412,1370.29,0
2026-10-04 07:36:00,22.276,56.804,1011.677,0.099,107.878,1.7877,12.0836,1381.15,0
2026-10-04 07:36:10,22.36,56.878,1013.026,0.11,105.567,1.7764,12.0569,1356.06,0
2026-10-04 07:36:20,22.507,58.333,1012.125,0.1064,104.401,1.8221,12.0543,1384.19,0
2026-10-04 07:36:30,22.426,57.669,1011.224,0.1052,102.602,1.8396,12.0734,1372.88,0
2026-10-04 07:36:40,22.375,56.428,1011.84,0.1008,103.707,1.8195,12.059,1386.96,0
2026-10-04 07:36:50,22.383,57.958,1012.195,0.0932,108.658,1.7834,12.0278,1366.59,0
2026-10-04 07:37:00,22.335,57.805,1012.73,0.109,102.527,1.7813,12.0458,1384.21,0
2026-10-04 07:37:10,22.399,57.071,1011.675,0.1108,99.513,1.8094,12.0183,1374.32,0
2026-10-04 07:37:20,22.031,57.368,1011.718,0.1,102.082,1.7627,12.0375,1340.17,0
2026-10-04 07:37:30,22.301,57.21,1012.107,0.1039,106.864,1.824,12.0058,1381.21,0
2026-10-04 07:37:40,22.368,58.207,1012.699,0.1207,104.14,1.8006,12.1179,1398.97,0
2026-10-04 07:37:50,22.203,56.825,1011.126,0.1178,106.864,1.7734,12.0589,1363.77,0
2026-10-04 07:38:00,22.39,57.299,1012.434,0.0969,99.051,1.787,12.073,1370.72,0
2026-10-04 07:38:10,22.321,57.015,1011.752,0.1083,96.107,1.7952,12.039,1400.43,0
2026-10-04 07:38:20,22.559,56.515,1011.846,0.1208,105.849,1.7685,12.0731,1389.07,0
2026-10-04 07:38:30,22.539,58.33,1013.47,0.1076,108.073,1.8046,12.0795,1375.95,0
2026-10-04 07:38:40,22.296,56.647,1011.928,0.1074,99.929,1.8102,12.0837,1385.49,0
2026-10-04 07:38:50,22.336,57.35,1012.59,0.1185,106.642,1.7714,12.0584,1371.84,0
2026-10-04 07:39:00,22.348,56.372,1012.562,0.1179,108.637,1.7656,12.086,1418.47,0
2026-10-04 07:39:10,22.305,57.045,1011.229,0.1177,105.056,1.7745,12.0455,1394.87,0
2026-10-04 07:39:20,22.384,57.458,1010.76,0.1083,107.775,1.7478,12.0702,1407.38,0
2026-10-04 07:39:30,22.272,56.837,1012.623,0.1159,105.645,1.7346,12.0622,1383.3,0
2026-10-04 07:39:40,22.23,57.546,1011.286,0.1228,104.288,1.765,12.0318,1362.99,0
2026-10-04 07:39:50,22.442,57.12,1010.876,0.1106,107.543,1.7515,12.0156,1389.82,0
2026-10-04 07:40:00,22.445,57.837,1012.755,0.108,110.821,1.8193,12.054,1401.28,0
2026-10-04 07:40:10,22.275,57.94,1011.32,0.1213,103.411,1.7632,12.0542,1402.09,0
2026-10-04 07:40:20,22.481,56.968,1011.489,0.128,104.825,1.7856,12.055,1357.5,0
2026-10-04 07:40:30,22.3,57.302,1013.409,0.1288,102.119,1.7581,12.0882,1386.17,0
2026-10-04 07:40:40,22.408,57.357,1010.861,0.1091,105.559,1.818,12.0965,1359.21,0
2026-10-04 07:40:50,22.479,57.577,1011.14,0.1101,104.627,1.7682,12.0786,1374.58,0
2026-10-04 07:41:00,22.378,57.277,1011.694,0.1043,108.575,1.7415,12.077,1392.33,0
2026-10-04 07:41:10,22.439,57.366,1011.844,0.1136,109.362,1.7889,12.0605,1403.71,0
2026-10-04 07:41:20,22.324,57.152,1011.383,0.1043,107.469,1.7783,12.0671,1387.27,0
2026-10-04 07:41:30,22.365,57.333,1011.194,0.1089,108.249,1.8015,12.0735,1366.9,0
2026-10-04 07:41:40,22.366,57.926,1013.059,0.119,102.997,1.7671,12.0664,1393.3,0
2026-10-04 07:41:50,22.303,57.602,1012.182,0.1167,102.25,1.7733,12.0779,1371.74,0
2026-10-04 07:42:00,22.373,57.631,1012.404,0.0993,106.429,1.7325,12.0644,1380.31,0
2026-10-04 07:42:10,22.211,57.644,1011.895,0.1266,105.182,1.7906,12.051,1386.24,0
2026-10-04 07:42:20,22.339,57.207,1012.19,0.1055,111.122,1.7709,12.0701,1375.03,0
2026-10-04 07:42:30,22.366,57.445,1012.637,0.1067,99.363,1.7658,12.0578,1394.83,0
2026-10-04 07:42:40,22.371,56.744,1011.283,0.1047,106.991,1.7628,12.1001,1396.76,0
2026-10-04 07:42:50,22.375,57.923,1012.162,0.1096,106.944,1.7611,12.0533,1401.1,0
2026-10-04 07:43:00,22.399,55.898,1012.46,0.1079,102.853,1.789,12.1356,1407.25,0
2026-10-04 07:43:10,22.466,57.247,1013.051,0.1083,102.24,1.7442,12.1053,1383.93,0
2026-10-04 07:43:20,22.515,57.863,1013.33,0.0958,104.128,1.7855,12.0361,1367.87,0
2026-10-04 07:43:30,22.334,56.612,1012.011,0.1168,100.225,1.7264,12.0959,1369.52,0
2026-10-04 07:43:40,22.269,57.495,1012.756,0.1178,109.525,1.7182,12.0616,1412.71,0
2026-10-04 07:43:50,22.29,56.956,1010.086,0.1342,113.259,1.801,12.079,1411.12,0
2026-10-04 07:44:00,22.359,57.113,1013.039,0.1203,104.137,1.7397,12.1044,1407.17,0
2026-10-04 07:44:10,22.377,57.771,1011.44,0.1127,103.247,1.7676,12.0458,1378.52,0
2026-10-04 07:44:20,22.329,57.398,1011.776,0.1073,101.236,1.7578,12.0537,1412.83,0
2026-10-04 07:44:30,22.267,56.283,1012.25,0.1163,101.884,1.7727,12.0843,1385.18,0
2026-10-04 07:44:40,22.37,56.813,1011.83,0.1209,103.408,1.765,12.0565,1393.08,0
2026-10-04 07:44:50,22.448,57.79,1012.072,0.1135,108.807,1.7894,12.0102,1400.54,0
2026-10-04 07:45:00,22.499,57.528,1013.042,0.1182,114.764,1.7272,12.09,1407.28,0
2026-10-04 07:45:10,22.363,58.178,1011.658,0.1332,103.02,1.7793,12.0753,1396.69,0
2026-10-04 07:45:20,22.382,58.146,1011.163,0.1151,102.487,1.7608,12.0657,1409.41,0
2026-10-04 07:45:30,22.322,57.135,1013.19,0.1033,101.693,1.7234,12.0695,1389.2,0
2026-10-04 07:45:40,22.431,58.558,1012.285,0.1256,106.554,1.7481,12.1225,1386.18,0
2026-10-04 07:45:50,22.335,57.319,1013.259,0.1214,106.238,1.7208,12.092,1384.64,0
2026-10-04 07:46:00,22.507,56.826,1012.514,0.1054,105.513,1.7187,12.0453,1372.42,0
2026-10-04 07:46:10,22.226,56.991,1010.98,0.1227,103.882,1.7492,12.0701,1347.91,0
2026-10-04 07:46:20,22.398,56.18,1012.354,0.1116,109.296,1.7894,12.0968,1405.72,0
2026-10-04 07:46:30,22.479,58.113,1011.21,0.1233,107.516,1.7672,12.0964,1386.81,0
2026-10-04 07:46:40,22.467,58.107,1011.901,0.1353,107.39,1.7914,12.0299,1401.7,0
2026-10-04 07:46:50,22.769,56.802,1011.839,0.1188,106.343,1.7605,12.0551,1399.75,0
2026-10-04 07:47:00,22.49,57.196,1010.756,0.1291,104.669,1.7969,12.0394,1393.37,0
2026-10-04 07:47:10,22.329,57.359,1011.316,0.1108,103.096,1.7939,12.0839,1405.39,0
2026-10-04 07:47:20,22.439,56.831,1013.425,0.1087,106.806,1.7336,12.0454,1407.53,0
2026-10-04 07:47:30,22.239,56.434,1012.045,0.1373,106.521,1.7588,12.1071,1377.41,0
2026-10-04 07:47:40,22.444,57.206,1011.752,0.1238,106.958,1.7385,12.1008,1414.91,0
2026-10-04 07:47:50,22.355,57.151,1013.14,0.1267,100.568,1.7526,12.0624,1405.11,0
2026-10-04 07:48:00,22.566,57.117,1011.59,0.131,106.284,1.7973,12.0371,1379.24,0
2026-10-04 07:48:10,22.392,57.423,1011.8,0.1178,104.345,1.7394,12.0491,1382.87,0
2026-10-04 07:48:20,22.445,58.026,1012.554,0.1288,102.64,1.7254,12.0803,1374.2,0
2026-10-04 07:48:30,22.385,57.16,1011.577,0.1279,107.466,1.7267,12.0905,1402.49,0
2026-10-04 07:48:40,22.671,57.397,1011.331,0.1123,105.817,1.7444,12.0683,1390.66,0
2026-10-04 07:48:50,22.425,57.675,1010.273,0.135,112.353,1.8475,12.0053,1356.16,0
2026-10-04 07:49:00,22.685,57.588,1011.191,0.1336,106.749,1.7903,12.0866,1385.47,0
2026-10-04 07:49:10,22.564,57.004,1011.181,0.1131,104.409,1.6813,12.0193,1388.31,0
2026-10-04 07:49:20,22.525,57.359,1011.951,0.1252,104.982,1.7518,12.017,1395.85,0
2026-10-04 07:49:30,22.513,57.584,1011.409,0.122,101.796,1.7366,12.095,1371.42,0
2026-10-04 07:49:40,22.517,56.746,1013.343,0.1354,109.01,1.7766,12.0406,1396.5,0
2026-10-04 07:49:50,22.24,57.941,1011.089,0.113,106.267,1.7221,12.0767,1417.5,0
2026-10-04 07:50:00,22.439,58.025,1012.806,0.1533,106.324,1.7253,12.0728,1398.04,0
2026-10-04 07:50:10,22.575,56.947,1011.976,0.1233,102.141,1.7365,12.0506,1404.32,0
2026-10-04 07:50:20,22.469,57.405,1012.384,0.1308,107.676,1.7331,12.076,1419.18,0
2026-10-04 07:50:30,22.307,57.629,1012.338,0.1362,102.538,1.7663,12.0573,1394.56,0
2026-10-04 07:50:40,22.471,57.034,1010.259,0.1238,103.688,1.7413,12.0724,1394.32,0
2026-10-04 07:50:50,22.682,57.547,1011.8,0.1246,105.732,1.7744,12.0617,1401.64,0
2026-10-04 07:51:00,22.629,57.387,1011.622,0.1218,103.618,1.7286,12.059,1383.45,0
2026-10-04 07:51:10,22.473,56.571,1011.009,0.1189,102.99,1.7702,12.0552,1386.55,0
2026-10-04 07:51:20,22.595,57.534,1012.12,0.1284,105.222,1.7192,12.0493,1366.63,0
2026-10-04 07:51:30,22.438,56.754,1012.996,0.1254,108.409,1.7631,12.0933,1431.8,0
2026-10-04 07:51:40,22.279,57.772,1009.92,0.1226,108.07,1.7349,12.0608,1410.19,0
2026-10-04 07:51:50,22.373,56.966,1011.414,0.1233,107.513,1.7693,12.044,1383.77,0
2026-10-04 07:52:00,22.673,57.22,1010.912,0.1317,106.855,1.6856,12.0622,1413.59,0
2026-10-04 07:52:10,22.453,57.986,1011.831,0.1209,103.976,1.7267,12.0594,1386.37,0
2026-10-04 07:52:20,22.458,57.547,1011.55,0.1255,108.771,1.7751,12.0629,1399.77,0
2026-10-04 07:52:30,22.452,56.758,1011.35,0.1349,100.207,1.7405,12.0907,1399.95,0
2026-10-04 07:52:40,22.717,56.789,1012.253,0.1299,106.722,1.7026,12.0574,1392.57,0
2026-10-04 07:52:50,22.684,56.996,1012.913,0.1198,107.951,1.7271,12.0637,1387.33,0
2026-10-04 07:53:00,22.756,57.492,1013.627,0.1282,105.162,1.754,12.0895,1417.91,0
2026-10-04 07:53:10,22.472,57.473,1011.243,0.1321,103.272,1.7238,12.0846,1401.31,0
2026-10-04 07:53:20,22.527,56.871,1010.482,0.1367,105.334,1.7727,12.0565,1425.54,0
2026-10-04 07:53:30,22.31,56.707,1012.145,0.123,103.179,1.7704,12.098,1384.96,0
2026-10-04 07:53:40,22.67,57.43,1012.877,0.1247,107.001,1.7596,12.0967,1393.74,0
2026-10-04 07:53:50,22.354,57.197,1012.316,0.1239,108.302,1.7683,12.0951,1400.41,0
2026-10-04 07:54:00,22.52,58.365,1012.868,0.1245,106.811,1.7293,12.0819,1417.91,0
2026-10-04 07:54:10,22.363,57.304,1011.582,0.1331,106.639,1.779,12.0701,1389.79,0
2026-10-04 07:54:20,22.425,58.191,1011.31,0.1348,107.765,1.7683,12.0478,1410.47,0
2026-10-04 07:54:30,22.396,56.697,1011.814,0.1386,108.119,1.7379,12.0402,1407.31,0
2026-10-04 07:54:40,22.424,56.494,1011.498,0.1297,103.163,1.7001,12.0728,1423.86,0
2026-10-04 07:54:50,22.433,56.719,1012.19,0.1194,100.89,1.6812,12.0755,1410.18,0
2026-10-04 07:55:00,22.432,57.872,1012.401,0.1362,106.345,1.7647,12.0687,1376.03,0
2026-10-04 07:55:10,22.598,58.154,1012.453,0.1323,108.291,1.6994,12.0727,1388.04,0
2026-10-04 07:55:20,22.366,56.883,1012.073,0.1317,100.782,1.7162,12.1097,1389.07,0
2026-10-04 07:55:30,22.526,57.042,1011.885,0.1212,105.738,1.7508,12.1164,1397.01,0
2026-10-04 07:55:40,22.646,56.686,1012.265,0.1301,108.924,1.7061,12.0483,1423.93,0
2026-10-04 07:55:50,22.438,56.363,1010.332,0.1223,105.196,1.7991,12.0833,1400.37,0
2026-10-04 07:56:00,22.414,57.626,1011.85,0.1359,110.116,1.7438,12.0775,1405.14,0
2026-10-04 07:56:10,22.473,57.377,1011.736,0.1288,109.561,1.7744,12.0933,1401.52,0
2026-10-04 07:56:20,22.642,57.268,1011.845,0.1283,105.019,1.7632,12.1199,1413.25,0
2026-10-04 07:56:30,22.524,56.561,1011.631,0.1203,104.471,1.6733,12.1314,1394.62,0
2026-10-04 07:56:40,22.438,58.079,1011.991,0.141,104.533,1.755,12.0949,1403.17,0
2026-10-04 07:56:50,22.56,57.006,1011.283,0.1309,105.993,1.7357,12.078,1403.27,0
2026-10-04 07:57:00,22.37,57.522,1012.473,0.1339,102.075,1.7341,12.0681,1405.22,0
2026-10-04 07:57:10,22.584,56.526,1012.01,0.1275,101.528,1.7347,12.1395,1398.08,0
2026-10-04 07:57:20,22.551,57.156,1011.781,0.1204,98.796,1.7614,12.0583,1386.83,0
2026-10-04 07:57:30,22.465,57.394,1011.183,0.1295,105.554,1.7758,12.0982,1421.12,0
2026-10-04 07:57:40,22.402,57.41,1012.239,0.131,111.742,1.7045,12.0712,1405.67,0
2026-10-04 07:57:50,22.396,57.322,1011.81,0.1365,99.661,1.7359,12.0445,1424.63,0
2026-10-04 07:58:00,22.567,57.489,1011.133,0.1315,105.088,1.7686,12.1211,1415.18,0
2026-10-04 07:58:10,22.65,56.674,1011.619,0.1288,105.005,1.7281,12.0348,1415.99,0
2026-10-04 07:58:20,22.426,57.336,1012.095,0.1227,105.199,1.738,12.0248,1425.52,0
2026-10-04 07:58:30,22.557,57.292,1012.038,0.1353,109.434,1.738,12.0962,1447.81,0
2026-10-04 07:58:40,22.252,57.348,1011.989,0.1287,103.006,1.7851,12.0712,1428.69,0
2026-10-04 07:58:50,22.432,57.266,1011.71,0.1458,99.84,1.7506,12.0898,1422.72,0
2026-10-04 07:59:00,22.498,56.591,1012.359,0.1366,104.084,1.7833,12.079,1414.09,0
2026-10-04 07:59:10,22.393,56.566,1012.504,0.1401,103.691,1.7748,12.0943,1428.88,0
2026-10-04 07:59:20,22.389,56.115,1012.151,0.1338,99.009,1.7252,12.0721,1399.09,0
2026-10-04 07:59:30,22.421,57.629,1011.22,0.1375,106.447,1.738,12.1022,1419.35,0
2026-10-04 07:59:40,22.536,57.631,1010.887,0.129,102.16,1.7814,12.1031,1430.03,0
2026-10-04 07:59:50,22.478,57.636,1011.244,0.1269,105.477,1.7013,12.1187,1425.45,0
2026-10-04 08:00:00,22.232,57.365,1012.989,0.1366,104.646,1.7485,12.1117,1410.32,0
2026-10-04 08:00:10,22.246,56.143,1011.815,0.1412,102.52,1.7484,12.0776,1418.59,0
2026-10-04 08:00:20,22.427,56.693,1013.103,0.1212,108.422,1.7219,12.0978,1407.11,0
2026-10-04 08:00:30,22.555,57.289,1011.527,0.133,104.914,1.7189,12.091,1400.82,0
2026-10-04 08:00:40,22.17,57.268,1011.427,0.1519,105.93,1.722,12.0913,1434.4,0
2026-10-04 08:00:50,22.439,57.086,1011.553,0.1411,107.534,1.7453,12.0478,1406.42,0
2026-10-04 08:01:00,22.435,57.379,1011.537,0.1497,106.649,1.7643,12.0999,1406.59,0
2026-10-04 08:01:10,22.664,57.198,1011.056,0.1325,106.227,1.7456,12.0965,1407.22,0
2026-10-04 08:01:20,22.451,57.249,1010.79,0.1341,103.328,1.6953,12.1269,1403.39,0
2026-10-04 08:01:30,22.543,56.866,1011.942,0.1456,102.472,1.7641,12.1107,1403.26,0
2026-10-04 08:01:40,22.513,57.674,1012.326,0.1431,106.291,1.7559,12.0855,1388.55,0
2026-10-04 08:01:50,22.24,56.965,1013.296,0.1375,102.94,1.7197,12.0794,1391.45,0
2026-10-04 08:02:00,22.587,56.512,1011.278,0.1283,108.218,1.7091,12.057,1412.14,0
2026-10-04 08:02:10,22.52,56.788,1011.331,0.1478,105.454,1.7024,12.1277,1422.18,0
2026-10-04 08:02:20,22.555,56.996,1011.035,0.1588,107.797,1.7517,12.0557,1390.49,0
2026-10-04 08:02:30,22.964,57.664,1012.359,0.1263,102.903,1.6775,12.0358,1418.67,0
2026-10-04 08:02:40,22.242,57.143,1012.138,0.1502,102.446,1.7516,12.1052,1435.49,0
2026-10-04 08:02:50,22.698,57.068,1010.951,0.1354,110.915,1.7125,12.085,1409.47,0
2026-10-04 08:03:00,22.456,56.533,1010.93,0.1366,105.438,1.7306,12.0896,1402.01,0
2026-10-04 08:03:10,22.524,57.547,1012.225,0.1416,108.635,1.6377,12.0879,1416.25,0
2026-10-04 08:03:20,22.483,56.825,1011.823,0.1299,101.669,1.6785,12.0569,1425.25,0
2026-10-04 08:03:30,22.437,57.098,1012.082,0.1394,105.065,1.7056,12.0928,1409.38,0
2026-10-04 08:03:40,22.419,57.884,1010.93,0.1269,109.83,1.6994,12.0756,1432.37,0
2026-10-04 08:03:50,22.526,57.395,1010.23,0.1438,101.238,1.7409,12.0723,1425.42,0
2026-10-04 08:04:00,22.303,56.323,1010.929,0.158,112.767,1.7292,12.1196,1444.66,0
2026-10-04 08:04:10,22.574,56.249,1012.02,0.1351,106.558,1.7696,12.104,1393.78,0
2026-10-04 08:04:20,22.433,57.098,1013.013,0.139,103.502,1.7338,12.0268,1398.13,0
2026-10-04 08:04:30,22.346,56.52,1011.231,0.1395,107.024,1.7044,12.0899,1413.34,0
2026-10-04 08:04:40,22.427,57.448,1013.121,0.1485,109.305,1.7509,12.1113,1399.84,0
2026-10-04 08:04:50,22.631,57.141,1012.106,0.144,103.51,1.7084,12.0537,1443.85,0
2026-10-04 08:05:00,22.414,57.199,1010.547,0.1482,103.95,1.7067,12.0634,1424.04,0
2026-10-04 08:05:10,22.52,56.759,1011.668,0.1369,106.753,1.7194,12.1102,1415.91,0
2026-10-04 08:05:20,22.389,57.979,1012.12,0.1446,107.404,1.7596,12.074,1444.48,0
2026-10-04 08:05:30,22.566,58.526,1009.814,0.1143,105.429,1.7451,12.036,1425.88,0
2026-10-04 08:05:40,22.556,56.962,1011.96,0.1467,107.241,1.744,12.1157,1418.67,0
2026-10-04 08:05:50,22.694,57.274,1012.326,0.1317,108.604,1.7672,12.0815,1410.39,0
2026-10-04 08:06:00,22.45,57.142,1011.781,0.139,106.573,1.7428,12.0953,1430.77,0
2026-10-04 08:06:10,22.55,56.96,1011.456,0.1476,103.989,1.6868,12.0849,1430.58,0
2026-10-04 08:06:20,22.48,56.67,1011.375,0.1295,106.01,1.7307,12.1144,1433.29,0
2026-10-04 08:06:30,22.622,56.54,1011.33,0.1506,111.351,1.7575,12.059,1435.47,0
2026-10-04 08:06:40,22.379,56.51,1010.666,0.141,107.091,1.6787,12.1033,1445.45,0
2026-10-04 08:06:50,22.553,57.277,1011.005,0.1537,109.823,1.716,12.1198,1411.59,0
2026-10-04 08:07:00,22.439,56.811,1011.191,0.135,104.569,1.6893,12.0533,1457.88,0
2026-10-04 08:07:10,22.453,55.777,1011.559,0.1278,106.91,1.719,12.0687,1451.64,0
2026-10-04 08:07:20,22.47,57.285,1011.086,0.1422,108.515,1.7438,12.1284,1450.72,0
2026-10-04 08:07:30,22.488,57.039,1010.864,0.1472,110.635,1.7487,12.1145,1422.19,0
2026-10-04 08:07:40,22.442,57.728,1012.001,0.148,109.835,1.7102,12.0672,1414.89,0
2026-10-04 08:07:50,22.48,57.237,1011.726,0.1336,102.804,1.7311,12.0575,1427.49,0
2026-10-04 08:08:00,22.642,56.307,1011.086,0.1298,109.628,1.6767,12.095,1430.49,0
2026-10-04 08:08:10,22.569,55.927,1011.814,0.1404,111.24,1.6703,12.0964,1439.42,0
2026-10-04 08:08:20,22.554,56.678,1011.139,0.1471,104.468,1.7417,12.0868,1424.41,0
2026-10-04 08:08:30,22.393,56.721,1011.498,0.1468,103.519,1.6377,12.1468,1441.02,0
2026-10-04 08:08:40,22.339,57.501,1012.133,0.1557,106.14,1.6959,12.1048,1422.31,0
2026-10-04 08:08:50,22.559,57.021,1011.024,0.1403,106.762,1.7297,12.0678,1428.56,0
2026-10-04 08:09:00,22.547,57.588,1010.623,0.1286,105.183,1.718,12.1154,1439.01,0
2026-10-04 08:09:10,22.617,56.354,1011.339,0.153,102.684,1.6413,12.0906,1430.31,0
2026-10-04 08:09:20,22.366,57.495,1010.483,0.145,110.672,1.7251,12.0724,1418.67,0
2026-10-04 08:09:30,22.409,57.369,1011.24,0.1458,103.685,1.6901,12.112,1415.6,0
2026-10-04 08:09:40,22.238,55.995,1011.234,0.1498,104.755,1.7144,12.1265,1445.43,0
2026-10-04 08:09:50,22.385,57.661,1009.703,0.1538,106.614,1.6955,12.0952,1437.22,0
2026-10-04 08:10:00,22.55,57.042,1011.796,0.1436,101.879,1.6935,12.0655,1450.91,0
2026-10-04 08:10:10,22.372,57.187,1011.293,0.1533,101.661,1.6656,12.093,1447.61,0
2026-10-04 08:10:20,22.503,56.554,1012.245,0.1483,105.023,1.7013,12.0664,1426.53,0
2026-10-04 08:10:30,22.401,57.619,1011.566,0.1387,108.806,1.7409,12.0961,1446.18,0
2026-10-04 08:10:40,22.461,56.384,1011.927,0.1422,106.904,1.6991,12.1095,1436.69,0
2026-10-04 08:10:50,22.282,57.389,1012.241,0.149,100.172,1.7,12.0414,1430.03,0
2026-10-04 08:11:00,22.428,57.379,1011.313,0.1385,110.53,1.6915,12.1089,1471.81,0
2026-10-04 08:11:10,22.056,56.477,1011.402,0.1513,108.765,1.6767,12.0818,1467.57,0
2026-10-04 08:11:20,22.391,57.951,1010.297,0.1455,106.956,1.6837,12.0772,1442.47,0
2026-10-04 08:11:30,22.215,57.07,1012.263,0.1474,106.887,1.7139,12.0583,1420.29,0
2026-10-04 08:11:40,22.553,57.277,1011.291,0.1559,108.426,1.7696,12.0648,1426.19,0
2026-10-04 08:11:50,22.499,56.182,1010.685,0.1473,113.395,1.7322,12.1359,1425.57,0
2026-10-04 08:12:00,22.46,58.0,1011.904,0.145,109.069,1.723,12.1132,1446.24,0
2026-10-04 08:12:10,22.584,56.324,1009.857,0.1439,107.327,1.7571,12.1245,1440.11,0
2026-10-04 08:12:20,22.285,57.444,1011.079,0.1435,102.769,1.7187,12.0709,1430.0,0
2026-10-04 08:12:30,22.606,56.429,1012.012,0.1471,106.955,1.7336,12.1374,1466.0,0
2026-10-04 08:12:40,22.506,56.613,1011.067,0.1555,108.792,1.7118,12.091,1428.89,0
2026-10-04 08:12:50,22.363,57.312,1010.868,0.1398,106.138,1.7175,12.0731,1463.62,0
2026-10-04 08:13:00,22.525,57.426,1011.076,0.1392,104.927,1.6707,12.066,1453.56,0
2026-10-04 08:13:10,22.254,56.272,1009.957,0.155,108.168,1.6979,12.0669,1445.99,0
2026-10-04 08:13:20,22.285,57.448,1011.862,0.1402,103.554,1.6914,12.0746,1424.98,0
2026-10-04 08:13:30,22.308,57.421,1011.272,0.1465,109.133,1.6898,12.0711,1461.05,0
2026-10-04 08:13:40,22.315,56.424,1011.164,0.1401,105.234,1.6881,12.1162,1466.91,0
2026-10-04 08:13:50,22.249,57.688,1011.163,0.1314,100.185,1.7404,12.1588,1441.19,0
2026-10-04 08:14:00,22.52,56.155,1011.358,0.1465,105.2,1.6952,12.0878,1456.7,0
2026-10-04 08:14:10,22.339,56.566,1011.802,0.1538,106.405,1.7006,12.0884,1439.79,0
2026-10-04 08:14:20,22.41,57.113,1011.305,0.1444,108.245,1.7605,12.0479,1461.22,0
2026-10-04 08:14:30,22.296,56.442,1010.386,0.1331,107.911,1.723,12.0713,1424.75,0
2026-10-04 08:14:40,22.143,56.996,1011.739,0.1458,102.74,1.7036,12.0541,1454.15,0
2026-10-04 08:14:50,22.391,56.98,1011.682,0.1389,106.989,1.7296,12.1151,1401.86,0
2026-10-04 08:15:00,22.127,56.761,1011.473,0.124,105.033,1.6862,12.1433,1422.43,0
2026-10-04 08:15:10,22.345,57.265,1012.079,0.1443,105.566,1.6921,12.0681,1424.41,0
2026-10-04 08:15:20,22.186,56.73,1011.344,0.1491,103.664,1.6934,12.0902,1440.84,0
2026-10-04 08:15:30,22.586,56.955,1012.098,0.1544,106.518,1.7084,12.0893,1427.71,0
2026-10-04 08:15:40,22.454,57.407,1012.302,0.1591,116.08,1.7136,12.1127,1428.16,0
2026-10-04 08:15:50,22.354,57.224,1011.721,0.1502,112.264,1.678,12.0984,1438.95,0
2026-10-04 08:16:00,22.49,57.217,1010.787,0.1525,103.711,1.7116,12.1488,1440.06,0
2026-10-04 08:16:10,22.234,56.244,1011.216,0.1347,106.917,1.7163,12.0774,1425.01,0
2026-10-04 08:16:20,22.397,57.076,1012.172,0.158,105.789,1.6893,12.1188,1422.49,0
2026-10-04 08:16:30,22.353,56.369,1010.253,0.1551,107.17,1.6966,12.0816,1430.21,0
2026-10-04 08:16:40,22.357,56.163,1011.024,0.142,109.505,1.6721,12.0566,1458.34,0
2026-10-04 08:16:50,22.475,56.763,1011.055,0.1504,106.38,1.6626,12.1325,1483.19,0
2026-10-04 08:17:00,22.407,56.341,1010.686,0.1496,104.644,1.6714,12.1438,1465.87,0
2026-10-04 08:17:10,22.351,57.183,1011.9,0.1567,110.262,1.7178,12.1074,1438.95,0
2026-10-04 08:17:20,22.114,57.19,1011.55,0.1437,103.103,1.7127,12.0816,1450.89,0
2026-10-04 08:17:30,22.194,55.826,1010.785,0.1389,107.386,1.7475,12.069,1444.95,0
2026-10-04 08:17:40,22.291,56.358,1011.703,0.141,102.372,1.7001,12.1117,1443.17,0
2026-10-04 08:17:50,22.314,56.037,1011.166,0.152,103.765,1.7002,12.0447,1447.29,0
2026-10-04 08:18:00,22.164,56.531,1010.65,0.1295,109.09,1.7071,12.1198,1450.14,0
2026-10-04 08:18:10,22.585,56.984,1010.771,0.1208,104.83,1.6718,12.0877,1420.12,0
2026-10-04 08:18:20,22.475,56.63,1011.573,0.1519,101.251,1.7208,12.0873,1437.36,0
2026-10-04 08:18:30,22.361,56.451,1011.922,0.1469,104.725,1.7076,12.0717,1446.35,0
2026-10-04 08:18:40,22.294,57.391,1010.92,0.1449,104.417,1.6741,12.0627,1483.09,0
2026-10-04 08:18:50,22.257,55.583,1011.639,0.1342,103.132,1.7069,12.0974,1457.21,0
2026-10-04 08:19:00,22.164,57.349,1012.362,0.131,108.582,1.7163,12.1039,1464.52,0
2026-10-04 08:19:10,22.284,56.453,1010.371,0.1395,102.304,1.6639,12.0969,1446.67,0
2026-10-04 08:19:20,22.302,56.681,1011.498,0.1475,105.194,1.7234,12.1267,1470.24,0
2026-10-04 08:19:30,22.119,56.451,1011.827,0.1398,107.371,1.6855,12.101,1453.26,0
2026-10-04 08:19:40,22.304,57.481,1011.176,0.1517,105.955,1.6197,12.1176,1461.72,0
2026-10-04 08:19:50,22.242,56.088,1012.106,0.1368,105.784,1.7206,12.0631,1452.29,0
2026-10-04 08:20:00,22.028,56.704,1012.776,0.1402,104.842,1.7296,12.089,1458.28,0
2026-10-04 08:20:10,22.15,56.957,1011.474,0.1499,103.366,1.6678,12.1373,1443.2,0
2026-10-04 08:20:20,22.2,55.882,1011.067,0.1413,105.126,1.6539,12.1246,1478.12,0
2026-10-04 08:20:30,22.472,56.222,1011.911,0.1416,109.022,1.7287,12.1088,1443.78,0
2026-10-04 08:20:40,22.309,56.603,1011.814,0.139,105.76,1.6798,12.0912,1437.11,0
2026-10-04 08:20:50,22.078,56.228,1009.458,0.1375,107.576,1.7287,12.0774,1454.08,0
2026-10-04 08:21:00,22.293,56.258,1011.216,0.1469,110.44,1.65,12.0878,1480.11,0
2026-10-04 08:21:10,22.045,56.486,1010.939,0.1478,108.902,1.7298,12.1171,1442.1,0
2026-10-04 08:21:20,22.357,56.98,1011.49,0.1457,103.287,1.7213,12.0518,1449.96,0
2026-10-04 08:21:30,22.166,56.478,1011.074,0.1389,108.473,1.7078,12.1464,1456.86,0
2026-10-04 08:21:40,22.208,57.184,1011.147,0.1422,110.285,1.6439,12.1326,1433.49,0
2026-10-04 08:21:50,22.374,56.14,1010.599,0.1565,105.409,1.6848,12.1322,1433.05,0
2026-10-04 08:22:00,22.057,56.007,1011.714,0.1323,102.413,1.7188,12.1174,1470.9,0
2026-10-04 08:22:10,22.039,57.591,1012.356,0.1586,105.861,1.6513,12.1049,1455.49,0
2026-10-04 08:22:20,22.133,56.293,1010.601,0.1443,107.761,1.6802,12.1118,1438.78,0
2026-10-04 08:22:30,22.324,55.962,1010.213,0.142,108.988,1.703,12.0934,1450.32,0
2026-10-04 08:22:40,22.013,55.74,1011.202,0.151,105.662,1.6639,12.1556,1446.97,0
2026-10-04 08:22:50,21.851,57.144,1011.165,0.1267,101.131,1.7252,12.0994,1455.81,0
2026-10-04 08:23:00,22.133,56.43,1012.002,0.1542,103.422,1.7201,12.0911,1458.97,0
2026-10-04 08:23:10,22.249,56.468,1010.319,0.1579,108.345,1.6984,12.0965,1424.13,0
2026-10-04 08:23:20,22.323,56.51,1010.8,0.1517,113.251,1.703,12.0853,1476.7,0
2026-10-04 08:23:30,22.119,57.09,1009.67,0.1261,107.227,1.6784,12.1237,1458.14,0
2026-10-04 08:23:40,22.121,56.489,1012.133,0.1489,111.246,1.7065,12.0907,1447.79,0
2026-10-04 08:23:50,22.304,57.745,1011.343,0.1559,104.15,1.6767,12.1007,1470.96,0
2026-10-04 08:24:00,21.937,56.634,1010.84,0.155,105.392,1.6865,12.1374,1442.51,0
2026-10-04 08:24:10,22.111,57.093,1010.236,0.1313,100.328,1.6789,12.131,1453.65,0
2026-10-04 08:24:20,22.176,56.959,1010.297,0.1506,108.472,1.727,12.0788,1440.45,0
2026-10-04 08:24:30,22.203,56.532,1011.445,0.1567,104.696,1.7211,12.134,1470.19,0
2026-10-04 08:24:40,22.083,56.252,1010.377,0.1425,109.189,1.6656,12.0693,1477.26,0
2026-10-04 08:24:50,22.144,56.705,1011.222,0.1305,105.899,1.724,12.0673,1465.46,0
2026-10-04 08:25:00,21.837,56.789,1012.576,0.1486,113.485,1.6704,12.0969,1457.19,0
2026-10-04 08:25:10,22.053,56.242,1010.9,0.1503,112.814,1.7365,12.1125,1441.22,0
2026-10-04 08:25:20,22.182,56.606,1010.467,0.1407,100.538,1.7293,12.0997,1453.83,0
2026-10-04 08:25:30,22.005,57.135,1011.405,0.1322,109.237,1.7447,12.1165,1464.5,0
2026-10-04 08:25:40,22.125,57.547,1010.277,0.1494,105.247,1.697,12.0963,1452.74,0
2026-10-04 08:25:50,22.167,56.933,1012.336,0.1353,109.432,1.6825,12.0544,1454.86,0
2026-10-04 08:26:00,22.068,57.432,1012.111,0.1445,103.475,1.6818,12.1013,1445.19,0
2026-10-04 08:26:10,22.125,56.18,1011.011,0.1537,111.844,1.6986,12.0682,1451.2,0
2026-10-04 08:26:20,21.985,56.84,1010.495,0.1278,110.627,1.6637,12.1064,1440.68,0
2026-10-04 08:26:30,22.071,57.153,1010.822,0.1482,103.309,1.6287,12.0752,1467.16,0
2026-10-04 08:26:40,22.165,56.03,1010.91,0.1392,107.021,1.6787,12.1196,1464.09,0
2026-10-04 08:26:50,22.106,56.23,1011.382,0.1393,108.066,1.6896,12.1407,1465.09,0
2026-10-04 08:27:00,22.012,57.336,1011.839,0.1447,109.752,1.7023,12.0638,1458.59,0
2026-10-04 08:27:10,22.104,55.974,1010.383,0.1343,107.573,1.6982,12.0561,1455.47,0
2026-10-04 08:27:20,22.159,55.785,1011.813,0.131,109.982,1.6916,12.0999,1460.19,0
2026-10-04 08:27:30,21.822,57.214,1011.535,0.126,107.426,1.7172,12.1358,1458.6,0
2026-10-04 08:27:40,22.203,57.043,1010.744,0.1499,109.488,1.666,12.1116,1467.62,0
2026-10-04 08:27:50,22.019,56.655,1010.336,0.137,103.564,1.6709,12.0972,1493.14,0
2026-10-04 08:28:00,22.105,56.41,1011.175,0.1444,107.605,1.7403,12.0811,1463.14,0
2026-10-04 08:28:10,22.193,56.208,1010.349,0.1358,111.148,1.6078,12.1263,1457.43,0
2026-10-04 08:28:20,21.88,56.563,1011.804,0.1303,111.946,1.7152,12.1468,1462.89,0
2026-10-04 08:28:30,21.955,57.206,1010.298,0.1446,108.247,1.7012,12.0618,1459.58,0
2026-10-04 08:28:40,22.001,56.53,1011.465,0.1419,107.445,1.6869,12.116,1459.84,0
2026-10-04 08:28:50,21.936,57.489,1011.023,0.1372,111.862,1.7092,12.1725,1458.85,0
2026-10-04 08:29:00,22.234,55.951,1010.684,0.1414,107.47,1.7046,12.0939,1478.22,0
2026-10-04 08:29:10,21.918,56.384,1011.001,0.1311,111.222,1.6501,12.1044,1478.35,0
2026-10-04 08:29:20,21.949,56.202,1011.826,0.1472,107.484,1.6621,12.1085,1482.13,0
2026-10-04 08:29:30,22.036,55.84,1010.233,0.1489,107.939,1.6743,12.0993,1485.63,0
2026-10-04 08:29:40,21.862,56.301,1010.776,0.1445,104.52,1.6331,12.1371,1463.78,0
2026-10-04 08:29:50,21.954,56.58,1010.535,0.1352,104.102,1.6858,12.1549,1446.05,0
2026-10-04 08:30:00,22.035,56.628,1011.032,0.1385,110.799,1.7018,12.0674,1499.44,0
2026-10-04 08:30:10,21.952,57.446,1010.577,0.1505,113.049,1.7149,12.0868,1436.36,0
2026-10-04 08:30:20,21.976,56.587,1009.815,0.148,108.213,1.6876,12.1415,1465.42,0
2026-10-04 08:30:30,21.918,56.924,1010.312,0.1535,107.413,1.6668,12.1255,1449.47,0
2026-10-04 08:30:40,21.795,56.377,1012.194,0.1312,110.995,1.691,12.1216,1477.23,0
2026-10-04 08:30:50,22.011,57.177,1011.217,0.1303,108.954,1.6833,12.1283,1457.16,0
2026-10-04 08:31:00,22.178,57.532,1011.19,0.1382,100.763,1.7047,12.1134,1488.81,0
2026-10-04 08:31:10,21.964,56.593,1010.841,0.1402,110.954,1.6839,12.1232,1475.65,0
2026-10-04 08:31:20,21.984,55.825,1011.0,0.1356,103.978,1.7071,12.1032,1495.15,0
2026-10-04 08:31:30,22.035,56.042,1010.732,0.1335,107.97,1.6782,12.1058,1474.33,0
2026-10-04 08:31:40,21.795,56.451,1011.399,0.1466,106.696,1.7169,12.1093,1490.51,0
2026-10-04 08:31:50,22.146,56.533,1011.098,0.1356,106.114,1.689,12.1017,1457.16,0
2026-10-04 08:32:00,21.961,56.649,1010.205,0.1264,108.193,1.6695,12.1237,1488.54,0
2026-10-04 08:32:10,22.128,56.524,1011.199,0.1271,110.749,1.676,12.1196,1472.06,0
2026-10-04 08:32:20,21.839,56.292,1009.298,0.1377,108.178,1.7024,12.0657,1477.97,0
2026-10-04 08:32:30,22.14,55.965,1011.306,0.1596,112.329,1.6523,12.1074,1488.63,0
2026-10-04 08:32:40,22.01,56.478,1010.027,0.1276,112.718,1.6807,12.1132,1480.84,0
2026-10-04 08:32:50,21.978,57.199,1010.943,0.1327,112.706,1.7106,12.1511,1463.5,0
2026-10-04 08:33:00,21.934,56.776,1010.171,0.1543,107.98,1.6967,12.1058,1468.33,0
2026-10-04 08:33:10,21.871,56.528,1011.007,0.131,106.729,1.6549,12.1156,1460.13,0
2026-10-04 08:33:20,22.04,56.77,1011.407,0.1383,108.079,1.6913,12.1114,1487.04,0
2026-10-04 08:33:30,21.908,56.064,1012.051,0.1495,111.572,1.6499,12.1466,1471.44,0
2026-10-04 08:33:40,21.65,55.99,1009.917,0.1267,111.408,1.688,12.0838,1470.21,0
2026-10-04 08:33:50,21.746,55.865,1011.676,0.1317,100.443,1.7178,12.0942,1480.29,0
2026-10-04 08:34:00,21.853,56.171,1011.083,0.1301,109.162,1.685,12.0927,1474.02,0
2026-10-04 08:34:10,21.907,56.017,1010.672,0.1216,101.157,1.6548,12.1145,1495.42,0
2026-10-04 08:34:20,21.858,56.826,1011.517,0.1461,108.22,1.6782,12.077,1489.98,0
2026-10-04 08:34:30,22.006,55.979,1010.817,0.1287,106.707,1.6878,12.1511,1489.36,0
2026-10-04 08:34:40,21.62,55.81,1011.482,0.1262,105.799,1.7101,12.125,1472.6,0
2026-10-04 08:34:50,21.866,57.177,1010.282,0.1295,110.874,1.7098,12.1295,1489.79,0
2026-10-04 08:35:00,21.626,55.975,1010.531,0.1403,106.401,1.6554,12.1675,1487.0,0
2026-10-04 08:35:10,21.93,56.272,1011.632,0.1335,108.331,1.6744,12.1066,1461.52,0
2026-10-04 08:35:20,21.822,56.415,1012.008,0.1261,105.579,1.6923,12.1367,1476.38,0
2026-10-04 08:35:30,21.879,55.616,1010.941,0.1355,108.614,1.6672,12.13,1477.81,0
2026-10-04 08:35:40,21.719,56.797,1009.012,0.1385,111.288,1.6947,12.1541,1503.12,0
2026-10-04 08:35:50,21.971,56.492,1010.821,0.1317,105.792,1.6485,12.1331,1474.7,0
2026-10-04 08:36:00,21.937,56.947,1010.98,0.1298,110.362,1.6887,12.1032,1488.55,0
2026-10-04 08:36:10,21.877,55.823,1010.792,0.1396,108.628,1.7077,12.1267,1501.13,0
2026-10-04 08:36:20,21.786,56.207,1011.187,0.1298,108.618,1.6833,12.1001,1468.09,0
2026-10-04 08:36:30,21.866,56.172,1010.615,0.1439,107.441,1.6863,12.1048,1486.42,0
2026-10-04 08:36:40,21.706,56.279,1011.534,0.1248,110.83,1.7029,12.1163,1513.03,0
2026-10-04 08:36:50,21.888,55.414,1010.127,0.1244,110.539,1.6706,12.1122,1459.31,0
2026-10-04 08:37:00,21.978,56.191,1011.807,0.1232,108.143,1.6972,12.0946,1474.05,0
2026-10-04 08:37:10,21.904,55.418,1012.023,0.1283,109.168,1.6808,12.0604,1487.55,0
2026-10-04 08:37:20,21.682,56.305,1010.296,0.1301,110.806,1.6588,12.1247,1489.22,0
2026-10-04 08:37:30,21.808,55.056,1010.293,0.1192,110.218,1.704,12.1266,1486.42,0
2026-10-04 08:37:40,21.604,55.189,1011.217,0.1304,107.691,1.7164,12.1267,1492.55,0
2026-10-04 08:37:50,21.822,56.519,1010.096,0.1339,112.125,1.7103,12.1654,1503.58,0
2026-10-04 08:38:00,21.802,55.831,1010.58,0.1175,111.237,1.7038,12.0795,1485.78,0
2026-10-04 08:38:10,21.519,55.605,1011.694,0.1248,114.996,1.694,12.1569,1484.16,0
2026-10-04 08:38:20,21.598,56.729,1011.435,0.1333,103.971,1.6902,12.1806,1494.49,0
2026-10-04 08:38:30,21.698,56.253,1012.302,0.1199,110.803,1.6788,12.1625,1515.72,0
2026-10-04 08:38:40,21.691,56.52,1011.033,0.1258,112.17,1.6645,12.1099,1495.17,0
2026-10-04 08:38:50,21.576,55.995,1010.483,0.1369,111.747,1.6294,12.1301,1502.05,0
2026-10-04 08:39:00,21.763,57.413,1010.944,0.1423,107.99,1.6418,12.0996,1463.17,0
2026-10-04 08:39:10,21.741,55.766,1010.8,0.1312,104.676,1.6813,12.1022,1484.37,0
2026-10-04 08:39:20,21.682,56.935,1010.807,0.1262,113.402,1.6489,12.1623,1469.16,0
2026-10-04 08:39:30,21.609,56.027,1010.883,0.1233,107.355,1.6911,12.1369,1487.88,0
2026-10-04 08:39:40,21.82,55.225,1010.245,0.1344,107.932,1.7244,12.1386,1509.36,0
2026-10-04 08:39:50,21.888,56.289,1011.092,0.1359,115.035,1.6001,12.0917,1468.87,0
2026-10-04 08:40:00,21.625,56.2,1009.906,0.1174,105.033,1.6563,12.0831,1514.6,0
2026-10-04 08:40:10,21.605,55.512,1010.388,0.1337,111.327,1.7353,12.1464,1488.76,0
2026-10-04 08:40:20,21.732,55.571,1010.803,0.1214,106.627,1.7014,12.1308,1502.52,0
2026-10-04 08:40:30,21.624,56.015,1009.302,0.1191,106.578,1.6777,12.1129,1504.85,0
2026-10-04 08:40:40,21.645,56.197,1011.42,0.1246,109.426,1.6672,12.164,1519.64,0
2026-10-04 08:40:50,21.745,54.782,1009.441,0.1335,110.97,1.6951,12.1355,1498.72,0
2026-10-04 08:41:00,21.422,56.539,1011.345,0.1278,111.809,1.7049,12.0996,1477.21,0
2026-10-04 08:41:10,21.804,55.76,1009.968,0.1274,112.221,1.6487,12.0726,1505.77,0
2026-10-04 08:41:20,21.649,55.336,1010.587,0.1277,106.874,1.7176,12.1361,1450.81,0
2026-10-04 08:41:30,21.585,56.468,1011.231,0.1284,105.581,1.6903,12.1096,1477.55,0
2026-10-04 08:41:40,21.619,55.98,1012.404,0.1236,108.002,1.7037,12.118,1482.73,0
2026-10-04 08:41:50,21.619,56.595,1010.944,0.1293,110.09,1.7059,12.1161,1460.17,0
2026-10-04 08:42:00,21.411,56.201,1009.472,0.1187,108.449,1.688,12.1576,1517.27,0
2026-10-04 08:42:10,21.792,55.977,1011.525,0.129,98.189,1.6913,12.1431,1512.24,0
2026-10-04 08:42:20,21.613,55.896,1010.692,0.1304,103.62,1.6931,12.1198,1499.35,0
2026-10-04 08:42:30,21.655,56.209,1010.901,0.1289,108.398,1.6712,12.1192,1507.56,0
2026-10-04 08:42:40,21.711,55.756,1011.24,0.1291,111.703,1.6964,12.1297,1498.64,0
2026-10-04 08:42:50,21.469,55.532,1009.289,0.1266,106.442,1.6736,12.1556,1506.39,0
2026-10-04 08:43:00,21.643,56.258,1010.849,0.1321,111.373,1.6801,12.1249,1512.65,0
2026-10-04 08:43:10,21.549,55.876,1010.555,0.1043,104.703,1.7192,12.1086,1472.3,0
2026-10-04 08:43:20,21.677,55.96,1011.694,0.1291,109.977,1.6792,12.093,1508.0,0
2026-10-04 08:43:30,21.315,56.483,1011.345,0.1378,110.017,1.6904,12.1211,1511.49,0
2026-10-04 08:43:40,21.553,55.877,1009.695,0.1168,110.653,1.6757,12.0935,1485.97,0
2026-10-04 08:43:50,21.487,55.937,1011.715,0.1157,106.24,1.6709,12.1321,1491.64,0
2026-10-04 08:44:00,21.606,55.625,1011.143,0.1316,104.64,1.7282,12.1351,1483.75,0
2026-10-04 08:44:10,21.605,56.135,1009.743,0.1137,111.479,1.6434,12.1537,1500.32,0
2026-10-04 08:44:20,21.458,56.09,1010.862,0.1156,104.741,1.6813,12.1188,1501.79,0
2026-10-04 08:44:30,21.452,56.361,1011.545,0.122,107.025,1.65,12.1501,1499.14,0
2026-10-04 08:44:40,21.519,55.616,1009.968,0.1141,113.531,1.7114,12.1647,1484.98,0
2026-10-04 08:44:50,21.419,55.672,1011.78,0.1272,109.885,1.6785,12.1264,1517.33,0
2026-10-04 08:45:00,21.622,56.293,1009.754,0.1137,110.5,1.6683,12.1806,1488.3,0
2026-10-04 08:45:10,21.472,56.018,1010.257,0.1227,111.286,1.6341,12.1608,1505.58,0
2026-10-04 08:45:20,21.162,55.434,1010.148,0.1218,111.198,1.7194,12.1131,1509.39,0
2026-10-04 08:45:30,21.46,56.536,1011.769,0.1326,109.385,1.6468,12.1988,1472.16,0
2026-10-04 08:45:40,21.375,55.029,1010.459,0.1284,106.763,1.6922,12.1237,1503.12,0
2026-10-04 08:45:50,21.299,56.266,1009.986,0.1146,117.539,1.7033,12.1605,1517.17,0
2026-10-04 08:46:00,21.341,55.237,1011.109,0.1085,108.627,1.7344,12.1414,1498.42,0
2026-10-04 08:46:10,21.497,56.808,1011.258,0.1251,110.517,1.6663,12.1334,1512.38,0
2026-10-04 08:46:20,21.638,55.088,1011.26,0.113,110.863,1.6587,12.1587,1488.99,0
2026-10-04 08:46:30,21.511,56.432,1010.6,0.1153,107.962,1.6694,12.1299,1515.24,0
2026-10-04 08:46:40,21.395,55.811,1010.966,0.1093,108.303,1.6654,12.1244,1482.64,0
2026-10-04 08:46:50,21.517,55.664,1010.33,0.123,114.064,1.633,12.1253,1499.63,0
2026-10-04 08:47:00,21.402,55.935,1011.955,0.1121,107.401,1.721,12.098,1518.74,0
2026-10-04 08:47:10,21.369,56.154,1011.581,0.1168,110.874,1.6697,12.1534,1518.17,0
2026-10-04 08:47:20,21.308,55.382,1011.535,0.1167,112.343,1.6762,12.1104,1481.24,0
2026-10-04 08:47:30,21.231,55.422,1011.331,0.1181,109.032,1.6959,12.1324,1497.78,0
2026-10-04 08:47:40,21.39,56.15,1011.136,0.1217,109.412,1.7148,12.1278,1492.26,0
2026-10-04 08:47:50,21.45,54.967,1009.899,0.1143,112.583,1.6512,12.1426,1519.2,0
2026-10-04 08:48:00,21.414,55.525,1011.211,0.11,109.32,1.6892,12.1272,1500.65,0
2026-10-04 08:48:10,21.371,57.333,1010.845,0.1009,103.519,1.6499,12.121,1504.24,0
2026-10-04 08:48:20,21.302,55.324,1011.647,0.1164,114.282,1.6886,12.1383,1509.5,0
2026-10-04 08:48:30,21.483,56.378,1011.325,0.1141,106.863,1.6876,12.1363,1484.32,0
2026-10-04 08:48:40,21.247,55.507,1011.142,0.1094,110.455,1.6685,12.1017,1507.26,0
2026-10-04 08:48:50,21.493,56.05,1009.576,0.1154,105.874,1.6862,12.1256,1487.88,0
2026-10-04 08:49:00,21.275,56.119,1010.69,0.1215,108.314,1.6867,12.1603,1495.93,0
2026-10-04 08:49:10,21.299,56.352,1010.359,0.1233,108.557,1.6784,12.1901,1496.88,0
2026-10-04 08:49:20,21.208,55.683,1010.924,0.1019,110.408,1.6754,12.0861,1511.04,0
2026-10-04 08:49:30,21.319,56.774,1010.454,0.1111,107.273,1.6464,12.1497,1492.13,0
2026-10-04 08:49:40,21.491,55.481,1010.549,0.1215,115.873,1.6533,12.1318,1497.16,0
2026-10-04 08:49:50,21.431,55.889,1011.061,0.1263,110.017,1.6653,12.1145,1509.38,0
2026-10-04 08:50:00,21.481,55.89,1010.435,0.1068,112.606,1.6554,12.1188,1525.54,0
2026-10-04 08:50:10,21.422,55.202,1010.82,0.1242,109.956,1.6664,12.1061,1511.57,0
2026-10-04 08:50:20,21.221,55.617,1009.669,0.1021,112.994,1.6788,12.0957,1522.21,0
2026-10-04 08:50:30,21.309,55.836,1010.147,0.1219,103.72,1.683,12.1395,1473.63,0
2026-10-04 08:50:40,21.25,55.536,1011.187,0.1102,107.927,1.6949,12.1747,1527.26,0
2026-10-04 08:50:50,21.498,56.968,1009.864,0.1248,108.495,1.6848,12.139,1493.11,0
2026-10-04 08:51:00,21.19,55.325,1011.594,0.1083,108.491,1.6839,12.1347,1497.08,0
2026-10-04 08:51:10,21.436,56.33,1011.402,0.1094,111.656,1.6944,12.1149,1535.57,0
2026-10-04 08:51:20,21.431,56.165,1010.53,0.1106,111.881,1.6581,12.1074,1509.24,0
2026-10-04 08:51:30,21.538,55.726,1012.814,0.0991,109.917,1.6603,12.1314,1495.68,0
2026-10-04 08:51:40,21.264,55.296,1011.583,0.0971,110.011,1.6718,12.1053,1497.98,0
2026-10-04 08:51:50,21.394,55.341,1010.046,0.1151,117.5,1.6638,12.1592,1486.64,0
2026-10-04 08:52:00,21.578,55.462,1011.23,0.1187,111.172,1.6375,12.1169,1507.84,0
2026-10-04 08:52:10,21.225,54.825,1010.751,0.1154,103.543,1.6957,12.1104,1502.82,0
2026-10-04 08:52:20,21.11,55.212,1010.159,0.1003,112.549,1.6565,12.1879,1518.13,0
2026-10-04 08:52:30,21.063,54.969,1009.952,0.114,111.937,1.7268,12.1642,1534.1,0
2026-10-04 08:52:40,21.37,56.38,1011.395,0.102,113.756,1.6857,12.102,1489.74,0
2026-10-04 08:52:50,21.053,56.012,1010.277,0.113,112.093,1.6441,12.11,1517.71,0
2026-10-04 08:53:00,21.23,56.093,1010.622,0.1186,107.604,1.6984,12.1274,1486.0,0
2026-10-04 08:53:10,21.322,55.99,1010.046,0.1123,113.008,1.6826,12.1284,1515.75,0
2026-10-04 08:53:20,21.287,55.776,1010.165,0.1209,110.656,1.6891,12.1211,1491.85,0
2026-10-04 08:53:30,21.311,56.419,1010.597,0.1078,113.517,1.6695,12.1661,1489.48,0
2026-10-04 08:53:40,21.282,55.38,1010.955,0.107,115.042,1.6587,12.1381,1548.16,0
2026-10-04 08:53:50,21.404,55.735,1008.869,0.1091,110.053,1.6455,12.1321,1542.34,0
2026-10-04 08:54:00,21.131,56.052,1010.691,0.0976,113.066,1.6501,12.1179,1499.72,0
2026-10-04 08:54:10,21.16,55.015,1010.154,0.1049,113.56,1.648,12.107,1539.09,0
2026-10-04 08:54:20,21.144,57.22,1011.656,0.1054,110.955,1.6734,12.1178,1510.18,0
2026-10-04 08:54:30,21.331,55.683,1012.732,0.1055,116.374,1.6811,12.1117,1490.43,0
2026-10-04 08:54:40,21.335,55.736,1010.418,0.1097,113.656,1.6438,12.1023,1520.95,0
2026-10-04 08:54:50,21.276,56.29,1009.461,0.0955,108.784,1.7051,12.1609,1525.67,0
2026-10-04 08:55:00,21.36,56.116,1010.746,0.098,111.34,1.6862,12.1573,1522.93,0
2026-10-04 08:55:10,21.072,55.675,1010.518,0.116,113.161,1.7434,12.1248,1486.51,0
2026-10-04 08:55:20,21.409,55.717,1012.04,0.0907,116.361,1.6727,12.1673,1494.92,0
2026-10-04 08:55:30,21.387,54.897,1011.824,0.1115,112.484,1.7387,12.1493,1526.33,0
2026-10-04 08:55:40,21.288,55.368,1011.261,0.1034,111.51,1.7016,12.1077,1495.2,0
2026-10-04 08:55:50,21.409,55.901,1010.242,0.1075,114.454,1.6341,12.0984,1527.97,0
2026-10-04 08:56:00,20.991,55.862,1011.125,0.1185,110.024,1.6534,12.1426,1507.46,0
2026-10-04 08:56:10,21.123,56.247,1010.834,0.1048,107.733,1.6912,12.147,1488.44,0
2026-10-04 08:56:20,21.093,55.573,1010.815,0.1107,112.835,1.6397,12.103,1493.53,0
2026-10-04 08:56:30,21.263,54.937,1009.553,0.106,109.61,1.6611,12.1223,1520.33,0
2026-10-04 08:56:40,21.046,56.156,1011.384,0.1044,118.912,1.6438,12.1569,1521.25,0
2026-10-04 08:56:50,21.259,56.343,1010.714,0.1033,111.545,1.7371,12.175,1537.35,0
2026-10-04 08:57:00,21.328,56.071,1010.566,0.1106,112.936,1.7112,12.138,1514.43,0
2026-10-04 08:57:10,21.243,55.537,1010.214,0.0989,108.942,1.6754,12.1374,1511.34,0
2026-10-04 08:57:20,21.189,56.138,1010.076,0.0955,114.642,1.7218,12.1249,1541.49,0
2026-10-04 08:57:30,21.032,57.327,1010.852,0.105,110.788,1.7155,12.1735,1502.13,0
2026-10-04 08:57:40,21.045,55.668,1009.403,0.1058,110.516,1.717,12.1504,1510.67,0
2026-10-04 08:57:50,21.292,54.951,1011.178,0.0895,110.609,1.6703,12.1156,1522.23,0
2026-10-04 08:58:00,21.231,55.311,1009.885,0.1038,107.057,1.6767,12.1563,1501.87,0
2026-10-04 08:58:10,21.129,55.915,1009.179,0.0939,110.2,1.6571,12.1194,1522.2,0
2026-10-04 08:58:20,21.079,54.797,1011.893,0.1086,112.611,1.6818,12.1133,1515.76,0
2026-10-04 08:58:30,20.882,55.681,1010.015,0.089,106.358,1.6645,12.126,1532.91,0
2026-10-04 08:58:40,20.992,55.784,1010.108,0.1186,114.08,1.658,12.1158,1509.8,0
2026-10-04 08:58:50,21.346,56.359,1011.405,0.1003,110.231,1.7133,12.1149,1506.68,0
2026-10-04 08:59:00,20.959,56.244,1011.907,0.096,111.791,1.7019,12.1027,1545.23,0
2026-10-04 08:59:10,21.131,56.018,1009.534,0.1005,104.376,1.6632,12.1203,1529.41,0
2026-10-04 08:59:20,21.225,54.502,1009.935,0.107,111.774,1.709,12.1246,1533.11,0
2026-10-04 08:59:30,20.95,56.041,1009.984,0.1095,107.99,1.6932,12.1043,1529.54,0
2026-10-04 08:59:40,21.119,55.931,1011.254,0.1,110.087,1.6777,12.1518,1507.08,0
2026-10-04 08:59:50,21.205,55.704,1011.745,0.0906,106.46,1.7255,12.0942,1502.97,0
2026-10-04 09:00:00,21.09,54.708,1009.839,0.0922,108.538,1.6935,12.129,1503.31,0
2026-10-04 09:00:10,21.429,55.183,1011.583,0.1041,110.714,1.7304,12.1552,1509.09,0
2026-10-04 09:00:20,20.88,54.985,1010.094,0.1095,110.41,1.7003,12.1671,1535.91,0
2026-10-04 09:00:30,21.204,54.559,1010.824,0.1104,113.9,1.7026,12.1246,1517.69,0
2026-10-04 09:00:40,21.052,55.562,1009.696,0.1027,105.664,1.6595,12.1645,1532.35,0
2026-10-04 09:00:50,21.162,55.163,1010.499,0.1089,111.135,1.6726,12.1301,1530.78,0
2026-10-04 09:01:00,21.118,56.872,1010.504,0.1163,111.014,1.7231,12.1958,1542.64,0
2026-10-04 09:01:10,20.974,55.473,1010.359,0.1104,109.959,1.7159,12.1031,1530.8,0
2026-10-04 09:01:20,21.085,56.202,1010.847,0.1081,108.614,1.678,12.1145,1522.14,0
2026-10-04 09:01:30,20.831,54.768,1009.87,0.0941,114.681,1.6533,12.1439,1499.63,0
2026-10-04 09:01:40,21.123,55.286,1009.954,0.1082,117.539,1.7287,12.1085,1548.4,0
2026-10-04 09:01:50,21.082,55.597,1010.877,0.104,106.276,1.714,12.1224,1535.42,0
2026-10-04 09:02:00,21.12,55.092,1011.508,0.1054,108.667,1.6589,12.1516,1525.98,0
2026-10-04 09:02:10,21.166,55.333,1010.55,0.1101,108.448,1.6591,12.1452,1522.97,0
2026-10-04 09:02:20,21.08,55.433,1010.917,0.1028,110.638,1.7337,12.1397,1493.24,0
2026-10-04 09:02:30,21.05,55.423,1011.093,0.099,115.271,1.6753,12.1401,1526.43,0
2026-10-04 09:02:40,20.923,56.466,1011.141,0.0911,113.109,1.6759,12.0793,1512.31,0
2026-10-04 09:02:50,20.94,55.725,1009.89,0.0971,111.086,1.6713,12.1447,1495.83,0
2026-10-04 09:03:00,21.164,55.774,1010.011,0.1011,111.618,1.6973,12.1253,1513.32,0
2026-10-04 09:03:10,21.191,55.802,1010.07,0.1015,110.633,1.6536,12.1321,1524.36,0
2026-10-04 09:03:20,20.986,55.837,1011.901,0.1011,113.828,1.6947,12.1017,1526.5,0
2026-10-04 09:03:30,21.017,55.487,1010.905,0.1067,114.215,1.6537,12.1584,1503.38,0
2026-10-04 09:03:40,20.899,55.367,1010.871,0.1058,113.429,1.6541,12.1555,1500.77,0
2026-10-04 09:03:50,21.145,55.609,1010.801,0.0983,105.088,1.6551,12.1128,1516.81,0
2026-10-04 09:04:00,21.081,56.102,1009.618,0.0919,111.739,1.6562,12.1465,1530.07,0
2026-10-04 09:04:10,21.231,56.085,1011.897,0.1016,111.161,1.7076,12.1833,1509.76,0
2026-10-04 09:04:20,20.889,55.4,1010.873,0.1164,114.717,1.7078,12.1458,1515.14,0
2026-10-04 09:04:30,20.946,55.902,1011.042,0.1009,112.482,1.6858,12.0921,1524.78,0
2026-10-04 09:04:40,21.016,55.42,1009.298,0.0958,113.457,1.6742,12.1283,1509.79,0
2026-10-04 09:04:50,21.063,55.532,1011.077,0.1024,110.323,1.7247,12.1459,1492.14,0
2026-10-04 09:05:00,20.956,55.277,1010.28,0.1028,114.649,1.7077,12.1958,1527.05,0
2026-10-04 09:05:10,20.874,55.421,1009.601,0.1026,115.554,1.6611,12.1128,1496.33,0
2026-10-04 09:05:20,21.082,56.181,1009.857,0.1088,106.993,1.6995,12.1395,1527.62,0
2026-10-04 09:05:30,21.06,55.555,1009.638,0.1008,108.008,1.6984,12.1166,1519.49,0
2026-10-04 09:05:40,20.86,55.575,1009.624,0.1082,114.206,1.709,12.1654,1519.52,0
2026-10-04 09:05:50,21.13,54.783,1010.561,0.0993,111.423,1.76,12.1344,1506.54,0
2026-10-04 09:06:00,21.104,55.35,1010.246,0.1095,115.049,1.671,12.0754,1518.24,0
2026-10-04 09:06:10,20.977,55.383,1010.748,0.1069,112.71,1.7055,12.134,1510.17,0
2026-10-04 09:06:20,20.968,55.088,1011.686,0.1046,114.085,1.7292,12.1412,1566.21,0
2026-10-04 09:06:30,21.022,55.512,1010.42,0.1034,109.787,1.7349,12.1538,1511.56,0
2026-10-04 09:06:40,20.849,55.285,1008.937,0.1154,113.071,1.6967,12.1488,1539.33,0
2026-10-04 09:06:50,20.953,55.539,1010.337,0.1055,113.101,1.6596,12.1608,1515.4,0
2026-10-04 09:07:00,20.689,55.558,1011.339,0.09,110.029,1.6476,12.1415,1527.65,0
2026-10-04 09:07:10,21.05,55.018,1010.442,0.0987,115.123,1.7134,12.1468,1524.25,0
2026-10-04 09:07:20,20.754,55.296,1011.57,0.0946,106.454,1.7015,12.1451,1521.78,0
2026-10-04 09:07:30,21.119,55.533,1010.815,0.1131,112.786,1.6963,12.1346,1521.43,0
2026-10-04 09:07:40,20.897,56.085,1009.209,0.1065,108.303,1.7003,12.1593,1528.22,0
2026-10-04 09:07:50,20.908,55.62,1010.57,0.1127,109.14,1.7179,12.1664,1545.27,0
2026-10-04 09:08:00,20.856,55.16,1010.699,0.0903,115.188,1.7073,12.1443,1507.78,0
2026-10-04 09:08:10,20.894,55.689,1011.246,0.1051,108.952,1.7035,12.1332,1498.34,0
2026-10-04 09:08:20,21.097,56.343,1011.761,0.0853,108.848,1.6792,12.1186,1512.53,0
2026-10-04 09:08:30,20.625,55.946,1011.121,0.0834,114.038,1.7202,12.1547,1527.02,0
2026-10-04 09:08:40,21.075,55.761,1010.792,0.0929,108.987,1.68,12.1208,1520.78,0
2026-10-04 09:08:50,20.96,55.849,1010.955,0.1081,115.396,1.7188,12.1501,1548.46,0
2026-10-04 09:09:00,20.772,56.205,1010.362,0.088,114.298,1.685,12.1495,1546.74,0
2026-10-04 09:09:10,20.785,56.022,1009.453,0.0958,110.054,1.7098,12.173,1518.73,0
2026-10-04 09:09:20,21.113,55.767,1010.504,0.1054,115.351,1.7393,12.1812,1548.83,0
2026-10-04 09:09:30,20.796,56.017,1010.729,0.1026,106.616,1.712,12.0707,1532.08,0
2026-10-04 09:09:40,20.769,54.941,1009.629,0.1135,113.872,1.7311,12.1417,1514.94,0
2026-10-04 09:09:50,21.042,54.73,1011.398,0.0957,108.739,1.6866,12.0944,1524.18,0
2026-10-04 09:10:00,28.944,55.56,1011.171,0.3421,110.93,1.6985,12.1761,1523.19,1
2026-10-04 09:10:10,20.789,55.515,1009.505,0.0868,111.147,1.6874,12.1466,1515.15,0
2026-10-04 09:10:20,20.925,55.208,1011.419,0.0926,116.39,1.655,12.1761,1516.78,0
2026-10-04 09:10:30,20.774,55.892,1010.245,0.0867,111.064,1.7234,12.1539,1533.16,0
2026-10-04 09:10:40,21.027,54.547,1009.914,0.0811,112.355,1.7111,12.1138,1520.49,0
2026-10-04 09:10:50,21.02,55.211,1011.212,0.1111,111.299,1.7096,12.1235,1522.34,0
2026-10-04 09:11:00,20.955,55.235,1010.419,0.0958,109.689,1.7282,12.1445,1523.57,0
2026-10-04 09:11:10,20.933,54.659,1011.782,0.1161,109.568,1.6692,12.1622,1524.25,0
2026-10-04 09:11:20,21.099,56.224,1009.854,0.0886,113.608,1.6634,12.1495,1540.68,0
2026-10-04 09:11:30,20.886,54.797,1009.237,0.0918,112.626,1.729,12.1527,1514.57,0
2026-10-04 09:11:40,20.742,55.182,1010.251,0.089,115.015,1.6965,12.1394,1530.51,0
2026-10-04 09:11:50,20.936,55.93,1010.997,0.0901,112.025,1.7038,12.1768,1504.45,0
2026-10-04 09:12:00,21.131,55.799,1009.794,0.1022,112.145,1.662,12.1523,1519.4,0
2026-10-04 09:12:10,20.757,54.921,1009.51,0.0997,115.094,1.7357,12.15,1507.71,0
2026-10-04 09:12:20,20.834,55.816,1010.599,0.1021,111.703,1.7159,12.1563,1551.67,0
2026-10-04 09:12:30,20.925,55.62,1009.413,0.1058,108.524,1.685,12.1387,1529.5,0
2026-10-04 09:12:40,20.867,56.641,1010.65,0.1039,115.408,1.7517,12.1404,1521.18,0
2026-10-04 09:12:50,20.754,55.677,1010.195,0.087,110.857,1.6657,12.1613,1501.6,0
2026-10-04 09:13:00,21.005,55.404,1010.777,0.0909,113.112,1.6918,12.1688,1507.64,0
2026-10-04 09:13:10,21.148,55.046,1009.461,0.096,111.055,1.725,12.1716,1540.58,0
2026-10-04 09:13:20,20.891,55.102,1011.336,0.1248,110.04,1.7293,12.1448,1533.21,0
2026-10-04 09:13:30,20.758,55.062,1010.297,0.1012,107.285,1.6634,12.1529,1506.35,0
2026-10-04 09:13:40,20.679,56.16,1010.958,0.0959,114.022,1.6939,12.1348,1506.49,0
2026-10-04 09:13:50,20.895,55.483,1011.094,0.1004,102.846,1.7199,12.1697,1555.83,0
2026-10-04 09:14:00,20.995,55.757,1009.609,0.0902,116.946,1.7383,12.1266,1548.51,0
2026-10-04 09:14:10,20.918,56.232,1011.035,0.0971,116.17,1.7364,12.1559,1532.68,0
2026-10-04 09:14:20,20.86,54.296,1009.418,0.1026,110.368,1.7195,12.1725,1530.06,0
2026-10-04 09:14:30,20.788,56.114,1009.455,0.0948,117.885,1.7044,12.1537,1525.87,0
2026-10-04 09:14:40,20.727,55.503,1011.787,0.089,119.326,1.6979,12.1582,1509.59,0
2026-10-04 09:14:50,20.957,55.693,1011.188,0.0944,112.347,1.7151,12.144,1541.43,0
2026-10-04 09:15:00,20.965,55.061,1011.86,0.0925,114.423,1.7388,12.1046,1525.65,0
2026-10-04 09:15:10,20.669,55.098,1010.147,0.0842,113.622,1.6978,12.1343,1539.6,0
2026-10-04 09:15:20,21.044,55.721,1010.476,0.0905,117.778,1.6966,12.1524,1522.64,0
2026-10-04 09:15:30,20.922,56.669,1010.772,0.0839,109.082,1.7323,12.1342,1534.21,0
2026-10-04 09:15:40,21.02,55.979,1010.392,0.0852,112.602,1.7305,12.1636,1521.62,0
2026-10-04 09:15:50,20.69,56.11,1009.876,0.086,116.065,1.6917,12.115,1529.92,0
2026-10-04 09:16:00,20.686,55.382,1009.77,0.1027,115.771,1.6714,12.1033,1540.9,0
2026-10-04 09:16:10,20.831,55.178,1010.545,0.1071,113.226,1.6618,12.1693,1520.96,0
2026-10-04 09:16:20,20.909,55.088,1009.646,0.0829,117.554,1.7082,12.1442,1559.34,0
2026-10-04 09:16:30,21.063,55.235,1009.625,0.1078,114.101,1.6776,12.1608,1520.42,0
2026-10-04 09:16:40,20.932,54.454,1010.665,0.0862,113.766,1.7278,12.1392,1531.19,0
2026-10-04 09:16:50,20.817,55.118,1010.321,0.1012,115.539,1.6628,12.1665,1549.92,0
2026-10-04 09:17:00,20.723,55.201,1011.042,0.0974,113.289,1.7463,12.1865,1550.99,0
2026-10-04 09:17:10,20.993,55.394,1010.086,0.1004,113.646,1.6978,12.1884,1536.29,0
2026-10-04 09:17:20,20.729,55.548,1009.975,0.086,111.157,1.6865,12.1366,1533.36,0
2026-10-04 09:17:30,21.04,55.664,1010.677,0.0809,122.343,1.6932,12.1424,1530.4,0
2026-10-04 09:17:40,20.81,55.477,1009.81,0.089,112.146,1.6854,12.1573,1549.76,0
2026-10-04 09:17:50,21.034,55.194,1009.916,0.0989,115.777,1.7451,12.1999,1543.81,0
2026-10-04 09:18:00,20.925,54.504,1009.942,0.1112,119.339,1.7243,12.1245,1545.83,0
2026-10-04 09:18:10,20.826,55.199,1010.226,0.0873,109.609,1.7102,12.1248,1554.04,0
2026-10-04 09:18:20,20.78,55.001,1011.612,0.0948,115.494,1.678,12.1753,1536.43,0
2026-10-04 09:18:30,20.801,55.721,1009.406,0.0897,113.754,1.707,12.137,1523.49,0
2026-10-04 09:18:40,20.893,55.944,1011.274,0.0956,119.092,1.6893,12.1703,1534.9,0
2026-10-04 09:18:50,20.851,55.959,1010.882,0.0803,111.004,1.6431,12.1393,1530.5,0
2026-10-04 09:19:00,20.771,55.869,1011.461,0.1078,111.499,1.6918,12.1628,1526.85,0
2026-10-04 09:19:10,20.822,55.425,1012.558,0.0961,113.63,1.7246,12.1414,1523.65,0
2026-10-04 09:19:20,20.851,55.232,1011.362,0.1033,112.323,1.6991,12.1292,1537.96,0
2026-10-04 09:19:30,20.586,55.121,1011.006,0.0942,112.449,1.7064,12.1581,1539.34,0
2026-10-04 09:19:40,20.897,54.741,1009.438,0.0976,119.936,1.7363,12.1242,1519.36,0
2026-10-04 09:19:50,20.724,55.992,1009.525,0.1052,114.256,1.7321,12.166,1534.56,0
2026-10-04 09:20:00,20.703,55.41,1010.605,0.0973,111.545,1.7598,12.1489,1554.19,0
2026-10-04 09:20:10,20.639,54.875,1009.163,0.0976,112.753,1.6563,12.1209,1518.66,0
2026-10-04 09:20:20,20.627,55.087,1010.78,0.09,115.161,1.6903,12.1625,1550.42,0
2026-10-04 09:20:30,20.68,55.068,1008.853,0.0922,114.983,1.7344,12.1621,1516.78,0
2026-10-04 09:20:40,20.758,55.524,1011.153,0.0884,112.263,1.7227,12.0964,1535.33,0
2026-10-04 09:20:50,21.077,56.037,1010.119,0.0907,109.135,1.7147,12.1541,1503.21,0
2026-10-04 09:21:00,20.78,55.331,1010.431,0.1067,113.891,1.6974,12.1557,1539.54,0
2026-10-04 09:21:10,20.865,54.38,1009.817,0.1112,113.834,1.7185,12.1579,1526.64,0
2026-10-04 09:21:20,20.892,55.413,1009.01,0.0869,112.152,1.7173,12.1103,1503.79,0
2026-10-04 09:21:30,20.86,55.431,1011.202,0.1001,117.954,1.6671,12.1647,1522.91,0
2026-10-04 09:21:40,20.836,55.398,1011.271,0.0945,115.863,1.719,12.1688,1556.48,0
2026-10-04 09:21:50,20.702,55.198,1010.088,0.1083,114.568,1.701,12.1326,1538.54,0
2026-10-04 09:22:00,21.02,55.622,1010.795,0.0983,113.105,1.7353,12.1212,1531.69,0
2026-10-04 09:22:10,21.064,55.548,1010.057,0.0972,119.41,1.7232,12.1318,1537.95,0
2026-10-04 09:22:20,20.645,55.504,1010.531,0.0914,110.772,1.7637,12.1597,1545.15,0
2026-10-04 09:22:30,20.725,55.724,1010.858,0.0852,112.77,1.7151,12.1256,1552.85,0
2026-10-04 09:22:40,20.815,55.305,1010.714,0.1037,112.927,1.6882,12.1228,1525.63,0
2026-10-04 09:22:50,20.734,55.278,1011.262,0.1005,115.205,1.6535,12.2093,1538.89,0
2026-10-04 09:23:00,20.911,56.213,1010.685,0.1008,116.315,1.6926,12.1568,1537.12,0
2026-10-04 09:23:10,20.764,55.804,1010.34,0.0931,110.347,1.7258,12.1493,1531.59,0
2026-10-04 09:23:20,21.112,55.94,1009.785,0.0968,112.327,1.7325,12.1404,1527.19,0
2026-10-04 09:23:30,20.996,56.141,1009.982,0.1044,115.748,1.7018,12.1467,1554.03,0
2026-10-04 09:23:40,20.879,55.793,1010.882,0.1061,112.434,1.7065,12.2024,1533.91,0
2026-10-04 09:23:50,20.978,55.996,1009.262,0.0889,113.248,1.7193,12.1779,1511.69,0
2026-10-04 09:24:00,20.989,54.744,1011.086,0.0934,114.996,1.7274,12.2173,1486.37,0
2026-10-04 09:24:10,20.789,55.637,1010.113,0.0874,111.563,1.7437,12.1675,1544.24,0
2026-10-04 09:24:20,20.76,55.446,1009.735,0.1003,115.36,1.7038,12.134,1523.46,0
2026-10-04 09:24:30,20.869,56.378,1009.538,0.1058,116.389,1.7002,12.1648,1527.62,0
2026-10-04 09:24:40,20.964,56.005,1010.777,0.0967,114.691,1.7697,12.1718,1536.0,0
2026-10-04 09:24:50,20.879,55.228,1010.293,0.0937,118.876,1.764,12.1736,1566.77,0
2026-10-04 09:25:00,20.674,55.731,1011.414,0.0965,116.801,1.7065,12.1473,1550.15,0
2026-10-04 09:25:10,20.768,55.631,1009.416,0.1177,114.526,1.7486,12.2035,1526.42,0
2026-10-04 09:25:20,20.857,55.776,1009.894,0.1089,113.709,1.7754,12.1268,1540.76,0
2026-10-04 09:25:30,20.858,55.042,1010.232,0.1054,119.962,1.7536,12.1671,1520.74,0
2026-10-04 09:25:40,21.105,55.733,1009.769,0.1022,112.738,1.7019,12.1515,1541.35,0
2026-10-04 09:25:50,20.704,55.441,1010.298,0.0997,113.93,1.7239,12.1395,1517.38,0
2026-10-04 09:26:00,20.932,55.699,1010.516,0.0927,113.542,1.6778,12.1652,1532.43,0
2026-10-04 09:26:10,21.052,55.197,1010.629,0.0915,115.989,1.6978,12.1905,1532.9,0
2026-10-04 09:26:20,21.147,55.269,1011.343,0.0956,121.586,1.7218,12.1693,1513.86,0
2026-10-04 09:26:30,20.828,56.151,1009.375,0.0927,115.585,1.728,12.1662,1520.77,0
2026-10-04 09:26:40,20.937,55.04,1010.522,0.0956,113.903,1.7055,12.109,1496.95,0
2026-10-04 09:26:50,20.948,55.08,1009.831,0.0998,115.46,1.6544,12.1826,1523.84,0
2026-10-04 09:27:00,20.905,55.545,1010.583,0.1005,110.98,1.7283,12.1495,1546.22,0
2026-10-04 09:27:10,20.871,55.187,1010.583,0.0959,114.38,1.742,12.1731,1559.43,0
2026-10-04 09:27:20,20.937,55.133,1009.588,0.105,120.08,1.7433,12.1829,1551.79,0
2026-10-04 09:27:30,20.583,55.63,1009.647,0.0997,116.979,1.7193,12.1648,1523.58,0
2026-10-04 09:27:40,20.971,54.828,1010.634,0.103,118.71,1.7214,12.1101,1529.22,0
2026-10-04 09:27:50,20.906,55.079,1010.291,0.0955,118.082,1.7313,12.1956,1528.21,0
2026-10-04 09:28:00,20.866,56.612,1010.119,0.1072,112.941,1.7357,12.2055,1526.09,0
2026-10-04 09:28:10,21.14,55.817,1010.732,0.0975,120.828,1.7235,12.1808,1543.8,0
2026-10-04 09:28:20,20.816,55.217,1010.782,0.1148,109.788,1.668,12.1424,1520.87,0
2026-10-04 09:28:30,20.851,55.802,1009.897,0.1003,116.139,1.7614,12.1914,1550.88,0
2026-10-04 09:28:40,21.14,55.879,1009.67,0.1015,108.987,1.7152,12.1537,1531.12,0
2026-10-04 09:28:50,20.803,56.095,1009.382,0.1072,110.051,1.6965,12.1592,1511.5,0
2026-10-04 09:29:00,20.839,55.537,1010.287,0.1091,118.022,1.7176,12.1909,1527.48,0
2026-10-04 09:29:10,20.89,56.091,1009.266,0.1101,113.166,1.7306,12.1773,1536.06,0
2026-10-04 09:29:20,21.011,54.586,1010.33,0.1171,119.0,1.7129,12.1024,1543.48,0
2026-10-04 09:29:30,20.937,55.08,1011.111,0.1083,108.767,1.715,12.1665,1540.08,0
2026-10-04 09:29:40,20.76,55.693,1010.01,0.1027,115.049,1.7207,12.1911,1523.96,0
2026-10-04 09:29:50,20.853,55.778,1009.88,0.0991,111.692,1.7382,12.1274,1520.87,0
2026-10-04 09:30:00,20.847,55.16,1011.653,0.1025,114.379,1.7095,12.1861,1554.54,0
2026-10-04 09:30:10,20.913,55.749,1011.31,0.1156,120.035,1.7382,12.12,1528.92,0
2026-10-04 09:30:20,20.976,55.31,1009.716,0.0928,120.79,1.6956,12.1565,1511.45,0
2026-10-04 09:30:30,20.977,55.486,1010.347,0.0975,116.978,1.7806,12.1755,1519.61,0
2026-10-04 09:30:40,20.716,56.14,1010.478,0.1025,110.681,1.7576,12.1557,1498.89,0
2026-10-04 09:30:50,21.06,56.085,1010.389,0.0978,111.869,1.7243,12.1916,1503.82,0
2026-10-04 09:31:00,20.965,55.134,1011.516,0.1013,115.995,1.7399,12.1269,1520.23,0
2026-10-04 09:31:10,21.104,55.107,1010.305,0.1192,113.122,1.7027,12.1828,1516.17,0
2026-10-04 09:31:20,20.994,55.433,1010.408,0.1026,117.538,1.7462,12.1638,1517.74,0
2026-10-04 09:31:30,21.075,55.628,1010.723,0.1084,120.617,1.7537,12.1413,1539.52,0
2026-10-04 09:31:40,21.002,55.316,1011.072,0.092,112.666,1.7396,12.1737,1541.0,0
2026-10-04 09:31:50,21.11,56.168,1010.894,0.0967,112.954,1.7558,12.161,1510.34,0
2026-10-04 09:32:00,21.014,55.824,1010.613,0.1131,112.123,1.7334,12.1999,1556.1,0
2026-10-04 09:32:10,20.943,55.857,1009.144,0.1192,114.927,1.7314,12.1776,1529.16,0
2026-10-04 09:32:20,21.23,55.023,1009.892,0.1078,115.871,1.7178,12.1734,1527.69,0
2026-10-04 09:32:30,21.067,56.243,1010.806,0.1038,115.805,1.7485,12.1464,1515.61,0
2026-10-04 09:32:40,21.032,54.253,1010.406,0.1104,118.458,1.7141,12.167,1522.9,0
2026-10-04 09:32:50,20.813,56.083,1010.807,0.0858,116.969,1.7457,12.149,1557.75,0
2026-10-04 09:33:00,20.815,56.136,1011.549,0.1086,115.639,1.7433,12.162,1511.01,0
2026-10-04 09:33:10,21.008,55.456,1009.402,0.0986,115.963,1.7697,12.1948,1531.15,0
2026-10-04 09:33:20,20.993,56.312,1011.021,0.1135,116.122,1.751,12.1566,1518.92,0
2026-10-04 09:33:30,20.905,55.647,1009.992,0.0898,115.717,1.6928,12.1277,1499.82,0
2026-10-04 09:33:40,20.999,55.713,1010.877,0.1025,113.884,1.7205,12.1763,1503.83,0
2026-10-04 09:33:50,21.176,55.855,1010.192,0.1074,112.332,1.7202,12.1837,1535.94,0
2026-10-04 09:34:00,21.072,57.281,1011.708,0.1019,116.393,1.7195,12.2038,1500.84,0
2026-10-04 09:34:10,20.855,56.364,1010.309,0.1051,114.494,1.7624,12.1858,1508.06,0
2026-10-04 09:34:20,20.982,56.045,1009.768,0.1156,117.592,1.6835,12.1575,1538.82,0
2026-10-04 09:34:30,20.902,55.242,1010.509,0.1084,116.258,1.7745,12.1709,1536.91,0
2026-10-04 09:34:40,20.956,55.773,1010.44,0.1013,116.112,1.7642,12.1743,1527.17,0
2026-10-04 09:34:50,20.956,55.298,1011.009,0.1165,119.046,1.7443,12.1755,1508.52,0
2026-10-04 09:35:00,20.952,56.119,1010.524,0.1112,111.904,1.7487,12.1029,1508.36,0
2026-10-04 09:35:10,20.862,55.782,1011.942,0.1117,121.451,1.7422,12.1505,1506.12,0
2026-10-04 09:35:20,21.001,55.152,1010.13,0.1024,109.613,1.7447,12.1768,1523.87,0
2026-10-04 09:35:30,20.953,55.759,1010.137,0.0894,120.546,1.7693,12.1925,1535.39,0
2026-10-04 09:35:40,20.672,55.297,1009.782,0.1027,116.821,1.7359,12.1493,1519.3,0
2026-10-04 09:35:50,21.274,55.801,1010.264,0.1021,114.672,1.7568,12.1548,1538.82,0
2026-10-04 09:36:00,21.162,55.299,1010.364,0.1055,111.855,1.7204,12.1593,1549.59,0
2026-10-04 09:36:10,20.99,55.746,1010.398,0.1039,114.497,1.7559,12.162,1531.19,0
2026-10-04 09:36:20,21.041,56.111,1010.247,0.1117,115.829,1.7361,12.1869,1506.41,0
2026-10-04 09:36:30,20.902,55.712,1009.771,0.1181,116.931,1.754,12.1471,1526.39,0
2026-10-04 09:36:40,21.25,55.547,1009.58,0.1198,120.708,1.722,12.1873,1545.29,0
2026-10-04 09:36:50,21.278,55.848,1009.933,0.1181,116.617,1.7553,12.2013,1515.4,0
2026-10-04 09:37:00,21.073,56.098,1010.993,0.1045,117.381,1.7432,12.156,1514.88,0
2026-10-04 09:37:10,21.181,55.2,1011.143,0.1123,117.498,1.7839,12.1552,1541.72,0
2026-10-04 09:37:20,21.083,55.887,1010.138,0.1246,115.49,1.7516,12.17,1502.96,0
2026-10-04 09:37:30,20.906,56.419,1009.531,0.0996,115.922,1.7579,12.1515,1527.36,0
2026-10-04 09:37:40,21.021,56.051,1010.132,0.1233,116.203,1.7349,12.1641,1514.99,0
2026-10-04 09:37:50,21.09,55.797,1011.652,0.1047,118.429,1.7541,12.1296,1517.64,0
2026-10-04 09:38:00,21.024,56.091,1010.886,0.1153,113.836,1.7585,12.1878,1549.56,0
2026-10-04 09:38:10,21.057,56.001,1010.571,0.1164,115.08,1.7382,12.2081,1516.66,0
2026-10-04 09:38:20,21.076,56.156,1010.858,0.1149,117.695,1.7366,12.1498,1525.57,0
2026-10-04 09:38:30,21.081,54.771,1011.261,0.1314,113.422,1.7276,12.1256,1539.09,0
2026-10-04 09:38:40,21.102,55.01,1009.374,0.1114,117.018,1.7462,12.1898,1504.25,0
2026-10-04 09:38:50,20.972,56.292,1009.905,0.1009,115.065,1.7322,12.1564,1535.89,0
2026-10-04 09:39:00,21.018,55.041,1009.809,0.1171,118.244,1.7562,12.1503,1516.5,0
2026-10-04 09:39:10,20.954,55.998,1010.588,0.1131,120.875,1.7295,12.164,1503.88,0
2026-10-04 09:39:20,21.23,55.625,1010.288,0.1191,115.145,1.7466,12.1367,1515.56,0
2026-10-04 09:39:30,20.864,55.307,1010.704,0.1219,119.078,1.7264,12.1793,1523.74,0
2026-10-04 09:39:40,21.26,55.984,1009.819,0.1148,117.432,1.779,12.1358,1526.27,0
2026-10-04 09:39:50,21.292,55.913,1011.133,0.1188,115.704,1.7514,12.1378,1511.29,0
2026-10-04 09:40:00,21.094,56.872,1010.122,0.1167,116.901,1.7516,12.1376,1519.15,0
2026-10-04 09:40:10,20.823,55.508,1010.656,0.1301,120.801,1.7665,12.1717,1501.35,0
2026-10-04 09:40:20,21.096,56.545,1011.005,0.113,116.417,1.7963,12.1224,1511.48,0
2026-10-04 09:40:30,21.137,56.005,1010.948,0.1107,120.886,1.7544,12.22,1501.52,0
2026-10-04 09:40:40,21.028,55.502,1010.419,0.1235,116.624,1.7155,12.1585,1520.62,0
2026-10-04 09:40:50,21.092,56.236,1010.738,0.1092,112.772,1.7827,12.1151,1509.09,0
2026-10-04 09:41:00,21.342,56.123,1011.383,0.12,116.595,1.7196,12.1416,1552.63,0
2026-10-04 09:41:10,21.243,55.862,1010.522,0.1157,112.59,1.7415,12.1831,1527.1,0
2026-10-04 09:41:20,21.057,55.981,1009.65,0.1165,116.133,1.7841,12.202,1496.81,0
2026-10-04 09:41:30,20.981,55.554,1010.568,0.137,116.044,1.7463,12.1724,1509.86,0
2026-10-04 09:41:40,21.138,55.443,1010.133,0.1276,122.588,1.7407,12.1706,1531.43,0
2026-10-04 09:41:50,21.156,56.24,1008.514,0.1262,121.992,1.7625,12.1303,1524.41,0
2026-10-04 09:42:00,21.246,55.752,1010.48,0.1225,117.445,1.7561,12.2058,1497.02,0
2026-10-04 09:42:10,21.128,55.828,1010.237,0.1129,120.849,1.7389,12.1826,1508.62,0
2026-10-04 09:42:20,21.258,56.012,1010.963,0.1207,116.048,1.7785,12.1768,1529.91,0
2026-10-04 09:42:30,21.434,56.009,1009.628,0.1235,112.985,1.7877,12.1693,1525.67,0
2026-10-04 09:42:40,21.304,55.166,1009.098,0.1207,118.876,1.7921,12.1822,1528.59,0
2026-10-04 09:42:50,21.206,56.528,1010.268,0.1201,118.402,1.7716,12.149,1515.58,0
2026-10-04 09:43:00,21.195,55.949,1010.415,0.1164,114.531,1.7406,12.1926,1506.77,0
2026-10-04 09:43:10,21.179,55.791,1010.214,0.122,114.69,1.7272,12.1893,1500.31,0
2026-10-04 09:43:20,21.368,56.112,1010.161,0.1158,120.214,1.701,12.1668,1533.53,0
2026-10-04 09:43:30,21.157,56.019,1009.398,0.1259,112.37,1.7852,12.1626,1548.27,0
2026-10-04 09:43:40,21.242,56.289,1010.047,0.1043,119.121,1.7646,12.1155,1523.1,0
2026-10-04 09:43:50,21.248,56.178,1009.899,0.1315,116.529,1.7497,12.1262,1532.81,0
2026-10-04 09:44:00,21.187,56.272,1010.893,0.1104,119.177,1.7122,12.1833,1506.62,0
2026-10-04 09:44:10,21.088,56.593,1010.407,0.1126,120.489,1.7314,12.1923,1518.12,0
2026-10-04 09:44:20,21.296,56.363,1009.945,0.1246,114.927,1.7172,12.1965,1517.31,0
2026-10-04 09:44:30,21.256,55.846,1011.346,0.1259,114.155,1.7978,12.1362,1523.85,0
2026-10-04 09:44:40,21.328,55.369,1009.949,0.1384,122.001,1.778,12.2273,1519.07,0
2026-10-04 09:44:50,21.209,56.768,1010.527,0.1244,117.456,1.7299,12.195,1559.38,0
2026-10-04 09:45:00,21.425,55.82,1010.019,0.1219,118.637,1.8038,12.1558,1529.54,0
2026-10-04 09:45:10,21.179,55.706,1011.276,0.124,120.412,1.7453,12.1743,1536.86,0
2026-10-04 09:45:20,21.495,55.078,1010.194,0.1354,114.821,1.7724,12.1278,1521.25,0
2026-10-04 09:45:30,21.085,56.12,1010.214,0.1423,120.437,1.7729,12.1549,1485.11,0
2026-10-04 09:45:40,21.353,56.03,1010.033,0.1217,119.677,1.7622,12.1839,1523.54,0
2026-10-04 09:45:50,21.363,55.202,1010.267,0.1277,122.193,1.7573,12.1721,1533.06,0
2026-10-04 09:46:00,21.216,56.19,1010.968,0.123,122.167,1.7662,12.2142,1537.35,0
2026-10-04 09:46:10,21.368,55.719,1010.72,0.123,118.025,1.7587,12.1337,1515.25,0
2026-10-04 09:46:20,21.476,57.318,1010.146,0.1391,120.12,1.7723,12.1678,1494.54,0
2026-10-04 09:46:30,21.062,55.692,1011.316,0.1168,118.02,1.7737,12.1424,1511.54,0
2026-10-04 09:46:40,21.394,55.763,1010.736,0.1058,118.348,1.7538,12.2093,1493.94,0
2026-10-04 09:46:50,21.04,55.548,1009.817,0.1272,114.552,1.7949,12.1776,1534.81,0
2026-10-04 09:47:00,21.229,56.629,1009.156,0.1345,117.291,1.7468,12.1713,1522.12,0
2026-10-04 09:47:10,21.546,55.808,1009.831,0.1269,112.606,1.7779,12.1678,1507.43,0
2026-10-04 09:47:20,21.286,55.636,1010.41,0.1294,117.604,1.7601,12.1493,1526.05,0
2026-10-04 09:47:30,21.221,56.356,1010.537,0.1316,122.002,1.7472,12.2012,1536.76,0
2026-10-04 09:47:40,21.344,55.317,1011.069,0.1267,120.402,1.7624,12.1756,1526.29,0
2026-10-04 09:47:50,21.621,56.324,1009.351,0.1305,118.431,1.7532,12.1776,1544.32,0
2026-10-04 09:48:00,21.159,56.906,1009.809,0.1305,117.514,1.7866,12.1861,1500.84,0
2026-10-04 09:48:10,21.259,56.303,1009.291,0.1108,116.525,1.7682,12.15,1528.52,0
2026-10-04 09:48:20,21.57,56.343,1009.177,0.1276,115.416,1.8052,12.2215,1491.84,0
2026-10-04 09:48:30,21.619,56.464,1009.673,0.1143,120.654,1.7476,12.211,1541.93,0
2026-10-04 09:48:40,21.39,56.888,1010.368,0.1268,113.619,1.7169,12.1709,1524.24,0
2026-10-04 09:48:50,21.259,56.642,1010.651,0.1233,113.576,1.7821,12.1644,1507.51,0
2026-10-04 09:49:00,21.665,56.262,1009.446,0.1358,120.989,1.8157,12.1879,1495.57,0
2026-10-04 09:49:10,21.611,56.498,1009.542,0.1297,118.926,1.7852,12.2,1504.6,0
2026-10-04 09:49:20,21.507,55.607,1008.862,0.1317,118.462,1.7499,12.2159,1508.59,0
2026-10-04 09:49:30,21.334,56.443,1010.257,0.1266,118.975,1.7482,12.1883,1515.52,0
2026-10-04 09:49:40,21.432,55.556,1009.593,0.1368,124.41,1.8249,12.1757,1511.81,0
2026-10-04 09:49:50,21.424,55.88,1011.269,0.1158,118.574,1.7652,12.1757,1502.35,0
2026-10-04 09:50:00,21.489,54.527,1010.391,0.1216,119.312,1.7497,12.1254,1529.0,0
2026-10-04 09:50:10,21.63,56.273,1009.983,0.1393,124.632,1.8052,12.1617,1485.94,0
2026-10-04 09:50:20,21.567,55.755,1009.653,0.1257,118.293,1.7722,12.1816,1519.81,0
2026-10-04 09:50:30,21.338,56.637,1009.055,0.1122,123.689,1.7256,12.1162,1513.78,0
2026-10-04 09:50:40,21.639,56.281,1009.142,0.1412,112.215,1.8288,12.1772,1510.67,0
2026-10-04 09:50:50,21.517,56.652,1009.663,0.1384,115.077,1.7917,12.1524,1520.01,0
2026-10-04 09:51:00,21.568,55.553,1009.609,0.1357,116.584,1.7397,12.2122,1500.32,0
2026-10-04 09:51:10,21.668,56.618,1009.398,0.131,120.366,1.8128,12.1658,1498.57,0
2026-10-04 09:51:20,21.365,57.156,1010.36,0.1437,123.962,1.7521,12.1664,1505.55,0
2026-10-04 09:51:30,21.5,56.49,1010.455,0.1407,116.894,1.751,12.1696,1501.78,0
2026-10-04 09:51:40,21.447,56.507,1009.773,0.1432,121.627,1.7569,12.173,1505.9,0
2026-10-04 09:51:50,21.328,56.201,1011.448,0.1366,125.43,1.8281,12.193,1520.03,0
2026-10-04 09:52:00,21.564,55.859,1008.87,0.1322,123.439,1.8311,12.1646,1510.66,0
2026-10-04 09:52:10,21.83,56.506,1010.132,0.1283,117.559,1.7667,12.1739,1509.22,0
2026-10-04 09:52:20,21.314,55.377,1009.938,0.1215,121.403,1.8235,12.1933,1512.01,0
2026-10-04 09:52:30,21.538,55.925,1009.704,0.1359,119.841,1.7241,12.1736,1503.36,0
2026-10-04 09:52:40,21.625,55.253,1009.6,0.1367,116.871,1.8045,12.1899,1521.64,0
2026-10-04 09:52:50,21.569,55.791,1010.083,0.1294,120.157,1.8162,12.1624,1516.34,0
2026-10-04 09:53:00,21.547,56.468,1009.929,0.1373,117.48,1.8201,12.1824,1507.71,0
2026-10-04 09:53:10,21.411,56.405,1009.812,0.13,119.301,1.7848,12.2064,1490.4,0
2026-10-04 09:53:20,21.601,56.182,1009.176,0.1398,114.818,1.7975,12.1888,1526.8,0
2026-10-04 09:53:30,21.488,56.246,1008.952,0.126,113.691,1.7658,12.127,1516.89,0
2026-10-04 09:53:40,21.323,55.222,1009.881,0.1248,118.146,1.7848,12.1878,1515.19,0
2026-10-04 09:53:50,21.735,55.983,1009.801,0.1315,119.986,1.7804,12.1451,1531.94,0
2026-10-04 09:54:00,21.713,55.833,1009.944,0.1402,115.675,1.7794,12.1509,1516.64,0
2026-10-04 09:54:10,21.611,55.849,1010.005,0.1245,120.663,1.8137,12.1864,1505.24,0
2026-10-04 09:54:20,21.639,56.483,1009.714,0.1424,119.239,1.7912,12.1499,1498.07,0
2026-10-04 09:54:30,21.747,55.757,1009.93,0.121,121.087,1.8285,12.1465,1497.25,0
2026-10-04 09:54:40,21.651,55.889,1009.481,0.1324,122.0,1.7928,12.1742,1509.39,0
2026-10-04 09:54:50,21.739,55.152,1011.144,0.1232,123.22,1.8418,12.159,1519.51,0
2026-10-04 09:55:00,21.601,56.053,1009.517,0.1138,121.025,1.8181,12.1336,1519.43,0
2026-10-04 09:55:10,21.801,55.661,1009.816,0.1378,118.355,1.7857,12.1883,1483.81,0
2026-10-04 09:55:20,21.688,56.249,1009.568,0.1336,119.834,1.7927,12.1991,1518.14,0
2026-10-04 09:55:30,21.68,55.738,1009.555,0.1241,126.281,1.7677,12.1972,1499.58,0
2026-10-04 09:55:40,21.51,56.27,1010.09,0.1313,122.276,1.7931,12.1522,1494.95,0
2026-10-04 09:55:50,21.704,56.15,1010.001,0.1391,119.56,1.765,12.185,1509.02,0
2026-10-04 09:56:00,21.576,57.063,1009.75,0.1328,118.92,1.8232,12.1624,1515.1,0
2026-10-04 09:56:10,21.606,56.48,1009.872,0.1343,117.603,1.7818,12.1431,1484.53,0
2026-10-04 09:56:20,21.591,55.316,1009.566,0.1329,115.863,1.7997,12.1562,1506.04,0
2026-10-04 09:56:30,21.568,55.607,1010.35,0.1316,124.575,1.7342,12.1044,1478.21,0
2026-10-04 09:56:40,21.957,56.272,1011.507,0.1317,120.912,1.785,12.1486,1514.15,0
2026-10-04 09:56:50,21.868,55.784,1009.455,0.1316,115.696,1.7828,12.1384,1485.38,0
2026-10-04 09:57:00,21.946,54.769,1010.342,0.1308,119.153,1.8155,12.1802,1504.63,0
2026-10-04 09:57:10,21.575,56.932,1010.097,0.1288,123.366,1.8059,12.1824,1496.01,0
2026-10-04 09:57:20,21.737,56.622,1010.533,0.1341,118.24,1.8188,12.133,1492.69,0
2026-10-04 09:57:30,21.58,56.526,1010.552,0.1322,117.164,1.8048,12.196,1470.99,0
2026-10-04 09:57:40,21.658,55.967,1010.207,0.1289,120.704,1.8249,12.1601,1479.75,0
2026-10-04 09:57:50,21.638,56.488,1010.035,0.1437,121.634,1.805,12.1486,1499.35,0
2026-10-04 09:58:00,21.904,55.927,1009.758,0.1476,118.349,1.7606,12.1307,1486.26,0
2026-10-04 09:58:10,21.714,56.386,1009.526,0.1379,117.913,1.7931,12.1555,1495.17,0
2026-10-04 09:58:20,21.896,55.827,1009.993,0.1386,121.12,1.7948,12.1721,1487.89,0
2026-10-04 09:58:30,21.847,57.05,1009.16,0.1327,116.39,1.7146,12.2005,1495.25,0
2026-10-04 09:58:40,22.058,55.511,1009.643,0.1469,118.176,1.7712,12.173,1481.14,0
2026-10-04 09:58:50,21.611,56.917,1010.833,0.1524,119.456,1.8481,12.1678,1491.76,0
2026-10-04 09:59:00,21.946,56.324,1010.126,0.1374,122.06,1.7906,12.1903,1494.61,0
2026-10-04 09:59:10,21.939,56.064,1010.682,0.1347,118.586,1.7953,12.1793,1498.81,0
2026-10-04 09:59:20,21.691,56.397,1011.085,0.1417,121.585,1.7439,12.1382,1470.73,0
2026-10-04 09:59:30,21.936,56.684,1009.931,0.1402,123.42,1.7651,12.165,1498.6,0
2026-10-04 09:59:40,21.862,57.005,1010.2,0.1353,118.428,1.8113,12.1616,1480.88,0
2026-10-04 09:59:50,21.801,56.482,1009.843,0.1432,129.643,1.788,12.1723,1476.8,0
2026-10-04 10:00:00,21.736,55.885,1009.484,0.1471,124.259,1.7723,12.1642,1515.49,0
2026-10-04 10:00:10,21.755,56.362,1009.385,0.1334,120.844,1.8329,12.156,1507.69,0
2026-10-04 10:00:20,22.094,57.247,1010.642,0.1602,119.507,1.7833,12.2128,1504.74,0
2026-10-04 10:00:30,21.855,57.017,1010.197,0.1277,118.413,1.7687,12.1751,1492.89,0
2026-10-04 10:00:40,21.956,56.801,1011.343,0.1333,125.089,1.8027,12.1882,1487.22,0
2026-10-04 10:00:50,21.774,56.749,1010.73,0.1421,120.762,1.7817,12.1734,1517.97,0
2026-10-04 10:01:00,21.782,56.705,1009.537,0.1583,115.841,1.7821,12.1968,1497.4,0
2026-10-04 10:01:10,22.012,56.939,1010.637,0.136,115.047,1.8014,12.1742,1481.62,0
2026-10-04 10:01:20,21.727,56.135,1009.834,0.1321,120.547,1.7873,12.2008,1479.91,0
2026-10-04 10:01:30,21.846,55.69,1010.899,0.1451,120.639,1.7621,12.1048,1499.22,0
2026-10-04 10:01:40,21.906,56.406,1009.706,0.1389,117.511,1.8182,12.1791,1489.05,0
2026-10-04 10:01:50,21.922,55.967,1009.309,0.1463,115.745,1.8263,12.1832,1509.49,0
2026-10-04 10:02:00,21.894,55.853,1009.488,0.1405,114.425,1.7988,12.1843,1494.79,0
2026-10-04 10:02:10,21.97,56.024,1009.523,0.1344,118.062,1.8209,12.1496,1475.42,0
2026-10-04 10:02:20,22.012,57.631,1009.456,0.1601,119.278,1.7966,12.1587,1521.06,0
2026-10-04 10:02:30,22.024,56.46,1009.642,0.1178,122.468,1.7585,12.1507,1477.56,0
2026-10-04 10:02:40,21.824,56.577,1010.642,0.1561,120.028,1.8291,12.189,1474.25,0
2026-10-04 10:02:50,21.915,55.789,1011.299,0.1492,123.637,1.8046,12.1995,1491.04,0
2026-10-04 10:03:00,22.1,55.482,1009.11,0.1358,122.286,1.8113,12.1359,1499.0,0
2026-10-04 10:03:10,22.07,55.999,1010.925,0.1569,122.037,1.8053,12.1821,1478.24,0
2026-10-04 10:03:20,21.805,57.131,1009.706,0.131,123.461,1.8038,12.1554,1501.88,0
2026-10-04 10:03:30,22.019,56.584,1010.283,0.1502,116.39,1.8123,12.2208,1483.75,0
2026-10-04 10:03:40,21.746,56.72,1008.881,0.1256,118.967,1.8132,12.1912,1527.55,0
2026-10-04 10:03:50,21.996,56.794,1010.405,0.1332,127.806,1.8412,12.1684,1495.58,0
2026-10-04 10:04:00,22.224,56.133,1008.634,0.1332,114.909,1.821,12.1739,1474.02,0
2026-10-04 10:04:10,21.89,57.126,1010.257,0.1365,119.761,1.8399,12.2097,1479.45,0
2026-10-04 10:04:20,21.91,56.12,1010.216,0.1427,122.109,1.8486,12.1787,1497.11,0
2026-10-04 10:04:30,22.109,57.143,1010.169,0.1361,115.076,1.771,12.1326,1477.24,0
2026-10-04 10:04:40,21.838,56.665,1009.521,0.1265,118.475,1.8436,12.2153,1487.98,0
2026-10-04 10:04:50,21.954,55.553,1010.419,0.1466,126.747,1.8285,12.1978,1518.38,0
2026-10-04 10:05:00,22.109,56.078,1010.308,0.1434,121.296,1.8248,12.1641,1498.14,0
2026-10-04 10:05:10,21.968,55.563,1009.887,0.1463,119.088,1.8377,12.1925,1497.17,0
2026-10-04 10:05:20,22.022,57.041,1010.503,0.1445,121.469,1.8068,12.1622,1517.71,0
2026-10-04 10:05:30,22.147,56.451,1009.965,0.1509,119.134,1.8289,12.1616,1476.27,0
2026-10-04 10:05:40,22.115,55.353,1010.402,0.1427,126.027,1.7878,12.1746,1487.11,0
2026-10-04 10:05:50,22.103,56.659,1009.943,0.1515,117.943,1.7793,12.1927,1482.51,0
2026-10-04 10:06:00,22.037,56.206,1010.182,0.1373,119.373,1.8283,12.1895,1477.37,0
2026-10-04 10:06:10,22.129,55.736,1010.433,0.1378,116.491,1.8137,12.2012,1482.64,0
2026-10-04 10:06:20,22.076,57.321,1009.751,0.1546,120.108,1.8158,12.1897,1479.33,0
2026-10-04 10:06:30,22.152,56.539,1009.165,0.1546,120.497,1.7963,12.2142,1476.0,0
2026-10-04 10:06:40,22.045,56.343,1010.222,0.1484,124.633,1.8265,12.221,1481.14,0
2026-10-04 10:06:50,22.089,56.293,1010.861,0.1367,118.022,1.8065,12.1855,1475.46,0
2026-10-04 10:07:00,21.999,55.74,1010.237,0.1362,122.549,1.8164,12.1696,1489.83,0
2026-10-04 10:07:10,22.12,55.848,1010.25,0.1546,121.385,1.8058,12.1735,1470.35,0
2026-10-04 10:07:20,22.034,57.146,1009.997,0.1542,115.473,1.7983,12.1299,1499.62,0
2026-10-04 10:07:30,22.004,56.271,1010.543,0.1436,119.001,1.8136,12.1786,1494.95,0
2026-10-04 10:07:40,22.175,56.522,1009.895,0.1629,118.908,1.8488,12.1627,1490.45,0
2026-10-04 10:07:50,22.176,55.493,1009.707,0.1479,126.278,1.8078,12.1605,1476.57,0
2026-10-04 10:08:00,22.252,55.859,1010.798,0.1354,122.892,1.8168,12.1772,1483.81,0
2026-10-04 10:08:10,22.113,56.827,1009.653,0.1421,121.715,1.8138,12.1257,1480.97,0
2026-10-04 10:08:20,22.22,56.714,1010.646,0.1444,108.421,1.8049,12.1738,1482.94,0
2026-10-04 10:08:30,22.244,57.405,1010.797,0.1451,115.609,1.852,12.1834,1462.15,0
2026-10-04 10:08:40,22.238,57.204,1010.419,0.1545,123.543,1.7876,12.1399,1483.49,0
2026-10-04 10:08:50,22.092,56.42,1009.148,0.1369,123.732,1.8199,12.2122,1486.49,0
2026-10-04 10:09:00,22.215,56.776,1010.041,0.1339,119.185,1.8014,12.1895,1502.97,0
2026-10-04 10:09:10,22.248,56.384,1009.88,0.1494,121.521,1.8371,12.2107,1465.9,0
2026-10-04 10:09:20,22.211,57.573,1009.674,0.1406,121.334,1.8267,12.1893,1462.91,0
2026-10-04 10:09:30,21.967,57.124,1010.12,0.1641,121.998,1.8533,12.1875,1495.13,0
2026-10-04 10:09:40,22.243,56.637,1010.558,0.1523,120.4,1.8425,12.2166,1457.39,0
2026-10-04 10:09:50,22.496,56.656,1009.699,0.1405,123.988,1.8266,12.2114,1501.59,0
2026-10-04 10:10:00,22.194,57.282,1009.899,0.1545,124.886,1.8436,12.2271,1497.2,0
2026-10-04 10:10:10,22.156,56.852,1009.85,0.1506,118.715,1.8463,12.1755,1487.86,0
2026-10-04 10:10:20,22.295,57.345,1010.833,0.1499,118.037,1.803,12.1588,1456.07,0
2026-10-04 10:10:30,22.294,55.472,1009.838,0.1439,119.258,1.8455,12.1497,1476.12,0
2026-10-04 10:10:40,22.406,56.803,1009.153,0.1482,121.818,1.834,12.1543,1477.41,0
2026-10-04 10:10:50,22.119,56.318,1008.916,0.1281,122.765,1.8392,12.1957,1482.22,0
2026-10-04 10:11:00,22.364,57.457,1010.271,0.1555,124.089,1.8172,12.2469,1485.88,0
2026-10-04 10:11:10,22.353,57.355,1009.484,0.1174,124.664,1.8065,12.2165,1466.02,0
2026-10-04 10:11:20,22.272,56.601,1010.484,0.1414,122.863,1.8024,12.1743,1492.86,0
2026-10-04 10:11:30,22.336,57.356,1009.084,0.1322,122.491,1.7434,12.198,1484.43,0
2026-10-04 10:11:40,22.425,57.483,1009.638,0.141,126.775,1.8113,12.165,1483.97,0
2026-10-04 10:11:50,22.413,56.631,1009.083,0.1444,121.869,1.8904,12.1666,1472.64,0
2026-10-04 10:12:00,22.178,57.833,1010.319,0.1354,123.65,1.8504,12.1531,1481.5,0
2026-10-04 10:12:10,22.42,56.585,1010.468,0.1228,122.867,1.8382,12.1548,1443.22,0
2026-10-04 10:12:20,22.32,56.496,1010.251,0.1467,121.412,1.8547,12.1929,1481.0,0
2026-10-04 10:12:30,22.343,57.039,1009.253,0.1617,121.458,1.8246,12.2161,1499.59,0
2026-10-04 10:12:40,22.349,56.432,1009.491,0.1422,125.95,1.8217,12.2051,1486.12,0
2026-10-04 10:12:50,22.329,56.655,1010.177,0.1527,121.739,1.8246,12.2155,1484.04,0
2026-10-04 10:13:00,22.496,57.32,1008.831,0.157,120.978,1.8139,12.1987,1485.36,0
2026-10-04 10:13:10,22.349,56.627,1009.843,0.1298,119.851,1.8163,12.1783,1491.58,0
2026-10-04 10:13:20,22.231,55.773,1011.073,0.1413,123.355,1.8327,12.166,1470.13,0
2026-10-04 10:13:30,22.325,56.807,1009.885,0.1348,120.577,1.8351,12.1936,1487.58,0
2026-10-04 10:13:40,22.4,56.278,1008.969,0.1385,123.135,1.867,12.1372,1479.34,0
2026-10-04 10:13:50,22.532,57.062,1009.585,0.1586,122.699,1.8599,12.1641,1473.13,0
2026-10-04 10:14:00,22.463,56.98,1009.569,0.1467,120.909,1.7975,12.1595,1492.09,0
2026-10-04 10:14:10,22.295,57.37,1011.508,0.1512,118.03,1.8277,12.2104,1461.2,0
2026-10-04 10:14:20,22.701,57.091,1011.176,0.1445,119.155,1.8078,12.1448,1461.44,0
2026-10-04 10:14:30,22.441,57.185,1010.521,0.1352,119.653,1.7707,12.2025,1435.52,0
2026-10-04 10:14:40,22.569,56.308,1009.769,0.1503,119.283,1.8385,12.189,1456.61,0
2026-10-04 10:14:50,22.404,57.047,1010.849,0.1548,123.686,1.8511,12.1893,1463.62,0
2026-10-04 10:15:00,22.492,57.632,1009.215,0.1473,128.734,1.8389,12.1677,1469.14,0
2026-10-04 10:15:10,22.535,56.306,1010.762,0.1487,120.839,1.8484,12.1428,1476.3,0
2026-10-04 10:15:20,22.587,57.553,1010.658,0.1348,121.245,1.8295,12.1919,1482.46,0
2026-10-04 10:15:30,22.573,56.381,1009.902,0.1503,120.67,1.8126,12.2016,1448.98,0
2026-10-04 10:15:40,22.557,56.232,1010.805,0.1554,125.023,1.8295,12.1919,1470.24,0
2026-10-04 10:15:50,22.421,56.808,1009.694,0.1478,123.755,1.8733,12.1759,1453.52,0
2026-10-04 10:16:00,22.396,57.021,1009.121,0.1302,122.452,1.8488,12.151,1447.99,0
2026-10-04 10:16:10,22.511,57.121,1010.691,0.1576,118.888,1.8018,12.1639,1472.48,0
2026-10-04 10:16:20,22.589,56.187,1009.947,0.1369,119.65,1.8435,12.1908,1468.81,0
2026-10-04 10:16:30,22.456,56.887,1010.427,0.1475,123.105,1.8725,12.1598,1474.36,0
2026-10-04 10:16:40,22.617,56.329,1011.281,0.152,123.275,1.8601,12.1555,1475.33,0
2026-10-04 10:16:50,22.669,55.93,1009.5,0.153,122.582,1.8736,12.1434,1459.07,0
2026-10-04 10:17:00,22.391,56.212,1009.905,0.1299,124.651,1.8046,12.193,1482.39,0
2026-10-04 10:17:10,22.406,56.303,1011.104,0.1452,119.014,1.8454,12.1925,1451.87,0
2026-10-04 10:17:20,22.496,56.942,1010.473,0.1446,123.619,1.8339,12.2085,1449.49,0
2026-10-04 10:17:30,22.556,57.259,1009.515,0.1556,123.477,1.8579,12.126,1470.96,0
2026-10-04 10:17:40,22.462,55.949,1009.336,0.1477,119.885,1.8222,12.209,1467.88,0
2026-10-04 10:17:50,22.693,56.863,1009.635,0.1556,120.97,1.8221,12.2075,1452.18,0
2026-10-04 10:18:00,22.587,56.101,1009.487,0.1482,124.89,1.8441,12.2099,1451.51,0
2026-10-04 10:18:10,22.547,57.006,1010.17,0.1433,119.421,1.8215,12.1827,1469.37,0
2026-10-04 10:18:20,22.376,56.382,1010.059,0.1453,130.253,1.8514,12.1853,1467.09,0
2026-10-04 10:18:30,22.396,56.17,1010.199,0.1559,124.555,1.7944,12.1852,1447.44,0
2026-10-04 10:18:40,22.593,57.097,1009.415,0.1333,122.742,1.8751,12.1569,1453.04,0
2026-10-04 10:18:50,22.309,56.406,1009.954,0.1508,122.183,1.7765,12.158,1448.69,0
2026-10-04 10:19:00,22.693,56.543,1008.564,0.1385,125.329,1.8691,12.1854,1430.22,0
2026-10-04 10:19:10,22.558,55.593,1010.104,0.1367,121.756,1.8324,12.1736,1482.15,0
2026-10-04 10:19:20,22.972,57.178,1010.826,0.1515,121.905,1.811,12.1977,1464.93,0
2026-10-04 10:19:30,22.865,57.117,1009.005,0.1362,127.4,1.8519,12.1709,1478.4,0
2026-10-04 10:19:40,22.572,56.711,1010.341,0.1462,121.653,1.8702,12.1431,1456.11,0
2026-10-04 10:19:50,22.587,55.946,1009.575,0.1392,123.501,1.8774,12.1443,1445.78,0
2026-10-04 10:20:00,22.725,57.317,1010.564,0.1241,120.838,1.877,12.1608,1446.91,0
2026-10-04 10:20:10,22.815,56.38,1010.113,0.1467,123.921,1.8277,12.198,1446.56,0
2026-10-04 10:20:20,22.42,56.489,1010.285,0.1438,124.912,1.8547,12.1669,1451.58,0
2026-10-04 10:20:30,22.407,57.873,1010.047,0.1274,128.244,1.8055,12.1873,1435.81,0
2026-10-04 10:20:40,22.553,56.367,1010.931,0.137,120.409,1.8523,12.1381,1452.9,0
2026-10-04 10:20:50,22.703,57.091,1010.245,0.1281,118.903,1.8592,12.1839,1449.74,0
2026-10-04 10:21:00,22.698,57.002,1009.508,0.1483,122.472,1.8417,12.1808,1471.13,0
2026-10-04 10:21:10,22.772,56.918,1010.07,0.1534,121.446,1.8056,12.2097,1465.75,0
2026-10-04 10:21:20,22.505,56.865,1009.743,0.149,123.277,1.837,12.1838,1451.62,0
2026-10-04 10:21:30,22.377,56.914,1010.115,0.15,124.915,1.8999,12.199,1464.17,0
2026-10-04 10:21:40,22.763,56.863,1009.707,0.1379,130.169,1.8624,12.2286,1440.26,0
2026-10-04 10:21:50,22.566,56.702,1009.527,0.1463,122.045,1.8409,12.1809,1437.42,0
2026-10-04 10:22:00,22.429,57.485,1010.14,0.1417,116.794,1.8494,12.2183,1454.61,0
2026-10-04 10:22:10,22.694,56.075,1010.04,0.1432,122.737,1.8633,12.183,1457.22,0
2026-10-04 10:22:20,22.777,57.243,1010.745,0.1492,124.528,1.8154,12.1666,1453.26,0
2026-10-04 10:22:30,22.672,57.145,1009.71,0.1509,120.593,1.817,12.1772,1475.36,0
2026-10-04 10:22:40,22.637,57.084,1008.614,0.1382,124.228,1.8364,12.1673,1465.0,0
2026-10-04 10:22:50,22.678,57.294,1009.746,0.13,123.965,1.8424,12.1682,1469.88,0
2026-10-04 10:23:00,22.658,56.69,1008.862,0.1396,124.358,1.9004,12.1656,1445.72,0
2026-10-04 10:23:10,22.546,55.803,1010.291,0.1392,125.977,1.8577,12.1724,1458.67,0
2026-10-04 10:23:20,22.627,56.703,1008.829,0.1431,123.381,1.8434,12.1978,1437.7,0
2026-10-04 10:23:30,22.78,56.244,1009.308,0.1474,125.297,1.8581,12.1375,1442.05,0
2026-10-04 10:23:40,22.762,56.375,1009.747,0.1253,118.283,1.8065,12.1872,1457.65,0
2026-10-04 10:23:50,22.748,56.12,1011.081,0.1351,120.818,1.8348,12.183,1439.0,0
2026-10-04 10:24:00,22.614,56.504,1009.249,0.1326,122.706,1.8391,12.2146,1440.14,0
2026-10-04 10:24:10,22.716,56.445,1010.009,0.1502,120.74,1.8327,12.1709,1458.14,0
2026-10-04 10:24:20,22.482,55.555,1010.406,0.1384,123.801,1.8894,12.2083,1439.88,0
2026-10-04 10:24:30,22.77,57.095,1011.039,0.1359,122.775,1.8754,12.1585,1465.44,0
2026-10-04 10:24:40,22.925,57.856,1010.544,0.1441,122.466,1.829,12.1686,1447.46,0
2026-10-04 10:24:50,22.581,57.05,1010.766,0.1349,126.508,1.828,12.1904,1447.74,0
2026-10-04 10:25:00,22.693,56.646,1010.605,0.1394,124.134,1.8285,12.1952,1453.77,0
2026-10-04 10:25:10,22.807,56.72,1009.154,0.1539,120.656,1.8557,12.1734,1447.64,0
2026-10-04 10:25:20,22.923,56.538,1010.252,0.1536,122.123,1.8657,12.1856,1453.53,0
2026-10-04 10:25:30,22.724,56.794,1010.594,0.1359,126.218,1.8715,12.1759,1435.23,0
2026-10-04 10:25:40,22.699,56.731,1009.33,0.1375,124.582,1.8361,12.1998,1407.84,0
2026-10-04 10:25:50,22.551,56.329,1009.594,0.1339,127.596,1.8573,12.1763,1427.13,0
2026-10-04 10:26:00,22.804,57.592,1009.438,0.1233,126.573,1.8608,12.1744,1441.16,0
2026-10-04 10:26:10,23.042,56.007,1010.541,0.1468,122.892,1.8924,12.2048,1455.01,0
2026-10-04 10:26:20,22.835,57.11,1009.952,0.1577,128.391,1.8822,12.1852,1479.7,0
2026-10-04 10:26:30,22.803,56.701,1009.776,0.1347,128.663,1.8274,12.1967,1438.09,0
2026-10-04 10:26:40,22.849,57.702,1009.103,0.1315,118.778,1.8165,12.2424,1436.84,0
2026-10-04 10:26:50,22.814,56.922,1009.953,0.1357,124.255,1.8612,12.1303,1451.37,0
2026-10-04 10:27:00,22.722,56.572,1009.603,0.1384,122.535,1.8484,12.1543,1449.3,0
2026-10-04 10:27:10,22.923,56.628,1010.171,0.1285,123.429,1.8406,12.1568,1449.48,0
2026-10-04 10:27:20,22.856,56.772,1009.2,0.1338,121.787,1.8461,12.1586,1441.48,0
2026-10-04 10:27:30,22.836,56.181,1010.125,0.1454,121.436,1.8798,12.2155,1415.27,0
2026-10-04 10:27:40,22.721,56.369,1009.693,0.1381,126.989,1.8281,12.1133,1447.6,0
2026-10-04 10:27:50,22.999,55.86,1009.126,0.1471,120.806,1.9123,12.192,1443.59,0
2026-10-04 10:28:00,22.927,56.291,1009.072,0.1397,124.616,1.8485,12.1416,1420.14,0
2026-10-04 10:28:10,22.785,56.799,1009.177,0.1279,120.313,1.8826,12.1806,1452.36,0
2026-10-04 10:28:20,22.976,56.902,1009.856,0.1318,128.194,1.8504,12.1864,1454.25,0
2026-10-04 10:28:30,22.8,55.762,1010.086,0.1383,124.501,1.8295,12.2026,1451.34,0
2026-10-04 10:28:40,22.771,56.683,1010.19,0.1271,126.671,1.8641,12.1733,1436.53,0
2026-10-04 10:28:50,22.778,57.033,1010.217,0.1259,125.046,1.8368,12.1756,1445.62,0
2026-10-04 10:29:00,22.66,56.67,1009.47,0.1262,123.726,1.8722,12.1287,1428.5,0
2026-10-04 10:29:10,22.934,56.434,1010.742,0.1397,124.716,1.8682,12.2369,1420.86,0
2026-10-04 10:29:20,22.662,56.545,1009.692,0.1325,129.058,1.8518,12.1875,1439.82,0
2026-10-04 10:29:30,22.738,56.48,1010.317,0.1447,121.868,1.8733,12.1908,1418.44,0
2026-10-04 10:29:40,22.641,56.432,1009.887,0.1279,116.937,1.8958,12.2067,1438.64,0
2026-10-04 10:29:50,22.884,56.836,1010.265,0.1152,122.25,1.8674,12.1782,1439.53,0
2026-10-04 10:30:00,22.88,57.903,1009.852,0.1336,121.008,1.8523,12.1904,1427.71,0
2026-10-04 10:30:10,22.863,56.377,1010.278,0.1477,127.564,1.8809,12.1977,1468.75,0
2026-10-04 10:30:20,22.781,56.589,1009.997,0.1346,124.158,1.8822,12.143,1430.33,0
2026-10-04 10:30:30,22.769,56.721,1010.572,0.1232,127.192,1.8644,12.1931,1442.16,0
2026-10-04 10:30:40,22.97,56.403,1009.43,0.121,124.83,1.9062,12.2317,1435.78,0
2026-10-04 10:30:50,22.852,57.295,1008.764,0.1434,124.786,1.8647,12.2235,1452.41,0
2026-10-04 10:31:00,22.96,55.56,1009.322,0.1271,125.276,1.9098,12.2181,1432.96,0
2026-10-04 10:31:10,22.82,56.479,1010.751,0.1457,129.249,1.8565,12.2275,1418.64,0
2026-10-04 10:31:20,22.951,57.153,1009.895,0.1384,125.394,1.8945,12.1483,1443.54,0
2026-10-04 10:31:30,23.09,56.596,1010.068,0.1269,128.186,1.8681,12.1666,1414.45,0
2026-10-04 10:31:40,23.008,56.331,1009.266,0.1422,128.019,1.8806,12.1569,1423.94,0
2026-10-04 10:31:50,22.892,56.961,1010.05,0.1252,124.418,1.8236,12.2671,1428.67,0
2026-10-04 10:32:00,22.976,57.193,1009.288,0.1209,124.711,1.9288,12.1858,1428.91,0
2026-10-04 10:32:10,22.92,56.844,1009.391,0.1253,123.824,1.8828,12.1443,1430.47,0
2026-10-04 10:32:20,22.953,56.337,1009.723,0.1382,128.832,1.9006,12.1521,1428.95,0
2026-10-04 10:32:30,22.917,56.965,1010.316,0.141,122.184,1.8411,12.1823,1436.89,0
2026-10-04 10:32:40,22.94,56.534,1010.391,0.1285,122.863,1.8801,12.1456,1424.48,0
2026-10-04 10:32:50,22.989,57.107,1010.411,0.1165,124.228,1.8717,12.2263,1440.88,0
2026-10-04 10:33:00,22.848,57.475,1008.894,0.1188,121.637,1.8501,12.1994,1421.4,0
2026-10-04 10:33:10,22.848,55.429,1010.001,0.1225,123.332,1.9089,12.1874,1414.65,0
2026-10-04 10:33:20,22.807,56.786,1009.868,0.1205,128.539,1.8808,12.1532,1416.4,0
2026-10-04 10:33:30,22.785,55.861,1008.934,0.1328,127.109,1.8761,12.1465,1426.87,0
2026-10-04 10:33:40,22.835,57.948,1010.018,0.1459,123.917,1.8934,12.1883,1447.28,0
2026-10-04 10:33:50,23.003,56.492,1009.831,0.1366,127.613,1.8567,12.1829,1431.97,0
2026-10-04 10:34:00,22.88,57.098,1010.365,0.121,131.474,1.8824,12.1474,1425.14,0
2026-10-04 10:34:10,23.052,56.705,1010.064,0.1243,126.192,1.881,12.1781,1431.13,0
2026-10-04 10:34:20,22.998,56.32,1009.623,0.1256,129.539,1.8824,12.1782,1413.26,0
2026-10-04 10:34:30,22.761,56.259,1010.656,0.1325,127.857,1.905,12.1979,1405.48,0
2026-10-04 10:34:40,23.079,57.511,1008.453,0.1418,124.443,1.8691,12.2321,1415.94,0
2026-10-04 10:34:50,23.101,57.194,1009.963,0.1253,125.943,1.8667,12.1274,1414.7,0
2026-10-04 10:35:00,22.888,57.686,1008.774,0.1411,126.954,1.8649,12.1994,1466.09,0
2026-10-04 10:35:10,23.061,56.74,1009.37,0.1454,123.165,1.8642,12.1619,1458.61,0
2026-10-04 10:35:20,22.911,56.855,1010.376,0.1256,117.597,1.9085,12.1899,1458.13,0
2026-10-04 10:35:30,23.028,56.575,1009.117,0.1251,122.947,1.8795,12.1826,1410.89,0
2026-10-04 10:35:40,22.868,56.563,1009.013,0.1251,118.999,1.9071,12.1918,1455.13,0
2026-10-04 10:35:50,22.808,56.184,1011.677,0.1282,123.243,1.8886,12.1482,1417.8,0
2026-10-04 10:36:00,22.98,56.745,1009.059,0.1246,120.4,1.8603,12.2035,1452.84,0
2026-10-04 10:36:10,23.014,56.306,1011.166,0.1344,128.187,1.8448,12.1802,1434.42,0
2026-10-04 10:36:20,22.984,56.92,1009.89,0.1147,122.023,1.8465,12.214,1412.63,0
2026-10-04 10:36:30,22.893,56.782,1009.644,0.1226,127.227,1.8608,12.219,1452.02,0
2026-10-04 10:36:40,22.99,56.838,1010.408,0.1293,127.919,1.9089,12.1851,1451.1,0
2026-10-04 10:36:50,23.073,57.53,1010.948,0.1334,127.748,1.9162,12.2039,1410.65,0
2026-10-04 10:37:00,23.038,56.671,1009.21,0.1438,120.063,1.8863,12.2017,1431.12,0
2026-10-04 10:37:10,23.068,57.066,1009.655,0.1157,129.06,1.9074,12.2125,1396.86,0
2026-10-04 10:37:20,22.968,57.711,1010.606,0.1206,126.977,1.8707,12.2107,1419.67,0
2026-10-04 10:37:30,23.192,57.336,1010.215,0.1074,128.153,1.8692,12.1499,1419.46,0
2026-10-04 10:37:40,22.913,57.257,1010.785,0.1165,131.254,1.9044,12.1859,1418.83,0
2026-10-04 10:37:50,23.116,56.524,1010.375,0.111,128.172,1.8896,12.1443,1448.82,0
2026-10-04 10:38:00,23.202,56.79,1011.28,0.1207,122.265,1.9041,12.1659,1404.29,0
2026-10-04 10:38:10,23.12,56.013,1010.14,0.1229,127.797,1.8873,12.1669,1420.65,0
2026-10-04 10:38:20,23.041,56.919,1010.17,0.1282,121.35,1.8769,12.1935,1435.01,0
2026-10-04 10:38:30,23.004,56.804,1010.241,0.1219,125.696,1.8812,12.1731,1403.65,0
2026-10-04 10:38:40,23.194,56.676,1009.916,0.1278,124.399,1.8946,12.1748,1409.81,0
2026-10-04 10:38:50,22.902,57.175,1010.61,0.1247,125.964,1.8932,12.2038,1439.47,0
2026-10-04 10:39:00,22.959,56.055,1010.183,0.1153,121.429,1.8642,12.2008,1442.6,0
2026-10-04 10:39:10,23.03,57.473,1010.569,0.1099,121.798,1.8847,12.1856,1415.62,0
2026-10-04 10:39:20,23.228,57.104,1010.679,0.1278,124.657,1.85,12.1974,1434.66,0
2026-10-04 10:39:30,23.128,56.614,1010.318,0.1361,125.362,1.8796,12.1948,1444.84,0
2026-10-04 10:39:40,22.968,56.572,1010.37,0.143,124.776,1.8656,12.2278,1415.07,0
2026-10-04 10:39:50,23.05,56.884,1009.312,0.1299,130.428,1.8127,12.1734,1432.74,0
2026-10-04 10:40:00,23.015,57.401,1009.634,0.1339,127.372,1.9444,12.1598,1414.21,0
2026-10-04 10:40:10,23.006,56.688,1010.61,0.1257,127.314,1.8701,12.1836,1399.94,0
2026-10-04 10:40:20,23.211,56.706,1011.017,0.1242,125.002,1.8662,12.1548,1419.98,0
2026-10-04 10:40:30,22.931,56.64,1008.662,0.1225,121.997,1.9306,12.1693,1415.95,0
2026-10-04 10:40:40,23.291,57.519,1009.623,0.1205,126.184,1.861,12.1897,1405.41,0
2026-10-04 10:40:50,23.2,56.44,1010.038,0.126,131.642,1.8543,12.1657,1413.91,0
2026-10-04 10:41:00,23.233,56.606,1009.406,0.1167,126.917,1.8857,12.1727,1415.29,0
2026-10-04 10:41:10,23.049,57.349,1009.446,0.1195,129.608,1.8787,12.1715,1422.56,0
2026-10-04 10:41:20,23.088,56.687,1010.355,0.111,130.01,1.8754,12.1675,1433.67,0
2026-10-04 10:41:30,22.936,57.179,1011.13,0.124,127.994,1.8687,12.1509,1433.38,0
2026-10-04 10:41:40,23.047,56.151,1008.601,0.1123,127.0,1.8872,12.2036,1416.16,0
2026-10-04 10:41:50,23.172,56.501,1009.905,0.12,123.4,1.9331,12.2125,1408.95,0
2026-10-04 10:42:00,23.27,57.342,1010.349,0.1236,125.761,1.8522,12.202,1436.95,0
2026-10-04 10:42:10,22.983,56.258,1010.571,0.124,125.328,1.9137,12.2017,1415.05,0
2026-10-04 10:42:20,23.074,56.516,1010.249,0.1253,127.424,1.9313,12.1677,1407.28,0
2026-10-04 10:42:30,23.102,56.717,1011.259,0.1172,122.215,1.8776,12.1825,1418.49,0
2026-10-04 10:42:40,22.954,56.09,1010.047,0.1225,124.869,1.9029,12.1586,1388.25,0
2026-10-04 10:42:50,23.194,56.373,1010.945,0.1145,127.717,1.8907,12.1746,1408.29,0
2026-10-04 10:43:00,23.038,56.633,1009.575,0.1024,124.422,1.8511,12.1768,1406.97,0
2026-10-04 10:43:10,23.103,56.596,1010.069,0.1222,123.805,1.9248,12.1433,1402.89,0
2026-10-04 10:43:20,23.074,57.209,1009.18,0.1201,124.201,1.8954,12.1812,1420.13,0
2026-10-04 10:43:30,23.036,57.335,1010.66,0.1256,125.782,1.8818,12.1646,1430.29,0
2026-10-04 10:43:40,23.131,56.132,1009.945,0.1171,119.481,1.857,12.1844,1439.22,0
2026-10-04 10:43:50,23.108,56.612,1010.281,0.1043,124.408,1.9084,12.1719,1406.1,0
2026-10-04 10:44:00,23.09,56.889,1009.811,0.1161,129.528,1.8994,12.1864,1408.99,0
2026-10-04 10:44:10,23.049,57.306,1010.442,0.1237,127.665,1.911,12.1951,1402.74,0
2026-10-04 10:44:20,23.176,56.902,1010.31,0.1202,127.977,1.91,12.1463,1420.71,0
2026-10-04 10:44:30,23.338,56.684,1009.336,0.115,121.257,1.876,12.1696,1384.33,0
2026-10-04 10:44:40,23.158,56.868,1009.377,0.1027,125.521,1.8111,12.1614,1406.21,0
2026-10-04 10:44:50,23.262,56.867,1010.014,0.1075,126.439,1.8941,12.207,1416.13,0
2026-10-04 10:45:00,22.977,56.061,1010.496,0.1194,128.203,1.8927,12.2199,1402.11,0
2026-10-04 10:45:10,23.164,56.617,1011.339,0.102,130.166,1.9014,12.1785,1404.73,0
2026-10-04 10:45:20,23.015,57.246,1010.247,0.1125,129.721,1.9355,12.1875,1425.74,0
2026-10-04 10:45:30,22.971,56.408,1010.741,0.1152,125.124,1.8966,12.1405,1409.73,0
2026-10-04 10:45:40,23.06,56.572,1008.907,0.1239,125.216,1.9154,12.1849,1428.21,0
2026-10-04 10:45:50,23.293,56.381,1011.446,0.1194,131.162,1.9077,12.1708,1434.56,0
2026-10-04 10:46:00,23.266,55.34,1010.462,0.1219,125.869,1.8639,12.2112,1417.67,0
2026-10-04 10:46:10,23.182,56.503,1010.003,0.1164,123.725,1.8665,12.1715,1405.06,0
2026-10-04 10:46:20,22.97,56.638,1009.923,0.107,126.374,1.9279,12.1566,1432.86,0
2026-10-04 10:46:30,23.131,56.226,1009.264,0.1087,131.067,1.8773,12.1435,1370.95,0
2026-10-04 10:46:40,23.192,55.9,1009.465,0.1059,124.327,1.9087,12.1816,1385.28,0
2026-10-04 10:46:50,23.178,56.032,1011.378,0.1179,125.779,1.8741,12.1634,1419.83,0
2026-10-04 10:47:00,22.937,56.85,1009.349,0.1074,124.498,1.9186,12.2074,1445.1,0
2026-10-04 10:47:10,23.052,57.449,1009.336,0.1096,129.981,1.9064,12.1927,1417.94,0
2026-10-04 10:47:20,23.153,57.148,1009.551,0.1127,127.998,1.893,12.1743,1410.19,0
2026-10-04 10:47:30,23.226,55.78,1009.204,0.1254,129.935,1.9173,12.1925,1400.14,0
2026-10-04 10:47:40,22.899,56.874,1010.054,0.1173,131.875,1.9074,12.2204,1415.19,0
2026-10-04 10:47:50,23.144,56.11,1010.807,0.1057,122.667,1.883,12.1477,1423.94,0
2026-10-04 10:48:00,23.181,56.145,1009.618,0.1129,124.949,1.9016,12.1608,1417.52,0
2026-10-04 10:48:10,23.267,56.2,1009.084,0.1246,125.949,1.9183,12.2252,1406.95,0
2026-10-04 10:48:20,23.249,56.778,1010.251,0.1161,127.479,1.9295,12.1577,1421.23,0
2026-10-04 10:48:30,23.236,56.899,1010.008,0.0982,128.813,1.8988,12.1931,1410.03,0
2026-10-04 10:48:40,23.071,56.365,1010.75,0.1035,125.844,1.9469,12.2062,1412.82,0
2026-10-04 10:48:50,22.939,56.368,1009.73,0.1027,125.265,1.8838,12.176,1419.46,0
2026-10-04 10:49:00,23.121,56.635,1009.867,0.1219,130.234,1.8637,12.1936,1390.61,0
2026-10-04 10:49:10,23.289,56.681,1009.945,0.1202,129.025,1.8676,12.169,1404.01,0
2026-10-04 10:49:20,23.337,56.979,1010.113,0.105,128.357,1.9028,12.2217,1405.78,0
2026-10-04 10:49:30,23.256,55.743,1009.776,0.1046,120.995,1.9036,12.1652,1385.78,0
2026-10-04 10:49:40,23.223,56.39,1009.663,0.1099,131.075,1.9066,12.1523,1387.18,0
2026-10-04 10:49:50,23.217,55.84,1008.757,0.11,128.029,1.887,12.1984,1393.86,0
2026-10-04 10:50:00,23.106,56.342,1009.657,0.1015,127.014,1.9596,12.1938,1418.6,0
2026-10-04 10:50:10,23.157,56.249,1010.555,0.107,125.065,1.9419,12.1798,1399.77,0
2026-10-04 10:50:20,23.374,56.332,1010.65,0.0971,125.647,1.8757,12.1768,1404.39,0
2026-10-04 10:50:30,23.061,55.95,1009.725,0.1187,124.895,1.902,12.1635,1406.79,0
2026-10-04 10:50:40,23.368,55.6,1010.966,0.0943,121.598,1.906,12.1575,1411.37,0
2026-10-04 10:50:50,23.136,55.29,1010.037,0.094,125.161,1.9221,12.1607,1409.15,0
2026-10-04 10:51:00,23.334,56.266,1009.121,0.1114,122.839,1.8671,12.1836,1402.38,0
2026-10-04 10:51:10,23.007,56.11,1008.902,0.0979,127.477,1.8625,12.1705,1399.02,0
2026-10-04 10:51:20,23.246,55.981,1010.912,0.1036,124.228,1.8751,12.1384,1417.25,0
2026-10-04 10:51:30,23.088,56.974,1009.799,0.1079,129.893,1.9434,12.1651,1393.18,0
2026-10-04 10:51:40,23.006,55.876,1009.211,0.1126,122.733,1.8896,12.1702,1420.71,0
2026-10-04 10:51:50,23.203,57.008,1008.48,0.1052,131.332,1.9264,12.1882,1391.48,0
2026-10-04 10:52:00,23.298,57.105,1009.785,0.121,130.28,1.9211,12.1827,1395.53,0
2026-10-04 10:52:10,23.076,55.311,1010.346,0.1066,124.594,1.902,12.2193,1410.15,0
2026-10-04 10:52:20,22.997,56.326,1009.575,0.1159,127.532,1.9274,12.1508,1434.74,0
2026-10-04 10:52:30,23.166,56.073,1009.327,0.1085,125.274,1.8762,12.1891,1369.96,0
2026-10-04 10:52:40,23.167,54.811,1009.68,0.1231,129.596,1.8953,12.1911,1411.74,0
2026-10-04 10:52:50,23.243,55.537,1010.936,0.1143,133.282,1.8519,12.1821,1405.58,0
2026-10-04 10:53:00,23.292,56.64,1009.092,0.106,131.448,1.9099,12.1677,1391.44,0
2026-10-04 10:53:10,23.171,57.256,1009.618,0.1105,125.863,1.8879,12.158,1403.37,0
2026-10-04 10:53:20,23.4,56.691,1010.916,0.1032,128.293,1.9626,12.174,1379.71,0
2026-10-04 10:53:30,23.205,56.394,1010.415,0.103,132.538,1.9095,12.1302,1385.58,0
2026-10-04 10:53:40,23.136,56.215,1010.195,0.0945,129.566,1.9287,12.1518,1403.64,0
2026-10-04 10:53:50,22.984,57.06,1009.617,0.0983,131.046,1.9247,12.1504,1381.84,0
2026-10-04 10:54:00,23.146,57.285,1010.093,0.1211,129.991,1.9066,12.1873,1398.98,0
2026-10-04 10:54:10,23.137,55.911,1009.696,0.0948,128.288,1.9336,12.1903,1386.51,0
2026-10-04 10:54:20,23.293,55.197,1009.472,0.099,127.873,1.9098,12.1478,1389.42,0
2026-10-04 10:54:30,23.233,55.141,1009.318,0.1033,124.471,1.921,12.1419,1412.11,0
2026-10-04 10:54:40,23.036,56.844,1010.624,0.1034,125.828,1.9682,12.1379,1378.25,0
2026-10-04 10:54:50,23.198,56.152,1010.033,0.1068,125.442,1.9143,12.1989,1394.97,0
2026-10-04 10:55:00,23.258,56.26,1010.297,0.0998,127.116,1.8964,12.1973,1402.41,0
2026-10-04 10:55:10,23.36,55.265,1010.183,0.1069,128.49,1.8921,12.1906,1398.86,0
2026-10-04 10:55:20,23.283,55.777,1010.387,0.1124,127.89,1.9079,12.2118,1385.87,0
2026-10-04 10:55:30,23.268,55.998,1009.901,0.1132,128.883,1.9131,12.2186,1399.99,0
2026-10-04 10:55:40,23.183,56.242,1009.743,0.1007,130.25,1.9118,12.1493,1378.82,0
2026-10-04 10:55:50,23.222,55.931,1009.51,0.1076,127.032,1.8709,12.1642,1386.72,0
2026-10-04 10:56:00,23.325,55.604,1009.092,0.0934,130.515,1.854,12.1935,1417.65,0
2026-10-04 10:56:10,23.015,55.723,1009.297,0.0966,131.737,1.8866,12.1049,1403.14,0
2026-10-04 10:56:20,23.133,56.712,1009.828,0.0929,129.59,1.9124,12.1676,1393.35,0
2026-10-04 10:56:30,23.082,56.222,1008.962,0.1017,126.733,1.9127,12.1979,1399.83,0
2026-10-04 10:56:40,23.219,56.398,1009.118,0.0951,131.228,1.9226,12.165,1380.75,0
2026-10-04 10:56:50,23.321,55.635,1010.815,0.0896,129.858,1.9205,12.192,1396.83,0
2026-10-04 10:57:00,23.101,54.599,1010.244,0.0985,130.288,1.8991,12.1236,1385.6,0
2026-10-04 10:57:10,22.886,55.807,1009.772,0.0876,133.058,1.8862,12.1807,1383.44,0
2026-10-04 10:57:20,23.123,55.627,1011.679,0.1119,130.603,1.9249,12.162,1390.05,0
2026-10-04 10:57:30,23.281,56.227,1008.936,0.0967,133.219,1.9177,12.1678,1382.66,0
2026-10-04 10:57:40,23.235,57.687,1010.773,0.1089,128.072,1.8848,12.1497,1393.57,0
2026-10-04 10:57:50,23.222,56.384,1010.013,0.0969,127.245,1.9279,12.2133,1397.47,0
2026-10-04 10:58:00,23.136,57.396,1010.642,0.0912,132.007,1.9364,12.1749,1386.91,0
2026-10-04 10:58:10,23.016,56.304,1010.17,0.11,125.625,1.9324,12.1768,1348.0,0
2026-10-04 10:58:20,23.23,55.697,1008.784,0.1012,134.269,1.9369,12.2246,1377.52,0
2026-10-04 10:58:30,23.068,56.177,1010.162,0.1154,132.531,1.8941,12.1499,1374.1,0
2026-10-04 10:58:40,23.429,56.885,1010.331,0.0964,128.909,1.9343,12.1764,1395.66,0
2026-10-04 10:58:50,23.235,56.901,1008.563,0.0965,132.272,1.9092,12.1558,1378.94,0
2026-10-04 10:59:00,23.096,55.69,1011.459,0.1079,130.676,1.9644,12.1546,1382.15,0
2026-10-04 10:59:10,23.092,56.096,1010.317,0.1079,124.84,1.9358,12.1804,1402.04,0
2026-10-04 10:59:20,23.153,55.246,1010.57,0.1009,126.283,1.9243,12.1656,1377.51,0
2026-10-04 10:59:30,23.135,56.365,1009.285,0.1262,129.61,1.9566,12.2221,1392.05,0
2026-10-04 10:59:40,23.297,56.721,1010.585,0.0971,129.253,1.9012,12.2171,1379.52,0
2026-10-04 10:59:50,23.185,55.955,1010.866,0.0891,132.72,1.9278,12.1684,1381.51,0
2026-10-04 11:00:00,23.074,55.593,1010.281,0.0911,129.723,1.97,12.1339,1370.91,0
2026-10-04 11:00:10,23.387,56.098,1010.098,0.0968,125.032,1.9346,12.165,1380.33,0
2026-10-04 11:00:20,23.166,56.118,1009.48,0.111,127.223,1.9182,12.1984,1395.55,0
2026-10-04 11:00:30,23.251,55.941,1009.955,0.0973,131.109,1.9078,12.15,1373.25,0
2026-10-04 11:00:40,23.085,55.981,1009.749,0.1112,123.433,1.8904,12.2122,1376.78,0
2026-10-04 11:00:50,23.201,55.795,1010.509,0.102,124.688,1.9075,12.1866,1420.15,0
2026-10-04 11:01:00,23.194,56.371,1009.515,0.1071,127.825,1.8944,12.1427,1390.95,0
2026-10-04 11:01:10,22.929,56.233,1010.506,0.1014,131.745,1.9092,12.1554,1391.97,0
2026-10-04 11:01:20,23.396,55.364,1009.525,0.1012,128.335,1.9124,12.1588,1377.29,0
2026-10-04 11:01:30,23.308,55.341,1009.929,0.1041,130.389,1.94,12.1516,1402.11,0
2026-10-04 11:01:40,23.105,55.71,1010.545,0.0935,129.042,1.9051,12.143,1404.35,0
2026-10-04 11:01:50,23.019,56.196,1009.622,0.0934,128.626,1.9006,12.1572,1377.0,0
2026-10-04 11:02:00,23.192,55.893,1010.571,0.1006,127.108,1.9378,12.162,1401.9,0
2026-10-04 11:02:10,23.16,55.488,1010.504,0.1132,131.609,1.9331,12.2039,1405.77,0
2026-10-04 11:02:20,23.191,55.931,1009.928,0.0852,125.348,1.9097,12.1823,1354.44,0
2026-10-04 11:02:30,23.171,55.625,1010.932,0.0812,128.43,1.9309,12.1837,1398.17,0
2026-10-04 11:02:40,23.207,56.222,1010.175,0.0953,132.591,1.9095,12.1799,1373.62,0
2026-10-04 11:02:50,23.319,55.938,1010.893,0.1055,126.88,1.9108,12.1512,1404.77,0
2026-10-04 11:03:00,23.213,55.605,1011.378,0.0976,124.525,1.9551,12.1997,1372.68,0
2026-10-04 11:03:10,23.017,55.869,1009.954,0.0877,122.864,1.9129,12.1601,1393.6,0
2026-10-04 11:03:20,23.306,56.401,1010.576,0.0976,131.234,1.9063,12.1625,1357.92,0
2026-10-04 11:03:30,23.338,55.449,1009.679,0.0831,131.456,1.917,12.1803,1400.85,0
2026-10-04 11:03:40,23.518,55.925,1009.404,0.1019,128.243,1.8675,12.2332,1385.03,0
2026-10-04 11:03:50,23.004,55.679,1009.991,0.0943,125.484,1.9125,12.1565,1403.11,0
2026-10-04 11:04:00,23.167,55.918,1009.175,0.096,128.879,1.9232,12.1298,1372.8,0
2026-10-04 11:04:10,22.887,55.368,1009.474,0.1,132.872,1.9665,12.1777,1386.56,0
2026-10-04 11:04:20,23.202,55.74,1010.545,0.0982,125.55,1.9193,12.1875,1405.97,0
2026-10-04 11:04:30,23.068,56.229,1009.773,0.0921,132.553,1.9281,12.1595,1382.61,0
2026-10-04 11:04:40,23.364,55.197,1010.631,0.1046,124.313,1.9259,12.1554,1389.26,0
2026-10-04 11:04:50,23.039,54.991,1010.344,0.1027,126.008,1.974,12.1384,1393.12,0
2026-10-04 11:05:00,22.928,55.0,1011.431,0.082,129.768,1.9424,12.1785,1359.17,0
2026-10-04 11:05:10,23.073,55.05,1010.504,0.0943,132.303,1.8812,12.2186,1374.46,0
2026-10-04 11:05:20,22.891,55.923,1010.918,0.0874,133.895,1.9483,12.2128,1399.17,0
2026-10-04 11:05:30,23.217,54.912,1010.42,0.0859,132.476,1.894,12.1774,1351.21,0
2026-10-04 11:05:40,22.877,55.456,1010.358,0.1002,134.178,1.9014,12.1594,1398.52,0
2026-10-04 11:05:50,23.127,55.904,1010.956,0.0925,130.087,1.8853,12.1792,1372.74,0
2026-10-04 11:06:00,22.873,55.793,1010.61,0.0947,127.697,1.9634,12.1615,1412.23,0
2026-10-04 11:06:10,23.083,55.381,1010.29,0.0904,133.134,1.9476,12.1535,1387.78,0
2026-10-04 11:06:20,23.317,55.659,1010.288,0.0987,133.692,1.9488,12.1735,1369.05,0
2026-10-04 11:06:30,23.162,55.607,1010.522,0.1011,132.414,1.944,12.2013,1395.58,0
2026-10-04 11:06:40,23.014,55.431,1009.677,0.113,131.479,1.9354,12.1645,1402.22,0
2026-10-04 11:06:50,23.112,55.427,1009.648,0.0941,133.838,1.9103,12.1642,1389.61,0
2026-10-04 11:07:00,23.117,56.64,1011.147,0.0839,130.708,1.9235,12.1625,1373.7,0
2026-10-04 11:07:10,23.17,55.916,1011.455,0.0915,129.64,1.9055,12.1888,1401.79,0
2026-10-04 11:07:20,22.948,56.741,1009.501,0.1022,131.898,1.8972,12.1902,1366.12,0
2026-10-04 11:07:30,23.182,55.242,1009.684,0.0892,131.174,1.9025,12.1419,1395.97,0
2026-10-04 11:07:40,22.785,55.437,1010.954,0.0835,132.417,1.9774,12.1644,1343.61,0
2026-10-04 11:07:50,23.032,54.803,1010.529,0.0893,129.386,1.9091,12.1963,1381.34,0
2026-10-04 11:08:00,23.048,55.054,1010.63,0.091,132.529,1.9437,12.1602,1371.04,0
2026-10-04 11:08:10,23.181,56.399,1010.785,0.0866,132.394,1.9707,12.2033,1358.67,0
2026-10-04 11:08:20,23.106,55.176,1009.99,0.097,130.481,1.9383,12.1856,1398.68,0
2026-10-04 11:08:30,22.933,56.386,1010.391,0.0946,127.61,1.8992,12.2123,1346.74,0
2026-10-04 11:08:40,22.982,54.793,1010.338,0.1015,133.602,1.9005,12.1605,1399.55,0
2026-10-04 11:08:50,23.123,54.877,1009.561,0.0916,126.271,1.922,12.1857,1355.65,0
2026-10-04 11:09:00,23.088,55.223,1010.384,0.0996,127.047,1.9755,12.1864,1394.29,0
2026-10-04 11:09:10,23.027,55.35,1011.031,0.0912,130.443,1.9547,12.1949,1366.65,0
2026-10-04 11:09:20,23.037,55.833,1009.932,0.086,122.435,1.9326,12.1767,1348.89,0
2026-10-04 11:09:30,23.177,55.585,1010.274,0.0907,134.607,1.9141,12.1956,1371.26,0
2026-10-04 11:09:40,23.03,55.141,1010.313,0.0821,130.042,1.9287,12.152,1386.36,0
2026-10-04 11:09:50,23.08,55.271,1009.971,0.1093,134.636,1.924,12.1662,1364.28,0
2026-10-04 11:10:00,23.349,55.167,1010.645,0.0962,135.449,1.9239,12.1303,1381.52,0
2026-10-04 11:10:10,22.917,54.858,1009.696,0.0887,129.592,1.8975,12.1607,1387.82,0
2026-10-04 11:10:20,22.864,54.86,1011.106,0.092,134.122,1.8971,12.1461,1399.73,0
2026-10-04 11:10:30,23.179,55.807,1010.613,0.0754,126.915,1.9277,12.1756,1378.14,0
2026-10-04 11:10:40,23.002,54.367,1009.52,0.1065,131.414,1.8905,12.1918,1394.54,0
2026-10-04 11:10:50,23.043,56.079,1011.366,0.1057,128.714,1.9039,12.1812,1389.66,0
2026-10-04 11:11:00,22.986,55.087,1010.296,0.0959,132.243,1.9203,12.1865,1375.4,0
2026-10-04 11:11:10,23.047,54.861,1009.674,0.0976,132.82,1.9279,12.1693,1393.85,0
2026-10-04 11:11:20,23.269,55.606,1010.954,0.0849,129.712,1.9475,12.1633,1389.92,0
2026-10-04 11:11:30,23.172,55.967,1010.529,0.0855,131.845,1.8884,12.1374,1373.89,0
2026-10-04 11:11:40,23.177,55.771,1008.943,0.0814,133.064,1.8885,12.1185,1386.95,0
2026-10-04 11:11:50,22.902,55.452,1009.817,0.0937,130.813,1.9524,12.1288,1380.2,0
2026-10-04 11:12:00,22.933,55.733,1010.382,0.1035,137.885,1.9617,12.1499,1384.21,0
2026-10-04 11:12:10,22.729,54.32,1008.676,0.092,129.876,1.8937,12.1892,1404.11,0
2026-10-04 11:12:20,22.971,54.905,1010.249,0.0979,135.274,1.8987,12.1355,1363.68,0
2026-10-04 11:12:30,23.181,54.699,1010.301,0.1029,133.761,1.9335,12.1456,1379.44,0
2026-10-04 11:12:40,23.127,55.755,1009.363,0.0821,124.765,1.9211,12.1543,1375.95,0
2026-10-04 11:12:50,23.037,54.939,1010.382,0.1099,134.842,1.9213,12.1982,1387.2,0
2026-10-04 11:13:00,23.059,55.542,1010.2,0.1044,133.604,1.9004,12.1649,1368.48,0
2026-10-04 11:13:10,22.977,55.375,1009.362,0.0993,130.743,1.9379,12.1692,1366.64,0
2026-10-04 11:13:20,23.083,54.664,1010.841,0.1026,131.526,1.914,12.176,1374.05,0
2026-10-04 11:13:30,23.149,54.79,1010.785,0.103,131.917,1.9132,12.2005,1382.03,0
2026-10-04 11:13:40,22.862,55.718,1009.997,0.0976,134.583,1.8917,12.1676,1367.93,0
2026-10-04 11:13:50,23.09,54.671,1010.062,0.1068,129.237,1.9397,12.1213,1334.85,0
2026-10-04 11:14:00,23.164,55.11,1010.711,0.0917,135.253,1.9109,12.1685,1360.28,0
2026-10-04 11:14:10,23.001,54.644,1010.063,0.0991,127.261,1.9189,12.2012,1395.67,0
2026-10-04 11:14:20,23.133,54.866,1008.854,0.106,125.252,1.9497,12.1811,1397.54,0
2026-10-04 11:14:30,23.386,54.988,1010.547,0.074,132.331,1.8938,12.1704,1366.79,0
2026-10-04 11:14:40,23.034,54.607,1009.639,0.099,134.347,1.9178,12.1738,1401.09,0
2026-10-04 11:14:50,23.092,54.506,1009.936,0.1014,130.049,1.881,12.1189,1369.12,0
2026-10-04 11:15:00,22.955,55.117,1011.231,0.082,123.814,1.9069,12.1153,1350.89,0
2026-10-04 11:15:10,23.064,54.539,1010.118,0.0979,126.152,1.9522,12.187,1369.22,0
2026-10-04 11:15:20,23.095,54.544,1010.215,0.0894,131.952,1.8815,12.1967,1384.59,0
2026-10-04 11:15:30,23.062,54.468,1010.572,0.099,130.632,1.9259,12.1487,1365.13,0
2026-10-04 11:15:40,22.915,54.886,1010.57,0.0951,134.533,1.9601,12.1692,1382.56,0
2026-10-04 11:15:50,23.06,55.384,1009.574,0.0883,130.918,1.9337,12.1797,1377.42,0
2026-10-04 11:16:00,23.21,55.653,1010.177,0.1048,128.495,1.9054,12.2056,1369.02,0
2026-10-04 11:16:10,23.086,54.524,1010.246,0.0927,131.663,1.8922,12.162,1384.87,0
2026-10-04 11:16:20,23.147,55.95,1010.412,0.0982,133.8,1.8717,12.1824,1391.57,0
2026-10-04 11:16:30,23.001,54.36,1010.426,0.1067,134.826,1.959,12.2137,1375.76,0
2026-10-04 11:16:40,23.118,55.392,1012.036,0.0889,130.457,1.9094,12.1567,1381.79,0
2026-10-04 11:16:50,23.06,54.476,1009.403,0.0964,131.011,1.8749,12.1652,1351.01,0
2026-10-04 11:17:00,22.911,54.389,1010.914,0.0924,133.164,1.8944,12.1359,1393.64,0
2026-10-04 11:17:10,23.062,54.439,1011.057,0.0943,128.599,1.8929,12.137,1364.69,0
2026-10-04 11:17:20,22.903,54.773,1010.575,0.1138,133.073,1.9075,12.1852,1359.67,0
2026-10-04 11:17:30,22.945,55.076,1009.777,0.1002,130.184,1.9795,12.1931,1385.81,0
2026-10-04 11:17:40,23.042,55.109,1011.399,0.0992,130.672,1.9429,12.1922,1366.67,0
2026-10-04 11:17:50,23.053,54.289,1008.701,0.1009,130.925,1.9319,12.1372,1361.94,0
2026-10-04 11:18:00,22.874,54.253,1009.758,0.1003,131.323,1.9497,12.1578,1367.87,0
2026-10-04 11:18:10,23.141,54.277,1011.058,0.0823,136.694,1.9656,12.1748,1353.95,0
2026-10-04 11:18:20,23.082,54.667,1009.98,0.1154,129.563,1.9329,12.1058,1361.54,0
2026-10-04 11:18:30,22.927,54.604,1011.358,0.0854,129.736,1.9557,12.174,1387.37,0
2026-10-04 11:18:40,22.826,54.221,1009.184,0.1111,135.346,1.9036,12.2095,1389.45,0
2026-10-04 11:18:50,22.992,54.818,1009.465,0.1022,132.358,1.898,12.1908,1372.87,0
2026-10-04 11:19:00,22.954,55.802,1009.873,0.0988,133.344,1.8938,12.102,1361.63,0
2026-10-04 11:19:10,23.02,54.405,1010.539,0.095,127.968,1.9269,12.1721,1377.96,0
2026-10-04 11:19:20,22.961,54.428,1010.093,0.1184,131.816,1.8538,12.1675,1343.23,0
2026-10-04 11:19:30,22.763,54.911,1009.906,0.1025,133.526,1.9526,12.1688,1389.18,0
2026-10-04 11:19:40,22.956,54.339,1011.246,0.0979,129.089,1.9071,12.1645,1370.5,0
2026-10-04 11:19:50,22.964,54.939,1011.312,0.0936,133.015,1.94,12.1536,1355.96,0
2026-10-04 11:20:00,23.075,54.233,1009.964,0.0927,130.534,1.8845,12.1035,1393.72,0
2026-10-04 11:20:10,22.914,55.495,1009.059,0.0985,129.228,1.9471,12.1693,1371.99,0
2026-10-04 11:20:20,23.198,54.738,1008.747,0.0908,134.222,1.9538,12.1771,1364.9,0
2026-10-04 11:20:30,22.766,54.242,1010.426,0.1037,134.613,1.9218,12.1474,1401.98,0
2026-10-04 11:20:40,23.151,54.244,1010.72,0.0933,131.603,1.9324,12.1927,1363.3,0
2026-10-04 11:20:50,22.966,54.269,1010.306,0.1066,132.586,1.8934,12.1201,1382.35,0
2026-10-04 11:21:00,23.095,55.199,1010.214,0.1065,135.225,1.9202,12.1179,1381.46,0
2026-10-04 11:21:10,23.0,53.864,1009.702,0.0983,130.083,1.9433,12.163,1358.3,0
2026-10-04 11:21:20,23.126,54.151,1010.725,0.1035,132.332,1.9114,12.1437,1368.86,0
2026-10-04 11:21:30,22.941,54.191,1011.443,0.1041,130.144,1.957,12.185,1367.13,0
2026-10-04 11:21:40,22.854,54.451,1008.718,0.0874,128.265,1.8743,12.1499,1344.36,0
2026-10-04 11:21:50,23.155,54.31,1010.217,0.1131,130.154,1.9106,12.1944,1341.35,0
2026-10-04 11:22:00,22.97,53.686,1009.594,0.0973,127.98,1.8707,12.1423,1338.13,0
2026-10-04 11:22:10,23.009,54.218,1009.231,0.1051,132.649,1.9266,12.1638,1363.97,0
2026-10-04 11:22:20,23.129,54.355,1009.485,0.1054,129.073,1.9133,12.1105,1355.77,0
2026-10-04 11:22:30,22.856,54.077,1010.543,0.0799,127.215,1.9141,12.1587,1356.66,0
2026-10-04 11:22:40,23.05,54.721,1010.563,0.0947,133.651,1.937,12.1617,1364.28,0
2026-10-04 11:22:50,22.907,54.823,1011.303,0.1068,133.473,1.9113,12.19,1370.6,0
2026-10-04 11:23:00,22.961,54.311,1010.288,0.1007,130.466,1.9885,12.1219,1365.82,0
2026-10-04 11:23:10,22.984,54.452,1009.053,0.1058,133.583,1.9385,12.1525,1359.9,0
2026-10-04 11:23:20,22.794,53.242,1010.119,0.1512,129.072,1.9189,12.1958,1399.4,1
2026-10-04 11:23:30,22.88,54.098,1009.317,0.1681,130.391,1.9012,12.199,1367.39,1
2026-10-04 11:23:40,23.134,54.798,1009.444,0.167,132.746,1.8953,12.1384,1385.35,1
2026-10-04 11:23:50,23.077,54.07,1010.697,0.1854,134.642,1.9289,12.142,1351.79,1
2026-10-04 11:24:00,22.962,53.899,1010.428,0.174,130.41,1.9047,12.1165,1390.34,1
2026-10-04 11:24:10,22.998,55.393,1010.705,0.1886,129.787,1.9426,12.1058,1362.05,1
2026-10-04 11:24:20,22.932,55.15,1010.045,0.1927,134.539,1.9157,12.1491,1412.28,1
2026-10-04 11:24:30,23.129,54.46,1010.85,0.2084,133.446,1.9157,12.1425,1350.55,1
2026-10-04 11:24:40,22.942,54.782,1010.009,0.2109,132.07,1.9204,12.2101,1354.2,1
2026-10-04 11:24:50,22.992,53.085,1011.082,0.2192,135.184,1.9137,12.1671,1367.35,1
2026-10-04 11:25:00,23.101,53.791,1010.543,0.2232,137.498,1.9243,12.1531,1364.84,1
2026-10-04 11:25:10,22.869,53.936,1010.159,0.233,132.771,1.969,12.1746,1352.55,1
2026-10-04 11:25:20,23.149,54.039,1010.454,0.2445,129.92,1.9307,12.1838,1392.23,1
2026-10-04 11:25:30,22.777,53.898,1010.294,0.2362,133.198,1.9277,12.1883,1390.63,1
2026-10-04 11:25:40,23.155,52.854,1011.426,0.2418,129.263,1.9367,12.1643,1364.98,1
2026-10-04 11:25:50,22.914,54.308,1010.482,0.2686,135.466,1.9142,12.1572,1385.21,1
2026-10-04 11:26:00,22.929,54.372,1010.311,0.2538,129.65,1.8927,12.1616,1391.39,1
2026-10-04 11:26:10,22.73,54.887,1010.146,0.2823,131.192,1.8413,12.156,1369.9,1
2026-10-04 11:26:20,22.901,53.678,1010.905,0.2887,129.275,1.8654,12.1442,1359.99,1
2026-10-04 11:26:30,22.83,53.623,1010.812,0.3039,132.351,1.9352,12.1834,1389.25,1
2026-10-04 11:26:40,22.881,52.704,1010.127,0.302,132.473,1.9257,12.1523,1386.91,1
2026-10-04 11:26:50,22.937,53.883,1009.511,0.3278,134.064,1.9126,12.1317,1351.21,1
2026-10-04 11:27:00,23.068,54.466,1009.69,0.3299,132.211,1.9753,12.1574,1391.25,1
2026-10-04 11:27:10,22.977,53.696,1010.195,0.3189,132.007,1.9153,12.1747,1354.7,1
2026-10-04 11:27:20,22.988,55.059,1011.27,0.3366,130.163,1.857,12.1203,1375.69,1
2026-10-04 11:27:30,22.819,53.845,1010.152,0.3589,131.041,1.9347,12.1498,1357.76,1
2026-10-04 11:27:40,22.844,54.032,1009.913,0.349,127.737,1.9448,12.1364,1372.46,1
2026-10-04 11:27:50,23.165,53.263,1009.098,0.362,136.113,1.9337,12.2109,1371.74,1
2026-10-04 11:28:00,22.86,54.074,1011.392,0.3816,131.665,1.945,12.1585,1403.49,1
2026-10-04 11:28:10,23.146,52.926,1010.732,0.3739,136.886,1.8714,12.1949,1345.68,1
2026-10-04 11:28:20,22.918,54.249,1010.893,0.3951,131.616,1.9177,12.1621,1358.46,1
2026-10-04 11:28:30,22.947,54.25,1011.011,0.3867,126.289,1.8945,12.1642,1363.04,1
2026-10-04 11:28:40,23.074,54.553,1010.224,0.3787,130.66,1.9282,12.1542,1374.97,1
2026-10-04 11:28:50,23.098,53.349,1010.4,0.4195,132.019,1.953,12.15,1365.36,1
2026-10-04 11:29:00,22.931,53.925,1011.385,0.4211,132.238,1.9057,12.1536,1337.09,1
2026-10-04 11:29:10,22.897,54.112,1010.47,0.4295,134.088,1.931,12.1389,1381.13,1
2026-10-04 11:29:20,22.937,54.037,1010.757,0.4246,132.595,1.8927,12.155,1390.11,1
2026-10-04 11:29:30,22.983,53.368,1010.957,0.4331,131.078,1.9141,12.1145,1376.59,1
2026-10-04 11:29:40,23.049,52.591,1010.8,0.4583,129.359,1.9015,12.1593,1363.27,1
2026-10-04 11:29:50,22.942,53.946,1010.262,0.4589,130.901,1.9593,12.1248,1373.21,1
2026-10-04 11:30:00,23.016,53.681,1010.329,0.1062,133.949,1.8871,12.1571,1351.9,0
2026-10-04 11:30:10,23.138,53.46,1010.899,0.1091,134.726,1.9162,12.1627,1386.1,0
2026-10-04 11:30:20,22.986,54.111,1010.9,0.1196,130.144,1.9481,12.1899,1377.67,0
2026-10-04 11:30:30,22.978,53.692,1011.176,0.1135,135.202,1.8651,12.1623,1362.23,0
2026-10-04 11:30:40,22.758,53.04,1010.746,0.1042,133.904,1.9244,12.1476,1371.48,0
2026-10-04 11:30:50,22.624,52.719,1010.78,0.0969,129.55,1.9162,12.1384,1385.75,0
2026-10-04 11:31:00,22.986,53.106,1010.051,0.1131,132.967,1.8963,12.1719,1387.78,0
2026-10-04 11:31:10,22.928,54.852,1009.959,0.1012,133.351,1.9436,12.1514,1369.22,0
2026-10-04 11:31:20,22.877,54.003,1010.914,0.0993,129.064,1.9559,12.135,1402.57,0
2026-10-04 11:31:30,22.968,53.721,1009.967,0.1195,128.196,1.9294,12.1575,1390.92,0
2026-10-04 11:31:40,22.931,53.521,1010.357,0.1161,133.709,1.9053,12.1071,1378.36,0
2026-10-04 11:31:50,23.073,53.474,1011.338,0.1124,130.939,1.8764,12.1554,1364.54,0
2026-10-04 11:32:00,22.948,54.166,1011.229,0.0997,136.854,1.917,12.1338,1365.03,0
2026-10-04 11:32:10,22.848,53.323,1010.588,0.1241,137.495,1.9085,12.145,1373.56,0
2026-10-04 11:32:20,23.056,53.842,1010.171,0.1182,133.763,1.9099,12.2029,1368.93,0
2026-10-04 11:32:30,22.911,53.364,1010.294,0.1077,135.217,1.8996,12.1408,1396.14,0
2026-10-04 11:32:40,23.0,54.494,1010.989,0.1063,129.305,1.8973,12.1725,1356.62,0
2026-10-04 11:32:50,22.88,53.88,1010.358,0.1112,128.396,1.9125,12.1789,1378.3,0
2026-10-04 11:33:00,22.859,54.117,1009.995,0.107,131.982,1.8808,12.1739,1340.74,0
2026-10-04 11:33:10,22.947,53.187,1011.239,0.1287,128.561,1.9373,12.1617,1376.47,0
2026-10-04 11:33:20,22.939,53.994,1010.517,0.1081,133.358,1.8922,12.1246,1383.94,0
2026-10-04 11:33:30,22.995,53.294,1009.987,0.1029,130.099,1.9139,12.1359,1392.51,0
2026-10-04 11:33:40,22.905,53.49,1010.728,0.1243,133.036,1.9028,12.1229,1362.09,0
2026-10-04 11:33:50,22.717,54.238,1011.075,0.1073,131.96,1.927,12.1431,1360.33,0
2026-10-04 11:34:00,22.886,52.884,1009.692,0.1184,134.406,1.9255,12.1433,1386.42,0
2026-10-04 11:34:10,23.033,53.493,1010.258,0.1177,133.487,1.9231,12.1288,1389.05,0
2026-10-04 11:34:20,22.902,53.595,1010.228,0.112,131.311,1.8811,12.1652,1367.77,0
2026-10-04 11:34:30,22.908,53.621,1010.719,0.1049,128.432,1.9053,12.139,1341.84,0
2026-10-04 11:34:40,23.057,53.121,1010.847,0.1125,133.039,1.95,12.1422,1355.41,0
2026-10-04 11:34:50,22.853,54.375,1010.02,0.1038,127.338,1.9012,12.1119,1369.97,0
2026-10-04 11:35:00,22.754,52.669,1009.363,0.1132,136.318,1.9359,12.1527,1350.15,0
2026-10-04 11:35:10,22.92,54.031,1011.132,0.1197,134.181,1.9092,12.1485,1382.41,0
2026-10-04 11:35:20,22.881,53.895,1009.628,0.1275,135.137,1.9015,12.1357,1359.96,0
2026-10-04 11:35:30,22.824,54.223,1010.604,0.1053,129.714,1.9138,12.1601,1370.53,0
2026-10-04 11:35:40,22.919,52.463,1010.323,0.1122,133.705,1.8881,12.1534,1388.1,0
2026-10-04 11:35:50,22.999,52.808,1010.531,0.1102,130.651,1.9313,12.165,1377.26,0
2026-10-04 11:36:00,22.94,53.974,1011.576,0.1168,133.112,1.8872,12.166,1400.98,0
2026-10-04 11:36:10,22.978,52.274,1012.548,0.1027,129.684,1.9222,12.168,1392.86,0
2026-10-04 11:36:20,23.159,52.395,1009.28,0.1077,132.443,1.9352,12.1917,1356.38,0
2026-10-04 11:36:30,22.901,52.939,1011.114,0.1018,128.571,1.9187,12.153,1380.93,0
2026-10-04 11:36:40,22.976,53.264,1010.318,0.104,132.241,1.8936,12.126,1374.41,0
2026-10-04 11:36:50,22.882,53.949,1011.163,0.1105,127.801,1.9123,12.1388,1390.0,0
2026-10-04 11:37:00,22.842,53.045,1011.101,0.1293,137.99,1.8891,12.1393,1380.12,0
2026-10-04 11:37:10,22.874,52.819,1011.42,0.119,133.243,1.902,12.1263,1364.85,0
2026-10-04 11:37:20,22.888,53.264,1010.635,0.1169,132.793,1.894,12.0863,1379.57,0
2026-10-04 11:37:30,22.989,53.328,1009.814,0.1274,134.818,1.8879,12.1548,1366.98,0
2026-10-04 11:37:40,23.229,53.299,1011.088,0.1199,128.905,1.9225,12.1497,1362.9,0
2026-10-04 11:37:50,22.861,52.974,1010.524,0.1209,130.475,1.9311,12.1966,1371.01,0
2026-10-04 11:38:00,22.898,52.071,1010.279,0.1135,134.424,1.9327,12.1949,1376.5,0
2026-10-04 11:38:10,22.941,52.574,1010.112,0.1124,133.328,1.9122,12.1655,1392.36,0
2026-10-04 11:38:20,22.997,53.728,1011.151,0.1073,130.699,1.9427,12.1624,1365.5,0
2026-10-04 11:38:30,22.982,53.097,1011.571,0.1132,134.815,1.8888,12.1275,1344.29,0
2026-10-04 11:38:40,23.106,52.827,1009.614,0.116,133.793,1.9377,12.1528,1370.17,0
2026-10-04 11:38:50,22.661,53.532,1010.888,0.1212,134.414,1.9281,12.1451,1377.07,0
2026-10-04 11:39:00,22.667,52.393,1010.194,0.1184,134.08,1.9062,12.1515,1376.05,0
2026-10-04 11:39:10,22.895,52.831,1009.43,0.116,130.88,1.9105,12.1285,1369.61,0
2026-10-04 11:39:20,23.087,52.997,1010.562,0.1118,132.71,1.9307,12.158,1387.76,0
2026-10-04 11:39:30,22.769,52.693,1009.878,0.1225,127.38,1.9211,12.1132,1378.3,0
2026-10-04 11:39:40,22.597,52.949,1009.359,0.1156,131.432,1.9109,12.2232,1382.76,0
2026-10-04 11:39:50,23.027,52.789,1009.918,0.1226,132.241,1.8929,12.1833,1346.26,0
2026-10-04 11:40:00,22.989,52.169,1009.748,0.1047,134.871,1.8808,12.1802,1371.31,0
2026-10-04 11:40:10,22.83,52.944,1010.016,0.1229,134.54,1.9064,12.115,1371.93,0
2026-10-04 11:40:20,22.844,52.174,1009.543,0.1264,130.76,1.8749,12.1062,1399.38,0
2026-10-04 11:40:30,22.847,52.906,1010.196,0.1256,130.707,1.9216,12.1535,1372.64,0
2026-10-04 11:40:40,22.978,53.495,1009.976,0.1193,136.963,1.8587,12.1389,1364.44,0
2026-10-04 11:40:50,22.891,52.653,1010.74,0.1284,132.174,1.9105,12.1925,1363.67,0
2026-10-04 11:41:00,23.026,52.192,1010.895,0.1112,133.411,1.8957,12.1619,1389.25,0
2026-10-04 11:41:10,22.626,52.7,1010.663,0.1209,135.437,1.8914,12.145,1365.97,0
2026-10-04 11:41:20,22.867,52.332,1010.318,0.1202,132.855,1.8953,12.1829,1361.99,0
2026-10-04 11:41:30,22.836,53.03,1010.302,0.1303,132.652,1.8299,12.1503,1388.65,0
2026-10-04 11:41:40,22.942,52.644,1009.901,0.1061,132.173,1.8907,12.1514,1380.9,0
2026-10-04 11:41:50,22.909,53.558,1009.92,0.114,131.605,1.8799,12.1716,1371.59,0
2026-10-04 11:42:00,23.071,53.269,1010.984,0.1367,133.573,1.8799,12.1284,1355.34,0
2026-10-04 11:42:10,22.754,52.596,1009.262,0.1035,127.69,1.9791,12.1707,1383.69,0
2026-10-04 11:42:20,22.984,53.016,1010.439,0.1296,132.086,1.8661,12.1593,1387.9,0
2026-10-04 11:42:30,23.047,52.446,1010.271,0.1178,134.803,1.9105,12.1219,1361.32,0
2026-10-04 11:42:40,23.205,52.645,1010.919,0.1256,134.466,1.8805,12.1938,1381.21,0
2026-10-04 11:42:50,22.926,52.432,1009.504,0.1351,137.44,1.8774,12.1333,1374.36,0
2026-10-04 11:43:00,23.024,52.981,1010.513,0.1264,135.732,1.8663,12.1037,1362.73,0
2026-10-04 11:43:10,22.77,53.299,1010.746,0.1357,134.457,1.9279,12.125,1369.46,0
2026-10-04 11:43:20,22.702,52.967,1009.175,0.1205,133.33,1.9296,12.1184,1375.54,0
2026-10-04 11:43:30,23.092,53.014,1009.758,0.1218,131.887,1.8837,12.149,1356.61,0
2026-10-04 11:43:40,22.992,52.999,1010.448,0.1312,134.779,1.9218,12.1846,1385.08,0
2026-10-04 11:43:50,23.136,52.798,1010.874,0.1216,134.251,1.8729,12.1501,1365.99,0
2026-10-04 11:44:00,22.831,51.938,1010.644,0.1301,132.17,1.8885,12.1834,1366.72,0
2026-10-04 11:44:10,23.06,53.343,1010.911,0.135,130.704,1.9153,12.1702,1384.5,0
2026-10-04 11:44:20,23.224,53.38,1009.765,0.1327,133.158,1.873,12.0768,1370.26,0
2026-10-04 11:44:30,23.052,52.346,1009.411,0.1134,136.797,1.8793,12.1658,1373.96,0
2026-10-04 11:44:40,23.037,52.263,1010.584,0.1235,133.672,1.8982,12.1286,1375.75,0
2026-10-04 11:44:50,23.007,52.739,1009.667,0.1287,133.438,1.8983,12.1558,1365.84,0
2026-10-04 11:45:00,22.819,52.693,1009.924,0.1247,134.635,1.8701,12.1414,1369.84,0
2026-10-04 11:45:10,23.173,52.302,1011.184,0.1275,134.821,1.9527,12.2124,1377.49,0
2026-10-04 11:45:20,22.939,51.763,1010.666,0.1294,134.136,1.8755,12.1535,1377.67,0
2026-10-04 11:45:30,23.075,52.526,1010.138,0.1231,133.274,1.9202,12.157,1385.95,0
2026-10-04 11:45:40,22.829,52.634,1010.049,0.126,131.888,1.911,12.1693,1386.76,0
2026-10-04 11:45:50,22.877,52.706,1010.975,0.1183,136.439,1.8757,12.1049,1396.62,0
2026-10-04 11:46:00,23.193,52.503,1010.691,0.1241,132.155,1.9072,12.1691,1355.9,0
2026-10-04 11:46:10,22.982,52.178,1009.694,0.1159,138.164,1.8743,12.1365,1392.34,0
2026-10-04 11:46:20,23.2,52.795,1009.183,0.1293,133.922,1.8968,12.1244,1373.69,0
2026-10-04 11:46:30,23.019,52.316,1011.866,0.127,133.628,1.9154,12.1621,1388.82,0
2026-10-04 11:46:40,22.81,52.036,1009.695,0.1215,135.762,1.8806,12.1042,1384.2,0
2026-10-04 11:46:50,23.14,52.163,1010.923,0.1433,131.534,1.9046,12.1648,1370.6,0
2026-10-04 11:47:00,22.965,51.366,1011.613,0.1272,135.226,1.8796,12.1372,1402.22,0
2026-10-04 11:47:10,23.122,52.133,1010.661,0.1317,133.862,1.8982,12.1385,1390.99,0
2026-10-04 11:47:20,23.044,52.553,1010.139,0.1245,134.76,1.8962,12.0848,1386.05,0
2026-10-04 11:47:30,22.858,52.364,1009.564,0.1265,131.488,1.8841,12.1632,1412.75,0
2026-10-04 11:47:40,23.065,52.94,1009.556,0.1326,131.471,1.8472,12.1468,1365.44,0
2026-10-04 11:47:50,23.312,52.033,1010.83,0.1276,128.064,1.9123,12.1288,1380.6,0
2026-10-04 11:48:00,23.11,52.393,1011.584,0.1305,132.201,1.9422,12.1171,1388.82,0
2026-10-04 11:48:10,23.047,52.531,1010.294,0.1371,132.054,1.8957,12.1597,1364.55,0
2026-10-04 11:48:20,23.186,53.291,1010.184,0.1267,131.593,1.8766,12.1487,1370.76,0
2026-10-04 11:48:30,23.085,52.178,1011.063,0.1204,133.259,1.8969,12.14,1395.84,0
2026-10-04 11:48:40,23.087,51.568,1010.097,0.119,133.809,1.92,12.115,1373.61,0
2026-10-04 11:48:50,22.934,52.499,1010.772,0.143,135.127,1.9231,12.1471,1394.3,0
2026-10-04 11:49:00,23.096,52.994,1010.611,0.1391,135.336,1.9136,12.1455,1371.95,0
2026-10-04 11:49:10,23.195,51.885,1010.297,0.1371,135.601,1.9017,12.1722,1411.87,0
2026-10-04 11:49:20,22.973,52.452,1010.575,0.1286,135.737,1.9072,12.1092,1346.61,0
2026-10-04 11:49:30,23.248,52.631,1011.823,0.1216,134.497,1.893,12.1211,1397.05,0
2026-10-04 11:49:40,23.069,52.51,1011.014,0.1302,133.847,1.8658,12.1874,1385.86,0
2026-10-04 11:49:50,22.976,52.05,1011.358,0.1319,136.48,1.88,12.1435,1359.31,0
2026-10-04 11:50:00,23.206,51.623,1009.952,0.1238,135.783,1.8811,12.1449,1379.11,0
2026-10-04 11:50:10,23.055,51.917,1011.365,0.1213,129.268,1.8962,12.1625,1353.74,0
2026-10-04 11:50:20,23.183,52.172,1011.047,0.1194,133.206,1.8445,12.1836,1388.1,0
2026-10-04 11:50:30,23.06,52.382,1009.552,0.1387,128.325,1.9011,12.1091,1374.04,0
2026-10-04 11:50:40,23.091,52.08,1010.982,0.1239,128.277,1.8377,12.1925,1353.93,0
2026-10-04 11:50:50,23.161,51.709,1010.247,0.1362,132.229,1.898,12.1367,1385.85,0
2026-10-04 11:51:00,23.14,52.162,1009.527,0.1308,133.382,1.9167,12.1443,1385.72,0
2026-10-04 11:51:10,22.869,52.3,1010.702,0.1389,132.504,1.9096,12.139,1415.34,0
2026-10-04 11:51:20,22.977,52.045,1010.991,0.137,128.459,1.8645,12.1748,1396.35,0
2026-10-04 11:51:30,23.227,51.422,1010.722,0.1327,136.123,1.9022,12.1612,1348.31,0
2026-10-04 11:51:40,23.103,51.735,1010.542,0.1357,131.687,1.9039,12.1334,1376.38,0
2026-10-04 11:51:50,23.059,52.285,1010.389,0.134,135.286,1.9287,12.1087,1401.07,0
2026-10-04 11:52:00,22.963,51.105,1012.349,0.1301,131.79,1.8949,12.1307,1360.29,0
2026-10-04 11:52:10,23.0,50.735,1009.797,0.1431,132.345,1.9111,12.1032,1373.31,0
2026-10-04 11:52:20,22.89,52.522,1011.238,0.132,135.149,1.8742,12.1587,1385.11,0
2026-10-04 11:52:30,23.124,52.009,1010.64,0.1349,132.811,1.8636,12.1194,1377.36,0
2026-10-04 11:52:40,23.068,52.042,1010.034,0.1244,134.38,1.9062,12.1336,1409.34,0
2026-10-04 11:52:50,23.028,51.186,1010.6,0.1381,134.71,1.9062,12.1653,1388.42,0
2026-10-04 11:53:00,23.139,52.078,1009.661,0.1312,129.607,1.8681,12.156,1386.37,0
2026-10-04 11:53:10,23.195,51.833,1010.222,0.1325,135.331,1.8534,12.1453,1372.32,0
2026-10-04 11:53:20,23.406,50.888,1010.608,0.1297,131.095,1.8864,12.1157,1369.74,0
2026-10-04 11:53:30,22.977,52.378,1009.558,0.1356,130.584,1.8842,12.1476,1388.04,0
2026-10-04 11:53:40,23.302,51.731,1011.0,0.1207,131.747,1.8886,12.1154,1385.48,0
2026-10-04 11:53:50,23.283,51.439,1009.974,0.1424,136.38,1.9046,12.1475,1368.63,0
2026-10-04 11:54:00,23.077,51.434,1009.634,0.1368,129.146,1.9079,12.1023,1390.61,0
2026-10-04 11:54:10,23.199,50.601,1009.897,0.1335,135.909,1.882,12.165,1388.17,0
2026-10-04 11:54:20,23.124,51.891,1012.178,0.1251,134.984,1.8567,12.1397,1382.89,0
2026-10-04 11:54:30,23.205,51.711,1009.273,0.1411,134.198,1.8631,12.1342,1405.61,0
2026-10-04 11:54:40,23.368,51.469,1010.965,0.1327,134.725,1.866,12.1441,1387.75,0
2026-10-04 11:54:50,23.263,52.191,1010.136,0.1484,133.124,1.8776,12.1313,1384.58,0
2026-10-04 11:55:00,23.256,50.845,1010.42,0.142,136.051,1.8674,12.1358,1405.33,0
2026-10-04 11:55:10,23.147,51.224,1011.09,0.1505,132.733,1.8739,12.1662,1386.31,0
2026-10-04 11:55:20,23.025,51.084,1011.058,0.1395,129.148,1.8815,12.1602,1382.77,0
2026-10-04 11:55:30,23.182,51.355,1010.195,0.1472,133.8,1.8633,12.1514,1371.45,0
2026-10-04 11:55:40,23.356,51.514,1009.724,0.1424,136.445,1.8871,12.1398,1390.13,0
2026-10-04 11:55:50,23.033,51.681,1011.112,0.1352,135.526,1.9244,12.1254,1403.43,0
2026-10-04 11:56:00,23.094,51.278,1011.066,0.1405,139.502,1.8742,12.16,1383.41,0
2026-10-04 11:56:10,23.24,50.999,1010.482,0.1324,133.309,1.8611,12.1102,1369.94,0
2026-10-04 11:56:20,23.111,52.267,1010.993,0.1558,133.595,1.8854,12.1774,1405.27,0
2026-10-04 11:56:30,23.138,52.615,1010.374,0.1386,133.386,1.8576,12.1505,1406.08,0
2026-10-04 11:56:40,23.187,51.467,1010.11,0.1398,131.766,1.8735,12.1621,1399.32,0
2026-10-04 11:56:50,23.079,51.003,1010.694,0.1428,132.685,1.8599,12.1441,1392.21,0
2026-10-04 11:57:00,23.13,52.105,1011.057,0.1311,130.997,1.8497,12.1292,1397.3,0
2026-10-04 11:57:10,23.336,50.63,1010.912,0.1505,127.24,1.8542,12.1558,1367.97,0
2026-10-04 11:57:20,23.099,51.172,1011.055,0.1319,132.39,1.8593,12.0967,1382.72,0
2026-10-04 11:57:30,23.069,50.977,1010.168,0.1302,134.21,1.8495,12.1171,1401.82,0
2026-10-04 11:57:40,23.19,50.732,1011.81,0.139,136.041,1.9072,12.1268,1396.99,0
2026-10-04 11:57:50,23.358,51.157,1010.466,0.1303,132.43,1.8856,12.0969,1405.68,0
2026-10-04 11:58:00,23.251,50.851,1010.625,0.1531,132.473,1.8981,12.1472,1415.38,0
2026-10-04 11:58:10,23.224,51.276,1009.787,0.1389,137.266,1.8403,12.1628,1374.08,0
2026-10-04 11:58:20,23.29,51.269,1010.577,0.1151,130.189,1.8665,12.0883,1400.1,0
2026-10-04 11:58:30,23.08,50.931,1011.088,0.1426,133.701,1.884,12.1205,1389.2,0
2026-10-04 11:58:40,23.354,51.043,1011.251,0.1455,137.072,1.9145,12.1265,1386.62,0
2026-10-04 11:58:50,23.345,51.099,1011.813,0.1379,132.083,1.8541,12.1386,1430.63,0
2026-10-04 11:59:00,23.255,51.605,1011.087,0.1305,129.616,1.8404,12.1518,1370.23,0
2026-10-04 11:59:10,23.43,51.113,1010.919,0.1406,139.345,1.877,12.1233,1391.3,0
2026-10-04 11:59:20,23.179,51.585,1010.415,0.1377,136.631,1.855,12.1536,1390.72,0
2026-10-04 11:59:30,23.454,51.452,1010.267,0.1339,136.732,1.9142,12.1321,1395.22,0
2026-10-04 11:59:40,23.343,51.431,1011.411,0.1333,133.982,1.8848,12.1147,1365.16,0
2026-10-04 11:59:50,23.289,51.826,1011.401,0.1432,136.18,1.8637,12.1354,1380.28,0
2026-10-04 12:00:00,23.332,50.559,1009.983,0.1492,126.795,1.8635,12.0979,1395.97,0
2026-10-04 12:00:10,23.327,50.868,1011.246,0.1458,132.962,1.867,12.1229,1374.55,0
2026-10-04 12:00:20,23.491,51.973,1011.197,0.1284,137.125,1.8242,12.1248,1410.03,0
2026-10-04 12:00:30,23.221,50.949,1009.965,0.1472,130.102,1.8706,12.1139,1404.67,0
2026-10-04 12:00:40,23.264,49.656,1011.125,0.1486,133.298,1.857,12.1921,1372.41,0
2026-10-04 12:00:50,23.485,50.949,1010.015,0.1537,135.265,1.8846,12.1612,1393.01,0
2026-10-04 12:01:00,23.294,51.104,1009.052,0.135,131.961,1.846,12.1335,1402.35,0
2026-10-04 12:01:10,23.479,49.715,1010.643,0.1423,134.344,1.8852,12.139,1376.33,0
2026-10-04 12:01:20,23.58,51.677,1010.938,0.1473,135.486,1.8814,12.1411,1373.56,0
2026-10-04 12:01:30,23.334,50.64,1010.679,0.1387,135.243,1.8714,12.1437,1383.11,0
2026-10-04 12:01:40,23.469,51.148,1012.769,0.1474,133.142,1.8984,12.1669,1438.04,0
2026-10-04 12:01:50,23.254,50.857,1011.03,0.1429,131.865,1.8196,12.1509,1414.4,0
2026-10-04 12:02:00,23.489,50.312,1010.87,0.1364,135.548,1.8775,12.0779,1389.11,0
2026-10-04 12:02:10,23.428,50.408,1011.07,0.1372,135.385,1.8649,12.1483,1378.53,0
2026-10-04 12:02:20,23.466,50.462,1010.463,0.1533,135.245,1.8639,12.1063,1386.37,0
2026-10-04 12:02:30,23.338,51.46,1011.425,0.1354,134.726,1.8408,12.1132,1421.84,0
2026-10-04 12:02:40,23.221,50.83,1011.03,0.1341,135.41,1.8295,12.1515,1429.77,0
2026-10-04 12:02:50,23.487,50.629,1011.0,0.1463,137.028,1.887,12.0802,1387.35,0
2026-10-04 12:03:00,23.184,50.41,1010.345,0.1434,135.334,1.884,12.1694,1404.45,0
2026-10-04 12:03:10,23.4,51.462,1009.69,0.1332,134.705,1.9089,12.1469,1396.11,0
2026-10-04 12:03:20,23.556,51.583,1010.436,0.1396,132.838,1.9127,12.1347,1419.36,0
2026-10-04 12:03:30,23.472,51.43,1010.988,0.1373,138.584,1.8245,12.147,1384.16,0
2026-10-04 12:03:40,23.689,51.071,1010.481,0.1388,131.064,1.859,12.1547,1415.52,0
2026-10-04 12:03:50,23.584,50.957,1010.999,0.1642,133.832,1.8688,12.1314,1381.0,0
2026-10-04 12:04:00,23.388,50.191,1010.635,0.1416,132.92,1.8862,12.145,1415.58,0
2026-10-04 12:04:10,23.476,50.663,1011.102,0.137,128.973,1.8975,12.101,1388.87,0
2026-10-04 12:04:20,23.473,50.431,1010.119,0.1603,135.523,1.8357,12.1457,1397.18,0
2026-10-04 12:04:30,23.295,49.847,1010.94,0.1513,133.859,1.8476,12.1404,1392.49,0
2026-10-04 12:04:40,23.378,51.275,1010.359,0.1501,134.571,1.895,12.161,1431.85,0
2026-10-04 12:04:50,23.429,50.386,1009.734,0.1377,133.946,1.8185,12.1292,1417.62,0
2026-10-04 12:05:00,23.258,51.319,1010.697,0.1539,136.749,1.8331,12.1324,1396.81,0
2026-10-04 12:05:10,23.515,51.149,1011.891,0.151,137.14,1.8706,12.1015,1390.88,0
2026-10-04 12:05:20,23.485,50.974,1009.797,0.1456,131.199,1.9106,12.1244,1423.23,0
2026-10-04 12:05:30,23.32,50.989,1010.904,0.1308,139.805,1.817,12.1395,1352.82,0
2026-10-04 12:05:40,23.576,50.363,1011.382,0.1444,133.795,1.86,12.1417,1411.26,0
2026-10-04 12:05:50,23.619,51.586,1012.436,0.1584,136.285,1.872,12.1668,1389.95,0
2026-10-04 12:06:00,23.567,50.666,1010.484,0.1464,135.07,1.8946,12.1353,1438.43,0
2026-10-04 12:06:10,23.507,50.783,1010.389,0.1417,134.852,1.8686,12.1213,1445.86,0
2026-10-04 12:06:20,23.623,50.295,1010.017,0.1429,136.212,1.811,12.1374,1405.63,0
2026-10-04 12:06:30,23.64,50.142,1011.635,0.1435,138.503,1.8246,12.1093,1399.97,0
2026-10-04 12:06:40,23.602,50.833,1010.232,0.1384,136.886,1.8906,12.1562,1406.75,0
2026-10-04 12:06:50,23.472,50.691,1010.582,0.1445,133.831,1.867,12.1056,1396.68,0
2026-10-04 12:07:00,23.611,50.175,1009.55,0.1564,134.314,1.8274,12.1127,1394.37,0
2026-10-04 12:07:10,23.728,49.838,1011.466,0.1555,132.883,1.8676,12.0958,1410.09,0
2026-10-04 12:07:20,23.519,49.91,1011.66,0.1388,136.725,1.8625,12.1246,1416.21,0
2026-10-04 12:07:30,23.849,51.13,1011.444,0.1551,136.355,1.7921,12.1384,1409.13,0
2026-10-04 12:07:40,23.541,50.213,1009.731,0.151,133.565,1.8016,12.1635,1411.77,0
2026-10-04 12:07:50,23.614,50.338,1011.282,0.15,138.577,1.8615,12.1206,1398.21,0
2026-10-04 12:08:00,23.536,51.221,1009.689,0.1484,137.825,1.9042,12.1162,1393.98,0
2026-10-04 12:08:10,23.65,49.922,1010.903,0.1375,140.08,1.8596,12.055,1394.12,0
2026-10-04 12:08:20,23.421,50.107,1011.009,0.1417,132.246,1.7914,12.1271,1420.14,0
2026-10-04 12:08:30,23.571,50.074,1011.085,0.1516,134.321,1.8119,12.122,1410.04,0
2026-10-04 12:08:40,23.512,51.256,1011.245,0.1353,134.038,1.8675,12.1216,1412.16,0
2026-10-04 12:08:50,23.666,51.431,1010.868,0.1367,142.444,1.8698,12.1587,1414.54,0
2026-10-04 12:09:00,23.776,50.798,1009.502,0.1474,134.668,1.8462,12.1345,1408.84,0
2026-10-04 12:09:10,23.741,50.802,1011.253,0.1387,138.44,1.8386,12.1103,1411.63,0
2026-10-04 12:09:20,23.386,50.108,1010.95,0.1516,137.754,1.8702,12.0979,1429.73,0
2026-10-04 12:09:30,23.922,51.36,1010.252,0.139,134.404,1.8776,12.0914,1422.24,0
2026-10-04 12:09:40,23.719,50.508,1009.788,0.1469,134.828,1.8669,12.1091,1408.29,0
2026-10-04 12:09:50,23.598,50.789,1011.967,0.1476,136.235,1.8253,12.1294,1404.08,0
2026-10-04 12:10:00,23.717,50.298,1011.754,0.1411,138.446,1.8713,12.0672,1426.87,0
2026-10-04 12:10:10,23.726,50.205,1011.389,0.143,134.162,1.8396,12.1164,1416.75,0
2026-10-04 12:10:20,23.632,51.159,1010.424,0.1395,133.157,1.833,12.1396,1407.43,0
2026-10-04 12:10:30,23.742,50.585,1009.138,0.1448,137.485,1.8316,12.0935,1392.97,0
2026-10-04 12:10:40,23.653,51.029,1011.438,0.1372,131.253,1.8478,12.1148,1438.05,0
2026-10-04 12:10:50,23.684,50.419,1011.162,0.1431,135.457,1.8611,12.0943,1396.03,0
2026-10-04 12:11:00,23.657,49.856,1010.646,0.1509,137.885,1.796,12.0512,1417.5,0
2026-10-04 12:11:10,23.575,49.977,1011.698,0.1358,136.0,1.8278,12.0987,1440.91,0
2026-10-04 12:11:20,23.771,50.308,1011.507,0.1409,133.013,1.8342,12.092,1408.71,0
2026-10-04 12:11:30,23.831,49.932,1011.04,0.1489,131.716,1.8713,12.1378,1413.45,0
2026-10-04 12:11:40,23.83,49.68,1010.944,0.1282,138.286,1.8233,12.1303,1427.24,0
2026-10-04 12:11:50,23.873,50.823,1010.957,0.1596,134.202,1.8363,12.0921,1396.83,0
2026-10-04 12:12:00,23.821,49.938,1011.4,0.1531,132.03,1.8644,12.1503,1389.98,0
2026-10-04 12:12:10,23.725,50.269,1010.327,0.1324,138.156,1.8448,12.1359,1409.98,0
2026-10-04 12:12:20,23.897,50.336,1011.228,0.1278,137.147,1.8817,12.1112,1416.85,0
2026-10-04 12:12:30,23.641,49.883,1010.288,0.1448,131.594,1.8393,12.1257,1416.98,0
2026-10-04 12:12:40,23.703,50.891,1011.871,0.1356,142.296,1.8897,12.0937,1437.5,0
2026-10-04 12:12:50,23.703,49.596,1011.311,0.1522,133.137,1.8938,12.0556,1402.36,0
2026-10-04 12:13:00,23.955,50.274,1010.459,0.1476,137.115,1.8533,12.1192,1414.69,0
2026-10-04 12:13:10,23.946,50.255,1011.0,0.1454,140.727,1.8519,12.0827,1439.76,0
2026-10-04 12:13:20,23.899,50.093,1010.349,0.1398,137.437,1.855,12.111,1413.29,0
2026-10-04 12:13:30,23.976,49.461,1012.002,0.1571,135.554,1.8611,12.1267,1447.57,0
2026-10-04 12:13:40,23.75,50.534,1012.088,0.1503,130.484,1.8433,12.0677,1414.56,0
2026-10-04 12:13:50,23.904,50.459,1011.442,0.149,140.909,1.8691,12.1213,1407.97,0
2026-10-04 12:14:00,23.855,49.738,1012.047,0.1538,137.385,1.852,12.1366,1418.1,0
2026-10-04 12:14:10,23.979,50.419,1011.066,0.1359,130.55,1.8737,12.0638,1422.89,0
2026-10-04 12:14:20,23.871,50.242,1011.497,0.1543,139.432,1.8024,12.1333,1413.13,0
2026-10-04 12:14:30,23.846,49.403,1011.823,0.1419,134.986,1.8437,12.163,1425.59,0
2026-10-04 12:14:40,23.965,49.606,1010.964,0.1466,133.974,1.8633,12.1089,1417.69,0
2026-10-04 12:14:50,24.012,50.591,1011.021,0.1426,133.095,1.8089,12.1337,1439.28,0
2026-10-04 12:15:00,23.835,50.166,1011.628,0.1288,135.329,1.8478,12.0899,1428.17,0
2026-10-04 12:15:10,23.915,49.718,1011.429,0.1514,137.243,1.8519,12.1378,1421.02,0
2026-10-04 12:15:20,23.803,49.56,1010.451,0.129,133.339,1.8795,12.1274,1416.43,0
2026-10-04 12:15:30,23.638,49.721,1009.452,0.1358,135.21,1.8274,12.1199,1433.53,0
2026-10-04 12:15:40,23.969,49.746,1010.862,0.1399,144.973,1.8408,12.1184,1422.27,0
2026-10-04 12:15:50,24.026,49.534,1009.52,0.1278,136.262,1.8212,12.124,1415.33,0
2026-10-04 12:16:00,23.992,49.076,1010.297,0.1345,137.737,1.8312,12.1124,1411.58,0
2026-10-04 12:16:10,23.734,50.506,1010.382,0.1452,131.968,1.8748,12.0895,1433.23,0
2026-10-04 12:16:20,23.934,50.411,1010.598,0.1404,130.774,1.8332,12.11,1415.98,0
2026-10-04 12:16:30,23.717,49.279,1011.573,0.141,139.244,1.8157,12.1123,1418.88,0
2026-10-04 12:16:40,24.156,49.973,1011.728,0.1357,138.391,1.8285,12.084,1431.99,0
2026-10-04 12:16:50,23.869,49.444,1011.361,0.1433,139.999,1.8197,12.1104,1440.07,0
2026-10-04 12:17:00,24.158,49.754,1011.45,0.1402,134.622,1.8212,12.1115,1433.25,0
2026-10-04 12:17:10,24.128,49.702,1011.47,0.1296,138.628,1.8184,12.0998,1437.43,0
2026-10-04 12:17:20,23.914,49.65,1009.265,0.141,127.205,1.819,12.1215,1435.6,0
2026-10-04 12:17:30,23.894,50.855,1011.023,0.1326,136.495,1.8014,12.1273,1425.4,0
2026-10-04 12:17:40,24.08,49.623,1009.761,0.1496,137.974,1.8324,12.0958,1431.52,0
2026-10-04 12:17:50,23.945,49.429,1011.378,0.1392,132.814,1.8058,12.1159,1453.31,0
2026-10-04 12:18:00,24.066,49.442,1009.559,0.1624,138.049,1.8584,12.1347,1423.3,0
2026-10-04 12:18:10,24.004,50.335,1010.901,0.1499,134.346,1.8216,12.0866,1410.17,0
2026-10-04 12:18:20,23.856,48.977,1011.414,0.141,134.649,1.8392,12.0701,1388.98,0
2026-10-04 12:18:30,23.81,49.412,1010.251,0.1465,134.116,1.8389,12.088,1456.23,0
2026-10-04 12:18:40,24.113,50.507,1011.709,0.1251,139.638,1.7823,12.1245,1457.23,0
2026-10-04 12:18:50,24.026,49.895,1011.393,0.1494,133.534,1.8211,12.0998,1412.98,0
2026-10-04 12:19:00,24.035,49.859,1011.308,0.135,133.171,1.8704,12.0801,1447.45,0
2026-10-04 12:19:10,24.193,50.82,1011.533,0.1422,132.332,1.8076,12.1426,1443.97,0
2026-10-04 12:19:20,24.258,49.867,1010.796,0.1355,133.801,1.8834,12.0812,1438.43,0
2026-10-04 12:19:30,24.093,49.38,1011.157,0.1363,135.494,1.8398,12.1063,1436.68,0
2026-10-04 12:19:40,24.092,49.583,1011.06,0.1397,136.828,1.8387,12.1288,1418.29,0
2026-10-04 12:19:50,24.201,49.147,1011.047,0.1416,132.655,1.8313,12.1269,1431.72,0
2026-10-04 12:20:00,23.987,50.333,1010.588,0.1406,136.037,1.8511,12.1205,1435.32,0
2026-10-04 12:20:10,24.184,49.983,1010.192,0.1407,136.756,1.8521,12.0932,1431.48,0
2026-10-04 12:20:20,24.232,50.248,1010.829,0.1276,132.125,1.8237,12.1236,1429.93,0
2026-10-04 12:20:30,24.255,50.283,1010.793,0.1591,135.115,1.813,12.1099,1450.59,0
2026-10-04 12:20:40,23.949,49.46,1010.555,0.1422,134.674,1.7877,12.1195,1446.64,0
2026-10-04 12:20:50,24.098,49.185,1011.67,0.1437,135.152,1.8432,12.1435,1444.85,0
2026-10-04 12:21:00,24.093,49.623,1010.256,0.1374,133.343,1.8241,12.0792,1446.04,0
2026-10-04 12:21:10,24.218,49.203,1010.959,0.133,134.529,1.801,12.1185,1435.82,0
2026-10-04 12:21:20,24.272,49.712,1011.898,0.141,135.031,1.8072,12.1122,1450.2,0
2026-10-04 12:21:30,24.402,50.187,1011.721,0.142,140.533,1.8195,12.1321,1415.07,0
2026-10-04 12:21:40,24.171,49.527,1011.939,0.15,135.077,1.7963,12.1528,1434.41,0
2026-10-04 12:21:50,24.179,49.677,1010.677,0.156,138.96,1.8216,12.1519,1444.32,0
2026-10-04 12:22:00,24.385,49.546,1011.643,0.1511,139.19,1.7795,12.1289,1442.17,0
2026-10-04 12:22:10,24.291,49.985,1010.352,0.125,130.993,1.8063,12.0929,1439.97,0
2026-10-04 12:22:20,24.415,49.241,1010.906,0.1353,134.078,1.7901,12.0971,1448.59,0
2026-10-04 12:22:30,24.306,48.468,1010.975,0.1415,139.202,1.8238,12.1256,1456.63,0
2026-10-04 12:22:40,24.141,49.792,1010.702,0.1355,135.499,1.7939,12.0752,1419.39,0
2026-10-04 12:22:50,24.128,50.042,1010.855,0.1382,134.609,1.804,12.1014,1440.17,0
2026-10-04 12:23:00,24.11,49.762,1010.766,0.1212,137.21,1.874,12.0886,1425.16,0
2026-10-04 12:23:10,24.384,49.21,1010.426,0.1455,138.164,1.8387,12.0774,1452.38,0
2026-10-04 12:23:20,24.455,48.954,1011.716,0.1231,134.875,1.8317,12.1129,1447.52,0
2026-10-04 12:23:30,24.543,49.76,1010.992,0.1253,134.131,1.8487,12.1263,1422.43,0
2026-10-04 12:23:40,24.43,49.575,1011.264,0.1296,127.876,1.8287,12.1214,1437.22,0
2026-10-04 12:23:50,24.477,49.433,1011.24,0.1368,135.11,1.7803,12.1091,1415.13,0
2026-10-04 12:24:00,24.276,50.398,1011.167,0.1245,133.827,1.7821,12.0972,1452.23,0
2026-10-04 12:24:10,24.215,49.005,1011.197,0.1288,131.952,1.7469,12.0927,1430.28,0
2026-10-04 12:24:20,24.464,50.357,1010.921,0.1463,134.358,1.8193,12.1275,1421.69,0
2026-10-04 12:24:30,24.421,49.477,1012.13,0.1361,133.723,1.7873,12.0927,1433.79,0
2026-10-04 12:24:40,24.392,48.535,1011.673,0.1403,135.484,1.7991,12.0919,1448.07,0
2026-10-04 12:24:50,24.434,49.355,1011.156,0.1267,134.141,1.805,12.1155,1443.94,0
2026-10-04 12:25:00,24.434,49.916,1010.833,0.136,136.32,1.7973,12.0805,1432.64,0
2026-10-04 12:25:10,24.558,49.245,1011.066,0.1352,135.503,1.8113,12.107,1438.73,0
2026-10-04 12:25:20,24.568,48.682,1011.445,0.1297,138.803,1.8046,12.0915,1436.26,0
2026-10-04 12:25:30,24.486,49.329,1012.205,0.1355,133.38,1.8017,12.0877,1426.96,0
2026-10-04 12:25:40,24.53,48.975,1010.197,0.1206,140.324,1.7722,12.0981,1413.32,0
2026-10-04 12:25:50,24.499,49.641,1011.623,0.1391,138.187,1.8165,12.123,1441.54,0
2026-10-04 12:26:00,24.39,49.774,1011.953,0.1322,139.447,1.8644,12.1084,1450.75,0
2026-10-04 12:26:10,24.545,48.851,1010.127,0.1332,135.746,1.8165,12.1112,1442.07,0
2026-10-04 12:26:20,24.295,49.018,1011.043,0.1419,134.145,1.8659,12.1227,1473.38,0
2026-10-04 12:26:30,24.597,49.741,1010.428,0.1383,133.376,1.7946,12.1191,1434.04,0
2026-10-04 12:26:40,24.336,48.926,1011.478,0.1321,140.248,1.8021,12.0989,1442.68,0
2026-10-04 12:26:50,24.522,48.806,1010.928,0.1256,138.282,1.8075,12.1171,1450.93,0
2026-10-04 12:27:00,24.394,48.75,1011.091,0.145,131.968,1.8033,12.0988,1450.58,0
2026-10-04 12:27:10,24.571,49.508,1010.897,0.1234,137.926,1.8362,12.1138,1440.47,0
2026-10-04 12:27:20,24.509,49.478,1011.692,0.139,132.518,1.7519,12.1287,1443.83,0
2026-10-04 12:27:30,24.33,48.974,1011.352,0.121,135.968,1.7949,12.1155,1443.73,0
2026-10-04 12:27:40,24.58,49.311,1011.356,0.1409,137.473,1.8474,12.0712,1455.56,0
2026-10-04 12:27:50,24.468,50.064,1011.31,0.1415,139.37,1.793,12.0898,1435.22,0
2026-10-04 12:28:00,24.652,48.806,1011.601,0.1179,135.709,1.8282,12.1182,1409.47,0
2026-10-04 12:28:10,24.555,48.31,1011.02,0.1366,134.595,1.8197,12.048,1441.17,0
2026-10-04 12:28:20,24.61,49.506,1012.397,0.1358,135.13,1.8024,12.1098,1471.97,0
2026-10-04 12:28:30,24.457,49.216,1010.345,0.1383,138.199,1.8117,12.1082,1459.0,0
2026-10-04 12:28:40,24.509,48.908,1010.004,0.1354,137.364,1.8012,12.1695,1423.79,0
2026-10-04 12:28:50,24.533,49.582,1009.949,0.1245,134.95,1.7498,12.112,1457.78,0
2026-10-04 12:29:00,24.699,49.668,1009.763,0.1303,129.409,1.814,12.0983,1451.12,0
2026-10-04 12:29:10,24.806,48.137,1011.693,0.1452,127.696,1.7867,12.1299,1442.7,0
2026-10-04 12:29:20,24.517,48.908,1011.61,0.1228,135.676,1.7673,12.0921,1432.49,0
2026-10-04 12:29:30,24.751,50.386,1012.073,0.134,131.456,1.8109,12.1016,1436.79,0
2026-10-04 12:29:40,24.37,49.512,1010.491,0.1405,133.413,1.8089,12.1026,1440.93,0
2026-10-04 12:29:50,24.495,49.551,1011.755,0.1231,134.319,1.825,12.1152,1477.19,0
2026-10-04 12:30:00,24.532,49.792,1011.276,0.1195,141.229,1.7935,12.0769,1459.6,0
2026-10-04 12:30:10,24.493,49.207,1011.356,0.1205,135.367,1.8211,12.1207,1439.69,0
2026-10-04 12:30:20,24.474,49.59,1011.681,0.1336,137.16,1.7997,12.0865,1442.54,0
2026-10-04 12:30:30,24.722,49.544,1010.716,0.12,136.513,1.8074,12.151,1450.44,0
2026-10-04 12:30:40,24.655,49.448,1013.06,0.1289,127.734,1.809,12.0615,1444.84,0
2026-10-04 12:30:50,24.735,49.01,1012.184,0.1408,133.801,1.7646,12.0802,1451.91,0
2026-10-04 12:31:00,24.78,49.251,1010.883,0.1292,131.339,1.8069,12.0483,1449.82,0
2026-10-04 12:31:10,24.738,48.864,1010.495,0.1232,140.18,1.7997,12.1729,1453.8,0
2026-10-04 12:31:20,24.793,49.158,1011.2,0.1302,129.541,1.7899,12.068,1422.71,0
2026-10-04 12:31:30,24.714,48.56,1011.392,0.1284,133.736,1.7991,12.1175,1465.02,0
2026-10-04 12:31:40,24.588,48.743,1012.013,0.1324,134.216,1.8596,12.1165,1444.95,0
2026-10-04 12:31:50,24.866,48.99,1010.452,0.1415,132.04,1.7474,12.0755,1467.29,0
2026-10-04 12:32:00,24.677,48.653,1011.473,0.1315,135.301,1.7917,12.1173,1486.96,0
2026-10-04 12:32:10,24.644,48.866,1010.206,0.1444,134.869,1.8149,12.0711,1432.56,0
2026-10-04 12:32:20,24.743,49.03,1011.585,0.1316,135.485,1.763,12.0773,1456.17,0
2026-10-04 12:32:30,24.663,49.307,1011.207,0.1216,136.502,1.803,12.0584,1448.72,0
2026-10-04 12:32:40,24.731,49.574,1012.641,0.1458,135.705,1.8009,12.1141,1461.28,0
2026-10-04 12:32:50,24.831,48.861,1010.207,0.1263,136.135,1.7532,12.0482,1424.08,0
2026-10-04 12:33:00,24.84,49.754,1012.251,0.1186,138.329,1.7779,12.1068,1450.65,0
2026-10-04 12:33:10,24.698,49.55,1010.102,0.1455,130.043,1.8366,12.0937,1444.08,0
2026-10-04 12:33:20,24.756,49.326,1010.369,0.1208,137.091,1.7519,12.1402,1481.1,0
2026-10-04 12:33:30,24.952,49.145,1010.127,0.1203,131.853,1.7802,12.0973,1484.92,0
2026-10-04 12:33:40,24.891,49.222,1011.48,0.1218,133.062,1.7867,12.1175,1453.07,0
2026-10-04 12:33:50,25.088,49.649,1010.486,0.1273,135.351,1.7905,12.1089,1440.49,0
2026-10-04 12:34:00,24.989,49.662,1010.367,0.1332,136.221,1.7796,12.0934,1445.45,0
2026-10-04 12:34:10,24.993,49.711,1011.456,0.1044,136.573,1.7916,12.1237,1458.95,0
2026-10-04 12:34:20,24.698,49.059,1011.633,0.1328,132.149,1.7882,12.1051,1437.68,0
2026-10-04 12:34:30,24.964,49.31,1011.348,0.1207,139.877,1.8065,12.1179,1466.81,0
2026-10-04 12:34:40,24.874,49.698,1011.21,0.1216,133.729,1.8094,12.0721,1456.42,0
2026-10-04 12:34:50,24.823,48.709,1012.606,0.1384,132.823,1.7989,12.1084,1465.04,0
2026-10-04 12:35:00,24.917,48.856,1011.431,0.1262,131.164,1.7934,12.115,1465.94,0
2026-10-04 12:35:10,25.019,49.017,1011.896,0.1278,130.867,1.748,12.0676,1481.05,0
2026-10-04 12:35:20,24.974,49.453,1011.436,0.1236,130.777,1.7895,12.0928,1470.22,0
2026-10-04 12:35:30,24.817,49.456,1010.57,0.1299,135.918,1.8141,12.051,1465.42,0
2026-10-04 12:35:40,25.019,48.877,1011.727,0.1365,136.786,1.7455,12.0546,1465.09,0
2026-10-04 12:35:50,24.862,48.233,1010.886,0.1036,132.379,1.7524,12.0926,1432.01,0
2026-10-04 12:36:00,24.973,49.105,1011.285,0.1318,131.545,1.8223,12.139,1464.71,0
2026-10-04 12:36:10,24.918,48.517,1011.565,0.1353,134.334,1.7471,12.1407,1471.53,0
2026-10-04 12:36:20,24.937,48.226,1009.996,0.1267,135.259,1.7816,12.086,1460.86,0
2026-10-04 12:36:30,25.063,48.333,1010.231,0.117,135.754,1.7699,12.0697,1487.98,0
2026-10-04 12:36:40,24.854,49.123,1011.997,0.113,132.071,1.8191,12.1165,1441.06,0
2026-10-04 12:36:50,25.221,49.635,1010.899,0.1409,134.46,1.7905,12.043,1452.57,0
2026-10-04 12:37:00,24.777,48.969,1010.936,0.1146,139.661,1.8023,12.0829,1454.47,0
2026-10-04 12:37:10,24.932,49.05,1011.487,0.1337,131.373,1.7834,12.0741,1464.47,0
2026-10-04 12:37:20,25.056,49.531,1011.103,0.1245,134.868,1.8315,12.0905,1454.96,0
2026-10-04 12:37:30,25.09,48.162,1011.669,0.1375,136.454,1.7626,12.1269,1446.38,0
2026-10-04 12:37:40,25.016,49.189,1011.344,0.1184,132.048,1.7894,12.0276,1459.98,0
2026-10-04 12:37:50,25.029,48.918,1011.522,0.1078,136.784,1.8118,12.0999,1480.87,0
2026-10-04 12:38:00,25.093,49.202,1010.895,0.1205,130.93,1.8171,12.1006,1477.29,0
2026-10-04 12:38:10,25.024,48.673,1011.525,0.1083,136.849,1.7729,12.0903,1455.88,0
2026-10-04 12:38:20,25.227,48.501,1012.166,0.1414,135.073,1.7285,12.0989,1461.03,0
2026-10-04 12:38:30,25.169,48.975,1010.998,0.1248,130.682,1.7691,12.1043,1455.3,0
2026-10-04 12:38:40,25.181,49.725,1012.04,0.1258,137.001,1.8219,12.0953,1448.37,0
2026-10-04 12:38:50,24.968,49.326,1011.366,0.1256,132.248,1.7588,12.0403,1474.02,0
2026-10-04 12:39:00,25.083,48.637,1011.919,0.1136,134.473,1.7848,12.0687,1448.72,0
2026-10-04 12:39:10,25.064,48.215,1011.499,0.1178,136.821,1.7694,12.1307,1478.21,0
2026-10-04 12:39:20,24.987,48.04,1011.388,0.1195,132.035,1.7749,12.0615,1495.87,0
2026-10-04 12:39:30,25.159,49.535,1011.66,0.134,133.341,1.8091,12.0925,1474.56,0
2026-10-04 12:39:40,25.059,48.395,1012.268,0.1089,138.302,1.7822,12.0723,1478.59,0
2026-10-04 12:39:50,25.211,48.705,1011.587,0.1122,128.711,1.8265,12.105,1478.48,0
2026-10-04 12:40:00,25.011,49.524,1011.759,0.1149,139.174,1.7995,12.0849,1462.57,0
2026-10-04 12:40:10,25.354,48.052,1011.17,0.1121,130.522,1.7779,12.1062,1475.77,0
2026-10-04 12:40:20,25.048,49.601,1012.531,0.1056,132.814,1.7719,12.0992,1475.23,0
2026-10-04 12:40:30,25.19,48.723,1011.882,0.0955,135.757,1.7821,12.0797,1461.48,0
2026-10-04 12:40:40,25.266,48.272,1011.492,0.1023,136.716,1.7426,12.0336,1433.45,0
2026-10-04 12:40:50,25.11,48.718,1011.355,0.1254,135.798,1.7466,12.0675,1455.79,0
2026-10-04 12:41:00,25.289,48.476,1012.128,0.1164,135.042,1.7915,12.0588,1457.7,0
2026-10-04 12:41:10,25.047,49.054,1011.023,0.1229,133.589,1.7952,12.0585,1479.67,0
2026-10-04 12:41:20,25.377,48.505,1010.202,0.1113,139.578,1.7387,12.1012,1450.3,0
2026-10-04 12:41:30,25.212,47.87,1011.504,0.115,137.21,1.7929,12.1391,1500.87,0
2026-10-04 12:41:40,25.146,48.711,1012.29,0.1284,138.415,1.7666,12.0267,1497.56,0
2026-10-04 12:41:50,25.19,48.139,1012.574,0.1277,133.621,1.7498,12.0505,1489.23,0
2026-10-04 12:42:00,25.33,48.916,1011.388,0.1226,127.897,1.7623,12.0938,1466.11,0
2026-10-04 12:42:10,25.171,48.216,1011.497,0.1165,137.939,1.792,12.0815,1442.9,0
2026-10-04 12:42:20,25.159,48.562,1011.833,0.1188,135.944,1.7846,12.099,1486.89,0
2026-10-04 12:42:30,25.23,48.893,1011.288,0.1174,135.42,1.7764,12.0863,1463.5,0
2026-10-04 12:42:40,25.122,48.692,1011.838,0.1129,133.166,1.778,12.1203,1486.85,0
2026-10-04 12:42:50,25.49,48.92,1011.42,0.1108,133.82,1.7396,12.1014,1484.38,0
2026-10-04 12:43:00,25.211,49.131,1012.191,0.1228,133.064,1.7814,12.1089,1469.07,0
2026-10-04 12:43:10,25.386,48.208,1011.992,0.1032,134.993,1.7559,12.1123,1457.69,0
2026-10-04 12:43:20,25.319,48.751,1012.056,0.1252,131.447,1.8175,12.0568,1479.12,0
2026-10-04 12:43:30,25.183,47.115,1011.349,0.1109,137.138,1.757,12.1012,1453.08,0
2026-10-04 12:43:40,25.308,48.9,1012.844,0.1024,140.957,1.8218,12.1024,1481.16,0
2026-10-04 12:43:50,25.411,48.623,1011.838,0.1083,133.05,1.7617,12.0776,1484.31,0
2026-10-04 12:44:00,25.301,48.278,1011.675,0.1055,130.061,1.7629,12.0773,1467.68,0
2026-10-04 12:44:10,25.474,48.924,1010.973,0.1077,134.529,1.7576,12.0778,1455.34,0
2026-10-04 12:44:20,25.461,49.349,1011.441,0.1073,135.777,1.7331,12.0637,1502.62,0
2026-10-04 12:44:30,25.456,48.522,1011.592,0.1068,136.187,1.7973,12.051,1470.49,0
2026-10-04 12:44:40,25.298,48.284,1010.964,0.1092,139.631,1.7661,12.139,1475.72,0
2026-10-04 12:44:50,25.231,48.836,1011.314,0.1109,137.267,1.779,12.1122,1495.51,0
2026-10-04 12:45:00,25.295,48.082,1011.406,0.1173,129.381,1.8033,12.0857,1470.93,0
2026-10-04 12:45:10,25.399,48.417,1011.564,0.109,131.103,1.7592,12.0482,1468.34,0
2026-10-04 12:45:20,25.448,49.355,1010.294,0.1134,136.024,1.7598,12.0983,1510.22,0
2026-10-04 12:45:30,25.129,48.772,1011.437,0.1106,133.44,1.7653,12.0754,1469.39,0
2026-10-04 12:45:40,25.396,47.798,1011.271,0.1147,139.344,1.7293,12.0804,1498.94,0
2026-10-04 12:45:50,25.423,47.836,1011.524,0.1105,131.983,1.7152,12.1404,1483.3,0
2026-10-04 12:46:00,25.378,48.813,1012.266,0.1048,137.672,1.7229,12.1315,1483.29,0
2026-10-04 12:46:10,25.574,49.16,1012.982,0.1024,132.838,1.7912,12.0247,1474.02,0
2026-10-04 12:46:20,25.477,47.917,1012.023,0.1112,135.568,1.7516,12.0928,1478.93,0
2026-10-04 12:46:30,25.59,48.948,1010.687,0.1195,132.293,1.779,12.0877,1509.04,0
2026-10-04 12:46:40,25.414,49.386,1011.313,0.1073,136.449,1.7525,12.0922,1495.37,0
2026-10-04 12:46:50,25.56,49.662,1011.975,0.1033,137.986,1.7191,12.0693,1462.4,0
2026-10-04 12:47:00,25.65,48.881,1011.9,0.1067,135.522,1.7798,12.0831,1468.28,0
2026-10-04 12:47:10,25.619,48.966,1012.256,0.1041,140.486,1.7356,12.0555,1489.2,0
2026-10-04 12:47:20,25.337,47.643,1011.5,0.103,132.592,1.7719,12.1086,1493.34,0
2026-10-04 12:47:30,25.445,49.757,1011.317,0.0966,135.043,1.7801,12.1077,1495.56,0
2026-10-04 12:47:40,25.441,48.417,1012.801,0.106,137.282,1.7555,12.1234,1483.21,0
2026-10-04 12:47:50,25.548,48.236,1011.619,0.1096,131.89,1.7681,12.0629,1471.93,0
2026-10-04 12:48:00,25.578,48.572,1010.87,0.0989,134.921,1.7202,12.0888,1472.82,0
2026-10-04 12:48:10,25.402,49.453,1012.617,0.1003,136.722,1.8286,12.133,1450.76,0
2026-10-04 12:48:20,25.518,49.799,1010.541,0.0996,137.512,1.7661,12.0648,1510.07,0
2026-10-04 12:48:30,25.274,48.755,1009.145,0.0959,138.145,1.7742,12.0563,1446.43,0
2026-10-04 12:48:40,25.696,49.189,1012.133,0.0991,132.107,1.7776,12.0889,1482.55,0
2026-10-04 12:48:50,25.469,48.71,1012.235,0.105,135.574,1.7504,12.1104,1459.9,0
2026-10-04 12:49:00,25.544,48.167,1011.891,0.0957,130.759,1.7554,12.0644,1478.0,0
2026-10-04 12:49:10,25.506,49.422,1010.693,0.1051,132.526,1.7802,12.1292,1495.71,0
2026-10-04 12:49:20,25.688,48.371,1011.567,0.1004,134.171,1.7435,12.0579,1453.06,0
2026-10-04 12:49:30,25.216,49.447,1011.417,0.0984,138.12,1.7621,12.097,1492.95,0
2026-10-04 12:49:40,25.562,49.327,1011.238,0.1087,136.267,1.7637,12.0635,1501.02,0
2026-10-04 12:49:50,25.557,48.982,1012.606,0.1004,134.798,1.7332,12.0686,1481.99,0
2026-10-04 12:50:00,25.522,49.588,1010.889,0.1015,136.018,1.7623,12.1007,1529.63,0
2026-10-04 12:50:10,25.79,49.788,1011.846,0.1155,136.23,1.7085,12.0747,1455.16,0
2026-10-04 12:50:20,25.483,48.582,1012.464,0.0976,135.768,1.7734,12.0418,1463.43,0
2026-10-04 12:50:30,25.689,48.263,1011.898,0.1173,132.93,1.7893,12.0597,1484.87,0
2026-10-04 12:50:40,25.646,47.734,1012.503,0.1018,131.78,1.7723,12.0975,1485.47,0
2026-10-04 12:50:50,25.761,49.786,1012.033,0.0953,133.975,1.7867,12.0892,1491.72,0
2026-10-04 12:51:00,25.536,48.442,1011.942,0.0998,132.257,1.7299,12.0973,1504.21,0
2026-10-04 12:51:10,25.534,49.228,1011.902,0.1046,136.497,1.7429,12.0639,1471.74,0
2026-10-04 12:51:20,25.76,48.288,1012.078,0.1139,139.214,1.7513,12.0523,1470.5,0
2026-10-04 12:51:30,25.686,49.426,1011.382,0.1101,136.312,1.751,12.0582,1480.74,0
2026-10-04 12:51:40,25.456,48.305,1010.744,0.1041,129.185,1.7365,12.0597,1506.91,0
2026-10-04 12:51:50,25.583,48.058,1012.326,0.1135,132.71,1.7242,12.0772,1503.87,0
2026-10-04 12:52:00,25.7,48.548,1012.475,0.0882,134.658,1.7898,12.0486,1490.97,0
2026-10-04 12:52:10,25.76,48.385,1011.841,0.105,130.293,1.7254,12.1046,1484.67,0
2026-10-04 12:52:20,25.584,48.948,1011.284,0.1054,134.685,1.7873,12.0907,1490.29,0
2026-10-04 12:52:30,25.322,48.622,1010.581,0.1053,135.994,1.7579,12.0561,1498.3,0
2026-10-04 12:52:40,25.741,48.96,1011.735,0.0897,138.806,1.7502,12.0726,1494.63,0
2026-10-04 12:52:50,25.538,48.5,1010.734,0.0943,140.029,1.7584,12.0552,1472.31,0
2026-10-04 12:53:00,25.448,48.311,1010.64,0.1009,130.992,1.7825,12.0735,1471.54,0
2026-10-04 12:53:10,25.356,48.351,1011.671,0.111,134.211,1.6784,12.0562,1490.11,0
2026-10-04 12:53:20,25.8,49.664,1011.154,0.1173,134.243,1.7526,12.1304,1505.14,0
2026-10-04 12:53:30,25.724,48.753,1011.934,0.0965,132.409,1.747,12.0369,1478.64,0
2026-10-04 12:53:40,25.687,47.647,1011.584,0.0911,134.838,1.7476,12.0448,1500.94,0
2026-10-04 12:53:50,25.887,48.378,1011.274,0.108,134.295,1.7661,12.0705,1468.28,0
2026-10-04 12:54:00,25.802,48.685,1010.509,0.1222,136.37,1.7269,12.0786,1496.45,0
2026-10-04 12:54:10,25.926,49.558,1011.109,0.11,138.592,1.7131,12.0786,1483.93,0
2026-10-04 12:54:20,25.571,49.149,1011.138,0.095,134.913,1.7069,12.0989,1464.58,0
2026-10-04 12:54:30,25.739,48.173,1010.855,0.1238,133.039,1.7184,12.0868,1488.01,0
2026-10-04 12:54:40,25.555,49.842,1011.486,0.1062,131.426,1.7579,12.0526,1477.53,0
2026-10-04 12:54:50,25.727,48.616,1010.916,0.0943,140.623,1.753,12.102,1492.6,0
2026-10-04 12:55:00,25.731,49.254,1011.608,0.1159,137.21,1.7621,12.091,1503.21,0
2026-10-04 12:55:10,25.841,48.052,1011.894,0.0934,135.681,1.7281,12.1098,1504.15,0
2026-10-04 12:55:20,25.777,47.43,1011.151,0.0952,133.977,1.7289,12.0762,1467.91,0
2026-10-04 12:55:30,25.852,47.924,1012.031,0.1059,139.304,1.7803,12.1021,1506.46,0
2026-10-04 12:55:40,25.867,47.002,1010.783,0.0997,133.983,1.764,12.0066,1504.29,0
2026-10-04 12:55:50,26.047,49.683,1010.961,0.1001,129.318,1.757,12.0623,1492.01,0
2026-10-04 12:56:00,25.756,48.733,1011.664,0.1,135.243,1.6922,12.0515,1479.61,0
2026-10-04 12:56:10,25.687,48.163,1012.228,0.1084,130.757,1.7864,12.0917,1492.78,0
2026-10-04 12:56:20,25.834,48.851,1012.357,0.0808,135.24,1.7348,12.0555,1523.33,0
2026-10-04 12:56:30,25.714,48.719,1012.882,0.1015,138.459,1.7411,12.0982,1508.38,0
2026-10-04 12:56:40,25.993,48.934,1011.493,0.0968,129.401,1.7476,12.0934,1514.28,0
2026-10-04 12:56:50,25.787,49.228,1011.671,0.093,131.713,1.7402,12.0583,1485.12,0
2026-10-04 12:57:00,25.758,48.477,1011.041,0.0929,136.999,1.7314,12.0793,1492.23,0
2026-10-04 12:57:10,25.775,48.182,1010.89,0.0777,132.899,1.739,12.0679,1481.02,0
2026-10-04 12:57:20,25.923,49.035,1011.931,0.0923,135.635,1.7509,12.076,1490.76,0
2026-10-04 12:57:30,25.823,49.022,1011.231,0.1089,135.634,1.7559,12.0916,1521.37,0
2026-10-04 12:57:40,25.77,48.671,1012.64,0.1051,137.044,1.7648,12.0646,1494.51,0
2026-10-04 12:57:50,26.052,49.709,1010.757,0.0968,132.428,1.7065,12.0312,1491.17,0
2026-10-04 12:58:00,25.755,48.401,1012.125,0.0869,126.704,1.7199,12.0873,1505.35,0
2026-10-04 12:58:10,25.867,48.17,1011.084,0.1047,135.543,1.7546,12.0991,1493.4,0
2026-10-04 12:58:20,25.946,48.828,1011.217,0.1085,129.638,1.6936,12.0296,1503.66,0
2026-10-04 12:58:30,25.677,48.282,1012.172,0.1062,137.142,1.7366,12.071,1494.0,0
2026-10-04 12:58:40,25.935,48.867,1011.325,0.09,134.202,1.7126,12.0485,1505.64,0
2026-10-04 12:58:50,25.756,48.202,1011.441,0.0908,133.433,1.7456,12.0998,1497.33,0
2026-10-04 12:59:00,25.986,48.418,1011.237,0.1108,136.385,1.7104,12.101,1486.51,0
2026-10-04 12:59:10,25.776,49.564,1013.058,0.0878,129.08,1.7222,12.0511,1519.34,0
2026-10-04 12:59:20,25.98,48.416,1011.38,0.1012,133.697,1.7236,12.0383,1531.05,0
2026-10-04 12:59:30,26.034,48.219,1011.852,0.0831,135.634,1.7366,12.0771,1511.49,0
2026-10-04 12:59:40,26.01,49.204,1011.678,0.0948,135.04,1.7541,12.0431,1481.75,0
2026-10-04 12:59:50,25.941,48.093,1011.977,0.1018,132.807,1.7556,12.0921,1501.1,0
2026-10-04 13:00:00,25.888,48.272,1011.396,0.0968,132.83,1.7346,12.0673,1508.44,0
2026-10-04 13:00:10,25.851,48.907,1011.689,0.1011,138.887,1.7014,12.1105,1479.73,0
2026-10-04 13:00:20,26.102,49.088,1012.109,0.087,136.988,1.7933,12.1115,1497.21,0
2026-10-04 13:00:30,25.846,49.229,1011.232,0.0902,132.249,1.7263,12.1089,1484.42,0
2026-10-04 13:00:40,25.81,48.245,1012.602,0.1005,138.279,1.735,12.08,1490.29,0
2026-10-04 13:00:50,26.018,48.917,1012.673,0.1022,136.49,1.7338,12.0461,1511.07,0
2026-10-04 13:01:00,25.848,48.386,1012.271,0.0983,135.682,1.7363,12.0325,1505.47,0
2026-10-04 13:01:10,25.833,48.317,1011.899,0.104,135.788,1.7059,12.0843,1490.02,0
2026-10-04 13:01:20,25.779,49.221,1009.76,0.0831,130.761,1.7377,12.086,1505.68,0
2026-10-04 13:01:30,25.898,48.345,1012.154,0.0926,138.707,1.772,12.0757,1501.49,0
2026-10-04 13:01:40,25.951,48.759,1011.587,0.1108,137.037,1.6759,12.0358,1520.4,0
2026-10-04 13:01:50,25.994,48.698,1011.692,0.1064,134.91,1.7266,12.0489,1476.28,0
2026-10-04 13:02:00,26.083,48.086,1010.539,0.1012,134.896,1.6974,12.0708,1496.51,0
2026-10-04 13:02:10,26.037,49.105,1012.217,0.0948,133.883,1.7499,12.0532,1530.62,0
2026-10-04 13:02:20,25.955,48.902,1010.861,0.1042,132.442,1.7533,12.049,1490.63,0
2026-10-04 13:02:30,25.958,47.629,1011.961,0.0993,135.743,1.7213,12.0441,1492.1,0
2026-10-04 13:02:40,26.047,48.762,1012.515,0.0837,131.745,1.7257,12.0647,1500.78,0
2026-10-04 13:02:50,26.143,48.237,1011.557,0.1038,134.574,1.7018,12.0627,1527.81,0
2026-10-04 13:03:00,26.009,49.172,1012.74,0.0888,134.405,1.6646,12.0471,1515.03,0
2026-10-04 13:03:10,25.942,47.902,1011.369,0.1018,135.26,1.7164,12.0679,1493.29,0
2026-10-04 13:03:20,25.883,48.447,1012.316,0.0827,136.919,1.7175,12.0737,1508.18,0
2026-10-04 13:03:30,25.832,48.807,1010.986,0.1084,135.296,1.7236,12.0761,1504.4,0
2026-10-04 13:03:40,26.09,48.654,1012.624,0.0933,136.158,1.6403,12.0432,1516.64,0
2026-10-04 13:03:50,26.083,49.009,1012.519,0.0866,128.249,1.6788,12.0593,1509.49,0
2026-10-04 13:04:00,26.087,47.869,1012.238,0.0899,135.44,1.6845,12.0673,1513.29,0
2026-10-04 13:04:10,26.006,49.454,1011.638,0.0927,134.275,1.7234,12.0698,1505.74,0
2026-10-04 13:04:20,26.194,48.892,1010.935,0.0953,135.156,1.7356,12.0332,1530.62,0
2026-10-04 13:04:30,25.97,49.31,1011.647,0.1059,132.444,1.6916,12.0579,1510.35,0
2026-10-04 13:04:40,26.147,49.068,1012.701,0.0959,137.475,1.7134,12.0811,1501.82,0
2026-10-04 13:04:50,26.031,48.626,1012.018,0.0779,134.764,1.7055,12.0512,1527.34,0
2026-10-04 13:05:00,25.966,47.99,1010.844,0.0854,131.769,1.7705,12.0748,1520.5,0
2026-10-04 13:05:10,26.114,48.352,1011.147,0.1173,132.289,1.7098,12.0662,1498.21,0
2026-10-04 13:05:20,26.096,49.429,1012.815,0.0963,136.693,1.7084,12.0541,1452.97,0
2026-10-04 13:05:30,26.093,49.328,1012.283,0.1028,133.72,1.6984,12.097,1520.38,0
2026-10-04 13:05:40,26.063,48.326,1011.081,0.0927,133.952,1.6709,12.0578,1505.95,0
2026-10-04 13:05:50,26.052,47.228,1010.712,0.0871,133.363,1.7343,12.0599,1513.33,0
2026-10-04 13:06:00,26.347,48.532,1011.514,0.0912,136.98,1.7112,12.0529,1530.64,0
2026-10-04 13:06:10,26.206,48.495,1010.66,0.0961,135.384,1.7078,12.1019,1498.82,0
2026-10-04 13:06:20,26.154,48.515,1011.85,0.0914,130.366,1.7218,12.0995,1496.44,0
2026-10-04 13:06:30,26.084,48.906,1013.679,0.1104,130.99,1.6775,12.0932,1492.58,0
2026-10-04 13:06:40,26.194,49.08,1010.848,0.0901,133.921,1.7609,12.0862,1546.77,0
2026-10-04 13:06:50,26.139,49.139,1011.839,0.0866,131.969,1.6708,12.0422,1531.8,0
2026-10-04 13:07:00,26.083,48.867,1012.892,0.1015,127.406,1.7604,12.0529,1524.2,0
2026-10-04 13:07:10,26.046,47.745,1012.501,0.1025,131.643,1.7154,12.0447,1485.42,0
2026-10-04 13:07:20,26.076,48.476,1011.876,0.0952,133.033,1.7058,12.0896,1493.17,0
2026-10-04 13:07:30,25.708,49.8,1011.881,0.0902,132.658,1.7319,12.1221,1525.26,0
2026-10-04 13:07:40,26.117,48.836,1011.178,0.0798,136.01,1.7062,12.0805,1520.94,0
2026-10-04 13:07:50,26.036,48.834,1011.804,0.1048,127.134,1.7379,12.1053,1511.04,0
2026-10-04 13:08:00,26.289,48.832,1012.165,0.102,131.511,1.722,12.0747,1495.03,0
2026-10-04 13:08:10,26.103,48.861,1012.772,0.0915,136.205,1.7318,12.071,1531.33,0
2026-10-04 13:08:20,25.961,47.463,1011.567,0.0955,131.805,1.7397,12.0484,1542.57,0
2026-10-04 13:08:30,26.1,48.536,1011.872,0.0932,130.163,1.709,12.0781,1522.46,0
2026-10-04 13:08:40,25.984,48.638,1011.344,0.1081,131.745,1.7372,12.0855,1504.73,0
2026-10-04 13:08:50,26.169,49.299,1012.17,0.0868,135.115,1.7258,12.0888,1539.12,0
2026-10-04 13:09:00,26.15,48.684,1012.564,0.0901,133.006,1.7459,12.0649,1518.98,0
2026-10-04 13:09:10,26.232,47.838,1012.46,0.0894,131.581,1.7031,12.0671,1541.08,0
2026-10-04 13:09:20,26.025,48.878,1011.204,0.0976,135.191,1.7461,12.0605,1511.45,0
2026-10-04 13:09:30,26.127,48.262,1012.129,0.0956,134.86,1.6923,12.0478,1547.93,0
2026-10-04 13:09:40,25.961,48.057,1011.556,0.0968,129.934,1.6612,12.0838,1510.46,0
2026-10-04 13:09:50,26.212,48.25,1012.741,0.0882,133.998,1.677,12.0142,1507.45,0
2026-10-04 13:10:00,26.192,48.94,1011.924,0.1071,129.805,1.7025,12.0197,1529.98,0
2026-10-04 13:10:10,26.192,49.299,1010.977,0.0916,137.203,1.7171,12.0476,1516.63,0
2026-10-04 13:10:20,26.135,48.913,1011.89,0.1048,137.375,1.7107,12.0293,1523.71,0
2026-10-04 13:10:30,26.187,48.989,1012.369,0.1204,132.808,1.7297,12.0882,1502.8,0
2026-10-04 13:10:40,26.332,48.911,1012.222,0.0884,136.855,1.6797,12.0498,1503.25,0
2026-10-04 13:10:50,26.108,48.727,1011.697,0.0981,131.381,1.7525,12.0827,1512.71,0
2026-10-04 13:11:00,26.161,49.026,1011.649,0.0944,133.219,1.7428,12.0932,1523.98,0
2026-10-04 13:11:10,26.016,47.47,1011.371,0.1117,131.873,1.7323,12.062,1507.11,0
2026-10-04 13:11:20,26.044,48.737,1011.789,0.0933,133.543,1.7402,12.0685,1534.98,0
2026-10-04 13:11:30,26.163,48.16,1011.47,0.0976,133.804,1.6695,12.0908,1517.5,0
2026-10-04 13:11:40,26.285,49.266,1012.752,0.0974,133.587,1.7255,12.085,1544.89,0
2026-10-04 13:11:50,26.124,48.613,1011.446,0.0949,133.313,1.7263,12.0081,1503.67,0
2026-10-04 13:12:00,26.129,48.704,1012.166,0.1018,133.954,1.7317,12.0494,1524.75,0
2026-10-04 13:12:10,26.11,47.937,1012.122,0.0965,137.327,1.7284,12.0724,1526.67,0
2026-10-04 13:12:20,26.097,49.2,1012.749,0.0997,127.517,1.7181,12.0648,1524.01,0
2026-10-04 13:12:30,26.198,49.007,1012.853,0.0976,139.302,1.7169,12.0345,1519.37,0
2026-10-04 13:12:40,25.985,48.974,1012.582,0.0911,132.475,1.7363,12.0164,1532.97,0
2026-10-04 13:12:50,26.32,48.29,1012.345,0.0939,133.282,1.6906,12.0743,1501.89,0
2026-10-04 13:13:00,26.089,48.312,1011.368,0.1005,137.493,1.7151,12.0378,1524.83,0
2026-10-04 13:13:10,26.257,48.812,1011.357,0.1006,135.313,1.6919,12.0553,1505.94,0
2026-10-04 13:13:20,26.02,48.355,1011.517,0.1062,135.087,1.7016,12.0622,1512.21,0
2026-10-04 13:13:30,26.254,48.922,1012.639,0.1112,137.207,1.6384,12.0543,1525.08,0
2026-10-04 13:13:40,26.256,47.626,1012.167,0.0922,132.965,1.6832,12.035,1535.43,0
2026-10-04 13:13:50,26.223,48.464,1012.728,0.0975,136.204,1.6938,12.0561,1500.75,0
2026-10-04 13:14:00,26.059,49.608,1012.825,0.095,129.654,1.6938,12.0444,1546.27,0
2026-10-04 13:14:10,26.21,48.932,1011.619,0.0877,134.677,1.6958,12.0992,1536.69,0
2026-10-04 13:14:20,26.04,48.797,1012.153,0.1012,135.098,1.6743,12.063,1522.46,0
2026-10-04 13:14:30,26.153,49.708,1012.125,0.103,136.839,1.6954,12.1217,1505.94,0
2026-10-04 13:14:40,26.308,47.55,1011.908,0.0882,135.512,1.7305,12.0245,1545.03,0
2026-10-04 13:14:50,26.282,48.312,1011.767,0.0939,133.99,1.6957,12.0498,1529.18,0
2026-10-04 13:15:00,26.189,48.521,1012.974,0.0932,132.412,1.7354,12.0495,1529.31,0
2026-10-04 13:15:10,26.072,49.153,1012.185,0.085,132.367,1.7335,12.0376,1512.36,0
2026-10-04 13:15:20,26.268,49.163,1012.161,0.0969,132.38,1.6878,12.0481,1525.58,0
2026-10-04 13:15:30,26.194,48.295,1011.594,0.0881,129.436,1.7164,12.0447,1513.42,0
2026-10-04 13:15:40,25.914,49.229,1012.632,0.0987,138.548,1.6691,12.0321,1541.18,0
2026-10-04 13:15:50,26.288,48.53,1011.459,0.0996,136.301,1.6754,12.1013,1541.68,0
2026-10-04 13:16:00,26.192,49.34,1012.485,0.1007,134.057,1.7043,12.0542,1520.92,0
2026-10-04 13:16:10,26.341,48.219,1012.508,0.1012,135.726,1.7139,12.0793,1514.58,0
2026-10-04 13:16:20,26.066,48.676,1011.885,0.11,135.528,1.7413,12.0808,1535.36,0
2026-10-04 13:16:30,25.817,48.495,1012.4,0.0914,130.278,1.6967,12.0916,1533.39,0
2026-10-04 13:16:40,26.233,49.27,1012.311,0.0919,135.154,1.7049,12.0312,1506.25,0
2026-10-04 13:16:50,26.236,48.483,1012.157,0.1033,137.041,1.7027,12.0872,1519.5,0
2026-10-04 13:17:00,25.999,48.725,1012.197,0.0971,131.186,1.7449,12.0536,1556.9,0
2026-10-04 13:17:10,26.085,49.002,1012.235,0.1073,128.606,1.7334,12.1062,1524.01,0
2026-10-04 13:17:20,26.534,49.023,1012.287,0.1029,129.709,1.7092,12.0683,1527.78,0
2026-10-04 13:17:30,26.168,49.196,1012.241,0.1139,132.893,1.7192,12.0262,1532.56,0
2026-10-04 13:17:40,26.293,48.86,1011.43,0.0979,129.51,1.7079,12.0863,1516.12,0
2026-10-04 13:17:50,26.128,48.548,1012.1,0.0869,132.641,1.7258,12.0837,1536.12,0
2026-10-04 13:18:00,25.956,48.584,1012.396,0.1016,131.18,1.7202,12.0223,1530.42,0
2026-10-04 13:18:10,26.187,48.774,1012.282,0.0984,133.13,1.6909,12.0731,1541.74,0
2026-10-04 13:18:20,26.176,48.888,1012.885,0.1034,131.59,1.7007,12.0944,1499.7,0
2026-10-04 13:18:30,26.161,48.692,1012.655,0.1046,132.999,1.7021,12.0662,1530.41,0
2026-10-04 13:18:40,26.196,48.778,1011.615,0.0951,134.901,1.7016,12.0297,1528.36,0
2026-10-04 13:18:50,26.242,48.012,1012.112,0.0914,130.207,1.6849,12.0792,1504.07,0
2026-10-04 13:19:00,26.193,49.106,1012.014,0.0985,133.912,1.7058,12.0704,1521.44,0
2026-10-04 13:19:10,26.059,48.865,1012.233,0.0807,130.499,1.6844,12.0479,1531.46,0
2026-10-04 13:19:20,26.27,49.278,1012.237,0.1006,133.025,1.6823,12.042,1526.41,0
2026-10-04 13:19:30,25.978,48.779,1012.671,0.0968,132.784,1.6937,12.0699,1525.4,0
2026-10-04 13:19:40,25.966,47.912,1012.371,0.1071,134.083,1.7032,12.0305,1525.66,0
2026-10-04 13:19:50,26.302,48.605,1013.112,0.0844,133.557,1.7269,12.0582,1519.0,0
2026-10-04 13:20:00,26.274,48.686,1012.423,0.1005,136.707,1.7138,12.0829,1556.17,0
2026-10-04 13:20:10,26.207,49.16,1011.676,0.1132,132.899,1.7236,12.0908,1531.11,0
2026-10-04 13:20:20,26.046,47.756,1011.934,0.1061,131.082,1.74,12.0396,1530.94,0
2026-10-04 13:20:30,26.129,48.814,1012.688,0.1087,135.74,1.6808,12.0129,1506.48,0
2026-10-04 13:20:40,26.183,49.052,1011.139,0.1037,133.931,1.713,12.0348,1521.75,0
2026-10-04 13:20:50,26.023,48.467,1011.33,0.0879,135.577,1.7138,12.0727,1518.65,0
2026-10-04 13:21:00,26.126,48.837,1012.283,0.1027,132.551,1.7012,12.0336,1526.22,0
2026-10-04 13:21:10,26.293,48.489,1012.945,0.1047,128.972,1.717,12.0791,1521.95,0
2026-10-04 13:21:20,26.386,48.44,1013.198,0.093,139.616,1.6966,12.0333,1517.61,0
2026-10-04 13:21:30,26.165,48.603,1012.135,0.1008,131.063,1.711,12.0378,1523.54,0
2026-10-04 13:21:40,26.306,48.454,1013.033,0.0787,129.375,1.6586,12.0473,1510.81,0
2026-10-04 13:21:50,25.985,49.153,1012.345,0.0994,134.995,1.6939,12.0751,1536.07,0
2026-10-04 13:22:00,26.294,48.446,1011.226,0.0988,129.995,1.7114,12.0118,1539.31,0
2026-10-04 13:22:10,26.118,48.365,1012.296,0.1136,131.64,1.7192,12.0582,1534.79,0
2026-10-04 13:22:20,26.252,49.703,1011.872,0.0977,133.177,1.6717,12.0577,1540.24,0
2026-10-04 13:22:30,26.185,49.301,1012.952,0.1006,132.36,1.691,12.0262,1539.27,0
2026-10-04 13:22:40,26.373,47.893,1012.295,0.1023,131.686,1.6663,12.0597,1508.3,0
2026-10-04 13:22:50,26.109,48.443,1011.422,0.0983,137.531,1.683,12.0462,1550.04,0
2026-10-04 13:23:00,26.289,48.949,1011.27,0.109,132.414,1.7004,12.0223,1540.77,0
2026-10-04 13:23:10,26.18,48.992,1012.309,0.0874,130.036,1.7182,12.0486,1499.17,0
2026-10-04 13:23:20,26.195,48.088,1010.633,0.1126,135.652,1.7147,12.0243,1516.49,0
2026-10-04 13:23:30,26.191,49.414,1011.968,0.1036,130.539,1.6975,12.0342,1509.47,0
2026-10-04 13:23:40,26.111,49.25,1012.496,0.1143,132.366,1.6755,12.072,1534.55,0
2026-10-04 13:23:50,26.211,49.081,1011.598,0.0821,129.965,1.6881,12.0421,1520.1,0
2026-10-04 13:24:00,26.205,49.521,1013.038,0.0847,133.299,1.7549,12.0713,1528.54,0
2026-10-04 13:24:10,26.241,49.071,1013.179,0.1021,132.77,1.6563,12.0457,1554.27,0
2026-10-04 13:24:20,26.221,49.071,1011.638,0.1086,132.55,1.6609,12.0255,1549.98,0
2026-10-04 13:24:30,26.307,49.628,1012.144,0.1003,133.073,1.6953,12.0614,1514.02,0
2026-10-04 13:24:40,26.321,49.403,1013.053,0.1096,135.062,1.7084,12.0633,1535.32,0
2026-10-04 13:24:50,26.084,48.434,1012.359,0.113,134.704,1.7121,12.0184,1555.93,0
2026-10-04 13:25:00,26.313,49.173,1011.388,0.1106,129.462,1.6976,12.0774,1514.86,0
2026-10-04 13:25:10,26.066,48.527,1012.267,0.1063,130.542,1.6522,12.0869,1543.16,0
2026-10-04 13:25:20,26.278,49.114,1011.774,0.1064,135.325,1.6845,12.0644,1526.18,0
2026-10-04 13:25:30,26.282,49.102,1013.151,0.1009,130.189,1.6457,12.0506,1514.65,0
2026-10-04 13:25:40,25.977,48.175,1012.803,0.1056,133.998,1.6996,12.0988,1551.54,0
2026-10-04 13:25:50,26.217,48.808,1012.163,0.098,135.027,1.7009,12.0618,1522.45,0
2026-10-04 13:26:00,26.149,49.004,1012.486,0.1001,127.569,1.6862,12.0532,1526.69,0
2026-10-04 13:26:10,26.113,48.655,1011.474,0.1107,131.26,1.6596,12.0906,1523.67,0
2026-10-04 13:26:20,26.366,49.033,1011.866,0.1031,134.91,1.6686,12.088,1544.84,0
2026-10-04 13:26:30,26.124,49.281,1013.484,0.1011,132.009,1.6483,12.0119,1543.84,0
2026-10-04 13:26:40,26.105,48.865,1012.438,0.1108,131.223,1.6875,12.0351,1518.01,0
2026-10-04 13:26:50,26.21,48.995,1013.056,0.1104,134.914,1.7678,12.0622,1530.93,0
2026-10-04 13:27:00,26.282,49.577,1012.571,0.1058,135.718,1.6859,12.0782,1534.77,0
2026-10-04 13:27:10,26.182,49.124,1013.332,0.1066,130.356,1.6778,12.0182,1543.91,0
2026-10-04 13:27:20,26.338,48.991,1011.016,0.1113,137.678,1.6935,12.0699,1520.21,0
2026-10-04 13:27:30,26.261,48.414,1012.288,0.1159,127.009,1.6592,12.037,1550.11,0
2026-10-04 13:27:40,25.935,49.23,1013.574,0.11,127.826,1.6599,12.0649,1541.63,0
2026-10-04 13:27:50,26.132,49.062,1013.096,0.099,130.969,1.6722,12.0327,1515.21,0
2026-10-04 13:28:00,26.127,49.542,1013.358,0.107,131.314,1.7097,11.9884,1536.76,0
2026-10-04 13:28:10,26.25,48.926,1012.429,0.1057,131.436,1.6957,12.0023,1536.87,0
2026-10-04 13:28:20,25.877,47.996,1012.062,0.1007,130.684,1.6833,12.0183,1518.93,0
2026-10-04 13:28:30,26.497,48.057,1011.723,0.1133,130.095,1.7058,12.0316,1535.99,0
2026-10-04 13:28:40,26.253,49.277,1011.677,0.1142,131.596,1.7297,12.046,1529.67,0
2026-10-04 13:28:50,26.206,48.626,1013.014,0.1156,130.473,1.7052,12.0332,1506.69,0
2026-10-04 13:29:00,26.329,49.132,1012.812,0.102,134.273,1.6612,12.0448,1481.75,0
2026-10-04 13:29:10,26.467,48.973,1012.41,0.1114,132.304,1.6395,12.0334,1560.46,0
2026-10-04 13:29:20,26.289,48.835,1012.816,0.1103,131.533,1.6428,12.0456,1527.89,0
2026-10-04 13:29:30,26.297,48.873,1012.564,0.113,131.965,1.708,12.0689,1531.39,0
2026-10-04 13:29:40,26.198,48.491,1013.141,0.1118,135.508,1.6672,12.0451,1514.4,0
2026-10-04 13:29:50,26.164,48.918,1013.138,0.1109,130.7,1.7065,12.0589,1520.84,0
2026-10-04 13:30:00,26.122,48.636,1011.729,0.1102,128.315,1.6745,12.0631,1562.37,0
2026-10-04 13:30:10,26.079,48.744,1012.67,0.1203,129.188,1.6954,12.0412,1566.13,0
2026-10-04 13:30:20,26.094,48.771,1011.314,0.1047,131.405,1.7031,12.0002,1502.05,0
2026-10-04 13:30:30,26.013,48.822,1012.579,0.1105,133.533,1.6659,12.0512,1530.76,0
2026-10-04 13:30:40,26.164,49.398,1012.913,0.1207,134.713,1.7059,12.0279,1557.94,0
2026-10-04 13:30:50,25.97,48.875,1011.574,0.1058,137.004,1.6688,12.0662,1532.9,0
2026-10-04 13:31:00,26.193,49.454,1012.206,0.1064,134.26,1.6676,12.0786,1540.2,0
2026-10-04 13:31:10,26.165,49.713,1012.508,0.1186,129.378,1.7055,12.0379,1527.41,0
2026-10-04 13:31:20,26.185,49.374,1012.668,0.1015,131.401,1.7007,12.0484,1537.7,0
2026-10-04 13:31:30,26.103,49.216,1012.313,0.1184,125.504,1.6963,12.0608,1551.66,0
2026-10-04 13:31:40,26.533,49.114,1011.691,0.1094,131.045,1.6571,12.0237,1537.81,0
2026-10-04 13:31:50,26.326,49.386,1012.478,0.1168,130.148,1.6749,12.0441,1511.75,0
2026-10-04 13:32:00,26.012,49.0,1011.363,0.104,125.009,1.7016,12.0051,1520.53,0
2026-10-04 13:32:10,26.187,49.45,1012.36,0.1235,138.255,1.7414,12.0698,1541.6,0
2026-10-04 13:32:20,26.085,49.267,1012.218,0.1045,130.782,1.7295,12.0857,1528.98,0
2026-10-04 13:32:30,26.034,48.782,1012.437,0.1202,125.579,1.6724,12.0459,1521.82,0
2026-10-04 13:32:40,25.993,49.412,1012.143,0.1053,131.062,1.6675,12.0245,1513.65,0
2026-10-04 13:32:50,26.204,49.012,1011.483,0.1293,136.821,1.7271,12.0497,1515.04,0
2026-10-04 13:33:00,26.069,48.916,1012.285,0.1145,137.574,1.6988,12.0112,1519.27,0
2026-10-04 13:33:10,26.265,48.733,1013.197,0.1309,132.011,1.672,12.0321,1536.84,0
2026-10-04 13:33:20,26.266,49.056,1013.432,0.109,132.109,1.6867,12.0324,1522.22,0
2026-10-04 13:33:30,26.31,49.474,1014.261,0.1122,135.481,1.6522,12.0297,1532.64,0
2026-10-04 13:33:40,26.041,49.422,1013.741,0.1257,131.336,1.7086,12.0481,1532.33,0
2026-10-04 13:33:50,26.199,49.156,1011.723,0.1048,133.152,1.7183,12.0533,1541.49,0
2026-10-04 13:34:00,26.216,49.282,1012.278,0.1108,134.274,1.7217,12.0427,1517.61,0
2026-10-04 13:34:10,26.081,49.62,1012.552,0.1206,128.511,1.7112,12.0648,1554.18,0
2026-10-04 13:34:20,26.043,48.911,1012.512,0.1087,136.333,1.675,12.0519,1503.53,0
2026-10-04 13:34:30,26.327,48.431,1012.624,0.1213,129.067,1.7052,12.0297,1525.01,0
2026-10-04 13:34:40,26.159,49.641,1014.264,0.1187,129.789,1.7193,12.0392,1523.51,0
2026-10-04 13:34:50,26.206,48.728,1011.825,0.1054,131.973,1.7063,12.0398,1518.02,0
2026-10-04 13:35:00,26.029,48.649,1012.087,0.1255,134.476,1.704,12.0321,1496.78,0
2026-10-04 13:35:10,25.98,48.099,1013.741,0.1079,133.673,1.6873,12.0543,1548.02,0
2026-10-04 13:35:20,26.056,49.284,1012.163,0.1244,131.476,1.6598,11.9882,1542.24,0
2026-10-04 13:35:30,26.107,48.19,1012.873,0.1195,132.46,1.7288,12.0421,1537.25,0
2026-10-04 13:35:40,25.992,48.628,1013.326,0.115,134.811,1.6814,12.049,1518.85,0
2026-10-04 13:35:50,26.116,49.299,1012.946,0.11,131.6,1.7126,12.0561,1522.13,0
2026-10-04 13:36:00,25.913,49.368,1012.743,0.1217,129.122,1.7441,12.0687,1524.65,0
2026-10-04 13:36:10,25.979,48.683,1013.27,0.1123,129.732,1.7048,12.0374,1526.07,0
2026-10-04 13:36:20,26.192,48.944,1011.991,0.1292,134.252,1.7113,12.0616,1541.56,0
2026-10-04 13:36:30,26.182,48.577,1012.273,0.1297,129.074,1.6585,12.0559,1522.18,0
2026-10-04 13:36:40,26.06,48.741,1012.999,0.1331,126.787,1.6636,12.0472,1516.71,0
2026-10-04 13:36:50,25.983,49.15,1011.179,0.1225,130.561,1.7134,12.0057,1531.73,0
2026-10-04 13:37:00,25.979,48.768,1013.623,0.1172,131.231,1.6679,12.0676,1530.13,0
2026-10-04 13:37:10,26.056,48.899,1012.848,0.1183,134.022,1.6481,12.0426,1537.0,0
2026-10-04 13:37:20,26.175,48.29,1012.746,0.1179,127.05,1.64,12.0338,1550.24,0
2026-10-04 13:37:30,26.207,49.591,1011.501,0.1231,132.446,1.6761,12.0111,1523.26,0
2026-10-04 13:37:40,26.034,49.281,1011.746,0.1248,134.843,1.6757,11.9788,1543.31,0
2026-10-04 13:37:50,25.953,49.425,1012.371,0.1314,128.92,1.7063,12.0873,1531.41,0
2026-10-04 13:38:00,26.121,49.675,1013.219,0.122,131.6,1.6566,12.0473,1544.6,0
2026-10-04 13:38:10,25.988,48.619,1011.204,0.1108,124.886,1.7157,12.0119,1547.67,0
2026-10-04 13:38:20,26.022,48.855,1013.213,0.119,133.94,1.6509,12.0079,1517.78,0
2026-10-04 13:38:30,26.241,48.088,1012.413,0.1349,133.69,1.6515,12.0324,1558.78,0
2026-10-04 13:38:40,26.179,50.608,1012.513,0.1102,131.226,1.6845,12.0594,1531.76,0
2026-10-04 13:38:50,26.096,48.965,1012.85,0.1288,127.287,1.6823,12.0549,1511.78,0
2026-10-04 13:39:00,25.922,49.56,1012.865,0.12,133.252,1.6954,12.0561,1511.85,0
2026-10-04 13:39:10,26.098,48.424,1012.181,0.1163,130.499,1.6515,12.0167,1550.98,0
2026-10-04 13:39:20,26.198,49.543,1013.121,0.1267,122.876,1.6897,12.0343,1548.54,0
2026-10-04 13:39:30,26.023,49.975,1011.064,0.1363,133.534,1.6388,12.0419,1545.21,0
2026-10-04 13:39:40,26.228,49.018,1012.376,0.1267,134.673,1.6259,12.0372,1520.59,0
2026-10-04 13:39:50,26.218,48.544,1012.803,0.1221,135.183,1.7264,12.0521,1523.04,0
2026-10-04 13:40:00,26.26,48.982,1012.457,0.1141,127.316,1.7068,12.0777,1504.95,0
2026-10-04 13:40:10,26.095,47.94,1011.424,0.1239,125.379,1.6805,12.0435,1524.14,0
2026-10-04 13:40:20,26.126,49.036,1013.237,0.1142,129.881,1.63,12.0235,1531.01,0
2026-10-04 13:40:30,26.223,49.467,1011.836,0.1226,132.648,1.6691,12.0017,1550.89,0
2026-10-04 13:40:40,26.104,49.04,1012.667,0.1248,128.248,1.6917,12.0423,1524.19,0
2026-10-04 13:40:50,25.988,48.918,1012.825,0.1067,126.286,1.669,12.0213,1523.25,0
2026-10-04 13:41:00,25.992,49.325,1012.735,0.1369,133.215,1.7195,12.0484,1532.52,0
2026-10-04 13:41:10,26.072,49.365,1013.543,0.1161,129.988,1.6961,12.0467,1540.87,0
2026-10-04 13:41:20,25.886,48.234,1012.692,0.1247,132.874,1.6573,12.0766,1551.33,0
2026-10-04 13:41:30,26.021,49.11,1013.032,0.1307,131.036,1.6404,12.0428,1517.47,0
2026-10-04 13:41:40,26.167,50.285,1012.697,0.1371,130.472,1.7022,12.0487,1525.32,0
2026-10-04 13:41:50,25.77,48.401,1013.169,0.1205,130.76,1.7013,12.0208,1529.86,0
2026-10-04 13:42:00,26.215,49.028,1013.719,0.107,129.859,1.6991,12.0013,1523.74,0
2026-10-04 13:42:10,26.163,50.043,1012.844,0.1359,129.541,1.7223,12.0639,1518.34,0
2026-10-04 13:42:20,25.97,49.625,1013.299,0.1175,127.595,1.6916,12.0671,1523.71,0
2026-10-04 13:42:30,26.088,48.818,1013.774,0.1306,132.331,1.6825,12.0285,1509.21,0
2026-10-04 13:42:40,26.021,49.179,1013.709,0.1313,134.605,1.6993,11.9883,1518.31,0
2026-10-04 13:42:50,26.165,49.076,1012.493,0.1021,129.343,1.711,12.0706,1508.82,0
2026-10-04 13:43:00,26.133,48.705,1013.492,0.1154,136.425,1.6973,12.0662,1527.41,0
2026-10-04 13:43:10,25.844,49.043,1012.944,0.1249,131.938,1.6809,12.0335,1521.27,0
2026-10-04 13:43:20,26.08,48.942,1013.556,0.1081,131.565,1.7043,12.063,1518.87,0
2026-10-04 13:43:30,25.983,49.139,1013.176,0.1183,132.737,1.6825,12.0352,1527.2,0
2026-10-04 13:43:40,26.015,48.71,1012.975,0.1302,133.679,1.6678,12.0415,1489.77,0
2026-10-04 13:43:50,25.915,48.447,1013.089,0.1287,129.372,1.6831,11.9953,1522.02,0
2026-10-04 13:44:00,26.209,49.066,1012.968,0.132,132.382,1.672,12.0664,1529.6,0
2026-10-04 13:44:10,26.122,49.946,1012.999,0.1334,133.839,1.6779,11.9919,1541.21,0
2026-10-04 13:44:20,25.905,49.13,1012.685,0.1166,129.542,1.6589,12.0787,1535.62,0
2026-10-04 13:44:30,25.831,48.925,1012.624,0.12,130.676,1.705,12.0811,1545.45,0
2026-10-04 13:44:40,25.942,49.469,1014.038,0.1365,128.342,1.6853,11.9716,1504.79,0
2026-10-04 13:44:50,26.038,49.014,1013.142,0.1428,129.146,1.6978,12.0743,1541.88,0
2026-10-04 13:45:00,26.012,50.028,1012.41,0.1231,129.558,1.6921,12.0293,1530.57,0
2026-10-04 13:45:10,26.131,49.093,1012.621,0.1331,127.875,1.6574,12.0457,1517.93,0
2026-10-04 13:45:20,26.073,49.446,1013.559,0.1377,130.381,1.7131,11.9998,1527.5,0
2026-10-04 13:45:30,26.092,48.72,1012.308,0.1334,131.543,1.6744,12.0269,1572.65,0
2026-10-04 13:45:40,26.012,49.35,1011.789,0.1297,131.816,1.671,12.0054,1527.84,0
2026-10-04 13:45:50,25.803,49.237,1011.845,0.1267,128.088,1.6854,12.0151,1526.76,0
2026-10-04 13:46:00,25.944,49.072,1011.624,0.1479,128.676,1.6859,12.0652,1538.33,0
2026-10-04 13:46:10,26.092,48.85,1011.929,0.133,133.029,1.7451,12.0596,1522.04,0
2026-10-04 13:46:20,25.956,48.783,1012.015,0.1355,128.631,1.695,12.055,1513.33,0
2026-10-04 13:46:30,26.02,49.244,1013.815,0.1352,132.911,1.6679,12.0209,1546.16,0
2026-10-04 13:46:40,25.918,49.419,1012.817,0.1263,128.222,1.7275,12.017,1503.39,0
2026-10-04 13:46:50,25.83,49.041,1012.599,0.1334,131.532,1.6393,11.993,1525.51,0
2026-10-04 13:47:00,25.936,49.25,1011.846,0.1306,132.639,1.6681,12.0511,1523.77,0
2026-10-04 13:47:10,25.985,49.088,1012.76,0.1307,122.414,1.6662,12.0824,1512.13,0
2026-10-04 13:47:20,25.867,49.157,1011.648,0.1361,132.95,1.68,12.0703,1504.74,0
2026-10-04 13:47:30,25.915,49.008,1012.61,0.1264,134.238,1.6888,12.0346,1522.47,0
2026-10-04 13:47:40,25.827,49.118,1014.317,0.1243,129.38,1.6911,12.0461,1529.75,0
2026-10-04 13:47:50,26.072,50.459,1013.34,0.1382,131.324,1.6906,12.0398,1539.85,0
2026-10-04 13:48:00,25.899,49.267,1012.733,0.1301,127.751,1.696,12.0563,1512.43,0
2026-10-04 13:48:10,26.106,49.434,1013.372,0.1318,131.34,1.6788,12.077,1512.11,0
2026-10-04 13:48:20,26.113,49.331,1012.522,0.1193,137.613,1.7125,12.0191,1546.64,0
2026-10-04 13:48:30,25.917,48.981,1012.33,0.1426,123.621,1.64,12.02,1516.6,0
2026-10-04 13:48:40,25.803,49.76,1014.087,0.1392,128.689,1.6165,12.026,1518.48,0
2026-10-04 13:48:50,25.671,48.968,1012.099,0.1409,132.563,1.6989,12.0323,1541.64,0
2026-10-04 13:49:00,25.742,49.642,1012.654,0.1385,133.938,1.6721,12.0512,1498.53,0
2026-10-04 13:49:10,25.751,48.948,1013.12,0.1235,125.987,1.7234,12.0312,1505.06,0
2026-10-04 13:49:20,26.079,48.636,1012.254,0.1376,128.2,1.7066,12.0115,1543.83,0
2026-10-04 13:49:30,25.924,49.299,1013.369,0.1311,128.354,1.6953,12.0117,1513.79,0
2026-10-04 13:49:40,25.954,48.564,1012.702,0.1284,128.117,1.6684,12.0033,1514.66,0
2026-10-04 13:49:50,25.639,49.385,1013.386,0.1403,129.708,1.6975,12.0299,1515.78,0
2026-10-04 13:50:00,25.759,48.521,1013.335,0.1497,125.751,1.6707,12.0583,1517.58,0
2026-10-04 13:50:10,26.006,48.959,1012.758,0.1486,129.254,1.6822,12.0429,1515.35,0
2026-10-04 13:50:20,25.931,48.403,1014.13,0.1418,127.19,1.6726,12.0464,1524.24,0
2026-10-04 13:50:30,25.877,50.531,1012.47,0.1367,129.772,1.6873,12.0051,1540.74,0
2026-10-04 13:50:40,25.959,48.292,1013.884,0.1354,127.844,1.6746,12.0028,1509.75,0
2026-10-04 13:50:50,26.085,49.125,1013.766,0.13,129.432,1.7059,12.0365,1512.79,0
2026-10-04 13:51:00,25.86,49.692,1014.187,0.1353,126.81,1.6923,12.0631,1521.99,0
2026-10-04 13:51:10,25.892,49.638,1013.073,0.1449,132.758,1.6683,12.053,1544.93,0
2026-10-04 13:51:20,25.904,49.546,1012.403,0.1523,128.904,1.6699,12.0149,1516.77,0
2026-10-04 13:51:30,26.165,48.962,1014.412,0.1314,129.902,1.6494,12.0889,1507.57,0
2026-10-04 13:51:40,25.624,49.797,1012.728,0.1221,129.403,1.6324,11.9808,1490.6,0
2026-10-04 13:51:50,25.955,49.578,1012.397,0.134,129.843,1.7045,12.0322,1509.33,0
2026-10-04 13:52:00,25.856,49.227,1012.837,0.1456,129.808,1.6724,12.034,1507.57,0
2026-10-04 13:52:10,25.936,49.242,1012.286,0.1551,132.197,1.6509,12.0261,1502.55,0
2026-10-04 13:52:20,25.786,48.97,1013.346,0.1492,128.903,1.6925,12.0444,1521.32,0
2026-10-04 13:52:30,25.856,48.667,1012.557,0.1491,127.582,1.6634,12.0261,1516.16,0
2026-10-04 13:52:40,25.945,49.74,1012.784,0.1322,129.847,1.6798,11.9937,1541.33,0
2026-10-04 13:52:50,26.231,49.778,1013.666,0.1325,127.863,1.6493,12.0288,1523.01,0
2026-10-04 13:53:00,25.951,48.68,1013.429,0.1287,129.457,1.6979,12.035,1534.74,0
2026-10-04 13:53:10,25.75,49.045,1013.007,0.1341,126.506,1.684,12.0536,1516.88,0
2026-10-04 13:53:20,25.798,49.05,1013.12,0.1469,132.791,1.6943,12.0662,1506.11,0
2026-10-04 13:53:30,25.792,49.105,1013.012,0.1527,127.28,1.6712,12.0092,1528.4,0
2026-10-04 13:53:40,25.629,49.154,1012.706,0.1426,133.2,1.6881,12.0724,1502.01,0
2026-10-04 13:53:50,25.802,49.595,1013.01,0.1379,129.398,1.6457,12.0198,1536.14,0
2026-10-04 13:54:00,25.927,48.747,1013.359,0.1316,132.13,1.739,12.0176,1507.38,0
2026-10-04 13:54:10,25.684,48.698,1012.931,0.1393,127.239,1.6926,12.02,1529.53,0
2026-10-04 13:54:20,25.96,49.739,1013.316,0.142,123.62,1.725,11.9814,1523.9,0
2026-10-04 13:54:30,25.89,48.889,1012.441,0.1288,124.554,1.6757,12.0196,1503.51,0
2026-10-04 13:54:40,25.741,48.489,1012.607,0.148,136.989,1.6562,12.0628,1536.06,0
2026-10-04 13:54:50,25.809,48.877,1012.52,0.1373,127.666,1.6702,12.0419,1546.53,0
2026-10-04 13:55:00,26.016,48.955,1012.642,0.1478,132.728,1.6815,12.0356,1506.31,0
2026-10-04 13:55:10,25.909,49.897,1013.942,0.1409,125.526,1.6798,12.0386,1507.55,0
2026-10-04 13:55:20,25.82,49.581,1013.553,0.1435,129.936,1.7293,12.0613,1518.22,0
2026-10-04 13:55:30,25.788,49.692,1012.295,0.1356,130.424,1.6615,12.0077,1530.02,0
2026-10-04 13:55:40,25.823,49.528,1013.359,0.1386,137.867,1.6679,12.0522,1535.19,0
2026-10-04 13:55:50,25.75,49.591,1012.783,0.1466,128.384,1.7009,12.0312,1511.26,0
2026-10-04 13:56:00,25.556,48.773,1012.583,0.1405,127.183,1.6435,12.0098,1518.52,0
2026-10-04 13:56:10,26.051,49.017,1012.024,0.1328,130.349,1.6823,12.0409,1510.98,0
2026-10-04 13:56:20,25.823,48.621,1013.748,0.1427,126.502,1.6869,12.0314,1509.88,0
2026-10-04 13:56:30,25.849,49.01,1012.117,0.145,130.484,1.6943,12.009,1507.91,0
2026-10-04 13:56:40,25.792,49.457,1013.039,0.153,129.074,1.6923,12.0024,1495.24,0
2026-10-04 13:56:50,25.709,49.181,1012.417,0.1513,126.953,1.7334,12.0182,1528.45,0
2026-10-04 13:57:00,25.772,49.769,1013.626,0.1417,130.677,1.6617,12.0162,1516.84,0
2026-10-04 13:57:10,25.6,48.542,1012.853,0.1379,129.498,1.6678,12.0594,1538.0,0
2026-10-04 13:57:20,26.063,49.362,1012.996,0.1406,131.433,1.6992,12.0234,1527.28,0
2026-10-04 13:57:30,25.639,48.487,1013.024,0.1383,134.089,1.6897,12.0194,1508.72,0
2026-10-04 13:57:40,25.661,49.158,1013.31,0.1467,127.606,1.693,12.0569,1497.41,0
2026-10-04 13:57:50,25.73,49.48,1013.111,0.151,127.855,1.6492,12.0623,1542.34,0
2026-10-04 13:58:00,25.935,49.002,1013.075,0.1527,125.032,1.7389,12.0077,1488.65,0
2026-10-04 13:58:10,25.78,49.384,1012.746,0.1396,130.611,1.6958,11.9973,1508.8,0
2026-10-04 13:58:20,25.627,48.627,1012.011,0.1389,127.093,1.6451,12.0412,1508.83,0
2026-10-04 13:58:30,25.924,48.274,1012.334,0.1397,130.043,1.7,12.0231,1503.81,0
2026-10-04 13:58:40,25.859,49.384,1013.624,0.1277,132.482,1.6573,12.0146,1500.54,0
2026-10-04 13:58:50,25.834,49.976,1012.91,0.1336,126.911,1.7082,12.0541,1494.79,0
2026-10-04 13:59:00,25.853,48.605,1012.663,0.143,127.521,1.6522,12.0215,1502.02,0
2026-10-04 13:59:10,26.052,49.713,1012.148,0.1464,131.966,1.7104,12.0759,1511.93,0
2026-10-04 13:59:20,26.024,49.123,1011.932,0.1474,131.024,1.6548,12.0291,1517.07,0
2026-10-04 13:59:30,25.678,48.432,1012.647,0.1373,130.685,1.6611,12.0319,1504.4,0
2026-10-04 13:59:40,25.953,48.533,1013.765,0.1397,127.685,1.6891,12.0838,1504.11,0
2026-10-04 13:59:50,25.802,49.106,1012.757,0.1416,124.53,1.6705,12.0354,1496.22,0
2026-10-04 14:00:00,25.814,48.894,1013.431,0.1407,126.681,1.672,12.01,1514.15,0
2026-10-04 14:00:10,25.548,48.439,1012.732,0.1493,125.767,1.6478,12.002,1512.15,0
2026-10-04 14:00:20,25.729,48.247,1013.605,0.1334,130.519,1.6779,12.0159,1516.9,0
2026-10-04 14:00:30,25.65,48.669,1012.916,0.1348,129.607,1.7084,12.0333,1502.88,0
2026-10-04 14:00:40,25.845,49.188,1012.303,0.1417,126.936,1.7334,12.0501,1497.12,0
2026-10-04 14:00:50,25.872,49.087,1012.981,0.1332,127.427,1.7072,11.9897,1510.27,0
2026-10-04 14:01:00,25.492,48.838,1014.457,0.129,130.116,1.7038,12.0273,1518.15,0
2026-10-04 14:01:10,25.736,49.188,1014.43,0.1323,127.71,1.6446,12.0591,1496.81,0
2026-10-04 14:01:20,25.872,49.606,1013.521,0.1423,126.903,1.6862,12.0336,1500.48,0
2026-10-04 14:01:30,25.713,49.281,1013.089,0.1494,134.561,1.6708,12.0609,1491.31,0
2026-10-04 14:01:40,25.821,49.022,1013.401,0.1496,126.955,1.6495,11.9892,1491.87,0
2026-10-04 14:01:50,25.773,49.545,1013.414,0.1571,130.588,1.6556,12.0212,1501.03,0
2026-10-04 14:02:00,25.77,48.6,1013.168,0.1453,129.738,1.7042,12.0298,1496.38,0
2026-10-04 14:02:10,25.695,48.966,1013.508,0.1464,123.969,1.6737,12.0405,1520.78,0
2026-10-04 14:02:20,25.579,48.976,1013.349,0.1426,126.481,1.6509,12.0054,1509.0,0
2026-10-04 14:02:30,25.589,48.456,1012.986,0.143,130.953,1.6721,12.037,1527.29,0
2026-10-04 14:02:40,25.807,48.863,1012.374,0.1613,128.08,1.6954,12.0389,1527.22,0
2026-10-04 14:02:50,25.722,48.034,1012.893,0.1468,124.058,1.6714,12.0246,1508.08,0
2026-10-04 14:03:00,25.701,50.026,1013.778,0.1475,129.615,1.6582,12.0381,1477.57,0
2026-10-04 14:03:10,25.665,48.599,1013.2,0.1356,126.663,1.6656,12.0342,1513.37,0
2026-10-04 14:03:20,25.678,49.859,1013.436,0.1481,129.696,1.7108,12.0098,1524.32,0
2026-10-04 14:03:30,25.838,49.083,1013.032,0.1501,136.43,1.6369,12.0222,1516.41,0
2026-10-04 14:03:40,25.67,49.345,1012.492,0.1537,129.492,1.6824,11.9949,1511.92,0
2026-10-04 14:03:50,25.548,48.816,1013.07,0.1499,130.159,1.6863,11.9887,1502.73,0
2026-10-04 14:04:00,25.796,49.163,1012.525,0.1439,127.539,1.6705,12.0324,1488.54,0
2026-10-04 14:04:10,25.681,49.382,1012.484,0.1435,124.92,1.6656,11.9786,1515.36,0
2026-10-04 14:04:20,25.708,49.387,1014.092,0.1443,131.329,1.7143,12.0198,1502.8,0
2026-10-04 14:04:30,25.895,49.44,1012.958,0.1458,126.418,1.7144,12.0361,1510.18,0
2026-10-04 14:04:40,25.698,48.867,1012.737,0.1551,127.526,1.6927,12.0262,1496.44,0
2026-10-04 14:04:50,25.734,48.808,1014.392,0.1535,133.572,1.6766,12.0803,1535.0,0
2026-10-04 14:05:00,25.556,48.249,1013.834,0.151,127.156,1.6932,12.0363,1508.35,0
2026-10-04 14:05:10,25.669,49.306,1013.007,0.1612,131.794,1.7007,12.0188,1498.82,0
2026-10-04 14:05:20,25.767,49.583,1013.57,0.1237,129.288,1.6879,12.0407,1487.23,0
2026-10-04 14:05:30,25.506,49.848,1013.11,0.1413,126.444,1.7017,11.9926,1483.05,0
2026-10-04 14:05:40,25.715,49.19,1012.794,0.1449,129.106,1.6822,12.0504,1513.09,0
2026-10-04 14:05:50,25.702,48.652,1013.615,0.1396,125.91,1.6125,12.0127,1494.8,0
2026-10-04 14:06:00,25.693,48.185,1013.059,0.1376,130.752,1.6866,12.0529,1496.53,0
2026-10-04 14:06:10,25.811,49.552,1013.343,0.1313,131.757,1.7087,12.0352,1494.89,0
2026-10-04 14:06:20,25.725,48.13,1014.009,0.1425,128.14,1.6925,12.0408,1486.4,0
2026-10-04 14:06:30,25.861,48.856,1013.935,0.1521,131.998,1.7006,12.0112,1498.17,0
2026-10-04 14:06:40,25.563,48.911,1012.916,0.1512,128.429,1.6854,11.9964,1503.12,0
2026-10-04 14:06:50,25.697,48.986,1013.645,0.1389,130.67,1.6875,11.9959,1486.92,0
2026-10-04 14:07:00,25.69,49.037,1012.519,0.1467,136.758,1.6968,11.982,1506.74,0
2026-10-04 14:07:10,25.55,49.085,1013.628,0.1558,135.307,1.7413,12.0153,1483.16,0
2026-10-04 14:07:20,25.792,47.806,1013.42,0.1328,127.312,1.7139,12.0101,1494.64,0
2026-10-04 14:07:30,25.955,49.018,1013.585,0.1436,128.718,1.7108,12.05,1506.46,0
2026-10-04 14:07:40,25.673,47.894,1013.115,0.1472,124.653,1.6984,11.9988,1500.53,0
2026-10-04 14:07:50,25.734,49.372,1014.786,0.1449,130.189,1.6602,12.0795,1475.86,0
2026-10-04 14:08:00,25.682,48.726,1012.7,0.1516,128.938,1.7243,11.9995,1458.42,0
2026-10-04 14:08:10,25.585,47.922,1014.015,0.1328,125.426,1.7165,12.0018,1508.46,0
2026-10-04 14:08:20,25.451,48.591,1012.616,0.1367,131.286,1.7032,11.9874,1510.05,0
2026-10-04 14:08:30,25.584,48.71,1013.695,0.1502,126.906,1.6931,12.0246,1505.99,0
2026-10-04 14:08:40,25.501,49.587,1013.749,0.1311,126.118,1.7081,12.0163,1495.76,0
2026-10-04 14:08:50,25.871,49.088,1013.388,0.1512,128.857,1.6889,12.0216,1495.18,0
2026-10-04 14:09:00,25.652,49.159,1013.007,0.1482,126.24,1.713,12.0344,1497.03,0
2026-10-04 14:09:10,25.623,49.574,1013.456,0.1505,127.518,1.6741,12.0487,1507.15,0
2026-10-04 14:09:20,25.77,48.932,1013.548,0.1408,132.829,1.6475,11.9949,1496.1,0
2026-10-04 14:09:30,25.528,49.355,1014.618,0.1486,125.724,1.6654,12.0246,1503.44,0
2026-10-04 14:09:40,25.569,49.316,1012.758,0.1351,129.572,1.6992,12.0454,1517.28,0
2026-10-04 14:09:50,25.669,48.328,1012.983,0.1411,125.772,1.6883,11.9966,1482.79,0
2026-10-04 14:10:00,25.783,49.705,1013.575,0.1447,124.58,1.6924,12.093,1494.24,0
2026-10-04 14:10:10,25.719,48.255,1013.201,0.1371,127.233,1.6639,12.0824,1483.88,0
2026-10-04 14:10:20,25.688,49.421,1013.313,0.146,135.508,1.704,12.0219,1490.58,0
2026-10-04 14:10:30,25.666,48.201,1014.136,0.1351,129.777,1.6708,11.9961,1494.69,0
2026-10-04 14:10:40,25.704,49.257,1011.417,0.1463,128.795,1.7093,11.9993,1482.74,0
2026-10-04 14:10:50,25.68,49.884,1012.976,0.158,125.813,1.6618,12.0295,1471.3,0
2026-10-04 14:11:00,25.531,48.843,1012.179,0.134,126.21,1.6764,12.0396,1475.78,0
2026-10-04 14:11:10,25.659,48.818,1012.565,0.1438,122.89,1.6732,11.9775,1501.76,0
2026-10-04 14:11:20,25.524,49.248,1015.089,0.131,132.703,1.7121,11.9999,1484.8,0
2026-10-04 14:11:30,25.662,48.775,1013.828,0.1372,128.102,1.6865,12.027,1491.27,0
2026-10-04 14:11:40,25.594,49.845,1014.079,0.1494,127.818,1.7089,11.9883,1495.01,0
2026-10-04 14:11:50,25.956,49.029,1013.361,0.1403,127.861,1.727,12.0159,1507.6,0
2026-10-04 14:12:00,25.646,48.769,1013.952,0.1496,133.497,1.7432,12.0341,1489.45,0
2026-10-04 14:12:10,25.481,48.656,1012.188,0.1464,128.102,1.7047,12.0192,1497.13,0
2026-10-04 14:12:20,25.633,48.456,1014.155,0.143,126.603,1.6716,12.0049,1476.17,0
2026-10-04 14:12:30,25.711,48.605,1012.858,0.1352,132.555,1.7306,12.0254,1490.45,0
2026-10-04 14:12:40,25.849,48.74,1013.064,0.1488,126.745,1.7374,12.0358,1477.92,0
2026-10-04 14:12:50,25.577,48.668,1013.793,0.1457,122.037,1.6983,12.0001,1490.18,0
2026-10-04 14:13:00,25.457,48.579,1013.665,0.1309,122.507,1.733,12.0316,1493.93,0
2026-10-04 14:13:10,25.745,49.954,1013.506,0.1354,126.49,1.7086,12.0311,1488.22,0
2026-10-04 14:13:20,25.481,48.386,1012.497,0.1208,127.917,1.659,12.0359,1485.09,0
2026-10-04 14:13:30,25.594,48.97,1013.524,0.132,129.485,1.685,12.0295,1495.19,0
2026-10-04 14:13:40,25.615,49.189,1014.131,0.1403,124.241,1.6884,12.0261,1484.82,0
2026-10-04 14:13:50,25.637,49.205,1013.089,0.1343,126.297,1.6921,12.0189,1484.37,0
2026-10-04 14:14:00,25.728,48.856,1014.386,0.136,124.52,1.6781,12.0153,1474.5,0
2026-10-04 14:14:10,25.563,48.761,1012.858,0.1536,130.267,1.6776,12.0408,1497.59,0
2026-10-04 14:14:20,25.612,49.104,1013.478,0.1507,130.75,1.7356,12.0203,1489.08,0
2026-10-04 14:14:30,25.643,49.007,1014.551,0.1368,132.755,1.6588,12.036,1482.22,0
2026-10-04 14:14:40,25.662,48.741,1013.003,0.1486,127.911,1.6843,12.0356,1473.55,0
2026-10-04 14:14:50,25.656,48.085,1014.222,0.1518,132.429,1.7182,11.9991,1523.89,0
2026-10-04 14:15:00,25.696,48.628,1014.87,0.147,124.731,1.689,12.0145,1443.29,0
2026-10-04 14:15:10,25.745,48.285,1013.611,0.1443,127.434,1.7132,12.0212,1476.87,0
2026-10-04 14:15:20,25.691,48.52,1013.126,0.1506,123.581,1.6934,12.0247,1480.72,0
2026-10-04 14:15:30,25.698,48.867,1012.958,0.1478,128.46,1.7146,12.0331,1501.46,0
2026-10-04 14:15:40,25.454,49.025,1014.416,0.1319,127.571,1.678,12.0268,1482.64,0
2026-10-04 14:15:50,25.65,49.732,1014.4,0.1399,119.331,1.6577,12.0234,1489.79,0
2026-10-04 14:16:00,25.701,48.569,1014.525,0.1369,129.998,1.6944,12.0114,1480.15,0
2026-10-04 14:16:10,25.731,49.221,1013.491,0.1504,129.212,1.66,12.0487,1514.12,0
2026-10-04 14:16:20,25.561,48.982,1014.244,0.1365,124.956,1.7033,12.0309,1492.1,0
2026-10-04 14:16:30,25.565,49.473,1013.487,0.135,127.443,1.6768,12.0193,1476.12,0
2026-10-04 14:16:40,25.575,49.109,1012.907,0.1491,122.094,1.6773,12.0124,1496.13,0
2026-10-04 14:16:50,25.709,48.312,1014.316,0.1428,124.241,1.7425,12.0291,1481.56,0
2026-10-04 14:17:00,25.769,47.95,1014.676,0.1575,131.536,1.7128,12.0228,1512.37,0
2026-10-04 14:17:10,25.596,48.963,1012.822,0.1336,123.042,1.6678,11.9839,1504.94,0
2026-10-04 14:17:20,25.754,48.539,1012.812,0.1362,126.51,1.7053,11.9972,1488.78,0
2026-10-04 14:17:30,25.66,48.308,1013.572,0.1492,122.269,1.7032,12.0545,1480.51,0
2026-10-04 14:17:40,25.631,48.16,1014.217,0.1299,127.448,1.6553,12.0312,1474.23,0
2026-10-04 14:17:50,25.621,48.87,1012.757,0.1505,128.099,1.716,12.0059,1496.69,0
2026-10-04 14:18:00,25.736,49.539,1013.714,0.1302,128.559,1.7314,12.0125,1504.93,0
2026-10-04 14:18:10,25.686,48.576,1013.145,0.1446,127.767,1.6972,12.0002,1478.47,0
2026-10-04 14:18:20,25.92,49.071,1014.053,0.1248,130.62,1.7008,12.0086,1489.28,0
2026-10-04 14:18:30,25.545,48.72,1013.007,0.1398,124.653,1.6944,12.0473,1489.81,0
2026-10-04 14:18:40,25.71,48.122,1014.11,0.1283,123.117,1.7183,12.0172,1495.28,0
2026-10-04 14:18:50,25.585,49.129,1013.462,0.1545,124.506,1.7027,12.0425,1469.94,0
2026-10-04 14:19:00,25.545,48.21,1012.921,0.1304,122.206,1.7039,12.0623,1487.97,0
2026-10-04 14:19:10,25.648,48.763,1013.625,0.1322,126.457,1.6892,12.0117,1514.66,0
2026-10-04 14:19:20,25.667,48.577,1012.228,0.143,125.778,1.7607,11.9892,1482.13,0
2026-10-04 14:19:30,26.001,49.189,1013.197,0.1337,127.605,1.7035,12.0323,1487.19,0
2026-10-04 14:19:40,25.63,48.209,1013.828,0.144,121.3,1.7278,12.001,1485.75,0
2026-10-04 14:19:50,25.517,48.928,1012.355,0.1325,126.086,1.7172,12.0215,1488.06,0
2026-10-04 14:20:00,25.686,48.308,1011.799,0.1318,129.744,1.6468,12.0256,1462.09,0
2026-10-04 14:20:10,25.405,48.468,1011.965,0.1377,127.794,1.7018,12.0678,1509.85,0
2026-10-04 14:20:20,25.644,46.901,1014.536,0.128,120.367,1.6826,12.0294,1480.33,0
2026-10-04 14:20:30,25.657,49.759,1013.556,0.1408,125.994,1.7361,12.0099,1486.68,0
2026-10-04 14:20:40,25.752,48.984,1013.241,0.1445,123.807,1.6803,12.0369,1479.52,0
2026-10-04 14:20:50,25.774,48.32,1014.279,0.1417,126.02,1.7246,12.0416,1492.04,0
2026-10-04 14:21:00,25.598,48.136,1013.338,0.1423,124.815,1.7374,12.0514,1470.04,0
2026-10-04 14:21:10,25.641,48.445,1013.813,0.1216,131.151,1.7198,11.9981,1457.65,0
2026-10-04 14:21:20,25.568,49.046,1013.647,0.1331,126.166,1.7132,12.0534,1475.18,0
2026-10-04 14:21:30,25.525,47.737,1013.303,0.1348,126.835,1.7035,12.0783,1483.82,0
2026-10-04 14:21:40,25.699,48.607,1013.842,0.1481,125.729,1.7106,12.0528,1471.11,0
2026-10-04 14:21:50,25.51,49.558,1014.181,0.1316,127.26,1.6805,12.0574,1465.92,0
2026-10-04 14:22:00,25.614,48.1,1013.514,0.1177,125.162,1.7187,12.0102,1480.9,0
2026-10-04 14:22:10,25.546,48.702,1013.325,0.1279,128.109,1.7408,12.0633,1461.44,0
2026-10-04 14:22:20,25.732,49.758,1013.411,0.1305,124.589,1.693,12.0091,1489.73,0
2026-10-04 14:22:30,25.883,48.967,1012.046,0.1183,129.87,1.7156,12.02,1470.04,0
2026-10-04 14:22:40,25.512,48.709,1013.856,0.1432,127.205,1.7129,12.0093,1481.86,0
2026-10-04 14:22:50,25.447,48.894,1012.815,0.1227,125.234,1.7236,12.0064,1456.67,0
2026-10-04 14:23:00,25.656,48.435,1014.106,0.1386,128.194,1.7026,12.0208,1494.06,0
2026-10-04 14:23:10,25.674,49.279,1013.606,0.1261,127.122,1.6786,11.992,1480.48,0
2026-10-04 14:23:20,25.7,48.424,1013.746,0.1468,128.101,1.6886,12.0037,1482.33,0
2026-10-04 14:23:30,25.621,47.639,1014.167,0.1323,125.852,1.659,11.9965,1453.44,0
2026-10-04 14:23:40,25.652,48.417,1013.032,0.1305,124.847,1.7366,12.0592,1461.24,0
2026-10-04 14:23:50,25.722,48.124,1013.942,0.1384,125.952,1.7275,12.0613,1475.14,0
2026-10-04 14:24:00,25.804,48.461,1013.875,0.1259,124.021,1.7175,12.0844,1455.6,0
2026-10-04 14:24:10,25.446,48.467,1013.562,0.1384,128.436,1.7007,12.0191,1462.11,0
2026-10-04 14:24:20,25.638,49.189,1013.045,0.1297,129.881,1.7144,12.0215,1482.52,0
2026-10-04 14:24:30,25.709,48.933,1014.115,0.1286,127.186,1.7181,12.04,1461.78,0
2026-10-04 14:24:40,25.575,48.711,1014.195,0.1325,129.679,1.7061,11.9888,1476.15,0
2026-10-04 14:24:50,25.894,48.572,1013.785,0.1243,128.781,1.7073,11.9962,1457.81,0
2026-10-04 14:25:00,25.612,48.038,1012.96,0.1313,124.571,1.7524,11.9807,1478.91,0
2026-10-04 14:25:10,25.685,47.472,1013.344,0.1353,127.858,1.6887,12.0415,1452.76,0
2026-10-04 14:25:20,25.758,48.613,1013.675,0.114,121.478,1.7452,11.9991,1478.15,0
2026-10-04 14:25:30,25.622,48.948,1014.202,0.141,125.86,1.6803,12.0456,1501.37,0
2026-10-04 14:25:40,25.473,48.491,1012.616,0.1386,121.731,1.7612,12.009,1460.57,0
2026-10-04 14:25:50,25.645,48.271,1013.333,0.117,124.924,1.6615,12.0206,1458.35,0
2026-10-04 14:26:00,25.822,48.765,1013.45,0.1156,120.909,1.7332,12.0162,1485.03,0
2026-10-04 14:26:10,25.66,48.485,1013.677,0.1382,128.487,1.7054,12.0253,1468.59,0
2026-10-04 14:26:20,25.6,49.364,1012.828,0.1374,123.995,1.7181,12.0082,1449.74,0
2026-10-04 14:26:30,25.815,49.131,1013.59,0.136,127.874,1.7192,12.0464,1472.05,0
2026-10-04 14:26:40,25.666,48.989,1013.529,0.1194,124.904,1.738,12.0162,1469.88,0
2026-10-04 14:26:50,25.646,48.882,1013.023,0.1453,119.573,1.6741,12.0295,1456.82,0
2026-10-04 14:27:00,25.727,47.852,1013.671,0.1244,123.629,1.7227,12.0231,1455.91,0
2026-10-04 14:27:10,25.804,48.822,1013.378,0.1322,123.464,1.7285,11.995,1478.68,0
2026-10-04 14:27:20,25.999,48.673,1014.108,0.132,124.987,1.7076,12.0541,1450.5,0
2026-10-04 14:27:30,25.815,48.782,1013.145,0.1426,129.531,1.7217,12.0041,1444.43,0
2026-10-04 14:27:40,25.857,48.719,1013.831,0.1306,130.003,1.7082,12.0406,1453.04,0
2026-10-04 14:27:50,25.659,48.693,1013.206,0.1327,124.264,1.739,12.0385,1477.31,0
2026-10-04 14:28:00,25.599,49.811,1013.355,0.1286,121.152,1.7346,11.9828,1460.08,0
2026-10-04 14:28:10,25.731,48.416,1013.987,0.1194,122.676,1.7312,12.0158,1455.21,0
2026-10-04 14:28:20,25.739,48.916,1013.947,0.1102,126.322,1.7427,12.0348,1462.31,0
2026-10-04 14:28:30,25.599,48.206,1013.494,0.1288,124.534,1.7576,12.013,1470.32,0
2026-10-04 14:28:40,25.709,48.83,1013.601,0.1171,120.108,1.702,12.0171,1485.7,0
2026-10-04 14:28:50,25.781,48.898,1012.776,0.131,123.298,1.7827,12.0257,1467.61,0
2026-10-04 14:29:00,25.778,48.605,1014.779,0.1291,128.719,1.7373,12.0108,1491.42,0
2026-10-04 14:29:10,25.798,49.251,1014.282,0.1287,125.636,1.7153,12.0291,1472.66,0
2026-10-04 14:29:20,25.774,47.968,1014.26,0.1191,124.877,1.7856,12.0213,1456.89,0
2026-10-04 14:29:30,25.681,48.16,1012.691,0.1356,123.544,1.7181,12.0153,1474.39,0
2026-10-04 14:29:40,25.683,48.503,1013.395,0.1309,123.305,1.6985,11.9959,1470.25,0
2026-10-04 14:29:50,25.603,48.831,1013.581,0.1174,126.292,1.7164,12.0303,1477.79,0
2026-10-04 14:30:00,25.963,48.474,1012.467,0.1432,125.061,1.7155,11.9599,1471.08,0
2026-10-04 14:30:10,25.753,49.02,1014.445,0.1247,126.923,1.7569,12.0267,1461.4,0
2026-10-04 14:30:20,25.727,48.04,1014.844,0.1155,126.225,1.7273,12.0205,1452.15,0
2026-10-04 14:30:30,25.645,47.794,1015.273,0.1199,124.62,1.733,11.9998,1461.05,0
2026-10-04 14:30:40,26.111,48.512,1013.101,0.1137,125.688,1.7324,11.9854,1436.47,0
2026-10-04 14:30:50,25.633,48.313,1013.919,0.1364,122.733,1.7603,12.0306,1455.92,0
2026-10-04 14:31:00,25.713,48.616,1014.767,0.134,124.341,1.7235,12.0139,1440.33,0
2026-10-04 14:31:10,25.817,48.324,1013.667,0.131,128.483,1.7267,12.0236,1464.57,0
2026-10-04 14:31:20,25.842,48.161,1013.451,0.1293,124.468,1.715,11.9741,1469.87,0
2026-10-04 14:31:30,25.887,48.287,1012.545,0.1347,123.759,1.722,12.032,1461.76,0
2026-10-04 14:31:40,25.992,48.332,1014.648,0.1225,125.017,1.746,12.0436,1454.26,0
2026-10-04 14:31:50,25.838,48.159,1013.845,0.1276,120.864,1.7515,12.0162,1452.08,0
2026-10-04 14:32:00,25.654,48.203,1013.352,0.1175,124.998,1.7761,11.9976,1474.04,0
2026-10-04 14:32:10,25.752,48.096,1014.065,0.1226,129.399,1.7313,12.0309,1470.49,0
2026-10-04 14:32:20,25.823,48.719,1013.977,0.1272,121.859,1.7277,12.0129,1439.44,0
2026-10-04 14:32:30,26.037,48.381,1013.991,0.0987,125.061,1.7446,12.0416,1458.85,0
2026-10-04 14:32:40,25.624,49.405,1013.725,0.1182,124.165,1.7233,12.0206,1459.57,0
2026-10-04 14:32:50,25.939,48.351,1015.016,0.1242,124.063,1.7193,11.9665,1451.27,0
2026-10-04 14:33:00,25.819,47.988,1013.79,0.1221,123.983,1.7438,11.9613,1433.53,0
2026-10-04 14:33:10,25.901,49.592,1015.021,0.1188,126.303,1.7263,12.0023,1422.87,0
2026-10-04 14:33:20,25.791,48.456,1014.286,0.127,120.84,1.7292,12.0313,1455.93,0
2026-10-04 14:33:30,25.705,48.738,1014.141,0.1164,126.175,1.7519,12.0077,1427.62,0
2026-10-04 14:33:40,25.9,48.532,1013.819,0.112,124.292,1.7449,12.0323,1444.83,0
2026-10-04 14:33:50,25.891,48.54,1014.584,0.131,118.771,1.7875,12.0035,1462.61,0
2026-10-04 14:34:00,25.932,48.489,1013.985,0.1297,125.173,1.7609,12.0716,1458.25,0
2026-10-04 14:34:10,25.817,47.664,1013.257,0.1163,124.35,1.719,12.0153,1442.73,0
2026-10-04 14:34:20,25.75,48.391,1013.237,0.1203,121.368,1.7286,12.0267,1464.77,0
2026-10-04 14:34:30,25.638,47.538,1014.212,0.1274,124.44,1.7046,11.996,1458.9,0
2026-10-04 14:34:40,25.926,48.106,1013.285,0.1208,119.984,1.715,12.0095,1443.35,0
2026-10-04 14:34:50,25.882,47.823,1013.88,0.1245,121.853,1.7712,12.0323,1473.15,0
2026-10-04 14:35:00,25.719,48.358,1014.667,0.1238,123.993,1.7331,12.0188,1457.31,0
2026-10-04 14:35:10,25.773,48.339,1014.143,0.1172,118.8,1.7057,11.9505,1437.97,0
2026-10-04 14:35:20,25.785,48.405,1013.429,0.1237,120.378,1.692,12.0325,1418.54,0
2026-10-04 14:35:30,25.666,48.301,1014.925,0.1116,120.801,1.7043,12.0352,1452.35,0
2026-10-04 14:35:40,25.75,47.847,1014.325,0.1223,124.019,1.7214,12.0383,1441.09,0
2026-10-04 14:35:50,25.715,48.013,1014.657,0.1183,125.08,1.7419,12.0475,1448.64,0
2026-10-04 14:36:00,25.805,48.596,1012.361,0.1158,121.052,1.7323,12.0245,1444.44,0
2026-10-04 14:36:10,25.769,48.663,1014.184,0.1085,120.858,1.76,12.0799,1414.68,0
2026-10-04 14:36:20,25.666,47.548,1014.545,0.1193,124.094,1.7195,12.0259,1442.94,0
2026-10-04 14:36:30,26.107,47.349,1015.149,0.1183,123.988,1.774,11.9625,1430.45,0
2026-10-04 14:36:40,26.018,47.744,1012.938,0.111,121.528,1.7403,12.0256,1439.03,0
2026-10-04 14:36:50,25.778,48.622,1014.811,0.1048,129.09,1.7555,12.048,1437.63,0
2026-10-04 14:37:00,25.908,48.7,1015.121,0.1042,124.131,1.7314,11.9856,1446.94,0
2026-10-04 14:37:10,25.929,47.623,1012.561,0.1151,123.042,1.7702,12.0133,1450.14,0
2026-10-04 14:37:20,26.025,48.231,1014.312,0.1193,122.369,1.712,12.0504,1452.23,0
2026-10-04 14:37:30,25.787,48.987,1014.413,0.1314,126.528,1.7147,12.0059,1409.01,0
2026-10-04 14:37:40,26.02,48.271,1013.755,0.1161,125.111,1.7217,12.0141,1465.96,0
2026-10-04 14:37:50,25.827,48.766,1013.645,0.1032,118.238,1.7757,12.0396,1419.83,0
2026-10-04 14:38:00,25.736,48.547,1014.459,0.1143,121.338,1.7407,11.988,1443.77,0
2026-10-04 14:38:10,25.987,47.585,1013.564,0.1258,122.059,1.7233,12.0198,1431.21,0
2026-10-04 14:38:20,26.059,47.938,1013.846,0.1101,123.338,1.7425,11.9958,1447.74,0
2026-10-04 14:38:30,26.218,48.043,1014.571,0.1243,125.23,1.7521,12.0134,1415.53,0
2026-10-04 14:38:40,25.767,48.07,1015.233,0.1165,120.113,1.7212,12.026,1465.88,0
2026-10-04 14:38:50,25.999,48.469,1014.386,0.1201,123.059,1.7525,12.0466,1436.91,0
2026-10-04 14:39:00,25.87,48.207,1014.106,0.1295,128.37,1.7455,12.0279,1449.48,0
2026-10-04 14:39:10,26.017,46.527,1013.655,0.0997,123.334,1.7366,12.006,1429.63,0
2026-10-04 14:39:20,25.75,47.332,1013.312,0.1214,121.138,1.718,12.05,1466.22,0
2026-10-04 14:39:30,25.779,46.887,1014.8,0.1132,119.193,1.7723,12.0355,1420.39,0
2026-10-04 14:39:40,25.841,48.061,1013.919,0.1062,121.709,1.7387,11.9716,1401.17,0
2026-10-04 14:39:50,25.947,48.085,1014.836,0.1128,119.908,1.6774,12.0411,1460.75,0
2026-10-04 14:40:00,25.865,48.099,1013.803,0.1269,121.935,1.7601,12.0218,1422.33,0
2026-10-04 14:40:10,26.025,47.471,1013.583,0.1238,124.72,1.7611,12.0193,1438.59,0
2026-10-04 14:40:20,26.073,48.279,1014.336,0.0969,123.178,1.7753,12.0499,1462.68,0
2026-10-04 14:40:30,26.026,48.293,1013.991,0.1065,121.602,1.7627,12.0151,1432.9,0
2026-10-04 14:40:40,26.152,47.299,1013.204,0.12,117.644,1.7562,12.0426,1442.55,0
2026-10-04 14:40:50,26.011,47.186,1015.324,0.1121,125.487,1.7409,12.0521,1450.54,0
2026-10-04 14:41:00,25.82,47.912,1013.616,0.1119,121.907,1.7414,12.0218,1438.43,0
2026-10-04 14:41:10,26.133,48.8,1014.708,0.0993,123.263,1.7708,12.0314,1457.17,0
2026-10-04 14:41:20,25.901,48.746,1014.651,0.1057,120.178,1.7504,12.0376,1447.9,0
2026-10-04 14:41:30,26.087,48.17,1013.184,0.1006,121.661,1.7187,12.0318,1423.58,0
2026-10-04 14:41:40,26.171,47.516,1013.368,0.098,121.122,1.7464,12.0425,1447.63,0
2026-10-04 14:41:50,26.041,48.316,1013.862,0.1009,118.835,1.7541,11.9942,1435.81,0
2026-10-04 14:42:00,25.81,47.639,1013.47,0.1034,120.087,1.7061,12.0043,1435.55,0
2026-10-04 14:42:10,25.884,47.474,1015.288,0.1045,122.741,1.7749,11.9888,1440.65,0
2026-10-04 14:42:20,26.157,46.778,1013.943,0.1036,123.655,1.7566,12.0625,1449.15,0
2026-10-04 14:42:30,25.982,47.893,1014.71,0.1183,120.682,1.7229,11.9785,1420.57,0
2026-10-04 14:42:40,26.016,47.519,1014.45,0.1027,119.1,1.75,12.0534,1454.26,0
2026-10-04 14:42:50,26.102,47.875,1014.279,0.1212,121.613,1.7552,12.0322,1453.01,0
2026-10-04 14:43:00,26.099,46.669,1014.126,0.1057,124.995,1.7818,11.9985,1424.54,0
2026-10-04 14:43:10,26.053,47.896,1014.967,0.1129,119.813,1.7815,11.9886,1460.07,0
2026-10-04 14:43:20,25.999,46.587,1013.527,0.1129,122.643,1.7859,12.0195,1430.77,0
2026-10-04 14:43:30,25.99,48.339,1015.316,0.1018,120.598,1.7687,12.0148,1441.55,0
2026-10-04 14:43:40,26.135,48.048,1013.21,0.1061,125.939,1.7434,12.0304,1425.79,0
2026-10-04 14:43:50,26.103,47.64,1014.662,0.1045,121.008,1.7375,11.9655,1444.68,0
2026-10-04 14:44:00,26.01,48.053,1013.135,0.1113,124.488,1.743,12.0158,1425.38,0
2026-10-04 14:44:10,26.175,47.274,1013.901,0.1071,125.521,1.7593,11.9986,1434.13,0
2026-10-04 14:44:20,26.034,47.792,1014.191,0.102,127.074,1.7607,12.0525,1392.12,0
2026-10-04 14:44:30,25.952,48.145,1013.788,0.1087,118.364,1.7874,12.0308,1424.0,0
2026-10-04 14:44:40,25.967,46.192,1014.005,0.1103,118.204,1.7558,12.0079,1422.28,0
2026-10-04 14:44:50,25.945,47.508,1013.165,0.1222,125.868,1.7119,12.0561,1402.06,0
2026-10-04 14:45:00,26.034,47.712,1013.448,0.1077,125.351,1.7331,12.0097,1441.63,0
2026-10-04 14:45:10,26.22,47.618,1014.492,0.1071,120.47,1.7389,12.0181,1424.0,0
2026-10-04 14:45:20,25.979,48.436,1014.167,0.1102,112.584,1.7393,12.0274,1402.19,0
2026-10-04 14:45:30,26.103,47.138,1013.666,0.099,122.512,1.694,12.0434,1438.16,0
2026-10-04 14:45:40,26.006,47.381,1015.08,0.0926,117.691,1.8038,12.021,1445.15,0
2026-10-04 14:45:50,26.058,46.726,1013.303,0.1037,119.734,1.7104,12.0562,1426.47,0
2026-10-04 14:46:00,25.913,48.431,1013.907,0.1146,122.735,1.751,12.0107,1405.52,0
2026-10-04 14:46:10,26.072,47.545,1013.81,0.1157,123.112,1.7822,11.9963,1399.58,0
2026-10-04 14:46:20,26.08,47.441,1014.598,0.0906,126.883,1.7809,12.0606,1409.15,0
2026-10-04 14:46:30,26.172,47.626,1014.204,0.1108,120.995,1.7298,12.013,1414.75,0
2026-10-04 14:46:40,26.139,47.962,1014.098,0.0878,119.159,1.7971,12.0357,1452.52,0
2026-10-04 14:46:50,25.973,47.81,1012.887,0.1088,124.814,1.7939,12.0401,1423.49,0
2026-10-04 14:47:00,26.251,48.952,1014.787,0.1081,123.167,1.7632,12.073,1407.15,0
2026-10-04 14:47:10,26.151,47.847,1014.032,0.091,120.92,1.7688,12.0135,1416.69,0
2026-10-04 14:47:20,26.154,47.379,1014.269,0.1126,122.079,1.7457,12.0342,1441.66,0
2026-10-04 14:47:30,26.134,47.323,1013.667,0.1184,120.824,1.7753,12.0014,1433.61,0
2026-10-04 14:47:40,26.078,47.399,1013.561,0.1037,124.008,1.775,12.009,1425.66,0
2026-10-04 14:47:50,26.171,46.837,1015.248,0.1052,126.97,1.7576,12.0021,1422.11,0
2026-10-04 14:48:00,26.206,47.6,1012.961,0.1157,119.704,1.7863,12.0422,1424.38,0
2026-10-04 14:48:10,25.944,47.963,1013.467,0.0947,123.117,1.7789,12.0441,1426.34,0
2026-10-04 14:48:20,26.094,47.257,1015.245,0.0947,117.239,1.8513,12.0303,1420.78,0
2026-10-04 14:48:30,26.133,47.152,1014.661,0.0967,118.584,1.7488,12.0018,1424.91,0
2026-10-04 14:48:40,26.199,48.305,1013.988,0.1035,123.464,1.8051,12.0049,1418.55,0
2026-10-04 14:48:50,26.316,46.826,1015.092,0.1033,121.539,1.7509,12.0037,1409.91,0
2026-10-04 14:49:00,26.085,46.497,1014.535,0.0985,118.397,1.7858,12.0302,1418.48,0
2026-10-04 14:49:10,26.122,46.947,1014.389,0.1003,121.724,1.708,11.9817,1427.07,0
2026-10-04 14:49:20,26.125,46.745,1014.387,0.0982,124.309,1.7606,12.0114,1410.89,0
2026-10-04 14:49:30,26.095,47.7,1014.558,0.0985,117.305,1.7856,11.9878,1427.8,0
2026-10-04 14:49:40,26.155,47.318,1014.59,0.0961,126.86,1.7802,12.034,1433.62,0
2026-10-04 14:49:50,26.293,47.381,1015.777,0.096,123.313,1.7245,11.9966,1425.98,0
2026-10-04 14:50:00,26.079,48.059,1014.107,0.0859,123.347,1.7648,12.0704,1412.13,0
2026-10-04 14:50:10,26.262,47.129,1014.132,0.1,121.538,1.8124,12.0476,1421.68,0
2026-10-04 14:50:20,26.011,47.854,1013.384,0.086,126.757,1.8016,12.0193,1422.23,0
2026-10-04 14:50:30,26.153,48.214,1014.217,0.1075,124.377,1.8003,12.0318,1422.61,0
2026-10-04 14:50:40,26.185,47.222,1015.561,0.0968,120.361,1.8355,12.0333,1441.66,0
2026-10-04 14:50:50,26.431,47.811,1014.949,0.1002,123.71,1.7335,11.9976,1401.63,0
2026-10-04 14:51:00,26.202,47.313,1013.883,0.098,119.212,1.7677,12.0526,1421.79,0
2026-10-04 14:51:10,25.975,47.888,1014.288,0.0989,120.545,1.7787,12.0193,1412.38,0
2026-10-04 14:51:20,26.004,46.632,1013.363,0.1108,125.759,1.7601,12.0025,1399.39,0
2026-10-04 14:51:30,26.253,46.587,1013.596,0.0898,122.496,1.7819,12.0353,1398.9,0
2026-10-04 14:51:40,26.328,47.206,1014.382,0.0875,123.292,1.8117,11.9937,1430.62,0
2026-10-04 14:51:50,26.304,46.949,1013.935,0.1013,124.79,1.7823,12.0382,1396.09,0
2026-10-04 14:52:00,26.284,47.127,1013.553,0.0962,122.9,1.7249,12.0304,1421.33,0
2026-10-04 14:52:10,26.408,47.267,1014.63,0.1029,118.796,1.7973,12.0056,1418.52,0
2026-10-04 14:52:20,26.209,47.729,1014.233,0.1056,126.187,1.7804,12.0458,1403.37,0
2026-10-04 14:52:30,26.386,47.157,1013.197,0.0909,122.725,1.7267,12.0396,1428.48,0
2026-10-04 14:52:40,26.087,46.941,1012.845,0.1045,122.911,1.7663,12.0139,1397.91,0
2026-10-04 14:52:50,26.18,47.169,1013.902,0.0913,121.292,1.7387,12.0355,1407.1,0
2026-10-04 14:53:00,26.076,46.952,1013.193,0.1,124.431,1.7753,11.9887,1398.66,0
2026-10-04 14:53:10,26.265,46.861,1013.0,0.0894,126.817,1.7703,12.0344,1426.2,0
2026-10-04 14:53:20,26.297,46.514,1015.102,0.1002,119.92,1.7452,11.9856,1432.18,0
2026-10-04 14:53:30,26.321,47.347,1014.246,0.0988,124.216,1.79,12.0254,1417.86,0
2026-10-04 14:53:40,26.32,47.02,1014.132,0.0901,121.097,1.7571,12.0394,1451.92,0
2026-10-04 14:53:50,26.206,47.779,1014.19,0.0879,114.974,1.8176,12.0307,1420.22,0
2026-10-04 14:54:00,26.3,46.564,1013.528,0.1047,116.73,1.7892,12.0611,1422.72,0
2026-10-04 14:54:10,26.148,47.009,1014.616,0.0949,122.189,1.7789,12.0025,1428.03,0
2026-10-04 14:54:20,26.496,48.178,1014.24,0.1065,123.921,1.8171,12.0326,1402.55,0
2026-10-04 14:54:30,26.301,46.794,1013.805,0.094,122.691,1.7927,11.9691,1418.47,0
2026-10-04 14:54:40,26.284,47.137,1013.913,0.1086,123.145,1.7953,12.0096,1397.54,0
2026-10-04 14:54:50,26.538,46.64,1013.483,0.0905,128.58,1.7854,12.0149,1391.98,0
2026-10-04 14:55:00,26.203,46.565,1014.061,0.1098,122.37,1.7796,12.0617,1427.84,0
2026-10-04 14:55:10,26.222,48.005,1014.181,0.0993,119.964,1.798,12.022,1398.42,0
2026-10-04 14:55:20,26.23,47.309,1014.049,0.101,120.353,1.8264,12.0454,1413.62,0
2026-10-04 14:55:30,26.359,47.282,1014.394,0.0896,125.612,1.7032,12.0,1435.05,0
2026-10-04 14:55:40,26.424,46.359,1014.304,0.1034,116.873,1.8358,12.0144,1383.13,0
2026-10-04 14:55:50,26.466,47.378,1014.524,0.1036,124.368,1.7643,12.0018,1419.77,0
2026-10-04 14:56:00,26.69,47.77,1015.025,0.0948,120.677,1.7948,11.9979,1409.38,0
2026-10-04 14:56:10,26.117,47.758,1014.784,0.0802,118.107,1.7475,11.9997,1408.37,0
2026-10-04 14:56:20,26.465,47.509,1015.04,0.0883,116.225,1.8281,12.0075,1410.03,0
2026-10-04 14:56:30,26.33,46.602,1013.782,0.0882,124.991,1.7566,12.074,1409.11,0
2026-10-04 14:56:40,26.331,47.315,1014.023,0.1006,117.951,1.8197,12.0215,1416.41,0
2026-10-04 14:56:50,26.332,47.485,1014.84,0.0932,120.684,1.786,11.9892,1392.5,0
2026-10-04 14:57:00,26.302,46.246,1014.855,0.0933,117.547,1.7884,12.0099,1415.52,0
2026-10-04 14:57:10,26.618,46.574,1013.914,0.0922,126.343,1.7614,12.0485,1390.79,0
2026-10-04 14:57:20,26.522,47.571,1014.82,0.1084,120.713,1.8238,12.0056,1438.98,0
2026-10-04 14:57:30,26.429,47.557,1013.735,0.097,116.354,1.79,12.0604,1405.56,0
2026-10-04 14:57:40,26.593,46.337,1014.736,0.0981,119.08,1.8121,12.049,1409.54,0
2026-10-04 14:57:50,26.255,47.5,1014.384,0.0915,124.52,1.7429,12.0184,1433.13,0
2026-10-04 14:58:00,26.281,47.143,1013.436,0.0961,117.384,1.7727,12.0069,1394.67,0
2026-10-04 14:58:10,26.185,47.477,1014.105,0.0885,119.204,1.8017,11.9996,1405.84,0
2026-10-04 14:58:20,26.367,46.762,1015.94,0.099,123.823,1.7564,12.0282,1384.58,0
2026-10-04 14:58:30,26.475,47.394,1014.557,0.087,121.262,1.8053,12.0338,1390.9,0
2026-10-04 14:58:40,26.473,47.485,1016.029,0.102,116.551,1.7801,12.057,1383.81,0
2026-10-04 14:58:50,26.484,46.88,1013.411,0.0901,120.853,1.7776,12.0325,1416.87,0
2026-10-04 14:59:00,26.301,47.056,1014.951,0.1035,119.699,1.8103,12.0148,1413.16,0
2026-10-04 14:59:10,26.572,46.715,1012.655,0.1112,120.288,1.8022,12.058,1397.79,0
2026-10-04 14:59:20,26.509,47.857,1014.432,0.0959,122.944,1.7702,12.0442,1396.47,0
2026-10-04 14:59:30,26.573,46.963,1014.877,0.1063,120.8,1.8268,12.0066,1418.35,0
2026-10-04 14:59:40,26.263,46.555,1015.025,0.1017,119.774,1.8118,12.0217,1403.45,0
2026-10-04 14:59:50,26.532,46.65,1013.882,0.0842,119.6,1.7492,12.0404,1390.24,0
2026-10-04 15:00:00,34.357,47.063,1015.173,0.3465,123.23,1.7924,12.0315,1419.07,1
2026-10-04 15:00:10,26.457,47.369,1014.075,0.0996,117.813,1.8098,11.9988,1400.58,0
2026-10-04 15:00:20,26.574,46.316,1014.337,0.1003,113.444,1.7981,12.0284,1412.6,0
2026-10-04 15:00:30,26.526,47.9,1014.152,0.0969,119.246,1.7182,12.0072,1403.24,0
2026-10-04 15:00:40,26.417,47.123,1013.663,0.0968,121.03,1.8033,12.0257,1433.07,0
2026-10-04 15:00:50,26.525,47.194,1015.561,0.0954,118.62,1.821,11.9917,1398.53,0
2026-10-04 15:01:00,26.345,46.904,1014.499,0.0964,118.267,1.8005,12.002,1371.24,0
2026-10-04 15:01:10,26.672,46.955,1015.229,0.0855,118.724,1.8043,12.0768,1397.68,0
2026-10-04 15:01:20,26.514,46.863,1015.203,0.0934,119.717,1.8288,12.0137,1404.83,0
2026-10-04 15:01:30,26.678,47.439,1013.797,0.0836,115.87,1.7642,12.0522,1407.47,0
2026-10-04 15:01:40,26.485,46.918,1015.329,0.0912,121.722,1.8226,12.0213,1412.44,0
2026-10-04 15:01:50,26.491,47.298,1014.834,0.0905,111.725,1.8131,11.9944,1391.33,0
2026-10-04 15:02:00,26.466,46.69,1013.756,0.0899,121.306,1.7644,11.9976,1423.24,0
2026-10-04 15:02:10,26.668,46.997,1014.802,0.0867,120.6,1.8229,12.0048,1414.0,0
2026-10-04 15:02:20,26.483,46.489,1013.775,0.0973,121.125,1.851,12.0783,1401.23,0
2026-10-04 15:02:30,26.65,47.492,1015.619,0.0926,113.822,1.8146,12.019,1388.6,0
2026-10-04 15:02:40,26.531,46.459,1015.067,0.0917,120.46,1.8206,12.0293,1427.67,0
2026-10-04 15:02:50,26.345,46.706,1014.451,0.0838,117.928,1.7805,12.0419,1409.43,0
2026-10-04 15:03:00,26.518,46.703,1015.39,0.0927,124.335,1.7921,12.0375,1390.85,0
2026-10-04 15:03:10,26.45,46.676,1013.4,0.1042,120.588,1.7825,12.0466,1419.01,0
2026-10-04 15:03:20,26.6,47.207,1013.986,0.1043,115.946,1.8183,12.0119,1401.03,0
2026-10-04 15:03:30,26.458,46.679,1014.337,0.098,114.379,1.7958,11.9955,1420.11,0
2026-10-04 15:03:40,26.717,47.527,1016.082,0.0926,117.58,1.7947,12.0015,1384.57,0
2026-10-04 15:03:50,26.6,46.413,1013.771,0.0995,121.833,1.8272,11.9869,1393.96,0
2026-10-04 15:04:00,26.594,46.9,1013.329,0.0897,122.829,1.8518,12.0122,1417.45,0
2026-10-04 15:04:10,26.699,46.42,1013.516,0.0926,119.89,1.8083,11.9322,1386.44,0
2026-10-04 15:04:20,26.74,47.01,1015.165,0.0891,119.56,1.7715,12.0435,1392.42,0
2026-10-04 15:04:30,26.627,46.785,1014.118,0.1023,118.297,1.8123,12.0397,1354.91,0
2026-10-04 15:04:40,26.541,46.707,1014.425,0.1012,119.203,1.8165,12.0011,1401.91,0
2026-10-04 15:04:50,26.426,47.372,1015.074,0.0947,122.888,1.8329,11.9911,1412.79,0
2026-10-04 15:05:00,26.561,46.443,1014.433,0.1089,118.175,1.8045,12.0638,1381.42,0
2026-10-04 15:05:10,26.574,47.056,1014.689,0.0983,121.165,1.835,12.0498,1401.71,0
2026-10-04 15:05:20,26.665,46.371,1014.924,0.0979,117.577,1.8316,12.0193,1386.63,0
2026-10-04 15:05:30,26.616,46.804,1014.252,0.0971,122.176,1.8063,12.0089,1371.87,0
2026-10-04 15:05:40,26.744,46.143,1014.44,0.085,120.847,1.8347,12.0268,1389.39,0
2026-10-04 15:05:50,26.593,46.402,1014.729,0.0879,122.001,1.8379,11.9899,1385.41,0
2026-10-04 15:06:00,26.664,46.685,1015.17,0.0947,124.704,1.7878,12.0333,1395.7,0
2026-10-04 15:06:10,26.817,47.626,1014.011,0.0948,111.286,1.8395,11.996,1388.96,0
2026-10-04 15:06:20,26.721,46.762,1012.455,0.0999,121.267,1.8129,11.9663,1413.37,0
2026-10-04 15:06:30,26.677,47.531,1015.048,0.0899,120.387,1.8101,12.0058,1384.71,0
2026-10-04 15:06:40,26.616,46.807,1015.225,0.0958,120.296,1.814,12.0009,1390.9,0
2026-10-04 15:06:50,26.617,46.496,1014.719,0.096,119.649,1.8481,12.0715,1396.2,0
2026-10-04 15:07:00,26.596,47.452,1014.77,0.0963,119.621,1.8485,12.0682,1391.61,0
2026-10-04 15:07:10,26.637,46.893,1014.19,0.0955,119.884,1.8299,11.9985,1384.11,0
2026-10-04 15:07:20,26.797,46.346,1014.938,0.0841,121.567,1.8251,12.024,1392.68,0
2026-10-04 15:07:30,26.684,46.896,1015.189,0.0773,121.302,1.8162,12.0102,1399.55,0
2026-10-04 15:07:40,26.553,46.507,1014.634,0.0879,118.722,1.8866,12.0726,1404.93,0
2026-10-04 15:07:50,26.932,45.652,1016.342,0.0912,118.208,1.8025,11.9812,1359.46,0
2026-10-04 15:08:00,26.763,47.107,1013.506,0.0861,118.805,1.8088,12.0384,1398.6,0
2026-10-04 15:08:10,26.56,47.18,1014.718,0.0951,117.48,1.828,12.0588,1380.66,0
2026-10-04 15:08:20,26.68,47.544,1013.785,0.1043,124.033,1.7982,12.0133,1407.92,0
2026-10-04 15:08:30,26.75,46.829,1015.227,0.1015,114.854,1.8475,12.0276,1404.31,0
2026-10-04 15:08:40,26.946,46.487,1013.507,0.0995,120.89,1.7849,12.0534,1403.99,0
2026-10-04 15:08:50,26.613,47.021,1013.683,0.1037,120.846,1.8042,11.9994,1381.13,0
2026-10-04 15:09:00,26.867,47.022,1014.177,0.0884,116.997,1.8124,12.0431,1368.77,0
2026-10-04 15:09:10,26.922,47.409,1014.809,0.0922,119.45,1.7978,11.9886,1408.51,0
2026-10-04 15:09:20,26.683,46.561,1014.21,0.1009,122.325,1.8493,11.9874,1406.76,0
2026-10-04 15:09:30,26.729,46.493,1014.22,0.0922,117.52,1.7908,12.0487,1358.95,0
2026-10-04 15:09:40,26.643,46.211,1014.506,0.0927,122.42,1.8,12.0033,1409.42,0
2026-10-04 15:09:50,26.747,46.831,1014.466,0.1111,121.813,1.8076,12.032,1393.9,0
2026-10-04 15:10:00,26.771,45.781,1015.68,0.097,116.302,1.846,11.9982,1390.34,0
2026-10-04 15:10:10,26.858,46.937,1015.122,0.1104,115.082,1.8617,12.0347,1375.81,0
2026-10-04 15:10:20,26.914,46.836,1014.418,0.0818,118.876,1.8388,11.9863,1403.15,0
2026-10-04 15:10:30,26.698,46.828,1016.117,0.0914,114.633,1.7933,12.0602,1380.82,0
2026-10-04 15:10:40,26.556,46.597,1014.996,0.0998,109.614,1.8111,12.0482,1380.54,0
2026-10-04 15:10:50,26.793,47.288,1013.977,0.0973,116.834,1.8663,12.0129,1355.26,0
2026-10-04 15:11:00,26.835,46.951,1014.838,0.0802,124.799,1.8281,11.9815,1375.94,0
2026-10-04 15:11:10,26.834,46.205,1015.036,0.0949,116.908,1.7917,12.023,1372.01,0
2026-10-04 15:11:20,26.769,46.207,1014.183,0.1166,119.362,1.8831,12.0192,1355.53,0
2026-10-04 15:11:30,26.827,46.055,1013.931,0.0989,120.298,1.8144,12.0147,1409.86,0
2026-10-04 15:11:40,26.998,46.764,1014.731,0.1018,118.048,1.8272,12.0546,1384.41,0
2026-10-04 15:11:50,26.865,45.982,1014.422,0.0919,117.145,1.8123,12.0588,1364.69,0
2026-10-04 15:12:00,26.779,47.017,1015.712,0.0991,121.806,1.806,12.0392,1371.42,0
2026-10-04 15:12:10,26.767,47.13,1015.199,0.0972,118.214,1.8626,12.0658,1376.96,0
2026-10-04 15:12:20,26.811,46.023,1014.235,0.1063,117.794,1.8356,11.9586,1376.53,0
2026-10-04 15:12:30,27.032,46.363,1014.984,0.1062,120.435,1.8389,12.0211,1397.29,0
2026-10-04 15:12:40,26.817,46.458,1015.576,0.1008,114.927,1.7995,12.02,1381.04,0
2026-10-04 15:12:50,26.84,46.885,1013.717,0.0982,114.201,1.8244,12.0499,1386.37,0
2026-10-04 15:13:00,26.789,47.241,1013.98,0.0843,113.09,1.8167,12.021,1380.72,0
2026-10-04 15:13:10,26.982,45.587,1014.691,0.0842,119.642,1.812,12.0429,1401.94,0
2026-10-04 15:13:20,27.089,46.265,1014.727,0.0986,117.421,1.8448,12.0171,1404.97,0
2026-10-04 15:13:30,26.912,46.284,1014.668,0.1051,120.366,1.825,12.0123,1382.11,0
2026-10-04 15:13:40,26.871,45.711,1014.49,0.1089,118.013,1.8512,12.0493,1369.73,0
2026-10-04 15:13:50,26.87,46.162,1014.483,0.0912,113.722,1.8523,12.0293,1382.1,0
2026-10-04 15:14:00,26.583,46.612,1014.983,0.0864,116.742,1.8238,12.0371,1336.9,0
2026-10-04 15:14:10,26.962,46.253,1015.511,0.106,120.473,1.8464,11.9985,1388.07,0
2026-10-04 15:14:20,26.892,45.614,1014.384,0.0921,116.97,1.8239,12.0465,1362.8,0
2026-10-04 15:14:30,26.931,47.817,1016.43,0.0862,121.292,1.8162,12.0027,1379.68,0
2026-10-04 15:14:40,26.798,46.507,1016.099,0.0949,116.345,1.8098,12.0726,1389.89,0
2026-10-04 15:14:50,26.84,46.424,1015.66,0.0949,119.837,1.8388,12.0234,1374.08,0
2026-10-04 15:15:00,26.841,45.813,1015.168,0.1097,112.306,1.8185,12.0195,1375.88,0
2026-10-04 15:15:10,27.016,46.486,1016.141,0.1062,116.948,1.8719,12.0523,1386.14,0
2026-10-04 15:15:20,26.852,46.268,1014.536,0.0935,116.441,1.8785,12.0288,1373.73,0
2026-10-04 15:15:30,27.15,45.4,1014.159,0.1107,113.382,1.8501,12.0481,1395.79,0
2026-10-04 15:15:40,26.955,45.803,1014.377,0.1006,120.886,1.8448,12.0227,1393.34,0
2026-10-04 15:15:50,26.754,46.729,1014.046,0.1083,115.604,1.8395,12.0481,1390.08,0
2026-10-04 15:16:00,26.895,47.298,1014.836,0.1105,115.269,1.8988,12.0285,1371.94,0
2026-10-04 15:16:10,26.836,46.504,1014.964,0.0979,121.377,1.8889,12.0521,1389.83,0
2026-10-04 15:16:20,26.654,46.866,1014.898,0.1047,117.931,1.8351,12.0593,1369.91,0
2026-10-04 15:16:30,27.112,46.231,1014.752,0.0971,119.76,1.8357,11.991,1379.58,0
2026-10-04 15:16:40,27.008,46.26,1014.857,0.1079,112.287,1.8492,12.0397,1341.18,0
2026-10-04 15:16:50,26.991,46.843,1015.982,0.1013,114.974,1.8119,12.0765,1397.91,0
2026-10-04 15:17:00,26.95,47.123,1015.203,0.1084,123.603,1.7968,12.0463,1406.29,0
2026-10-04 15:17:10,26.767,46.936,1015.418,0.1131,119.88,1.8088,12.0919,1383.59,0
2026-10-04 15:17:20,26.878,45.747,1014.909,0.1054,114.072,1.8351,12.0079,1356.33,0
2026-10-04 15:17:30,27.04,46.241,1013.648,0.1004,117.942,1.8194,12.0376,1376.63,0
2026-10-04 15:17:40,26.816,46.408,1013.512,0.1007,114.254,1.8798,12.0434,1380.8,0
2026-10-04 15:17:50,26.642,46.133,1016.243,0.0778,121.397,1.8071,12.0181,1379.82,0
2026-10-04 15:18:00,26.921,46.452,1014.415,0.0959,110.38,1.8108,12.0005,1417.53,0
2026-10-04 15:18:10,26.934,46.663,1014.359,0.1092,117.989,1.7987,12.0857,1375.59,0
2026-10-04 15:18:20,26.971,46.748,1014.966,0.1097,117.919,1.8288,12.0596,1370.44,0
2026-10-04 15:18:30,27.045,47.084,1015.182,0.0962,113.774,1.8354,12.0456,1381.39,0
2026-10-04 15:18:40,27.037,46.071,1015.274,0.1036,116.267,1.8437,12.0329,1376.65,0
2026-10-04 15:18:50,26.994,45.549,1016.045,0.1009,118.187,1.8452,12.0353,1367.4,0
2026-10-04 15:19:00,27.109,46.405,1015.856,0.1081,111.701,1.831,12.0476,1352.07,0
2026-10-04 15:19:10,26.786,47.162,1014.241,0.1204,113.171,1.8206,12.0681,1389.33,0
2026-10-04 15:19:20,27.032,45.976,1015.49,0.1086,116.519,1.8577,12.0144,1365.23,0
2026-10-04 15:19:30,27.049,46.553,1014.546,0.0977,114.459,1.8252,12.0348,1362.95,0
2026-10-04 15:19:40,26.828,46.552,1014.722,0.1026,115.543,1.8676,12.023,1365.74,0
2026-10-04 15:19:50,26.799,46.295,1014.055,0.1146,116.847,1.8114,12.0059,1355.83,0
2026-10-04 15:20:00,26.893,46.198,1013.639,0.0923,114.15,1.8301,12.0171,1387.45,0
2026-10-04 15:20:10,26.905,45.727,1014.805,0.0988,116.776,1.9002,12.038,1385.31,0
2026-10-04 15:20:20,27.078,45.043,1014.161,0.1096,117.724,1.904,12.0252,1380.18,0
2026-10-04 15:20:30,26.916,45.623,1015.482,0.1144,119.141,1.8159,12.0334,1387.84,0
2026-10-04 15:20:40,26.89,45.979,1014.639,0.1091,113.041,1.8805,12.0509,1383.53,0
2026-10-04 15:20:50,26.922,46.718,1015.055,0.0996,114.868,1.8911,12.0618,1385.73,0
2026-10-04 15:21:00,27.132,46.113,1015.799,0.1089,118.493,1.8777,12.0993,1404.15,0
2026-10-04 15:21:10,27.001,45.9,1013.805,0.1081,112.256,1.8498,12.0524,1391.37,0
2026-10-04 15:21:20,26.981,45.709,1014.34,0.1078,116.995,1.8036,12.0178,1379.15,0
2026-10-04 15:21:30,26.992,46.478,1014.977,0.1043,116.736,1.8543,12.0608,1362.38,0
2026-10-04 15:21:40,27.162,46.824,1015.072,0.1057,108.865,1.8629,12.0254,1352.31,0
2026-10-04 15:21:50,26.919,46.672,1015.629,0.0982,115.117,1.8589,12.016,1349.73,0
2026-10-04 15:22:00,27.169,46.439,1015.467,0.1255,117.567,1.8653,12.0491,1390.19,0
2026-10-04 15:22:10,27.039,45.393,1014.93,0.1071,115.914,1.8334,12.069,1367.5,0
2026-10-04 15:22:20,26.997,45.951,1015.078,0.1104,115.101,1.842,12.0186,1376.93,0
2026-10-04 15:22:30,27.318,47.096,1015.1,0.1045,116.967,1.7946,12.0417,1361.32,0
2026-10-04 15:22:40,26.894,46.678,1013.843,0.1132,119.44,1.8771,12.0453,1408.58,0
2026-10-04 15:22:50,26.98,45.344,1014.765,0.0962,118.06,1.8328,12.0103,1348.44,0
2026-10-04 15:23:00,26.877,46.081,1015.051,0.0928,114.154,1.8494,11.9983,1377.33,0
2026-10-04 15:23:10,27.141,46.286,1015.201,0.1067,112.02,1.8623,11.9991,1369.76,0
2026-10-04 15:23:20,27.231,45.719,1014.236,0.1236,117.93,1.8423,12.0663,1375.29,0
2026-10-04 15:23:30,27.231,44.941,1013.998,0.117,112.813,1.8299,12.0228,1370.09,0
2026-10-04 15:23:40,27.179,46.14,1014.725,0.1011,114.736,1.8635,12.0187,1361.42,0
2026-10-04 15:23:50,27.011,45.693,1016.269,0.1119,116.898,1.8129,12.0426,1357.9,0
2026-10-04 15:24:00,26.993,45.691,1014.321,0.1029,119.709,1.877,12.0672,1405.29,0
2026-10-04 15:24:10,26.838,45.901,1015.719,0.1116,120.102,1.8747,12.0057,1369.98,0
2026-10-04 15:24:20,27.284,46.007,1016.01,0.1124,116.401,1.8448,11.9877,1379.47,0
2026-10-04 15:24:30,27.098,46.065,1014.935,0.116,114.665,1.8466,12.0719,1350.32,0
2026-10-04 15:24:40,26.985,45.624,1014.431,0.0962,112.566,1.8346,12.0479,1342.37,0
2026-10-04 15:24:50,27.205,45.952,1015.268,0.0988,122.019,1.8501,12.0084,1363.87,0
2026-10-04 15:25:00,26.93,45.179,1015.049,0.1085,115.248,1.855,12.0243,1387.01,0
2026-10-04 15:25:10,27.097,46.209,1014.314,0.1011,118.126,1.8524,12.0103,1374.24,0
2026-10-04 15:25:20,27.029,44.622,1014.457,0.1007,116.658,1.8969,12.0515,1365.61,0
2026-10-04 15:25:30,27.128,45.901,1015.238,0.1119,114.555,1.8174,12.0611,1380.06,0
2026-10-04 15:25:40,27.046,46.502,1015.577,0.1026,114.403,1.8387,12.0524,1365.26,0
2026-10-04 15:25:50,26.881,45.509,1014.701,0.1282,111.842,1.8801,12.0399,1394.06,0
2026-10-04 15:26:00,27.065,46.393,1014.881,0.1061,119.333,1.9135,12.0453,1394.58,0
2026-10-04 15:26:10,27.184,46.609,1015.401,0.1084,115.579,1.8409,12.0174,1364.56,0
2026-10-04 15:26:20,27.056,44.373,1014.815,0.1132,120.205,1.8882,12.025,1361.48,0
2026-10-04 15:26:30,27.153,45.948,1014.729,0.0989,114.544,1.8345,12.0363,1371.94,0
2026-10-04 15:26:40,26.936,44.582,1014.412,0.1153,114.971,1.8539,12.0294,1379.35,0
2026-10-04 15:26:50,27.06,45.957,1014.403,0.1142,112.44,1.8642,12.0364,1368.75,0
2026-10-04 15:27:00,26.989,46.009,1016.815,0.1088,114.881,1.847,11.996,1388.46,0
2026-10-04 15:27:10,27.155,44.768,1014.812,0.114,112.07,1.8542,12.0586,1376.67,0
2026-10-04 15:27:20,27.07,46.968,1015.908,0.1155,116.973,1.8309,12.0099,1388.92,0
2026-10-04 15:27:30,27.151,46.146,1016.134,0.1238,116.063,1.8822,11.9841,1355.68,0
2026-10-04 15:27:40,27.199,45.575,1014.83,0.1325,120.139,1.8433,12.019,1363.54,0
2026-10-04 15:27:50,27.153,46.729,1015.219,0.1042,111.316,1.8495,12.0316,1380.35,0
2026-10-04 15:28:00,27.104,45.095,1015.036,0.1025,119.313,1.8469,12.0875,1373.06,0
2026-10-04 15:28:10,26.952,45.375,1013.838,0.114,112.704,1.8485,12.025,1369.38,0
2026-10-04 15:28:20,27.073,44.837,1013.883,0.0967,116.647,1.8707,12.0425,1364.33,0
2026-10-04 15:28:30,27.01,46.884,1015.007,0.1188,112.153,1.869,12.0454,1373.34,0
2026-10-04 15:28:40,27.034,46.146,1014.678,0.1147,116.173,1.9308,11.9996,1393.39,0
2026-10-04 15:28:50,27.031,46.307,1016.302,0.1169,108.008,1.862,12.035,1341.75,0
2026-10-04 15:29:00,26.959,46.125,1014.816,0.1118,113.503,1.866,12.0311,1369.54,0
2026-10-04 15:29:10,26.842,46.258,1016.35,0.1165,115.808,1.9023,12.0399,1370.12,0
2026-10-04 15:29:20,26.998,46.007,1014.653,0.1184,120.731,1.8748,12.0485,1355.37,0
2026-10-04 15:29:30,27.102,46.101,1016.328,0.1165,109.055,1.867,12.0593,1369.27,0
2026-10-04 15:29:40,26.918,46.016,1015.347,0.1043,115.408,1.8665,12.0167,1346.95,0
2026-10-04 15:29:50,27.082,45.655,1015.39,0.1167,113.833,1.875,12.0503,1362.72,0
2026-10-04 15:30:00,27.309,45.934,1014.64,0.1304,109.617,1.8949,12.0201,1367.39,0
2026-10-04 15:30:10,27.204,46.091,1015.405,0.1177,111.965,1.9045,12.0157,1371.28,0
2026-10-04 15:30:20,27.279,46.007,1016.189,0.1171,113.902,1.897,12.0824,1399.42,0
2026-10-04 15:30:30,27.129,45.21,1014.905,0.1287,116.691,1.8832,11.9933,1358.99,0
2026-10-04 15:30:40,27.223,45.274,1014.772,0.1105,115.529,1.8772,12.0259,1351.31,0
2026-10-04 15:30:50,26.996,46.485,1014.839,0.1238,111.303,1.9232,12.0445,1386.0,0
2026-10-04 15:31:00,27.006,45.788,1016.149,0.1126,109.714,1.8607,12.024,1304.12,0
2026-10-04 15:31:10,26.755,46.231,1015.616,0.1258,116.444,1.8903,12.0429,1361.73,0
2026-10-04 15:31:20,27.226,45.39,1016.034,0.1237,114.58,1.9026,12.0057,1366.07,0
2026-10-04 15:31:30,27.269,45.197,1015.243,0.1142,119.976,1.8997,11.9932,1356.79,0
2026-10-04 15:31:40,27.018,45.51,1015.054,0.1156,114.059,1.8548,12.0176,1369.43,0
2026-10-04 15:31:50,27.054,45.818,1015.326,0.1258,118.521,1.9446,12.0434,1361.08,0
2026-10-04 15:32:00,26.994,45.595,1015.781,0.1034,116.699,1.9163,12.0354,1344.64,0
2026-10-04 15:32:10,27.131,46.572,1014.861,0.1149,117.507,1.9014,12.0557,1379.99,0
2026-10-04 15:32:20,27.22,46.013,1015.995,0.1236,116.315,1.85,12.0043,1380.53,0
2026-10-04 15:32:30,26.876,46.845,1015.296,0.1164,116.356,1.9,12.0256,1355.82,0
2026-10-04 15:32:40,27.134,46.121,1013.358,0.1202,108.093,1.8181,12.0383,1362.47,0
2026-10-04 15:32:50,27.052,44.71,1015.664,0.103,114.233,1.8704,12.016,1398.39,0
2026-10-04 15:33:00,27.098,46.443,1014.158,0.1127,112.928,1.8792,12.0438,1377.24,0
2026-10-04 15:33:10,27.14,45.158,1015.652,0.1252,118.706,1.8656,12.0334,1370.48,0
2026-10-04 15:33:20,27.062,46.026,1015.685,0.114,111.865,1.9167,12.0527,1394.7,0
2026-10-04 15:33:30,27.072,45.522,1015.287,0.1098,114.004,1.88,12.0479,1346.08,0
2026-10-04 15:33:40,27.058,46.979,1015.44,0.1289,117.223,1.8537,11.9944,1339.88,0
2026-10-04 15:33:50,27.2,46.625,1015.831,0.1248,115.699,1.8969,12.0777,1372.84,0
2026-10-04 15:34:00,27.134,45.533,1014.718,0.1122,115.273,1.8884,11.9867,1382.91,0
2026-10-04 15:34:10,27.109,45.839,1015.623,0.1222,118.074,1.8349,12.0023,1344.62,0
2026-10-04 15:34:20,26.93,46.023,1015.884,0.1129,115.503,1.9125,12.0394,1350.76,0
2026-10-04 15:34:30,27.037,46.331,1016.305,0.1204,113.063,1.8819,12.0487,1382.12,0
2026-10-04 15:34:40,27.189,45.912,1014.301,0.1232,110.785,1.9043,12.0344,1352.92,0
2026-10-04 15:34:50,27.086,45.384,1015.364,0.1155,116.109,1.8902,12.028,1366.34,0
2026-10-04 15:35:00,27.16,45.536,1014.408,0.1282,112.314,1.8719,12.0396,1373.31,0
2026-10-04 15:35:10,27.292,45.891,1014.381,0.1296,113.877,1.8912,12.055,1384.46,0
2026-10-04 15:35:20,27.204,46.509,1015.338,0.1248,117.811,1.8784,12.0132,1365.52,0
2026-10-04 15:35:30,27.09,46.105,1015.143,0.1262,113.887,1.8885,12.0142,1377.49,0
2026-10-04 15:35:40,27.016,45.503,1015.893,0.1115,113.194,1.8966,12.0205,1351.49,0
2026-10-04 15:35:50,26.771,46.213,1014.852,0.1343,113.664,1.8855,12.0753,1378.9,0
2026-10-04 15:36:00,27.056,45.694,1015.003,0.1228,113.72,1.8938,12.0517,1356.43,0
2026-10-04 15:36:10,27.036,46.332,1015.248,0.1163,111.48,1.8731,12.0568,1349.34,0
2026-10-04 15:36:20,27.121,47.149,1014.499,0.1252,119.462,1.8685,12.0824,1401.01,0
2026-10-04 15:36:30,27.055,45.705,1014.599,0.1302,112.757,1.9024,12.0624,1397.48,0
2026-10-04 15:36:40,27.034,46.284,1015.889,0.1286,116.734,1.9196,12.0468,1372.24,0
2026-10-04 15:36:50,26.858,45.51,1014.726,0.116,111.301,1.8707,12.0819,1393.22,0
2026-10-04 15:37:00,26.958,45.826,1015.941,0.131,115.981,1.8918,12.0188,1365.12,0
2026-10-04 15:37:10,27.127,45.896,1015.541,0.1246,114.816,1.849,12.0366,1367.96,0
2026-10-04 15:37:20,27.274,45.783,1014.035,0.1294,114.359,1.9297,12.0722,1367.35,0
2026-10-04 15:37:30,27.056,47.111,1015.493,0.1192,114.785,1.9135,11.9886,1356.3,0
2026-10-04 15:37:40,27.105,45.726,1015.49,0.1341,115.483,1.8706,12.0236,1334.84,0
2026-10-04 15:37:50,27.179,46.172,1015.423,0.1275,113.531,1.8766,12.0634,1365.36,0
2026-10-04 15:38:00,26.966,44.913,1015.03,0.1357,113.656,1.916,12.0465,1389.54,0
2026-10-04 15:38:10,27.106,46.093,1014.474,0.1142,115.895,1.8904,12.0568,1374.15,0
2026-10-04 15:38:20,26.972,46.448,1016.077,0.1154,110.713,1.9021,11.9961,1382.24,0
2026-10-04 15:38:30,27.163,45.613,1015.066,0.1249,110.226,1.862,12.0231,1375.92,0
2026-10-04 15:38:40,27.076,44.621,1014.522,0.1388,114.628,1.9013,12.0605,1357.34,0
2026-10-04 15:38:50,27.093,45.856,1015.463,0.143,108.037,1.8835,12.0218,1373.77,0
2026-10-04 15:39:00,26.961,45.884,1014.625,0.1204,108.994,1.8949,12.0651,1365.07,0
2026-10-04 15:39:10,27.139,46.237,1014.483,0.1281,119.435,1.8778,12.0518,1354.13,0
2026-10-04 15:39:20,27.302,46.881,1014.888,0.1292,118.643,1.8828,12.0154,1383.88,0
2026-10-04 15:39:30,26.93,45.685,1014.687,0.1339,112.258,1.8909,12.0535,1350.52,0
2026-10-04 15:39:40,27.008,45.447,1014.517,0.1354,116.944,1.874,12.0637,1360.23,0
2026-10-04 15:39:50,27.075,45.291,1015.723,0.1197,117.024,1.9456,12.0542,1403.39,0
2026-10-04 15:40:00,27.14,45.974,1015.081,0.1293,115.312,1.8628,12.0587,1380.68,0
2026-10-04 15:40:10,26.976,46.115,1016.04,0.1129,113.638,1.902,12.0021,1373.86,0
2026-10-04 15:40:20,26.702,45.602,1014.568,0.1357,115.73,1.8973,12.1019,1337.6,0
2026-10-04 15:40:30,27.203,46.265,1013.959,0.1267,116.221,1.909,12.1161,1368.46,0
2026-10-04 15:40:40,27.129,46.108,1015.275,0.12,115.73,1.8278,12.0814,1352.79,0
2026-10-04 15:40:50,26.827,45.897,1016.473,0.1325,109.132,1.8484,12.0487,1369.11,0
2026-10-04 15:41:00,26.961,45.425,1015.548,0.1271,119.855,1.8771,12.0359,1367.45,0
2026-10-04 15:41:10,27.22,45.636,1017.43,0.1403,120.942,1.9141,12.0365,1357.49,0
2026-10-04 15:41:20,27.204,44.662,1015.414,0.1233,107.981,1.8848,12.0658,1387.96,0
2026-10-04 15:41:30,27.141,45.995,1015.349,0.1484,115.217,1.884,12.0731,1384.73,0
2026-10-04 15:41:40,27.005,45.891,1013.678,0.1377,119.798,1.8923,12.0302,1353.55,0
2026-10-04 15:41:50,27.034,45.973,1015.489,0.1414,116.644,1.8712,12.0461,1394.09,0
2026-10-04 15:42:00,27.006,46.131,1015.31,0.123,116.652,1.9042,12.0781,1353.27,0
2026-10-04 15:42:10,27.155,46.073,1014.909,0.1458,109.274,1.8975,12.0443,1395.51,0
2026-10-04 15:42:20,26.912,45.825,1015.101,0.1219,115.939,1.9056,12.0498,1367.43,0
2026-10-04 15:42:30,26.918,45.906,1015.152,0.1302,114.26,1.9312,12.0815,1364.62,0
2026-10-04 15:42:40,27.134,45.18,1015.076,0.1425,115.858,1.8878,12.0776,1393.01,0
2026-10-04 15:42:50,27.005,45.591,1016.668,0.1363,110.389,1.8965,12.0675,1368.26,0
2026-10-04 15:43:00,27.173,45.909,1014.948,0.1225,110.257,1.8694,12.0207,1387.23,0
2026-10-04 15:43:10,26.925,45.517,1015.329,0.1417,113.02,1.863,12.0212,1351.29,0
2026-10-04 15:43:20,26.996,46.316,1014.93,0.1355,112.287,1.8944,12.0293,1371.29,0
2026-10-04 15:43:30,26.889,45.558,1015.763,0.1297,112.929,1.8974,12.0348,1378.03,0
2026-10-04 15:43:40,26.998,45.996,1015.341,0.1209,111.939,1.9123,12.0534,1388.9,0
2026-10-04 15:43:50,26.817,45.948,1015.024,0.1369,112.751,1.9097,12.0458,1381.7,0
2026-10-04 15:44:00,26.934,46.264,1013.875,0.1323,111.332,1.9019,12.0442,1371.74,0
2026-10-04 15:44:10,26.817,46.342,1015.396,0.135,113.162,1.938,12.0419,1378.22,0
2026-10-04 15:44:20,27.07,46.24,1015.011,0.1213,109.013,1.8883,12.0266,1360.26,0
2026-10-04 15:44:30,27.07,44.842,1015.188,0.1308,114.803,1.8916,12.0371,1380.3,0
2026-10-04 15:44:40,26.774,46.493,1014.405,0.1382,114.018,1.9037,12.1096,1378.46,0
2026-10-04 15:44:50,27.138,46.661,1016.239,0.1495,109.428,1.8672,12.0664,1359.69,0
2026-10-04 15:45:00,27.275,45.658,1015.838,0.1331,117.169,1.9143,12.0495,1373.26,0
2026-10-04 15:45:10,26.978,46.019,1016.242,0.1464,110.686,1.8991,12.0116,1383.05,0
2026-10-04 15:45:20,26.893,45.457,1016.046,0.1414,116.71,1.8998,12.0245,1408.2,0
2026-10-04 15:45:30,27.305,44.93,1015.66,0.1371,114.109,1.9114,12.0483,1389.39,0
2026-10-04 15:45:40,26.805,45.536,1014.448,0.1273,116.099,1.9075,12.0835,1375.05,0
2026-10-04 15:45:50,26.963,45.637,1016.541,0.1278,113.602,1.9086,12.0554,1376.02,0
2026-10-04 15:46:00,26.979,45.732,1014.603,0.1407,114.751,1.8888,12.0552,1369.64,0
2026-10-04 15:46:10,27.116,45.432,1015.067,0.1317,115.996,1.938,12.0777,1373.56,0
2026-10-04 15:46:20,26.994,45.546,1015.753,0.1312,118.726,1.8625,12.0258,1383.61,0
2026-10-04 15:46:30,26.888,45.91,1015.79,0.1348,116.205,1.8821,12.0853,1383.31,0
2026-10-04 15:46:40,26.83,45.532,1015.663,0.1351,114.303,1.8857,12.0407,1370.84,0
2026-10-04 15:46:50,26.9,46.191,1014.985,0.1438,108.889,1.8817,12.0794,1355.7,0
2026-10-04 15:47:00,26.817,46.262,1014.843,0.1327,105.664,1.8563,12.0923,1369.06,0
2026-10-04 15:47:10,26.94,47.114,1017.044,0.1434,112.497,1.9413,12.028,1359.81,0
2026-10-04 15:47:20,26.863,46.489,1015.245,0.1406,110.722,1.9165,12.0508,1354.2,0
2026-10-04 15:47:30,26.748,46.05,1015.162,0.1239,110.809,1.8849,12.0707,1381.64,0
2026-10-04 15:47:40,27.075,45.62,1014.778,0.1398,112.572,1.9183,12.0439,1377.78,0
2026-10-04 15:47:50,26.861,46.08,1015.451,0.1163,114.785,1.8971,12.0448,1358.9,0
2026-10-04 15:48:00,26.765,46.099,1015.421,0.1306,110.911,1.894,12.0414,1367.9,0
2026-10-04 15:48:10,26.893,45.681,1015.274,0.1416,115.436,1.8775,12.005,1377.46,0
2026-10-04 15:48:20,26.918,46.332,1015.555,0.138,112.828,1.9022,12.0781,1376.81,0
2026-10-04 15:48:30,26.697,45.244,1016.524,0.1241,112.818,1.8862,12.0265,1379.63,0
2026-10-04 15:48:40,26.943,45.823,1014.876,0.1294,118.307,1.8779,11.9947,1361.7,0
2026-10-04 15:48:50,26.773,46.226,1015.325,0.1177,113.194,1.9263,12.0782,1378.59,0
2026-10-04 15:49:00,27.101,45.807,1014.844,0.1279,112.474,1.8821,12.0643,1372.6,0
2026-10-04 15:49:10,26.954,45.85,1015.506,0.1435,114.185,1.938,12.0194,1384.99,0
2026-10-04 15:49:20,26.84,45.888,1014.904,0.1345,117.982,1.8852,12.0796,1389.63,0
2026-10-04 15:49:30,26.794,45.542,1014.937,0.1405,112.428,1.8657,12.0692,1419.05,0
2026-10-04 15:49:40,26.867,46.549,1014.285,0.1394,113.865,1.9166,12.0527,1393.36,0
2026-10-04 15:49:50,26.949,45.456,1015.378,0.1397,112.198,1.8925,12.0441,1375.7,0
2026-10-04 15:50:00,26.869,46.128,1015.612,0.1477,112.191,1.8644,12.0499,1373.35,0
2026-10-04 15:50:10,26.842,46.178,1016.616,0.1381,111.007,1.9105,12.0583,1359.98,0
2026-10-04 15:50:20,26.871,45.5,1015.645,0.1471,110.774,1.8717,12.0335,1360.46,0
2026-10-04 15:50:30,26.787,46.014,1015.004,0.1201,117.52,1.8548,12.0813,1378.31,0
2026-10-04 15:50:40,26.815,45.526,1014.369,0.149,110.748,1.9217,12.0674,1378.88,0
2026-10-04 15:50:50,26.601,46.68,1014.469,0.1299,107.765,1.9422,12.0503,1414.6,0
2026-10-04 15:51:00,26.964,45.418,1014.419,0.1318,112.741,1.8953,12.0974,1363.65,0
2026-10-04 15:51:10,26.879,45.664,1016.643,0.1348,115.395,1.9356,12.0464,1362.2,0
2026-10-04 15:51:20,26.746,45.383,1015.532,0.1493,116.047,1.9256,12.0928,1378.54,0
2026-10-04 15:51:30,27.063,45.319,1014.925,0.1336,108.713,1.9224,12.0615,1367.34,0
2026-10-04 15:51:40,26.841,46.797,1014.663,0.1356,115.613,1.9017,12.0733,1380.86,0
2026-10-04 15:51:50,26.702,46.277,1014.738,0.1333,118.429,1.8912,12.0453,1368.03,0
2026-10-04 15:52:00,26.925,46.079,1014.914,0.1432,110.177,1.9149,12.0079,1370.97,0
2026-10-04 15:52:10,26.865,45.684,1016.264,0.1472,111.685,1.9227,12.0667,1381.82,0
2026-10-04 15:52:20,26.86,46.47,1015.324,0.155,108.49,1.8752,12.0252,1366.99,0
2026-10-04 15:52:30,26.757,45.608,1014.334,0.1607,117.724,1.8988,12.0397,1370.21,0
2026-10-04 15:52:40,26.858,46.421,1016.967,0.1468,107.663,1.9024,12.0571,1383.67,0
2026-10-04 15:52:50,26.768,45.592,1014.554,0.1446,110.919,1.9002,12.0393,1376.57,0
2026-10-04 15:53:00,26.862,45.71,1014.941,0.1321,114.45,1.8906,12.0547,1366.4,0
2026-10-04 15:53:10,26.562,46.415,1016.274,0.1572,110.021,1.8744,12.0606,1368.89,0
2026-10-04 15:53:20,26.734,46.472,1015.649,0.1437,109.084,1.9002,12.0189,1391.89,0
2026-10-04 15:53:30,26.988,46.343,1015.032,0.1398,111.872,1.9011,12.0627,1381.04,0
2026-10-04 15:53:40,26.684,45.523,1014.502,0.1453,119.177,1.8964,12.0405,1371.09,0
2026-10-04 15:53:50,26.699,45.829,1014.689,0.1372,111.217,1.9246,12.0294,1389.63,0
2026-10-04 15:54:00,26.713,46.135,1014.734,0.1237,111.341,1.8744,12.0063,1383.32,0
2026-10-04 15:54:10,26.616,45.636,1015.375,0.1471,108.594,1.9158,12.0176,1397.24,0
2026-10-04 15:54:20,26.492,46.751,1015.507,0.1534,113.074,1.8641,12.0572,1390.34,0
2026-10-04 15:54:30,26.725,44.869,1015.271,0.1472,114.548,1.9075,12.0578,1394.69,0
2026-10-04 15:54:40,26.764,45.685,1015.35,0.1428,110.055,1.8529,12.0698,1372.23,0
2026-10-04 15:54:50,26.736,45.824,1014.644,0.143,113.46,1.8872,12.0999,1364.14,0
2026-10-04 15:55:00,26.72,44.661,1015.587,0.1444,110.035,1.9091,12.091,1389.19,0
2026-10-04 15:55:10,26.738,45.39,1016.281,0.1442,106.127,1.8742,12.0822,1389.48,0
2026-10-04 15:55:20,26.851,46.405,1015.273,0.1427,113.159,1.8745,12.0871,1376.33,0
2026-10-04 15:55:30,26.7,46.113,1015.261,0.1434,117.988,1.9347,12.0621,1362.4,0
2026-10-04 15:55:40,26.649,46.889,1015.449,0.1558,108.155,1.8704,12.0618,1382.8,0
2026-10-04 15:55:50,26.679,46.88,1016.176,0.1472,112.259,1.9075,12.0963,1384.17,0
2026-10-04 15:56:00,26.777,46.328,1014.769,0.1443,115.628,1.9475,12.0634,1358.13,0
2026-10-04 15:56:10,26.872,46.273,1016.414,0.1488,111.371,1.9143,12.0641,1384.26,0
2026-10-04 15:56:20,26.622,46.155,1015.695,0.1489,107.375,1.9117,12.0874,1396.06,0
2026-10-04 15:56:30,26.704,44.799,1015.423,0.1513,111.769,1.8933,12.0515,1359.24,0
2026-10-04 15:56:40,26.727,45.434,1016.254,0.1377,116.083,1.8935,12.0552,1387.04,0
2026-10-04 15:56:50,26.562,46.187,1014.58,0.14,110.071,1.9072,12.0247,1398.91,0
2026-10-04 15:57:00,26.679,46.45,1015.775,0.1374,112.265,1.8617,12.0473,1400.01,0
2026-10-04 15:57:10,26.495,46.292,1015.713,0.1501,108.387,1.937,12.0507,1351.46,0
2026-10-04 15:57:20,26.453,45.706,1014.759,0.1498,111.227,1.9171,12.0523,1396.05,0
2026-10-04 15:57:30,26.704,46.627,1015.738,0.1339,112.664,1.8683,12.0795,1375.19,0
2026-10-04 15:57:40,26.609,46.904,1015.616,0.1473,111.86,1.9378,12.0342,1373.61,0
2026-10-04 15:57:50,26.674,46.638,1015.295,0.1552,110.166,1.9293,12.0968,1417.91,0
2026-10-04 15:58:00,26.642,46.669,1016.027,0.1424,112.768,1.9235,12.0082,1383.68,0
2026-10-04 15:58:10,26.521,45.9,1015.025,0.1468,113.426,1.9685,12.0748,1374.81,0
2026-10-04 15:58:20,26.628,46.723,1015.616,0.1502,113.603,1.9152,12.0804,1392.71,0
2026-10-04 15:58:30,26.479,46.264,1015.337,0.1339,110.496,1.9512,12.0774,1406.17,0
2026-10-04 15:58:40,26.789,46.452,1015.001,0.1457,109.49,1.9137,12.0877,1383.66,0
2026-10-04 15:58:50,26.454,46.385,1015.786,0.1547,117.221,1.9245,12.0551,1373.22,0
2026-10-04 15:59:00,26.587,46.147,1015.29,0.1398,111.724,1.8995,12.0919,1382.77,0
2026-10-04 15:59:10,26.48,45.784,1014.407,0.1513,110.517,1.8663,12.0435,1397.93,0
2026-10-04 15:59:20,26.668,46.178,1014.18,0.1449,106.837,1.8679,12.0457,1377.08,0
2026-10-04 15:59:30,26.554,46.719,1015.995,0.1393,108.449,1.9116,12.1127,1398.3,0
2026-10-04 15:59:40,26.526,46.011,1014.59,0.1439,109.299,1.9079,12.0656,1379.99,0
2026-10-04 15:59:50,26.685,46.684,1015.642,0.1405,112.523,1.8845,12.0851,1354.46,0
2026-10-04 16:00:00,26.58,46.612,1015.487,0.1377,110.115,1.9072,12.0739,1405.25,0
2026-10-04 16:00:10,26.633,46.1,1015.193,0.1428,111.208,1.9255,12.0797,1387.66,0
2026-10-04 16:00:20,26.447,46.95,1016.823,0.1454,106.841,1.9467,12.0116,1398.62,0
2026-10-04 16:00:30,26.391,46.084,1015.581,0.1435,115.333,1.8972,12.0713,1387.53,0
2026-10-04 16:00:40,26.566,47.023,1015.987,0.1428,108.886,1.9245,12.0624,1383.74,0
2026-10-04 16:00:50,26.509,46.491,1015.659,0.1467,111.783,1.9582,12.0865,1394.42,0
2026-10-04 16:01:00,26.617,46.273,1015.3,0.1492,109.465,1.9336,12.0425,1381.24,0
2026-10-04 16:01:10,26.526,45.843,1015.451,0.1358,110.081,1.8958,12.0923,1410.94,0
2026-10-04 16:01:20,26.554,46.249,1016.487,0.1429,108.633,1.9177,12.0325,1383.47,0
2026-10-04 16:01:30,26.329,46.198,1016.23,0.1292,111.883,1.9199,12.0515,1411.4,0
2026-10-04 16:01:40,26.744,45.677,1016.837,0.1437,108.032,1.9313,12.0235,1393.38,0
2026-10-04 16:01:50,26.492,46.204,1015.628,0.1462,111.895,1.9164,12.0361,1348.78,0
2026-10-04 16:02:00,26.589,45.918,1014.861,0.1495,110.575,1.9277,12.0634,1369.84,0
2026-10-04 16:02:10,26.399,46.619,1015.169,0.1462,112.8,1.9412,12.0976,1397.63,0
2026-10-04 16:02:20,26.53,46.986,1014.648,0.1494,113.075,1.8895,12.0644,1371.3,0
2026-10-04 16:02:30,26.331,45.726,1016.018,0.1455,109.916,1.8829,12.0316,1364.93,0
2026-10-04 16:02:40,26.535,47.203,1015.073,0.1396,111.946,1.9312,12.0111,1404.74,0
2026-10-04 16:02:50,26.432,46.289,1013.347,0.1361,109.482,1.9123,12.0808,1361.85,0
2026-10-04 16:03:00,26.472,45.873,1017.212,0.1429,114.755,1.9378,12.0477,1397.54,0
2026-10-04 16:03:10,26.546,46.746,1015.09,0.1389,109.709,1.9435,12.0512,1380.63,0
2026-10-04 16:03:20,26.309,46.151,1015.088,0.144,110.16,1.8702,12.0913,1396.81,0
2026-10-04 16:03:30,26.368,46.34,1016.664,0.141,109.338,1.8956,12.0612,1390.48,0
2026-10-04 16:03:40,26.499,46.186,1014.65,0.1483,108.525,1.9135,12.0573,1355.59,0
2026-10-04 16:03:50,26.689,45.987,1016.294,0.1453,116.804,1.8911,12.0689,1382.17,0
2026-10-04 16:04:00,26.415,46.765,1015.089,0.1485,112.142,1.905,12.1021,1383.43,0
2026-10-04 16:04:10,26.496,46.267,1014.576,0.1484,110.867,1.885,12.0715,1393.44,0
2026-10-04 16:04:20,26.406,45.699,1016.698,0.1434,109.213,1.9061,12.0113,1392.29,0
2026-10-04 16:04:30,26.645,46.7,1016.153,0.1439,113.961,1.893,12.045,1384.05,0
2026-10-04 16:04:40,26.196,45.829,1016.152,0.1488,108.964,1.9258,12.0585,1370.92,0
2026-10-04 16:04:50,26.411,45.862,1015.768,0.1644,110.943,1.9399,12.0874,1395.36,0
2026-10-04 16:05:00,26.198,47.043,1015.932,0.1369,117.169,1.9276,12.0349,1401.43,0
2026-10-04 16:05:10,26.086,45.856,1014.652,0.1451,107.668,1.9824,12.0698,1393.54,0
2026-10-04 16:05:20,26.416,45.303,1015.595,0.1351,112.138,1.941,12.0642,1385.5,0
2026-10-04 16:05:30,26.391,46.781,1014.869,0.1445,111.365,1.9402,12.0918,1383.45,0
2026-10-04 16:05:40,26.333,46.325,1014.549,0.1392,112.064,1.9157,12.0416,1375.46,0
2026-10-04 16:05:50,26.348,46.376,1015.811,0.1436,109.604,1.9101,12.0709,1393.17,0
2026-10-04 16:06:00,26.726,46.335,1016.336,0.1458,108.662,1.9497,12.1052,1392.54,0
2026-10-04 16:06:10,26.317,46.616,1015.259,0.1406,111.098,1.9116,12.0895,1402.42,0
2026-10-04 16:06:20,26.402,46.131,1015.381,0.1302,109.03,1.9189,12.0821,1380.76,0
2026-10-04 16:06:30,26.257,47.254,1014.734,0.1558,103.383,1.9138,12.0595,1392.11,0
2026-10-04 16:06:40,26.364,45.785,1015.538,0.1511,107.885,1.9317,12.0712,1370.81,0
2026-10-04 16:06:50,26.293,46.754,1016.067,0.1433,109.388,1.9405,12.0648,1385.68,0
2026-10-04 16:07:00,26.266,46.861,1016.091,0.1371,107.085,1.9449,12.0892,1382.57,0
2026-10-04 16:07:10,26.527,46.168,1015.921,0.1449,110.751,1.9108,12.0811,1407.09,0
2026-10-04 16:07:20,26.443,46.044,1015.108,0.147,108.005,1.923,12.0524,1417.05,0
2026-10-04 16:07:30,26.311,47.072,1015.088,0.1503,110.128,1.9268,12.1119,1374.04,0
2026-10-04 16:07:40,26.012,46.076,1016.102,0.1509,116.742,1.9552,12.0985,1405.53,0
2026-10-04 16:07:50,26.238,46.277,1016.115,0.1524,113.9,1.874,12.0469,1402.35,0
2026-10-04 16:08:00,26.599,47.032,1015.429,0.13,111.973,1.919,12.0601,1384.14,0
2026-10-04 16:08:10,26.241,46.614,1015.253,0.1414,115.607,1.9027,12.0649,1381.33,0
2026-10-04 16:08:20,26.394,45.706,1016.37,0.1517,109.941,1.9055,12.0894,1381.38,0
2026-10-04 16:08:30,26.428,47.487,1015.303,0.1363,109.952,1.8976,12.0489,1387.42,0
2026-10-04 16:08:40,26.274,46.357,1016.079,0.1534,106.953,1.9324,12.0526,1387.93,0
2026-10-04 16:08:50,26.14,46.429,1015.463,0.158,113.934,1.8577,12.0914,1391.26,0
2026-10-04 16:09:00,25.942,46.767,1014.828,0.153,115.951,1.9156,12.0836,1386.14,0
2026-10-04 16:09:10,26.31,46.96,1016.691,0.1487,112.783,1.8736,12.0211,1406.12,0
2026-10-04 16:09:20,26.123,47.636,1015.649,0.1397,114.311,1.9018,12.0864,1401.9,0
2026-10-04 16:09:30,26.235,45.835,1015.069,0.1455,101.81,1.9139,12.0332,1391.91,0
2026-10-04 16:09:40,26.057,47.086,1014.595,0.1324,117.021,1.9091,12.0544,1386.66,0
2026-10-04 16:09:50,26.168,47.053,1014.668,0.1368,109.669,1.9363,12.0613,1386.5,0
2026-10-04 16:10:00,26.197,46.622,1015.312,0.1373,117.031,1.9506,12.0588,1401.82,0
2026-10-04 16:10:10,26.219,47.093,1016.922,0.1434,115.139,1.9683,12.0545,1396.32,0
2026-10-04 16:10:20,26.046,47.176,1015.167,0.1397,112.241,1.9192,12.0449,1398.71,0
2026-10-04 16:10:30,26.316,46.026,1016.592,0.1448,108.876,1.9485,12.0838,1408.85,0
2026-10-04 16:10:40,26.094,47.601,1015.489,0.1496,110.36,1.9561,12.0308,1395.41,0
2026-10-04 16:10:50,25.958,45.956,1014.755,0.1368,104.136,1.9076,12.058,1417.02,0
2026-10-04 16:11:00,26.139,46.177,1015.253,0.1436,112.639,1.9504,12.0913,1366.68,0
2026-10-04 16:11:10,26.149,46.622,1014.689,0.139,102.163,1.8652,12.0816,1377.24,0
2026-10-04 16:11:20,26.157,47.725,1014.989,0.1437,108.912,1.9271,12.0372,1424.37,0
2026-10-04 16:11:30,26.295,46.617,1014.97,0.1476,114.419,1.9598,12.0237,1391.51,0
2026-10-04 16:11:40,26.096,46.765,1014.259,0.1494,111.932,1.9222,12.0449,1402.17,0
2026-10-04 16:11:50,26.103,47.506,1016.653,0.1473,105.161,1.915,12.0178,1416.78,0
2026-10-04 16:12:00,25.978,46.649,1015.743,0.1451,105.711,1.9149,12.0747,1403.38,0
2026-10-04 16:12:10,26.202,46.219,1015.117,0.1303,107.92,1.9565,12.0611,1412.19,0
2026-10-04 16:12:20,26.118,46.609,1015.755,0.1329,109.929,1.88,12.0632,1407.98,0
2026-10-04 16:12:30,26.039,47.513,1015.016,0.1349,112.304,1.9101,12.0857,1413.75,0
2026-10-04 16:12:40,25.854,46.872,1013.733,0.1442,111.468,1.9409,12.0949,1406.66,0
2026-10-04 16:12:50,26.249,47.811,1017.675,0.1309,106.461,1.9278,12.0792,1410.49,0
2026-10-04 16:13:00,25.921,47.225,1015.74,0.1438,111.474,1.9496,12.0678,1391.09,0
2026-10-04 16:13:10,25.99,46.543,1015.196,0.1431,111.775,1.937,12.056,1407.89,0
2026-10-04 16:13:20,26.097,46.9,1014.257,0.1254,111.046,1.9081,12.0649,1399.7,0
2026-10-04 16:13:30,25.904,46.458,1014.567,0.132,116.996,1.9345,12.079,1399.27,0
2026-10-04 16:13:40,25.861,46.56,1016.772,0.149,111.721,1.887,12.0971,1375.65,0
2026-10-04 16:13:50,25.778,49.143,1016.667,0.1461,112.427,1.8695,12.0394,1394.78,0
2026-10-04 16:14:00,26.112,47.423,1016.145,0.1336,115.133,1.9047,12.0461,1399.35,0
2026-10-04 16:14:10,25.953,47.354,1014.839,0.1319,112.037,1.922,12.0743,1424.97,0
2026-10-04 16:14:20,26.363,46.621,1016.679,0.1205,107.815,1.8997,12.0219,1397.71,0
2026-10-04 16:14:30,25.885,47.728,1015.938,0.1517,113.177,1.9244,12.0819,1406.41,0
2026-10-04 16:14:40,25.887,47.502,1016.084,0.1402,108.226,1.9215,12.1014,1423.07,0
2026-10-04 16:14:50,25.923,47.903,1015.939,0.1548,106.464,1.8735,12.1341,1384.14,0
2026-10-04 16:15:00,26.013,47.889,1014.574,0.138,106.702,1.9065,12.0773,1397.23,0
2026-10-04 16:15:10,25.92,46.243,1014.792,0.1417,113.069,1.9435,12.0969,1416.44,0
2026-10-04 16:15:20,26.043,46.438,1015.275,0.1464,111.217,1.9322,12.0761,1440.56,0
2026-10-04 16:15:30,25.845,46.501,1016.085,0.1522,112.521,1.9026,12.1162,1374.02,0
2026-10-04 16:15:40,25.789,46.541,1014.67,0.143,111.195,1.9355,12.0653,1402.31,0
2026-10-04 16:15:50,25.732,47.185,1015.515,0.1388,109.868,1.9639,12.0843,1413.77,0
2026-10-04 16:16:00,25.674,46.75,1015.516,0.1389,110.237,1.9094,12.0913,1417.23,0
2026-10-04 16:16:10,25.871,48.08,1016.196,0.1302,111.038,1.9385,12.0861,1438.59,0
2026-10-04 16:16:20,25.89,48.006,1016.116,0.1353,107.439,1.9345,12.0573,1395.49,0
2026-10-04 16:16:30,25.844,47.061,1014.938,0.1386,105.357,1.908,12.0424,1401.92,0
2026-10-04 16:16:40,26.061,48.052,1016.66,0.1491,107.755,1.8916,12.1024,1381.31,0
2026-10-04 16:16:50,26.052,47.829,1014.834,0.1345,110.824,1.9612,12.0833,1407.93,0
2026-10-04 16:17:00,25.858,46.87,1016.415,0.1463,107.23,1.9471,12.0791,1413.96,0
2026-10-04 16:17:10,25.676,46.101,1015.267,0.1369,115.544,1.9129,12.0997,1437.95,0
2026-10-04 16:17:20,25.816,47.007,1015.769,0.1474,110.461,1.9502,12.0986,1432.41,0
2026-10-04 16:17:30,25.805,46.804,1015.814,0.1427,109.478,1.9337,12.0866,1429.88,0
2026-10-04 16:17:40,25.791,47.24,1015.796,0.142,107.282,1.95,12.0937,1396.99,0
2026-10-04 16:17:50,25.779,47.192,1016.131,0.1448,111.831,1.875,12.0649,1414.1,0
2026-10-04 16:18:00,25.777,47.19,1015.935,0.1434,105.43,1.9096,12.0915,1413.82,0
2026-10-04 16:18:10,25.802,47.431,1016.211,0.1451,109.995,1.9591,12.0391,1415.28,0
2026-10-04 16:18:20,25.765,46.573,1015.99,0.1535,107.723,1.986,12.079,1407.92,0
2026-10-04 16:18:30,25.859,47.396,1014.781,0.1492,109.375,1.9099,12.0973,1425.81,0
2026-10-04 16:18:40,25.87,46.981,1015.857,0.1398,110.453,1.9095,12.0608,1403.79,0
2026-10-04 16:18:50,25.71,47.312,1015.275,0.1324,105.539,1.9367,12.0825,1414.36,0
2026-10-04 16:19:00,25.965,47.701,1014.895,0.1387,103.946,1.9282,12.0867,1431.51,0
2026-10-04 16:19:10,25.688,46.621,1015.47,0.1202,106.146,1.9329,12.057,1442.3,0
2026-10-04 16:19:20,25.604,47.104,1015.803,0.142,111.561,1.8654,12.1077,1397.86,0
2026-10-04 16:19:30,25.837,47.196,1015.851,0.1268,110.025,1.9135,12.0876,1418.84,0
2026-10-04 16:19:40,25.686,47.009,1016.417,0.144,107.679,1.9396,12.0379,1417.69,0
2026-10-04 16:19:50,25.815,47.727,1016.595,0.1507,114.775,1.8605,12.0822,1429.46,0
2026-10-04 16:20:00,25.481,46.928,1015.917,0.1231,112.708,1.8789,12.1164,1435.96,0
2026-10-04 16:20:10,25.93,47.021,1016.045,0.1341,111.966,1.875,12.0802,1406.75,0
2026-10-04 16:20:20,25.836,46.955,1015.752,0.1258,106.645,1.9355,12.0642,1410.91,0
2026-10-04 16:20:30,25.568,47.867,1016.224,0.1203,111.897,1.896,12.067,1413.44,0
2026-10-04 16:20:40,25.564,47.086,1016.029,0.1331,109.805,1.8891,12.0768,1419.82,0
2026-10-04 16:20:50,25.935,47.574,1015.652,0.1389,106.599,1.9205,12.0506,1425.34,0
2026-10-04 16:21:00,25.638,48.343,1017.198,0.1396,108.436,1.888,12.1161,1407.6,0
2026-10-04 16:21:10,25.62,47.329,1015.311,0.1346,105.616,1.9303,12.1043,1441.39,0
2026-10-04 16:21:20,25.441,47.933,1016.713,0.1199,106.573,1.9793,12.1083,1386.39,0
2026-10-04 16:21:30,25.664,48.224,1014.749,0.134,105.264,1.9097,12.044,1396.22,0
2026-10-04 16:21:40,25.671,47.914,1016.268,0.1209,111.549,1.8703,12.0849,1423.54,0
2026-10-04 16:21:50,25.777,47.403,1016.705,0.1212,108.449,1.9075,12.1088,1412.27,0
2026-10-04 16:22:00,25.517,47.744,1014.366,0.1245,105.82,1.931,12.0584,1406.54,0
2026-10-04 16:22:10,25.495,46.79,1015.8,0.1406,110.18,1.9284,12.0804,1429.72,0
2026-10-04 16:22:20,25.724,47.056,1016.206,0.1364,108.615,1.9395,12.0549,1427.82,0
2026-10-04 16:22:30,25.784,47.155,1015.883,0.1344,111.745,1.9037,12.1034,1434.68,0
2026-10-04 16:22:40,25.468,48.589,1015.973,0.1247,108.977,1.9115,12.0773,1400.71,0
2026-10-04 16:22:50,25.779,47.074,1015.805,0.1283,104.248,1.8571,12.0806,1428.73,0
2026-10-04 16:23:00,25.647,47.078,1014.945,0.1203,107.053,1.9337,12.0548,1428.88,0
2026-10-04 16:23:10,25.766,46.981,1017.371,0.142,105.055,1.8855,12.1219,1402.04,0
2026-10-04 16:23:20,25.62,47.795,1015.362,0.1484,110.198,1.9232,12.0846,1418.05,0
2026-10-04 16:23:30,25.318,47.598,1016.02,0.1351,111.746,1.8963,12.1033,1432.3,0
2026-10-04 16:23:40,25.596,48.082,1015.265,0.1363,103.844,1.9159,12.0933,1438.21,0
2026-10-04 16:23:50,25.734,47.886,1014.126,0.129,108.086,1.9419,12.0611,1416.18,0
2026-10-04 16:24:00,25.493,46.871,1015.074,0.1171,111.901,1.9069,12.043,1402.21,0
2026-10-04 16:24:10,25.547,47.17,1014.709,0.1231,103.748,1.8993,12.0794,1441.98,0
2026-10-04 16:24:20,25.565,48.268,1016.488,0.1259,107.104,1.9178,12.112,1419.9,0
2026-10-04 16:24:30,25.231,47.495,1015.301,0.1263,108.392,1.9016,12.0353,1391.28,0
2026-10-04 16:24:40,25.773,48.203,1015.367,0.1243,111.578,1.894,12.1334,1416.33,0
2026-10-04 16:24:50,25.457,47.546,1014.984,0.1294,109.993,1.9641,12.1057,1437.23,0
2026-10-04 16:25:00,25.619,47.149,1015.796,0.122,110.59,1.871,12.0898,1402.26,0
2026-10-04 16:25:10,25.541,47.493,1015.23,0.1459,110.134,1.9336,12.0823,1422.62,0
2026-10-04 16:25:20,25.696,47.172,1016.428,0.1174,107.191,1.9138,12.1068,1416.27,0
2026-10-04 16:25:30,25.586,47.386,1015.946,0.1352,113.224,1.8965,12.055,1420.92,0
2026-10-04 16:25:40,25.503,47.781,1015.336,0.1258,106.264,1.9257,12.0967,1415.26,0
2026-10-04 16:25:50,25.417,47.948,1016.333,0.1314,99.926,1.9178,12.0935,1429.66,0
2026-10-04 16:26:00,25.613,46.909,1015.745,0.1316,102.843,1.9498,12.1309,1419.09,0
2026-10-04 16:26:10,25.285,47.708,1015.756,0.1286,107.878,1.8884,12.077,1432.6,0
2026-10-04 16:26:20,25.581,47.435,1014.719,0.118,107.218,1.9037,12.0874,1417.54,0
2026-10-04 16:26:30,25.365,47.417,1015.694,0.1242,106.587,1.9418,12.0848,1440.15,0
2026-10-04 16:26:40,25.64,47.819,1015.971,0.128,108.63,1.9113,12.0737,1423.88,0
2026-10-04 16:26:50,25.502,47.49,1016.681,0.1273,111.765,1.93,12.1238,1405.9,0
2026-10-04 16:27:00,25.554,48.468,1015.222,0.118,109.51,1.9466,12.0626,1411.48,0
2026-10-04 16:27:10,25.479,48.384,1017.345,0.1363,110.077,1.9302,12.0492,1407.27,0
2026-10-04 16:27:20,25.252,48.393,1016.142,0.1058,104.876,1.9007,12.0934,1408.45,0
2026-10-04 16:27:30,25.353,47.567,1014.69,0.1236,106.541,1.9071,12.0694,1405.58,0
2026-10-04 16:27:40,25.53,47.345,1015.163,0.118,110.185,1.9464,12.094,1409.31,0
2026-10-04 16:27:50,25.462,47.88,1016.751,0.1266,108.392,1.9196,12.1037,1425.83,0
2026-10-04 16:28:00,25.577,47.776,1016.628,0.133,109.483,1.9105,12.0916,1437.31,0
2026-10-04 16:28:10,25.477,47.559,1015.772,0.1134,109.877,1.9251,12.0887,1406.27,0
2026-10-04 16:28:20,25.306,47.288,1015.866,0.1433,108.519,1.8832,12.0368,1414.81,0
2026-10-04 16:28:30,25.32,47.868,1014.947,0.1259,112.75,1.9093,12.1025,1439.24,0
2026-10-04 16:28:40,25.421,47.699,1016.689,0.1271,106.394,1.9132,12.0936,1425.15,0
2026-10-04 16:28:50,25.125,48.257,1015.074,0.1123,105.516,1.9126,12.1357,1402.18,0
2026-10-04 16:29:00,25.597,48.258,1016.358,0.1232,102.663,1.905,12.1174,1428.73,0
2026-10-04 16:29:10,25.442,48.489,1016.714,0.1311,110.188,1.907,12.0521,1433.92,0
2026-10-04 16:29:20,25.53,47.321,1015.803,0.1248,106.216,1.9118,12.1158,1433.52,0
2026-10-04 16:29:30,25.186,48.164,1016.448,0.124,111.709,1.951,12.057,1462.82,0
2026-10-04 16:29:40,25.519,47.612,1017.066,0.1223,108.639,1.8593,12.1105,1418.16,0
2026-10-04 16:29:50,25.631,47.378,1015.961,0.1114,106.864,1.9317,12.1261,1446.28,0
2026-10-04 16:30:00,25.198,47.787,1015.653,0.1112,104.701,1.912,12.1366,1429.74,0
2026-10-04 16:30:10,25.442,48.548,1015.73,0.1314,110.389,1.9125,12.0802,1437.45,0
2026-10-04 16:30:20,25.343,47.84,1015.258,0.1289,107.672,1.9037,12.108,1420.98,0
2026-10-04 16:30:30,25.151,48.822,1015.244,0.1298,108.622,1.9263,12.1157,1420.99,0
2026-10-04 16:30:40,25.389,48.326,1016.091,0.1148,109.617,1.9374,12.1024,1412.64,0
2026-10-04 16:30:50,25.424,47.867,1015.668,0.1199,108.586,1.8661,12.049,1409.71,0
2026-10-04 16:31:00,25.245,48.657,1016.013,0.1308,105.224,1.9657,12.0948,1442.13,0
2026-10-04 16:31:10,25.451,48.312,1014.742,0.1108,109.322,1.9168,12.1054,1424.34,0
2026-10-04 16:31:20,25.105,47.636,1015.722,0.1295,110.203,1.9158,12.0913,1470.89,0
2026-10-04 16:31:30,25.119,49.045,1016.509,0.1155,108.808,1.8781,12.07,1425.94,0
2026-10-04 16:31:40,25.308,48.258,1015.006,0.1132,109.61,1.8985,12.0866,1443.46,0
2026-10-04 16:31:50,25.289,48.15,1015.802,0.1195,109.874,1.9466,12.1143,1434.52,0
2026-10-04 16:32:00,25.193,47.726,1014.494,0.1106,106.495,1.9142,12.1018,1406.64,0
2026-10-04 16:32:10,25.37,48.756,1014.88,0.1042,106.367,1.9227,12.1038,1414.16,0
2026-10-04 16:32:20,25.33,48.438,1016.36,0.1197,114.333,1.9006,12.0861,1412.02,0
2026-10-04 16:32:30,25.363,48.507,1015.58,0.1232,111.615,1.9613,12.1031,1457.04,0
2026-10-04 16:32:40,25.239,47.951,1017.073,0.1284,107.479,1.908,12.04,1454.82,0
2026-10-04 16:32:50,25.32,48.635,1016.102,0.1233,109.657,1.94,12.0917,1464.58,0
2026-10-04 16:33:00,25.188,48.687,1016.172,0.1339,104.781,1.9078,12.0834,1402.69,0
2026-10-04 16:33:10,25.482,47.91,1015.048,0.1289,105.782,1.9201,12.0938,1415.79,0
2026-10-04 16:33:20,25.132,47.548,1015.533,0.1237,103.824,1.9201,12.064,1445.73,0
2026-10-04 16:33:30,25.476,48.561,1015.291,0.1213,108.407,1.9342,12.1027,1425.48,0
2026-10-04 16:33:40,25.221,47.496,1015.06,0.1272,108.427,1.9294,12.1417,1447.73,0
2026-10-04 16:33:50,25.046,48.372,1016.272,0.0994,110.772,1.8989,12.0958,1430.97,0
2026-10-04 16:34:00,25.369,48.085,1016.413,0.113,106.87,1.9396,12.0951,1429.77,0
2026-10-04 16:34:10,25.214,48.931,1016.089,0.1018,110.691,1.8857,12.1568,1411.07,0
2026-10-04 16:34:20,25.295,48.139,1015.231,0.1217,109.436,1.8807,12.0706,1429.99,0
2026-10-04 16:34:30,25.334,48.902,1016.044,0.1103,114.841,1.9028,12.1068,1444.54,0
2026-10-04 16:34:40,25.221,48.104,1014.475,0.1401,112.45,1.9198,12.1342,1424.49,0
2026-10-04 16:34:50,25.104,48.874,1016.741,0.1116,111.911,1.8842,12.0851,1440.67,0
2026-10-04 16:35:00,25.286,49.418,1014.907,0.1164,109.927,1.9077,12.1163,1424.27,0
2026-10-04 16:35:10,25.163,47.866,1015.033,0.1121,104.723,1.8748,12.0993,1428.69,0
2026-10-04 16:35:20,25.239,48.56,1015.899,0.1112,108.27,1.9025,12.0684,1430.06,0
2026-10-04 16:35:30,24.893,49.801,1015.963,0.1049,114.12,1.9334,12.0914,1447.94,0
2026-10-04 16:35:40,25.199,48.473,1015.77,0.1044,108.884,1.8878,12.0949,1454.18,0
2026-10-04 16:35:50,25.063,48.484,1015.046,0.097,104.884,1.8782,12.0799,1469.21,0
2026-10-04 16:36:00,25.332,48.861,1016.617,0.1186,108.343,1.918,12.0558,1453.66,0
2026-10-04 16:36:10,25.202,48.5,1014.645,0.1106,104.352,1.8887,12.0858,1447.76,0
2026-10-04 16:36:20,25.151,47.639,1014.788,0.1293,104.739,1.9688,12.0589,1469.26,0
2026-10-04 16:36:30,25.174,49.072,1015.753,0.1036,108.532,1.9128,12.11,1447.09,0
2026-10-04 16:36:40,24.991,47.518,1014.944,0.1252,109.498,1.9335,12.1104,1452.52,0
2026-10-04 16:36:50,25.299,48.324,1016.686,0.1257,104.872,1.8748,12.0649,1457.99,0
2026-10-04 16:37:00,25.338,49.149,1015.007,0.1231,105.573,1.9189,12.099,1446.58,0
2026-10-04 16:37:10,25.14,48.381,1016.923,0.1146,102.959,1.8821,12.0636,1443.29,0
2026-10-04 16:37:20,25.279,48.225,1016.559,0.1098,106.836,1.9026,12.0883,1442.14,0
2026-10-04 16:37:30,25.014,49.025,1016.7,0.1225,101.372,1.8881,12.0808,1436.38,0
2026-10-04 16:37:40,24.981,48.173,1017.157,0.1057,106.299,1.9327,12.1097,1437.87,0
2026-10-04 16:37:50,25.076,48.001,1015.895,0.114,107.422,1.9146,12.0573,1461.58,0
2026-10-04 16:38:00,25.118,48.763,1015.13,0.1113,101.902,1.9093,12.1226,1429.53,0
2026-10-04 16:38:10,25.013,48.547,1015.768,0.1043,104.134,1.9402,12.1289,1448.38,0
2026-10-04 16:38:20,25.119,48.03,1015.445,0.1134,106.962,1.9064,12.0947,1446.29,0
2026-10-04 16:38:30,25.086,48.984,1015.346,0.1169,106.539,1.9315,12.0649,1425.61,0
2026-10-04 16:38:40,24.924,48.911,1015.949,0.1034,106.665,1.9506,12.0463,1459.89,0
2026-10-04 16:38:50,25.1,48.512,1015.627,0.1143,107.966,1.9089,12.1262,1427.61,0
2026-10-04 16:39:00,25.136,48.56,1015.32,0.0925,102.074,1.9116,12.1486,1436.81,0
2026-10-04 16:39:10,25.048,48.954,1015.676,0.1018,109.202,1.9288,12.1003,1447.04,0
2026-10-04 16:39:20,25.16,49.328,1016.233,0.1063,106.106,1.9407,12.0703,1471.01,0
2026-10-04 16:39:30,24.87,48.604,1016.519,0.1126,105.26,1.9078,12.0721,1456.81,0
2026-10-04 16:39:40,25.067,49.087,1014.729,0.1165,101.441,1.8884,12.1292,1453.99,0
2026-10-04 16:39:50,24.866,49.055,1015.64,0.11,106.22,1.9258,12.1041,1469.94,0
2026-10-04 16:40:00,24.867,49.226,1015.754,0.1137,108.546,1.9182,12.0758,1446.04,0
2026-10-04 16:40:10,24.92,48.819,1015.027,0.1077,107.421,1.9251,12.1576,1480.31,0
2026-10-04 16:40:20,24.877,48.357,1015.772,0.112,107.496,1.921,12.1265,1458.22,0
2026-10-04 16:40:30,24.919,48.595,1015.96,0.1114,105.953,1.9085,12.1142,1453.01,0
2026-10-04 16:40:40,24.954,49.011,1016.221,0.1043,106.776,1.9097,12.0867,1424.39,0
2026-10-04 16:40:50,25.075,49.762,1015.913,0.1053,103.622,1.9204,12.1318,1466.31,0
2026-10-04 16:41:00,24.931,48.625,1015.243,0.1128,106.917,1.8664,12.1231,1460.07,0
2026-10-04 16:41:10,24.775,49.283,1017.27,0.1223,105.446,1.9357,12.0985,1449.01,0
2026-10-04 16:41:20,25.097,48.73,1016.443,0.1172,103.532,1.9135,12.1285,1445.11,0
2026-10-04 16:41:30,24.854,48.962,1016.25,0.0983,109.158,1.8808,12.1277,1483.22,0
2026-10-04 16:41:40,24.943,49.678,1016.568,0.0982,102.156,1.9064,12.1085,1441.4,0
2026-10-04 16:41:50,24.998,49.316,1016.037,0.1027,108.441,1.9345,12.0732,1458.92,0
2026-10-04 16:42:00,24.964,48.327,1016.767,0.1076,108.617,1.9086,12.0765,1454.54,0
2026-10-04 16:42:10,25.066,48.675,1015.908,0.107,105.261,1.8828,12.0626,1464.68,0
2026-10-04 16:42:20,24.988,49.603,1015.87,0.1163,109.921,1.869,12.1355,1425.85,0
2026-10-04 16:42:30,24.822,49.059,1016.315,0.1166,105.173,1.9623,12.066,1465.11,0
2026-10-04 16:42:40,25.182,48.427,1016.975,0.1061,104.972,1.8569,12.1035,1479.36,0
2026-10-04 16:42:50,24.939,48.606,1016.931,0.104,103.192,1.9086,12.0631,1427.16,0
2026-10-04 16:43:00,24.893,49.38,1016.288,0.1098,106.755,1.8853,12.1451,1441.8,0
2026-10-04 16:43:10,25.022,49.539,1016.236,0.114,103.892,1.9258,12.0741,1464.84,0
2026-10-04 16:43:20,24.931,49.065,1016.363,0.1097,104.381,1.8691,12.1114,1454.69,0
2026-10-04 16:43:30,24.945,50.307,1016.567,0.1017,106.547,1.9395,12.0643,1467.22,0
2026-10-04 16:43:40,25.191,49.495,1016.787,0.1,106.661,1.8959,12.1255,1468.53,0
2026-10-04 16:43:50,24.855,48.974,1015.713,0.0959,110.487,1.8933,12.131,1461.07,0
2026-10-04 16:44:00,24.845,48.702,1016.802,0.1061,109.5,1.8907,12.1045,1484.47,0
2026-10-04 16:44:10,24.892,48.636,1016.121,0.1094,108.348,1.8835,12.1025,1469.65,0
2026-10-04 16:44:20,25.003,49.304,1016.338,0.1101,106.243,1.8888,12.1246,1438.81,0
2026-10-04 16:44:30,24.689,48.906,1016.85,0.1133,105.459,1.9158,12.0893,1469.54,0
2026-10-04 16:44:40,24.629,50.001,1016.407,0.1157,106.579,1.8545,12.1319,1458.87,0
2026-10-04 16:44:50,24.79,49.91,1016.526,0.0927,104.978,1.8786,12.1123,1467.91,0
2026-10-04 16:45:00,24.66,49.507,1015.613,0.1068,104.532,1.9345,12.0657,1477.55,0
2026-10-04 16:45:10,24.801,48.615,1016.936,0.1069,106.387,1.8946,12.1514,1484.59,0
2026-10-04 16:45:20,24.908,48.882,1016.375,0.1026,103.976,1.8823,12.11,1461.96,0
2026-10-04 16:45:30,24.736,49.859,1015.977,0.0964,104.149,1.8645,12.0971,1473.6,0
2026-10-04 16:45:40,24.668,48.963,1016.661,0.1144,109.452,1.8668,12.1098,1445.15,0
2026-10-04 16:45:50,24.843,49.82,1017.703,0.098,102.437,1.9204,12.0879,1454.73,0
2026-10-04 16:46:00,24.934,49.509,1015.074,0.085,103.445,1.875,12.1022,1453.58,0
2026-10-04 16:46:10,24.623,49.311,1015.331,0.1026,110.373,1.9154,12.1259,1477.86,0
2026-10-04 16:46:20,24.92,48.948,1017.774,0.1003,105.365,1.8706,12.1236,1488.59,0
2026-10-04 16:46:30,24.916,49.265,1016.194,0.1169,110.658,1.8917,12.122,1510.85,0
2026-10-04 16:46:40,24.928,49.421,1016.03,0.1058,103.016,1.8928,12.0917,1476.26,0
2026-10-04 16:46:50,24.956,49.856,1015.816,0.0993,106.728,1.8755,12.0853,1480.53,0
2026-10-04 16:47:00,25.07,48.91,1016.744,0.1,108.811,1.896,12.1167,1438.05,0
2026-10-04 16:47:10,24.759,49.235,1017.727,0.0998,103.766,1.8409,12.1265,1437.51,0
2026-10-04 16:47:20,24.811,49.403,1015.434,0.1191,111.496,1.8913,12.089,1451.63,0
2026-10-04 16:47:30,24.744,49.725,1015.833,0.1066,105.29,1.9044,12.1018,1446.18,0
2026-10-04 16:47:40,24.79,48.953,1015.656,0.0898,107.977,1.8721,12.1175,1473.0,0
2026-10-04 16:47:50,24.97,48.762,1016.416,0.0989,104.405,1.8981,12.1055,1491.69,0
2026-10-04 16:48:00,24.62,49.771,1016.76,0.1005,110.902,1.8963,12.137,1466.16,0
2026-10-04 16:48:10,24.675,48.689,1017.039,0.0917,107.327,1.897,12.0755,1456.47,0
2026-10-04 16:48:20,24.939,50.104,1016.442,0.0862,112.697,1.8583,12.072,1471.21,0
2026-10-04 16:48:30,24.893,49.397,1017.67,0.1051,109.932,1.894,12.1359,1456.17,0
2026-10-04 16:48:40,24.723,48.714,1015.505,0.0937,108.894,1.8483,12.1241,1459.14,0
2026-10-04 16:48:50,24.865,49.261,1015.324,0.11,103.507,1.8754,12.1111,1464.69,0
2026-10-04 16:49:00,24.8,49.705,1016.938,0.1,106.613,1.8907,12.1007,1473.76,0
2026-10-04 16:49:10,24.936,49.262,1015.996,0.096,105.401,1.8958,12.121,1443.27,0
2026-10-04 16:49:20,24.761,49.552,1014.948,0.0803,106.418,1.8601,12.1141,1438.15,0
2026-10-04 16:49:30,24.871,49.925,1015.691,0.1093,106.772,1.8829,12.117,1456.03,0
2026-10-04 16:49:40,25.062,49.468,1016.092,0.1017,103.616,1.9096,12.108,1477.08,0
2026-10-04 16:49:50,24.813,49.114,1015.462,0.0957,105.838,1.865,12.1232,1450.59,0
2026-10-04 16:50:00,24.744,49.446,1015.205,0.092,106.008,1.8353,12.133,1497.41,0
2026-10-04 16:50:10,24.821,50.316,1015.77,0.1118,103.256,1.9021,12.1328,1483.0,0
2026-10-04 16:50:20,24.687,50.465,1015.171,0.0904,108.677,1.8651,12.1218,1480.58,0
2026-10-04 16:50:30,25.014,48.626,1016.362,0.0958,106.933,1.8724,12.1104,1483.7,0
2026-10-04 16:50:40,24.746,50.195,1014.558,0.1032,108.694,1.8913,12.1218,1477.59,0
2026-10-04 16:50:50,24.688,49.788,1015.983,0.1101,107.706,1.8897,12.1407,1479.12,0
2026-10-04 16:51:00,24.617,50.138,1016.284,0.0967,101.093,1.913,12.1072,1490.47,0
2026-10-04 16:51:10,24.846,49.414,1015.858,0.0924,103.723,1.8811,12.1044,1487.16,0
2026-10-04 16:51:20,24.815,48.819,1016.687,0.0973,111.173,1.8886,12.1237,1476.99,0
2026-10-04 16:51:30,24.648,50.008,1014.963,0.1053,108.558,1.8443,12.13,1501.65,0
2026-10-04 16:51:40,24.774,49.259,1015.433,0.107,101.328,1.902,12.1092,1474.28,0
2026-10-04 16:51:50,24.52,49.049,1015.693,0.0869,107.592,1.8687,12.1231,1466.62,0
2026-10-04 16:52:00,24.72,49.097,1016.424,0.0987,103.676,1.9665,12.091,1451.52,0
2026-10-04 16:52:10,24.749,50.07,1016.079,0.0862,99.872,1.8801,12.1119,1463.25,0
2026-10-04 16:52:20,24.897,49.853,1017.427,0.1046,111.123,1.8958,12.1512,1492.44,0
2026-10-04 16:52:30,24.596,50.187,1015.364,0.1009,106.368,1.9008,12.1277,1474.21,0
2026-10-04 16:52:40,24.533,50.144,1014.952,0.09,106.783,1.8823,12.0965,1482.23,0
2026-10-04 16:52:50,24.575,49.612,1017.182,0.1096,102.352,1.8952,12.1,1476.57,0
2026-10-04 16:53:00,24.52,49.801,1014.929,0.0999,102.653,1.9403,12.0819,1457.63,0
2026-10-04 16:53:10,24.837,49.594,1016.409,0.0989,101.327,1.8648,12.1538,1471.67,0
2026-10-04 16:53:20,24.86,49.757,1015.247,0.0956,110.343,1.8273,12.0885,1463.8,0
2026-10-04 16:53:30,24.71,49.392,1014.484,0.0969,101.152,1.8505,12.0503,1470.1,0
2026-10-04 16:53:40,24.815,50.084,1015.671,0.0938,110.923,1.9077,12.0785,1463.63,0
2026-10-04 16:53:50,24.682,50.44,1016.564,0.0908,103.103,1.8705,12.1152,1484.49,0
2026-10-04 16:54:00,24.652,49.507,1015.08,0.1065,102.37,1.9404,12.0961,1489.76,0
2026-10-04 16:54:10,24.62,50.569,1016.339,0.0927,105.878,1.9,12.1174,1478.41,0
2026-10-04 16:54:20,24.62,49.999,1016.471,0.0923,103.982,1.8652,12.1229,1448.36,0
2026-10-04 16:54:30,24.469,50.076,1015.047,0.0954,106.317,1.8618,12.0989,1458.22,0
2026-10-04 16:54:40,24.684,49.118,1015.779,0.1078,103.384,1.8698,12.0917,1488.51,0
2026-10-04 16:54:50,24.645,49.078,1017.043,0.1053,105.065,1.829,12.1376,1467.8,0
2026-10-04 16:55:00,24.737,50.067,1016.395,0.0931,103.721,1.8872,12.1225,1468.13,0
2026-10-04 16:55:10,24.656,50.402,1015.757,0.106,108.571,1.8973,12.0483,1480.8,0
2026-10-04 16:55:20,24.623,49.685,1016.232,0.097,107.515,1.8555,12.0769,1468.27,0
2026-10-04 16:55:30,24.535,50.869,1015.462,0.0893,106.711,1.8406,12.0707,1448.56,0
2026-10-04 16:55:40,24.646,50.414,1016.722,0.0922,109.12,1.8563,12.1117,1466.83,0
2026-10-04 16:55:50,24.723,49.606,1016.723,0.1069,106.739,1.9037,12.1209,1474.95,0
2026-10-04 16:56:00,24.495,50.088,1016.029,0.1125,106.477,1.8985,12.1117,1472.99,0
2026-10-04 16:56:10,24.64,51.325,1016.106,0.0983,105.572,1.8835,12.1004,1492.13,0
2026-10-04 16:56:20,24.656,49.478,1015.246,0.0912,103.774,1.9188,12.1419,1483.26,0
2026-10-04 16:56:30,24.539,50.376,1015.0,0.0947,103.771,1.8352,12.1245,1482.5,0
2026-10-04 16:56:40,24.553,49.964,1015.683,0.0895,106.346,1.8719,12.0938,1499.89,0
2026-10-04 16:56:50,24.649,50.492,1015.886,0.0906,108.949,1.8908,12.0956,1459.44,0
2026-10-04 16:57:00,24.483,50.785,1016.692,0.0898,107.598,1.8962,12.0979,1506.62,0
2026-10-04 16:57:10,24.658,49.971,1016.595,0.0949,107.572,1.8963,12.1084,1508.23,0
2026-10-04 16:57:20,24.507,50.736,1016.079,0.0964,102.551,1.8939,12.1182,1482.02,0
2026-10-04 16:57:30,24.74,51.3,1016.784,0.0942,107.429,1.9085,12.1278,1478.17,0
2026-10-04 16:57:40,24.891,50.236,1015.291,0.0936,104.654,1.8942,12.097,1504.51,0
2026-10-04 16:57:50,24.505,50.608,1016.706,0.1014,106.37,1.846,12.0839,1480.71,0
2026-10-04 16:58:00,24.67,49.933,1015.399,0.0935,107.49,1.8632,12.1278,1490.27,0
2026-10-04 16:58:10,24.517,50.251,1016.821,0.0939,102.357,1.8318,12.1388,1489.44,0
2026-10-04 16:58:20,24.727,50.166,1015.944,0.0938,106.289,1.8988,12.161,1492.91,0
2026-10-04 16:58:30,24.448,50.666,1014.556,0.1075,106.518,1.9034,12.1285,1469.37,0
2026-10-04 16:58:40,24.656,50.882,1016.466,0.0912,108.796,1.8427,12.1003,1492.77,0
2026-10-04 16:58:50,24.492,50.238,1016.522,0.0999,104.241,1.8634,12.134,1473.24,0
2026-10-04 16:59:00,24.57,51.072,1015.637,0.0891,105.6,1.8287,12.1151,1477.78,0
2026-10-04 16:59:10,24.469,51.083,1015.697,0.0979,106.285,1.8692,12.0855,1500.99,0
2026-10-04 16:59:20,24.69,50.754,1015.846,0.0995,104.217,1.8512,12.118,1479.81,0
2026-10-04 16:59:30,24.489,50.086,1014.611,0.1037,104.153,1.8424,12.1265,1478.09,0
2026-10-04 16:59:40,24.654,50.05,1014.304,0.092,104.029,1.8706,12.1554,1491.01,0
2026-10-04 16:59:50,24.545,49.963,1016.871,0.0861,105.359,1.9179,12.1215,1508.44,0
2026-10-04 17:00:00,24.571,50.856,1015.383,0.0888,110.975,1.8904,12.0995,1524.61,0
2026-10-04 17:00:10,24.6,49.788,1017.259,0.1027,105.45,1.8639,12.0729,1505.97,0
2026-10-04 17:00:20,24.49,50.745,1016.921,0.1117,107.181,1.8686,12.0895,1506.06,0
2026-10-04 17:00:30,24.605,49.879,1017.059,0.1017,105.805,1.9165,12.0961,1489.06,0
2026-10-04 17:00:40,24.762,50.844,1015.507,0.0849,104.78,1.9006,12.1622,1528.1,0
2026-10-04 17:00:50,24.483,50.453,1014.837,0.1014,105.622,1.8611,12.1159,1492.98,0
2026-10-04 17:01:00,24.716,51.124,1015.203,0.0875,107.994,1.881,12.1186,1489.76,0
2026-10-04 17:01:10,24.753,51.04,1015.652,0.0922,105.518,1.8432,12.1486,1496.32,0
2026-10-04 17:01:20,24.474,51.2,1014.304,0.0965,105.188,1.8684,12.1363,1494.83,0
2026-10-04 17:01:30,24.396,51.225,1015.633,0.0979,104.959,1.8866,12.1148,1471.45,0
2026-10-04 17:01:40,24.606,50.579,1015.825,0.0955,102.675,1.8926,12.1502,1480.98,0
2026-10-04 17:01:50,24.502,49.94,1015.06,0.0902,108.768,1.8508,12.1046,1497.44,0
2026-10-04 17:02:00,24.791,50.006,1015.239,0.1035,104.299,1.8915,12.1289,1480.17,0
2026-10-04 17:02:10,24.57,49.501,1015.813,0.0908,110.041,1.8698,12.0906,1502.01,0
2026-10-04 17:02:20,24.468,50.015,1016.218,0.1051,106.359,1.8585,12.1287,1493.12,0
2026-10-04 17:02:30,24.425,50.604,1015.345,0.0842,109.835,1.9131,12.1478,1506.92,0
2026-10-04 17:02:40,24.693,50.302,1016.174,0.0968,105.01,1.856,12.1443,1491.29,0
2026-10-04 17:02:50,24.492,50.504,1016.066,0.0853,103.403,1.837,12.1452,1500.66,0
2026-10-04 17:03:00,24.565,50.853,1016.003,0.0885,108.725,1.8475,12.195,1466.54,0
2026-10-04 17:03:10,24.673,50.466,1015.514,0.0911,103.905,1.8821,12.1163,1469.85,0
2026-10-04 17:03:20,24.499,50.07,1015.038,0.1074,109.438,1.8389,12.1005,1482.22,0
2026-10-04 17:03:30,24.551,50.616,1017.159,0.1057,107.31,1.884,12.1347,1499.21,0
2026-10-04 17:03:40,24.553,50.206,1016.414,0.1023,109.96,1.8415,12.1014,1483.11,0
2026-10-04 17:03:50,24.636,50.532,1016.677,0.0956,102.63,1.8606,12.0953,1506.03,0
2026-10-04 17:04:00,24.624,51.351,1015.915,0.0969,108.422,1.9174,12.1175,1501.18,0
2026-10-04 17:04:10,24.526,50.556,1015.859,0.1055,103.317,1.8397,12.1734,1488.78,0
2026-10-04 17:04:20,24.559,51.589,1016.318,0.1011,98.349,1.8109,12.1413,1499.29,0
2026-10-04 17:04:30,24.506,51.432,1014.691,0.0956,108.219,1.8953,12.1338,1489.55,0
2026-10-04 17:04:40,24.372,50.438,1015.195,0.1074,105.506,1.8257,12.0826,1501.21,0
2026-10-04 17:04:50,24.58,50.184,1015.417,0.1021,108.405,1.8401,12.109,1489.1,0
2026-10-04 17:05:00,24.775,50.726,1015.658,0.0976,105.787,1.8782,12.1605,1502.97,0
2026-10-04 17:05:10,24.441,51.341,1015.361,0.092,105.569,1.8769,12.1181,1517.7,0
2026-10-04 17:05:20,24.454,50.531,1016.21,0.0913,109.991,1.7999,12.1799,1479.03,0
2026-10-04 17:05:30,24.441,51.242,1016.035,0.0931,105.846,1.8503,12.1364,1487.42,0
2026-10-04 17:05:40,24.632,51.404,1016.953,0.0995,104.058,1.8798,12.1216,1488.31,0
2026-10-04 17:05:50,24.598,50.425,1017.71,0.1026,105.213,1.9089,12.1177,1503.04,0
2026-10-04 17:06:00,24.525,50.485,1015.095,0.0844,105.944,1.8268,12.124,1511.2,0
2026-10-04 17:06:10,24.433,51.192,1016.083,0.0805,96.931,1.8841,12.0895,1472.81,0
2026-10-04 17:06:20,24.554,50.923,1016.082,0.0885,106.932,1.8405,12.1503,1496.41,0
2026-10-04 17:06:30,24.354,50.516,1015.97,0.0929,109.529,1.8827,12.1372,1499.85,0
2026-10-04 17:06:40,24.559,50.695,1015.221,0.1058,105.299,1.8303,12.1199,1512.92,0
2026-10-04 17:06:50,24.646,50.847,1015.339,0.0941,104.177,1.8502,12.1237,1486.52,0
2026-10-04 17:07:00,24.391,50.112,1016.15,0.0984,106.596,1.8653,12.1469,1511.16,0
2026-10-04 17:07:10,24.356,51.289,1015.32,0.0998,110.657,1.8791,12.1775,1504.87,0
2026-10-04 17:07:20,24.729,50.678,1016.094,0.0883,106.828,1.8691,12.1652,1527.35,0
2026-10-04 17:07:30,24.466,49.537,1015.811,0.1083,106.058,1.8437,12.1317,1533.9,0
2026-10-04 17:07:40,24.675,50.929,1016.082,0.0914,104.237,1.8415,12.1067,1513.19,0
2026-10-04 17:07:50,24.52,50.582,1015.316,0.1092,102.194,1.8982,12.0891,1497.6,0
2026-10-04 17:08:00,24.519,51.808,1016.094,0.0958,105.467,1.8603,12.1306,1509.12,0
2026-10-04 17:08:10,24.591,50.683,1015.368,0.0942,105.515,1.8411,12.1081,1510.74,0
2026-10-04 17:08:20,24.432,50.438,1016.097,0.0881,99.588,1.8661,12.1318,1510.17,0
2026-10-04 17:08:30,24.553,51.252,1016.923,0.0987,103.198,1.8678,12.1353,1508.83,0
2026-10-04 17:08:40,24.492,50.68,1016.168,0.1152,108.849,1.818,12.1461,1510.79,0
2026-10-04 17:08:50,24.379,50.632,1016.211,0.1006,104.593,1.8636,12.0991,1518.78,0
2026-10-04 17:09:00,24.577,51.287,1016.558,0.0995,97.994,1.8134,12.1063,1536.25,0
2026-10-04 17:09:10,24.505,50.524,1015.004,0.0921,110.159,1.8346,12.1208,1476.39,0
2026-10-04 17:09:20,24.518,50.327,1017.19,0.1023,102.675,1.8257,12.1353,1523.28,0
2026-10-04 17:09:30,24.391,51.93,1015.248,0.0989,103.934,1.8467,12.134,1506.15,0
2026-10-04 17:09:40,24.727,51.368,1016.603,0.0973,108.526,1.8386,12.1936,1492.43,0
2026-10-04 17:09:50,24.642,50.957,1016.511,0.1018,103.107,1.8442,12.0728,1484.26,0
2026-10-04 17:10:00,24.652,51.099,1015.357,0.0835,99.418,1.8014,12.1572,1509.35,0
2026-10-04 17:10:10,24.5,51.365,1016.695,0.0973,105.975,1.8465,12.1561,1505.55,0
2026-10-04 17:10:20,24.329,51.609,1016.338,0.0886,107.708,1.8205,12.1069,1489.07,0
2026-10-04 17:10:30,24.771,50.756,1017.312,0.0985,103.904,1.9047,12.1181,1505.03,0
2026-10-04 17:10:40,24.529,51.328,1016.125,0.0926,104.938,1.8373,12.1741,1521.29,0
2026-10-04 17:10:50,24.447,50.903,1015.914,0.0933,101.762,1.8404,12.1147,1529.25,0
2026-10-04 17:11:00,24.587,51.073,1015.63,0.088,102.31,1.8639,12.1152,1508.12,0
2026-10-04 17:11:10,24.677,51.259,1014.77,0.1077,104.326,1.8792,12.1335,1508.32,0
2026-10-04 17:11:20,24.534,51.186,1015.768,0.0935,107.232,1.8163,12.1435,1516.03,0
2026-10-04 17:11:30,24.69,51.568,1015.798,0.094,105.574,1.8597,12.1558,1524.4,0
2026-10-04 17:11:40,24.667,51.455,1016.175,0.1114,108.336,1.8691,12.157,1509.91,0
2026-10-04 17:11:50,24.408,50.468,1014.996,0.1038,110.231,1.8492,12.1507,1512.65,0
2026-10-04 17:12:00,24.457,50.554,1015.825,0.0831,107.925,1.8483,12.0836,1501.64,0
2026-10-04 17:12:10,24.653,51.059,1016.396,0.1106,100.491,1.831,12.1304,1505.49,0
2026-10-04 17:12:20,24.213,52.169,1016.465,0.1128,104.405,1.8353,12.1482,1498.55,0
2026-10-04 17:12:30,24.521,50.839,1014.691,0.1122,107.882,1.8403,12.1489,1492.8,0
2026-10-04 17:12:40,24.367,51.172,1016.488,0.1053,104.888,1.832,12.1142,1490.47,0
2026-10-04 17:12:50,24.482,51.019,1015.821,0.0912,100.384,1.8644,12.1065,1495.84,0
2026-10-04 17:13:00,24.504,51.02,1015.864,0.0998,103.581,1.82,12.1049,1495.04,0
2026-10-04 17:13:10,24.497,51.397,1014.339,0.0887,98.415,1.8628,12.144,1513.71,0
2026-10-04 17:13:20,24.474,52.019,1017.04,0.0935,104.395,1.8742,12.1577,1516.17,1
2026-10-04 17:13:30,24.409,51.557,1016.118,0.0917,107.784,1.8499,12.1362,1503.37,1
2026-10-04 17:13:40,24.816,50.938,1014.923,0.0957,113.368,1.7955,12.1061,1497.31,1
2026-10-04 17:13:50,24.766,52.727,1016.257,0.1022,122.605,1.8552,12.1375,1542.4,1
2026-10-04 17:14:00,24.403,51.4,1016.236,0.0975,119.677,1.8234,12.1094,1503.72,1
2026-10-04 17:14:10,24.732,51.083,1016.851,0.0973,126.128,1.8259,12.1149,1501.66,1
2026-10-04 17:14:20,24.495,52.088,1015.779,0.099,129.468,1.8477,12.1242,1487.18,1
2026-10-04 17:14:30,24.559,51.158,1016.004,0.1135,140.719,1.8659,12.1136,1518.75,1
2026-10-04 17:14:40,24.537,52.234,1015.546,0.1189,145.51,1.7963,12.1055,1538.5,1
2026-10-04 17:14:50,24.466,50.977,1016.415,0.0982,147.807,1.8389,12.1726,1508.63,1
2026-10-04 17:15:00,24.663,52.138,1015.448,0.1046,152.263,1.8869,12.0869,1506.44,1
2026-10-04 17:15:10,24.561,51.534,1015.371,0.0954,152.349,1.8092,12.1194,1516.0,1
2026-10-04 17:15:20,24.489,52.089,1015.949,0.1084,161.159,1.8313,12.129,1516.68,1
2026-10-04 17:15:30,24.391,52.405,1015.139,0.0986,161.807,1.8205,12.1652,1474.84,1
2026-10-04 17:15:40,24.441,50.898,1017.118,0.0969,169.908,1.8531,12.142,1522.2,1
2026-10-04 17:15:50,24.351,52.112,1017.346,0.1187,173.365,1.8038,12.1278,1540.82,1
2026-10-04 17:16:00,24.551,50.78,1015.68,0.092,177.225,1.7954,12.1164,1513.74,1
2026-10-04 17:16:10,24.406,50.971,1015.027,0.0834,183.704,1.8551,12.1638,1511.48,1
2026-10-04 17:16:20,24.519,51.103,1016.233,0.1091,190.262,1.8398,12.1151,1525.23,1
2026-10-04 17:16:30,24.716,51.766,1015.66,0.1004,198.168,1.8038,12.1407,1523.66,1
2026-10-04 17:16:40,24.696,51.541,1016.82,0.0984,199.107,1.8314,12.1313,1516.32,1
2026-10-04 17:16:50,24.549,51.451,1015.447,0.1256,208.899,1.8006,12.1477,1525.52,1
2026-10-04 17:17:00,24.543,51.617,1016.379,0.1097,207.28,1.8553,12.1751,1526.43,1
2026-10-04 17:17:10,24.78,51.85,1016.078,0.1036,216.641,1.8388,12.1537,1496.73,1
2026-10-04 17:17:20,24.618,51.898,1015.525,0.0986,217.208,1.8136,12.1329,1497.29,1
2026-10-04 17:17:30,24.517,52.121,1016.167,0.108,221.232,1.8166,12.1782,1495.35,1
2026-10-04 17:17:40,24.386,52.493,1016.614,0.0907,224.62,1.8192,12.176,1492.21,1
2026-10-04 17:17:50,24.605,51.582,1016.06,0.1006,230.634,1.8034,12.1651,1527.27,1
2026-10-04 17:18:00,24.658,51.342,1016.067,0.1046,235.644,1.8633,12.1438,1527.5,1
2026-10-04 17:18:10,24.484,51.919,1015.388,0.1068,234.709,1.8585,12.1176,1522.22,1
2026-10-04 17:18:20,24.595,51.05,1016.8,0.1042,245.674,1.819,12.0779,1540.62,1
2026-10-04 17:18:30,24.518,51.292,1016.73,0.0999,243.734,1.8208,12.1425,1511.26,1
2026-10-04 17:18:40,24.54,52.141,1015.712,0.113,254.901,1.8001,12.1567,1505.72,1
2026-10-04 17:18:50,24.265,51.589,1015.912,0.0926,259.207,1.8238,12.1041,1518.1,1
2026-10-04 17:19:00,24.538,51.056,1016.989,0.1038,266.286,1.8396,12.148,1533.58,1
2026-10-04 17:19:10,24.682,50.925,1015.206,0.1021,264.049,1.8565,12.1267,1507.77,1
2026-10-04 17:19:20,24.49,51.704,1016.423,0.1145,268.286,1.8042,12.1507,1545.95,1
2026-10-04 17:19:30,24.574,52.259,1015.609,0.1029,279.182,1.7841,12.1227,1515.93,1
2026-10-04 17:19:40,24.478,52.262,1017.244,0.1103,277.248,1.8006,12.1201,1524.88,1
2026-10-04 17:19:50,24.613,51.763,1016.044,0.1096,281.565,1.8393,12.1369,1519.8,1
2026-10-04 17:20:00,24.544,52.721,1016.882,0.0925,105.708,1.8239,12.1091,1511.59,0
2026-10-04 17:20:10,24.459,51.673,1015.467,0.1068,104.939,1.8493,12.1627,1531.38,0
2026-10-04 17:20:20,24.732,51.666,1015.126,0.0936,105.543,1.8252,12.1393,1465.78,0
2026-10-04 17:20:30,24.685,50.46,1015.836,0.1106,106.687,1.8641,12.1104,1513.0,0
2026-10-04 17:20:40,24.502,51.53,1016.184,0.1021,106.702,1.7837,12.1237,1530.18,0
2026-10-04 17:20:50,24.635,52.188,1015.642,0.1176,104.835,1.7606,12.154,1496.65,0
2026-10-04 17:21:00,24.641,52.553,1016.531,0.1069,105.211,1.8563,12.1319,1508.09,0
2026-10-04 17:21:10,24.655,51.365,1015.853,0.1024,104.863,1.8022,12.1573,1511.38,0
2026-10-04 17:21:20,24.376,52.021,1014.543,0.1183,105.168,1.8251,12.1148,1513.99,0
2026-10-04 17:21:30,24.701,52.322,1016.387,0.102,100.897,1.8246,12.1329,1510.08,0
2026-10-04 17:21:40,24.513,51.813,1015.382,0.1163,107.326,1.829,12.1382,1504.0,0
2026-10-04 17:21:50,24.54,50.675,1015.747,0.1131,108.202,1.8086,12.1958,1518.38,0
2026-10-04 17:22:00,24.9,51.949,1017.087,0.1066,106.965,1.7962,12.1221,1531.7,0
2026-10-04 17:22:10,24.621,52.215,1017.241,0.0991,106.732,1.7938,12.1561,1525.52,0
2026-10-04 17:22:20,24.54,51.369,1015.597,0.1199,102.077,1.8343,12.1524,1535.34,0
2026-10-04 17:22:30,24.323,51.724,1016.404,0.1142,100.8,1.8381,12.1844,1517.1,0
2026-10-04 17:22:40,24.755,51.282,1015.613,0.1042,107.537,1.8121,12.1749,1539.15,0
2026-10-04 17:22:50,24.428,50.584,1015.799,0.1125,105.128,1.803,12.1294,1501.29,0
2026-10-04 17:23:00,24.471,52.391,1015.576,0.1188,105.549,1.8317,12.1149,1540.25,0
2026-10-04 17:23:10,24.552,51.884,1014.793,0.1119,105.682,1.7801,12.1059,1537.12,0
2026-10-04 17:23:20,24.763,52.693,1016.066,0.1131,105.808,1.8654,12.1473,1497.23,0
2026-10-04 17:23:30,24.687,52.332,1016.201,0.1197,106.974,1.8276,12.1669,1528.07,0
2026-10-04 17:23:40,24.577,51.734,1015.53,0.1239,104.747,1.8119,12.1703,1519.31,0
2026-10-04 17:23:50,24.634,51.878,1016.761,0.1109,99.316,1.8362,12.1353,1519.76,0
2026-10-04 17:24:00,24.526,52.211,1015.694,0.1014,107.095,1.8308,12.1431,1522.5,0
2026-10-04 17:24:10,24.616,52.42,1015.553,0.1019,106.761,1.8205,12.1778,1512.37,0
2026-10-04 17:24:20,24.61,52.106,1016.368,0.107,101.142,1.767,12.1232,1535.89,0
2026-10-04 17:24:30,24.719,52.506,1014.919,0.1052,101.527,1.8241,12.0806,1522.01,0
2026-10-04 17:24:40,24.72,51.813,1016.634,0.0995,107.672,1.8498,12.1714,1505.23,0
2026-10-04 17:24:50,24.664,51.471,1015.718,0.1279,108.379,1.7991,12.1137,1521.68,0
2026-10-04 17:25:00,24.563,51.946,1016.692,0.1176,97.03,1.8365,12.1356,1515.27,0
2026-10-04 17:25:10,24.697,52.089,1016.901,0.1094,106.342,1.8334,12.1544,1531.77,0
2026-10-04 17:25:20,24.598,51.393,1016.447,0.1135,104.356,1.8191,12.1316,1502.94,0
2026-10-04 17:25:30,24.48,51.334,1015.43,0.0997,105.239,1.8155,12.1703,1552.85,0
2026-10-04 17:25:40,24.563,52.234,1015.123,0.1235,105.409,1.8249,12.2102,1524.75,0
2026-10-04 17:25:50,24.623,51.815,1014.995,0.0988,102.728,1.8209,12.1234,1504.54,0
2026-10-04 17:26:00,24.723,51.943,1016.77,0.1187,106.971,1.8573,12.1471,1520.19,0
2026-10-04 17:26:10,24.594,51.854,1015.904,0.1002,102.948,1.8338,12.144,1516.11,0
2026-10-04 17:26:20,24.472,52.802,1015.579,0.1118,107.252,1.8269,12.1518,1511.56,0
2026-10-04 17:26:30,24.625,52.681,1015.906,0.1253,107.917,1.8352,12.129,1529.99,0
2026-10-04 17:26:40,24.633,51.439,1016.754,0.1025,102.393,1.8261,12.128,1557.21,0
2026-10-04 17:26:50,24.643,51.799,1016.543,0.1146,102.465,1.7559,12.1287,1551.92,0
2026-10-04 17:27:00,24.733,52.498,1016.305,0.121,105.348,1.8046,12.133,1527.03,0
2026-10-04 17:27:10,24.746,52.382,1016.444,0.1199,109.518,1.7916,12.1335,1512.42,0
2026-10-04 17:27:20,24.554,52.068,1016.123,0.117,103.228,1.8149,12.0822,1528.46,0
2026-10-04 17:27:30,24.552,51.527,1016.209,0.1206,103.796,1.7924,12.1472,1535.45,0
2026-10-04 17:27:40,24.503,51.763,1016.152,0.112,105.968,1.8206,12.1376,1527.56,0
2026-10-04 17:27:50,24.713,51.853,1015.997,0.1326,106.974,1.7949,12.1273,1535.8,0
2026-10-04 17:28:00,24.804,52.257,1016.524,0.1044,106.584,1.8475,12.1477,1531.4,0
2026-10-04 17:28:10,24.594,52.978,1016.249,0.1268,105.1,1.8459,12.1454,1529.14,0
2026-10-04 17:28:20,24.604,51.79,1015.38,0.1193,104.086,1.768,12.1357,1506.74,0
2026-10-04 17:28:30,24.811,51.628,1016.366,0.1229,105.997,1.8118,12.146,1523.14,0
2026-10-04 17:28:40,24.697,52.094,1016.169,0.1246,95.4,1.7918,12.1314,1553.88,0
2026-10-04 17:28:50,24.69,52.672,1016.424,0.1229,110.609,1.8092,12.1168,1532.67,0
2026-10-04 17:29:00,24.496,51.44,1015.922,0.1122,104.443,1.8172,12.1952,1542.96,0
2026-10-04 17:29:10,24.722,52.897,1016.563,0.1166,105.547,1.7701,12.1339,1555.72,0
2026-10-04 17:29:20,24.53,52.091,1015.952,0.1075,111.299,1.7773,12.1531,1507.97,0
2026-10-04 17:29:30,24.507,51.817,1016.501,0.1169,102.776,1.78,12.2115,1564.75,0
2026-10-04 17:29:40,24.603,51.392,1015.675,0.1221,111.996,1.7871,12.1364,1540.47,0
2026-10-04 17:29:50,24.575,52.552,1015.723,0.1246,107.219,1.7874,12.1584,1543.41,0
2026-10-04 17:30:00,24.62,52.12,1016.416,0.1231,106.34,1.8199,12.2052,1516.03,0
2026-10-04 17:30:10,24.476,52.298,1015.762,0.1062,106.932,1.8051,12.1059,1537.05,0
2026-10-04 17:30:20,24.765,51.769,1017.538,0.116,102.476,1.7774,12.1806,1514.27,0
2026-10-04 17:30:30,24.786,52.067,1016.39,0.1154,100.053,1.7908,12.153,1528.63,0
2026-10-04 17:30:40,24.419,51.99,1016.011,0.1104,101.459,1.7391,12.1349,1531.54,0
2026-10-04 17:30:50,24.771,52.19,1016.567,0.1144,108.263,1.8484,12.1489,1523.0,0
2026-10-04 17:31:00,24.558,51.913,1015.656,0.1214,102.194,1.7979,12.1388,1543.94,0
2026-10-04 17:31:10,24.759,51.487,1016.638,0.1329,100.039,1.8219,12.1874,1518.98,0
2026-10-04 17:31:20,24.65,53.625,1016.619,0.1142,104.764,1.8165,12.1477,1496.69,0
2026-10-04 17:31:30,24.663,51.586,1016.869,0.113,106.726,1.7953,12.1657,1523.31,0
2026-10-04 17:31:40,24.638,52.365,1015.683,0.1174,105.118,1.7363,12.1351,1545.86,0
2026-10-04 17:31:50,24.807,51.395,1015.135,0.1252,106.822,1.7814,12.1558,1563.98,0
2026-10-04 17:32:00,24.515,51.289,1015.564,0.1325,108.468,1.8038,12.1391,1546.97,0
2026-10-04 17:32:10,24.738,52.343,1015.793,0.1222,106.718,1.7961,12.1133,1543.32,0
2026-10-04 17:32:20,24.798,52.388,1017.157,0.1116,104.542,1.8201,12.1816,1521.72,0
2026-10-04 17:32:30,24.753,52.938,1017.527,0.1135,103.372,1.7937,12.1577,1562.04,0
2026-10-04 17:32:40,24.948,52.513,1016.231,0.1251,107.318,1.8394,12.1684,1537.83,0
2026-10-04 17:32:50,24.607,52.245,1015.996,0.1318,105.833,1.7664,12.1311,1538.5,0
2026-10-04 17:33:00,24.786,51.851,1015.744,0.1385,102.425,1.8054,12.179,1537.15,0
2026-10-04 17:33:10,24.66,53.082,1016.566,0.1148,108.915,1.7663,12.1613,1510.44,0
2026-10-04 17:33:20,24.822,52.803,1017.52,0.1256,105.796,1.8145,12.1534,1533.64,0
2026-10-04 17:33:30,24.674,51.722,1017.238,0.1164,106.969,1.7724,12.1756,1506.14,0
2026-10-04 17:33:40,24.63,52.37,1016.784,0.1177,103.835,1.7469,12.1417,1540.44,0
2026-10-04 17:33:50,24.835,52.429,1016.774,0.1173,108.404,1.7532,12.1825,1533.15,0
2026-10-04 17:34:00,24.62,52.191,1016.57,0.1227,100.257,1.7782,12.1337,1518.7,0
2026-10-04 17:34:10,24.511,52.755,1015.954,0.1185,110.041,1.8285,12.1512,1545.15,0
2026-10-04 17:34:20,24.62,52.791,1015.471,0.1456,99.199,1.8077,12.1271,1522.94,0
2026-10-04 17:34:30,24.757,52.286,1015.971,0.1223,100.887,1.7999,12.1219,1523.37,0
2026-10-04 17:34:40,24.851,52.247,1016.281,0.1341,105.773,1.7867,12.1391,1536.46,0
2026-10-04 17:34:50,24.699,53.143,1014.968,0.1212,103.427,1.7597,12.1468,1528.28,0
2026-10-04 17:35:00,24.845,52.866,1015.878,0.1445,104.036,1.7641,12.1648,1532.08,0
2026-10-04 17:35:10,24.525,52.441,1015.406,0.1296,103.429,1.7732,12.135,1544.13,0
2026-10-04 17:35:20,24.636,51.596,1016.694,0.1338,102.674,1.7706,12.1659,1517.63,0
2026-10-04 17:35:30,24.656,52.589,1015.599,0.1226,105.976,1.7698,12.1434,1516.42,0
2026-10-04 17:35:40,24.678,52.772,1016.213,0.1353,104.881,1.762,12.1392,1525.33,0
2026-10-04 17:35:50,24.703,51.051,1015.493,0.1304,107.682,1.7855,12.1674,1527.94,0
2026-10-04 17:36:00,24.777,52.56,1017.101,0.1249,105.27,1.7662,12.1382,1538.57,0
2026-10-04 17:36:10,24.642,52.231,1014.792,0.1195,103.781,1.8128,12.1975,1558.12,0
2026-10-04 17:36:20,24.713,52.335,1016.315,0.1265,107.356,1.8122,12.1628,1528.4,0
2026-10-04 17:36:30,24.692,51.997,1015.087,0.126,99.538,1.7987,12.118,1529.64,0
2026-10-04 17:36:40,24.587,52.382,1015.624,0.1357,97.291,1.7954,12.1493,1519.37,0
2026-10-04 17:36:50,24.686,53.158,1016.125,0.1271,100.275,1.7441,12.1362,1517.6,0
2026-10-04 17:37:00,24.684,52.244,1016.159,0.1138,104.01,1.8397,12.1115,1539.4,0
2026-10-04 17:37:10,24.682,52.955,1016.14,0.1346,106.217,1.775,12.1791,1529.87,0
2026-10-04 17:37:20,24.707,52.075,1016.085,0.14,97.031,1.8015,12.1798,1548.03,0
2026-10-04 17:37:30,24.713,52.862,1015.529,0.1165,105.011,1.8021,12.1348,1546.44,0
2026-10-04 17:37:40,24.653,52.489,1015.863,0.1445,103.985,1.7548,12.1708,1542.45,0
2026-10-04 17:37:50,24.859,52.67,1016.0,0.1414,105.461,1.7647,12.1751,1507.54,0
2026-10-04 17:38:00,24.567,52.502,1016.114,0.1254,99.33,1.7899,12.153,1539.74,0
2026-10-04 17:38:10,24.622,52.825,1015.931,0.1217,112.901,1.7409,12.1772,1515.5,0
2026-10-04 17:38:20,25.043,51.225,1016.487,0.1393,105.155,1.7769,12.1609,1501.3,0
2026-10-04 17:38:30,24.586,51.804,1016.041,0.1201,101.408,1.7189,12.1823,1532.91,0
2026-10-04 17:38:40,24.549,52.728,1016.116,0.1259,105.45,1.7786,12.1245,1550.0,0
2026-10-04 17:38:50,24.8,51.503,1015.707,0.1209,109.549,1.8123,12.1576,1540.34,0
2026-10-04 17:39:00,24.464,52.264,1015.238,0.1317,101.207,1.7775,12.1591,1516.46,0
2026-10-04 17:39:10,24.686,52.507,1016.082,0.1436,100.585,1.7405,12.1252,1571.67,0
2026-10-04 17:39:20,24.973,52.125,1016.819,0.135,104.717,1.7629,12.1278,1542.0,0
2026-10-04 17:39:30,24.531,52.198,1016.284,0.1404,104.976,1.7917,12.1148,1517.15,0
2026-10-04 17:39:40,24.479,52.685,1015.4,0.1296,107.205,1.78,12.1556,1499.11,0
2026-10-04 17:39:50,24.538,53.058,1016.542,0.1334,109.505,1.7868,12.1436,1526.75,0
2026-10-04 17:40:00,24.827,52.079,1015.737,0.123,107.422,1.7707,12.1225,1500.38,0
2026-10-04 17:40:10,24.855,52.276,1016.471,0.1322,100.922,1.7555,12.1853,1514.42,0
2026-10-04 17:40:20,24.659,52.202,1015.712,0.1272,101.875,1.7774,12.165,1504.4,0
2026-10-04 17:40:30,24.803,51.362,1016.217,0.1321,102.696,1.7755,12.137,1518.59,0
2026-10-04 17:40:40,24.889,52.648,1015.606,0.1318,107.427,1.7991,12.1603,1521.91,0
2026-10-04 17:40:50,24.938,53.049,1015.624,0.1313,106.917,1.7613,12.1494,1516.82,0
2026-10-04 17:41:00,24.694,53.094,1014.872,0.1508,108.884,1.7738,12.1164,1564.45,0
2026-10-04 17:41:10,24.448,52.155,1016.326,0.1483,106.777,1.7686,12.1625,1527.15,0
2026-10-04 17:41:20,24.627,51.969,1016.226,0.1457,103.223,1.8286,12.1967,1549.89,0
2026-10-04 17:41:30,24.675,52.61,1016.265,0.1489,104.518,1.7526,12.1912,1538.51,0
2026-10-04 17:41:40,24.696,53.018,1016.159,0.146,100.728,1.7614,12.1586,1526.88,0
2026-10-04 17:41:50,24.705,52.686,1015.432,0.1347,106.999,1.7466,12.1452,1522.82,0
2026-10-04 17:42:00,24.863,52.757,1016.641,0.1341,103.24,1.8028,12.1703,1550.26,0
2026-10-04 17:42:10,24.882,53.188,1016.659,0.1371,108.794,1.8042,12.163,1514.45,0
2026-10-04 17:42:20,24.709,52.251,1015.412,0.1337,106.926,1.7639,12.153,1520.6,0
2026-10-04 17:42:30,24.862,52.515,1016.336,0.1273,110.942,1.7986,12.2031,1520.37,0
2026-10-04 17:42:40,24.774,53.447,1016.575,0.1381,106.391,1.7767,12.1468,1531.12,0
2026-10-04 17:42:50,24.739,52.535,1015.633,0.1234,106.338,1.7857,12.1807,1516.37,0
2026-10-04 17:43:00,24.841,52.004,1015.754,0.1372,104.591,1.7429,12.1605,1544.04,0
2026-10-04 17:43:10,24.741,52.307,1016.335,0.1283,103.989,1.7714,12.1608,1546.11,0
2026-10-04 17:43:20,24.98,52.177,1014.903,0.1358,104.37,1.8137,12.1159,1519.22,0
2026-10-04 17:43:30,24.561,52.828,1015.197,0.1381,108.147,1.8035,12.1848,1537.89,0
2026-10-04 17:43:40,24.673,52.206,1015.266,0.134,101.108,1.7863,12.1783,1517.36,0
2026-10-04 17:43:50,24.72,52.793,1014.701,0.1238,105.347,1.7895,12.1622,1532.64,0
2026-10-04 17:44:00,24.788,52.293,1016.717,0.1276,100.162,1.8261,12.1835,1547.49,0
2026-10-04 17:44:10,24.888,51.604,1014.565,0.1409,106.284,1.7846,12.1681,1531.48,0
2026-10-04 17:44:20,24.733,52.822,1016.196,0.133,103.793,1.748,12.1254,1528.34,0
2026-10-04 17:44:30,24.566,52.747,1016.524,0.1421,106.683,1.7944,12.1337,1564.21,0
2026-10-04 17:44:40,24.838,52.935,1015.749,0.1378,102.949,1.7619,12.1566,1535.29,0
2026-10-04 17:44:50,24.828,52.344,1015.486,0.1363,104.41,1.7755,12.1159,1517.22,0
2026-10-04 17:45:00,24.505,52.294,1016.117,0.1409,107.082,1.7659,12.1864,1516.03,0
2026-10-04 17:45:10,24.738,52.888,1015.954,0.1328,105.566,1.7448,12.153,1564.01,0
2026-10-04 17:45:20,24.548,53.451,1016.655,0.1416,109.821,1.7698,12.162,1518.69,0
2026-10-04 17:45:30,24.659,52.7,1014.112,0.1352,103.753,1.7859,12.1341,1519.25,0
2026-10-04 17:45:40,24.631,52.91,1015.308,0.159,103.497,1.7798,12.1749,1530.15,0
2026-10-04 17:45:50,24.836,52.541,1016.343,0.1298,108.916,1.7729,12.1553,1540.7,0
2026-10-04 17:46:00,24.753,51.933,1015.985,0.1361,104.108,1.7555,12.1508,1511.08,0
2026-10-04 17:46:10,24.585,53.192,1016.475,0.1366,103.975,1.7187,12.1944,1525.48,0
2026-10-04 17:46:20,24.845,53.166,1016.132,0.1284,106.368,1.7586,12.192,1509.51,0
2026-10-04 17:46:30,24.568,53.071,1015.853,0.1452,104.732,1.7732,12.1781,1527.3,0
2026-10-04 17:46:40,24.78,52.628,1015.735,0.1361,104.293,1.705,12.1647,1541.88,0
2026-10-04 17:46:50,24.643,53.02,1017.574,0.1206,103.153,1.7569,12.1467,1525.76,0
2026-10-04 17:47:00,24.697,53.172,1017.02,0.1454,109.324,1.7558,12.1525,1559.03,0
2026-10-04 17:47:10,24.801,53.538,1016.292,0.1349,104.79,1.7349,12.1514,1516.75,0
2026-10-04 17:47:20,24.803,53.226,1015.999,0.1393,103.56,1.7764,12.1697,1532.68,0
2026-10-04 17:47:30,24.901,52.767,1016.32,0.1456,104.361,1.7806,12.1592,1548.98,0
2026-10-04 17:47:40,24.731,52.084,1016.521,0.1374,106.321,1.802,12.1599,1544.46,0
2026-10-04 17:47:50,24.777,52.819,1016.235,0.1375,109.645,1.7555,12.1988,1568.92,0
2026-10-04 17:48:00,24.688,52.872,1015.415,0.1603,104.758,1.7881,12.1889,1534.09,0
2026-10-04 17:48:10,24.762,53.101,1017.189,0.1235,102.682,1.735,12.1409,1515.77,0
2026-10-04 17:48:20,24.793,53.427,1016.112,0.1306,111.032,1.7458,12.168,1530.4,0
2026-10-04 17:48:30,24.728,52.705,1017.349,0.1323,105.687,1.7716,12.1413,1516.52,0
2026-10-04 17:48:40,24.524,53.806,1016.069,0.1554,104.968,1.7379,12.1758,1530.85,0
2026-10-04 17:48:50,24.78,51.879,1015.765,0.1361,105.506,1.7498,12.2091,1547.49,0
2026-10-04 17:49:00,24.783,52.971,1016.905,0.1433,101.56,1.7745,12.1521,1539.38,0
2026-10-04 17:49:10,24.658,52.365,1016.147,0.1377,105.165,1.753,12.1809,1527.31,0
2026-10-04 17:49:20,24.585,51.813,1016.028,0.1464,107.585,1.7297,12.2016,1518.52,0
2026-10-04 17:49:30,24.916,52.669,1015.094,0.1416,108.972,1.7376,12.1579,1533.64,0
2026-10-04 17:49:40,24.798,52.044,1016.396,0.1438,104.242,1.7451,12.1738,1536.65,0
2026-10-04 17:49:50,24.711,52.694,1015.587,0.1522,105.886,1.7663,12.2044,1509.84,0
2026-10-04 17:50:00,24.602,52.795,1015.618,0.1455,109.042,1.7431,12.1382,1513.3,0
2026-10-04 17:50:10,24.639,53.34,1015.588,0.1362,105.446,1.6896,12.1358,1524.18,0
2026-10-04 17:50:20,24.894,52.029,1016.238,0.1447,107.497,1.7701,12.1307,1508.48,0
2026-10-04 17:50:30,24.753,53.24,1014.855,0.1617,106.617,1.7662,12.1808,1501.22,0
2026-10-04 17:50:40,24.67,52.837,1015.781,0.1469,103.357,1.723,12.1367,1512.86,0
2026-10-04 17:50:50,24.797,53.305,1016.614,0.1437,102.607,1.721,12.1762,1533.99,0
2026-10-04 17:51:00,24.638,52.577,1015.055,0.1317,108.539,1.7827,12.1963,1529.71,0
2026-10-04 17:51:10,24.915,52.129,1016.047,0.1485,97.343,1.7425,12.1458,1521.44,0
2026-10-04 17:51:20,24.897,52.189,1015.483,0.1498,103.367,1.767,12.1434,1513.99,0
2026-10-04 17:51:30,24.678,52.154,1015.642,0.1454,101.193,1.7304,12.1793,1533.49,0
2026-10-04 17:51:40,24.658,53.041,1017.082,0.1439,108.567,1.7638,12.1639,1532.63,0
2026-10-04 17:51:50,24.418,53.543,1014.767,0.1657,109.485,1.7239,12.1037,1546.45,0
2026-10-04 17:52:00,24.554,52.525,1016.458,0.15,103.223,1.7572,12.2012,1490.06,0
2026-10-04 17:52:10,24.571,53.124,1015.586,0.1532,113.697,1.7552,12.1768,1501.46,0
2026-10-04 17:52:20,24.747,52.05,1015.551,0.1439,109.54,1.6943,12.1536,1541.64,0
2026-10-04 17:52:30,24.691,52.904,1015.141,0.1424,106.006,1.7486,12.1527,1534.59,0
2026-10-04 17:52:40,24.568,53.15,1016.446,0.1485,109.921,1.7272,12.1808,1541.41,0
2026-10-04 17:52:50,24.695,52.094,1015.784,0.1425,103.502,1.7721,12.1623,1513.94,0
2026-10-04 17:53:00,24.788,52.718,1015.694,0.1432,104.603,1.7503,12.165,1521.39,0
2026-10-04 17:53:10,24.79,53.18,1015.993,0.1474,106.829,1.7379,12.1674,1507.98,0
2026-10-04 17:53:20,24.498,51.357,1015.796,0.1397,103.369,1.7816,12.1432,1492.03,0
2026-10-04 17:53:30,24.709,53.494,1014.514,0.1456,101.599,1.6957,12.1548,1529.06,0
2026-10-04 17:53:40,24.558,53.005,1015.57,0.1446,102.644,1.7911,12.1592,1548.11,0
2026-10-04 17:53:50,24.831,53.188,1016.539,0.1517,104.875,1.7894,12.145,1524.26,0
2026-10-04 17:54:00,24.816,52.625,1014.857,0.1391,106.879,1.7324,12.171,1515.94,0
2026-10-04 17:54:10,24.613,51.972,1015.147,0.1281,104.464,1.764,12.1763,1509.79,0
2026-10-04 17:54:20,24.628,53.103,1015.611,0.1417,100.565,1.7536,12.2065,1543.2,0
2026-10-04 17:54:30,24.663,52.796,1015.401,0.1474,106.902,1.679,12.1454,1527.61,0
2026-10-04 17:54:40,24.447,52.855,1015.888,0.152,109.318,1.7379,12.1868,1528.11,0
2026-10-04 17:54:50,24.757,53.385,1015.142,0.1388,103.525,1.7087,12.2002,1504.53,0
2026-10-04 17:55:00,24.683,53.224,1015.634,0.1487,110.499,1.7061,12.1885,1512.33,0
2026-10-04 17:55:10,24.83,53.805,1015.871,0.1535,108.125,1.7325,12.1524,1537.0,0
2026-10-04 17:55:20,24.581,52.923,1016.358,0.1505,102.362,1.733,12.1572,1517.98,0
2026-10-04 17:55:30,24.637,52.502,1016.774,0.1382,103.588,1.7693,12.203,1515.99,0
2026-10-04 17:55:40,24.529,52.755,1015.719,0.1391,104.6,1.7197,12.1605,1563.3,0
2026-10-04 17:55:50,24.588,53.059,1017.223,0.1481,104.99,1.7283,12.1645,1526.59,0
2026-10-04 17:56:00,24.566,53.36,1015.771,0.1576,98.237,1.772,12.1531,1522.85,0
2026-10-04 17:56:10,24.826,52.12,1016.479,0.1448,103.3,1.7329,12.1847,1523.29,0
2026-10-04 17:56:20,24.621,52.86,1017.25,0.1434,103.906,1.7243,12.104,1515.04,0
2026-10-04 17:56:30,24.718,53.662,1015.995,0.1338,111.246,1.7582,12.1453,1524.01,0
2026-10-04 17:56:40,24.656,52.738,1014.935,0.1419,106.262,1.7497,12.1412,1554.08,0
2026-10-04 17:56:50,24.548,53.325,1015.959,0.1391,103.194,1.7386,12.2055,1531.06,0
2026-10-04 17:57:00,24.679,53.108,1015.466,0.145,104.28,1.7588,12.1717,1500.82,0
2026-10-04 17:57:10,24.769,53.34,1015.701,0.1328,106.878,1.7042,12.1609,1518.07,0
2026-10-04 17:57:20,24.551,52.459,1017.282,0.1422,104.476,1.7204,12.161,1526.07,0
2026-10-04 17:57:30,24.791,52.462,1015.035,0.1368,103.862,1.7846,12.1316,1501.79,0
2026-10-04 17:57:40,24.59,52.877,1016.1,0.1524,103.966,1.6584,12.2002,1517.24,0
2026-10-04 17:57:50,24.633,52.102,1015.275,0.1381,107.072,1.7171,12.1576,1509.72,0
2026-10-04 17:58:00,24.753,52.734,1015.673,0.1404,101.495,1.704,12.1813,1518.06,0
2026-10-04 17:58:10,24.608,52.997,1016.408,0.1472,102.387,1.735,12.1501,1524.93,0
2026-10-04 17:58:20,24.69,53.764,1016.109,0.1413,102.872,1.748,12.1651,1534.23,0
2026-10-04 17:58:30,24.646,53.074,1015.728,0.1639,102.351,1.7602,12.1438,1506.31,0
2026-10-04 17:58:40,24.697,53.186,1015.429,0.1524,103.2,1.7219,12.1606,1522.2,0
2026-10-04 17:58:50,24.394,53.457,1016.104,0.1451,108.369,1.7088,12.1929,1518.44,0
2026-10-04 17:59:00,24.458,52.393,1017.077,0.1479,108.795,1.6952,12.1696,1519.92,0
2026-10-04 17:59:10,24.75,52.794,1015.25,0.1262,106.509,1.7324,12.1764,1510.79,0
2026-10-04 17:59:20,24.798,54.091,1017.218,0.1549,106.347,1.784,12.1688,1522.23,0
2026-10-04 17:59:30,24.563,52.839,1016.718,0.1491,103.7,1.7158,12.2081,1530.21,0
2026-10-04 17:59:40,24.641,53.438,1016.836,0.1444,99.475,1.7284,12.147,1501.79,0
2026-10-04 17:59:50,24.703,53.363,1016.093,0.1495,106.158,1.7332,12.164,1548.45,0
2026-10-04 18:00:00,24.749,52.143,1016.695,0.1505,106.627,1.7189,12.1722,1536.51,0
2026-10-04 18:00:10,24.42,53.038,1015.168,0.1416,103.721,1.7647,12.1427,1498.62,0
2026-10-04 18:00:20,24.555,52.957,1015.406,0.148,102.522,1.759,12.1709,1543.8,0
2026-10-04 18:00:30,24.619,53.049,1016.408,0.1533,101.938,1.7489,12.1686,1544.67,0
2026-10-04 18:00:40,24.741,52.508,1016.078,0.1486,106.27,1.7521,12.1708,1514.26,0
2026-10-04 18:00:50,24.955,52.328,1015.766,0.1429,106.021,1.7107,12.1709,1524.74,0
2026-10-04 18:01:00,24.625,52.649,1014.117,0.1473,109.367,1.6988,12.1513,1522.86,0
2026-10-04 18:01:10,24.481,52.839,1015.563,0.1559,103.376,1.7102,12.1276,1500.69,0
2026-10-04 18:01:20,24.696,53.481,1015.045,0.1511,104.936,1.7338,12.1728,1536.61,0
2026-10-04 18:01:30,24.804,53.798,1016.211,0.1355,105.86,1.7183,12.146,1492.84,0
2026-10-04 18:01:40,24.656,53.588,1015.731,0.1495,104.168,1.7403,12.1661,1525.24,0
2026-10-04 18:01:50,24.532,53.32,1015.424,0.1484,108.343,1.7285,12.1498,1544.26,0
2026-10-04 18:02:00,24.753,52.389,1017.712,0.154,109.549,1.692,12.1316,1495.25,0
2026-10-04 18:02:10,24.715,52.687,1016.588,0.1449,102.526,1.7562,12.1777,1516.03,0
2026-10-04 18:02:20,24.51,52.997,1016.599,0.1417,104.477,1.712,12.1863,1537.36,0
2026-10-04 18:02:30,24.676,52.577,1017.4,0.1337,109.834,1.7441,12.1964,1526.14,0
2026-10-04 18:02:40,24.747,53.182,1016.419,0.139,106.839,1.703,12.1578,1532.44,0
2026-10-04 18:02:50,24.767,53.254,1015.317,0.1542,106.23,1.7018,12.17,1509.47,0
2026-10-04 18:03:00,24.614,53.163,1015.234,0.1461,106.911,1.7003,12.1776,1505.5,0
2026-10-04 18:03:10,24.576,53.408,1016.53,0.1436,107.863,1.6874,12.1947,1516.45,0
2026-10-04 18:03:20,24.764,52.443,1014.412,0.1547,107.072,1.6877,12.1255,1523.26,0
2026-10-04 18:03:30,24.469,53.362,1015.798,0.153,106.554,1.7321,12.1326,1528.11,0
2026-10-04 18:03:40,24.664,52.548,1014.331,0.1384,105.951,1.699,12.2042,1525.61,0
2026-10-04 18:03:50,24.444,52.426,1015.919,0.1538,109.976,1.7306,12.1274,1533.46,0
2026-10-04 18:04:00,24.733,53.163,1016.446,0.1309,105.142,1.7241,12.1925,1520.34,0
2026-10-04 18:04:10,24.571,53.505,1016.043,0.1478,105.954,1.7433,12.203,1502.72,0
2026-10-04 18:04:20,24.752,53.142,1016.503,0.1468,110.615,1.6955,12.1899,1497.93,0
2026-10-04 18:04:30,24.655,52.909,1017.22,0.1532,106.946,1.7472,12.1448,1529.45,0
2026-10-04 18:04:40,24.447,53.054,1015.743,0.147,105.778,1.6977,12.1476,1532.99,0
2026-10-04 18:04:50,24.761,52.967,1017.808,0.1419,107.879,1.6515,12.1686,1547.3,0
2026-10-04 18:05:00,24.773,52.336,1015.99,0.1425,106.678,1.7245,12.2139,1553.9,0
2026-10-04 18:05:10,24.69,52.278,1016.504,0.1653,103.788,1.6975,12.2138,1531.95,0
2026-10-04 18:05:20,24.489,52.86,1015.411,0.1443,106.75,1.7566,12.1777,1522.68,0
2026-10-04 18:05:30,24.541,52.94,1016.971,0.1483,103.598,1.7263,12.1305,1510.7,0
2026-10-04 18:05:40,24.592,52.906,1016.566,0.1273,111.514,1.7163,12.1745,1503.71,0
2026-10-04 18:05:50,24.487,53.238,1016.865,0.1368,106.76,1.7232,12.1653,1517.64,0
2026-10-04 18:06:00,24.771,52.793,1015.872,0.1475,103.239,1.7054,12.1712,1514.87,0
2026-10-04 18:06:10,24.582,53.182,1014.954,0.1303,104.885,1.7597,12.1293,1544.84,0
2026-10-04 18:06:20,24.237,52.828,1016.154,0.1476,108.351,1.7035,12.1768,1524.86,0
2026-10-04 18:06:30,24.598,53.812,1014.642,0.1373,102.809,1.7285,12.1332,1512.44,0
2026-10-04 18:06:40,24.512,52.941,1015.594,0.1347,114.254,1.6962,12.1076,1502.47,0
2026-10-04 18:06:50,24.542,54.071,1015.961,0.1371,101.736,1.7164,12.1766,1523.51,0
2026-10-04 18:07:00,24.503,53.077,1017.491,0.155,108.889,1.6851,12.219,1517.38,0
2026-10-04 18:07:10,24.641,52.794,1016.048,0.1454,104.662,1.7215,12.1502,1508.34,0
2026-10-04 18:07:20,24.674,52.451,1015.922,0.1353,103.705,1.7171,12.1594,1504.62,0
2026-10-04 18:07:30,24.57,52.18,1015.779,0.1487,107.755,1.7289,12.1937,1522.96,0
2026-10-04 18:07:40,24.492,52.405,1014.882,0.1491,104.79,1.7266,12.2004,1508.42,0
2026-10-04 18:07:50,24.524,52.461,1015.88,0.1393,110.937,1.7153,12.1741,1509.47,0
2026-10-04 18:08:00,24.528,53.098,1015.891,0.1499,101.968,1.7653,12.1538,1506.86,0
2026-10-04 18:08:10,24.425,52.638,1015.139,0.1502,107.869,1.7135,12.2047,1556.44,0
2026-10-04 18:08:20,24.587,52.994,1014.985,0.1488,105.367,1.7147,12.1409,1516.09,0
2026-10-04 18:08:30,24.569,53.542,1015.478,0.1365,107.092,1.7113,12.1587,1501.17,0
2026-10-04 18:08:40,24.695,52.857,1015.859,0.1324,107.755,1.7182,12.1865,1474.72,0
2026-10-04 18:08:50,24.657,53.94,1015.492,0.1281,101.028,1.7057,12.1327,1488.5,0
2026-10-04 18:09:00,24.42,52.312,1015.075,0.1363,106.936,1.7033,12.1817,1508.51,0
2026-10-04 18:09:10,24.597,52.825,1016.012,0.1385,109.511,1.731,12.2005,1538.12,0
2026-10-04 18:09:20,24.38,52.63,1016.186,0.1391,107.654,1.7107,12.214,1546.79,0
2026-10-04 18:09:30,24.574,53.368,1015.892,0.1408,105.159,1.738,12.1624,1508.7,0
2026-10-04 18:09:40,24.424,51.78,1015.412,0.155,102.034,1.664,12.1612,1517.53,0
2026-10-04 18:09:50,24.36,52.178,1016.221,0.1383,107.81,1.7492,12.1902,1509.37,0
2026-10-04 18:10:00,24.512,52.846,1015.67,0.1405,111.925,1.7332,12.1569,1518.47,0
2026-10-04 18:10:10,24.153,53.675,1014.969,0.1262,108.293,1.7093,12.1647,1507.82,0
2026-10-04 18:10:20,24.26,53.012,1016.526,0.1584,109.791,1.7083,12.1806,1502.85,0
2026-10-04 18:10:30,24.444,52.223,1016.046,0.13,109.128,1.726,12.1819,1501.14,0
2026-10-04 18:10:40,24.471,52.3,1015.714,0.1347,105.161,1.6841,12.125,1521.43,0
2026-10-04 18:10:50,24.413,53.735,1014.696,0.1458,106.622,1.7104,12.1436,1530.1,0
2026-10-04 18:11:00,24.263,52.587,1015.273,0.1421,108.967,1.713,12.127,1503.6,0
2026-10-04 18:11:10,24.35,52.426,1017.206,0.1531,101.633,1.6578,12.1312,1521.03,0
2026-10-04 18:11:20,24.491,53.636,1014.736,0.1456,108.339,1.7173,12.145,1512.25,0
2026-10-04 18:11:30,24.51,53.402,1015.615,0.139,110.171,1.6745,12.1675,1503.94,0
2026-10-04 18:11:40,24.433,53.533,1015.778,0.1479,106.251,1.7351,12.1699,1519.62,0
2026-10-04 18:11:50,24.57,52.421,1016.012,0.1487,108.859,1.7413,12.1194,1529.45,0
2026-10-04 18:12:00,24.474,52.133,1014.739,0.134,104.764,1.7453,12.1499,1496.64,0
2026-10-04 18:12:10,24.332,52.962,1015.907,0.1468,106.553,1.6992,12.1353,1503.93,0
2026-10-04 18:12:20,24.383,53.062,1014.603,0.1372,105.631,1.6986,12.1683,1530.55,0
2026-10-04 18:12:30,24.244,53.077,1015.851,0.138,107.841,1.6573,12.157,1507.68,0
2026-10-04 18:12:40,24.395,53.633,1015.324,0.1398,106.159,1.7235,12.205,1496.17,0
2026-10-04 18:12:50,24.537,52.027,1015.173,0.1355,101.455,1.6685,12.1701,1510.4,0
2026-10-04 18:13:00,24.481,53.323,1016.362,0.1349,104.341,1.6697,12.1584,1507.75,0
2026-10-04 18:13:10,24.562,52.344,1015.612,0.1461,112.334,1.6981,12.1671,1523.23,0
2026-10-04 18:13:20,24.353,53.32,1016.107,0.1258,108.221,1.6778,12.1577,1506.5,0
2026-10-04 18:13:30,24.546,52.654,1016.129,0.1294,100.236,1.6811,12.2073,1506.77,0
2026-10-04 18:13:40,24.356,52.484,1016.661,0.1432,110.165,1.7061,12.1655,1505.91,0
2026-10-04 18:13:50,24.551,52.586,1014.925,0.137,103.094,1.7267,12.1853,1508.96,0
2026-10-04 18:14:00,24.367,52.168,1016.413,0.1454,109.244,1.7179,12.1937,1528.96,0
2026-10-04 18:14:10,24.449,52.91,1015.78,0.1401,110.453,1.7089,12.1575,1516.85,0
2026-10-04 18:14:20,24.537,52.503,1015.502,0.1264,106.893,1.7326,12.129,1490.1,0
2026-10-04 18:14:30,24.331,53.282,1014.961,0.1375,103.609,1.7069,12.1622,1509.72,0
2026-10-04 18:14:40,24.376,53.208,1016.188,0.1411,104.466,1.6902,12.1902,1510.44,0
2026-10-04 18:14:50,24.499,53.732,1015.117,0.1385,108.511,1.6839,12.1319,1510.66,0
2026-10-04 18:15:00,24.323,53.07,1016.123,0.1327,103.228,1.7167,12.1807,1482.57,0
2026-10-04 18:15:10,24.176,53.147,1017.109,0.1341,104.901,1.6751,12.1954,1506.71,0
2026-10-04 18:15:20,24.586,53.586,1016.444,0.1316,108.197,1.7111,12.2093,1495.75,0
2026-10-04 18:15:30,24.268,52.572,1016.73,0.1253,104.717,1.6915,12.1915,1481.57,0
2026-10-04 18:15:40,24.338,52.141,1015.251,0.1241,110.945,1.681,12.1819,1521.92,0
2026-10-04 18:15:50,24.452,52.984,1016.287,0.1387,103.581,1.6803,12.1793,1499.3,0
2026-10-04 18:16:00,24.235,52.173,1014.951,0.1284,96.842,1.7256,12.1445,1499.27,0
2026-10-04 18:16:10,24.182,54.11,1015.587,0.1398,104.384,1.6798,12.1511,1516.26,0
2026-10-04 18:16:20,24.328,53.61,1016.968,0.1303,107.662,1.694,12.1316,1518.14,0
2026-10-04 18:16:30,24.077,53.964,1015.322,0.1244,109.334,1.689,12.1767,1498.79,0
2026-10-04 18:16:40,24.252,52.913,1016.524,0.1314,105.531,1.727,12.186,1502.71,0
2026-10-04 18:16:50,24.311,53.156,1016.455,0.1513,105.936,1.7387,12.178,1486.87,0
2026-10-04 18:17:00,24.243,52.65,1016.495,0.1336,106.688,1.7228,12.1822,1487.63,0
2026-10-04 18:17:10,24.085,53.321,1014.854,0.1393,112.019,1.6904,12.1941,1520.98,0
2026-10-04 18:17:20,24.456,52.271,1016.107,0.1353,107.942,1.7081,12.142,1501.93,0
2026-10-04 18:17:30,24.272,51.607,1015.628,0.1225,105.339,1.6766,12.1768,1515.54,0
2026-10-04 18:17:40,24.425,52.482,1016.498,0.1452,112.986,1.7044,12.1815,1498.26,0
2026-10-04 18:17:50,24.217,52.149,1014.576,0.1314,106.876,1.655,12.1637,1506.78,0
2026-10-04 18:18:00,24.137,53.615,1015.991,0.1227,100.629,1.7046,12.1223,1474.06,0
2026-10-04 18:18:10,24.269,53.784,1015.89,0.1289,102.708,1.6971,12.1499,1512.86,0
2026-10-04 18:18:20,24.205,52.174,1014.337,0.1312,108.555,1.7093,12.1628,1499.26,0
2026-10-04 18:18:30,24.084,53.52,1015.109,0.1386,101.562,1.6977,12.1793,1492.38,0
2026-10-04 18:18:40,24.396,53.349,1014.446,0.127,108.4,1.7187,12.1765,1508.59,0
2026-10-04 18:18:50,24.139,52.088,1015.217,0.1532,104.579,1.6785,12.2238,1513.81,0
2026-10-04 18:19:00,23.987,52.677,1016.108,0.1245,110.465,1.7163,12.1994,1492.55,0
2026-10-04 18:19:10,24.361,52.582,1015.859,0.1367,107.447,1.7089,12.1752,1480.43,0
2026-10-04 18:19:20,24.135,53.245,1015.839,0.1159,102.047,1.7242,12.1789,1523.08,0
2026-10-04 18:19:30,24.117,52.256,1014.991,0.1305,109.713,1.7256,12.2077,1494.6,0
2026-10-04 18:19:40,23.972,52.82,1016.502,0.1342,111.074,1.6727,12.2087,1468.78,0
2026-10-04 18:19:50,24.387,52.526,1015.703,0.1221,103.166,1.7092,12.1844,1490.96,0
2026-10-04 18:20:00,24.017,53.105,1015.738,0.1428,104.601,1.6669,12.2194,1503.77,0
2026-10-04 18:20:10,24.173,52.759,1016.371,0.1341,108.53,1.7249,12.1537,1495.52,0
2026-10-04 18:20:20,24.27,52.599,1015.017,0.1279,109.081,1.6743,12.1755,1494.54,0
2026-10-04 18:20:30,24.205,52.76,1015.87,0.1336,114.109,1.686,12.2554,1490.93,0
2026-10-04 18:20:40,24.141,53.883,1016.004,0.1253,109.735,1.7007,12.194,1489.62,0
2026-10-04 18:20:50,23.937,52.656,1015.325,0.1398,114.278,1.7135,12.1728,1476.49,0
2026-10-04 18:21:00,24.038,52.344,1016.161,0.1377,107.147,1.7041,12.179,1475.92,0
2026-10-04 18:21:10,24.152,53.155,1016.037,0.1324,108.253,1.7138,12.1809,1500.56,0
2026-10-04 18:21:20,24.029,52.791,1015.631,0.1341,105.411,1.6948,12.2182,1513.28,0
2026-10-04 18:21:30,24.141,52.154,1015.607,0.1172,105.561,1.7003,12.1966,1490.41,0
2026-10-04 18:21:40,24.192,53.977,1016.065,0.1405,107.584,1.6499,12.1746,1515.06,0
2026-10-04 18:21:50,24.22,52.684,1016.248,0.1278,105.408,1.7195,12.1347,1510.47,0
2026-10-04 18:22:00,23.951,52.671,1015.739,0.1366,99.477,1.6864,12.1585,1491.73,0
2026-10-04 18:22:10,24.355,52.939,1016.477,0.1341,105.183,1.6827,12.1782,1503.0,0
2026-10-04 18:22:20,24.177,53.724,1016.153,0.136,110.427,1.7417,12.1735,1500.49,0
2026-10-04 18:22:30,24.078,52.018,1014.438,0.1193,107.429,1.6254,12.2042,1485.29,0
2026-10-04 18:22:40,24.203,52.995,1014.705,0.1201,107.459,1.6953,12.1711,1460.22,0
2026-10-04 18:22:50,24.35,53.9,1016.514,0.1453,104.947,1.6367,12.1979,1494.38,0
2026-10-04 18:23:00,23.887,52.92,1015.512,0.1149,108.25,1.701,12.1402,1502.54,0
2026-10-04 18:23:10,24.026,52.237,1015.798,0.1181,112.241,1.6749,12.1639,1483.43,0
2026-10-04 18:23:20,23.761,52.545,1016.479,0.127,111.481,1.6188,12.1944,1521.55,0
2026-10-04 18:23:30,24.063,52.957,1015.675,0.1268,108.391,1.7192,12.2288,1506.64,0
2026-10-04 18:23:40,24.077,53.518,1015.704,0.1219,104.746,1.6595,12.1736,1468.78,0
2026-10-04 18:23:50,24.022,52.683,1015.068,0.1309,112.623,1.7153,12.1979,1487.66,0
2026-10-04 18:24:00,23.941,53.265,1015.934,0.133,110.513,1.6671,12.2106,1477.69,0
2026-10-04 18:24:10,23.767,52.133,1016.084,0.1254,102.907,1.6796,12.2011,1484.49,0
2026-10-04 18:24:20,24.051,52.128,1015.267,0.1232,102.093,1.634,12.196,1499.52,0
2026-10-04 18:24:30,24.174,52.608,1015.024,0.1249,103.101,1.7015,12.1685,1485.64,0
2026-10-04 18:24:40,23.922,53.568,1017.506,0.1209,105.91,1.6764,12.2154,1480.57,0
2026-10-04 18:24:50,24.039,52.883,1015.601,0.1111,110.111,1.6814,12.1445,1490.24,0
2026-10-04 18:25:00,23.791,52.992,1015.186,0.1269,110.054,1.688,12.1458,1499.94,0
2026-10-04 18:25:10,24.027,52.986,1016.157,0.1304,108.456,1.649,12.2242,1499.49,0
2026-10-04 18:25:20,23.918,53.401,1015.625,0.1228,107.027,1.7073,12.1866,1497.18,0
2026-10-04 18:25:30,23.867,52.54,1014.899,0.1057,114.577,1.6758,12.1467,1508.21,0
2026-10-04 18:25:40,23.86,53.189,1015.996,0.119,107.579,1.7471,12.1418,1486.0,0
2026-10-04 18:25:50,23.897,52.429,1015.059,0.1306,107.231,1.6775,12.1408,1481.65,0
2026-10-04 18:26:00,23.984,53.835,1016.757,0.1116,105.983,1.6796,12.2286,1484.43,0
2026-10-04 18:26:10,23.773,52.443,1015.998,0.1285,114.157,1.6553,12.1757,1474.33,0
2026-10-04 18:26:20,23.876,52.401,1015.457,0.1191,109.698,1.6487,12.1649,1473.68,0
2026-10-04 18:26:30,23.912,53.117,1015.725,0.1223,104.446,1.7108,12.2186,1496.95,0
2026-10-04 18:26:40,23.778,52.881,1016.279,0.1168,104.106,1.7153,12.1842,1498.03,0
2026-10-04 18:26:50,24.118,53.004,1015.775,0.1129,102.539,1.6744,12.1697,1445.58,0
2026-10-04 18:27:00,23.793,52.954,1017.129,0.1333,107.303,1.6915,12.2045,1499.07,0
2026-10-04 18:27:10,23.808,52.294,1016.437,0.1281,103.113,1.7193,12.1929,1478.5,0
2026-10-04 18:27:20,23.764,53.646,1015.981,0.1265,104.12,1.6954,12.193,1474.88,0
2026-10-04 18:27:30,24.09,53.285,1014.982,0.1284,110.843,1.7001,12.1713,1479.16,0
2026-10-04 18:27:40,23.933,53.517,1015.533,0.1249,110.326,1.69,12.1557,1464.83,0
2026-10-04 18:27:50,23.747,52.573,1015.97,0.1282,112.142,1.6714,12.1529,1480.93,0
2026-10-04 18:28:00,23.985,53.045,1015.057,0.1151,103.272,1.6972,12.1808,1511.87,0
2026-10-04 18:28:10,23.869,52.935,1016.536,0.1312,104.691,1.734,12.1784,1459.63,0
2026-10-04 18:28:20,23.869,53.399,1014.947,0.1303,105.827,1.6742,12.1903,1491.81,0
2026-10-04 18:28:30,23.789,53.415,1015.181,0.1228,112.648,1.7088,12.1677,1496.85,0
2026-10-04 18:28:40,23.734,52.931,1015.232,0.1172,107.931,1.6915,12.2103,1490.65,0
2026-10-04 18:28:50,23.857,52.075,1016.144,0.1095,113.224,1.6721,12.1452,1504.62,0
2026-10-04 18:29:00,23.743,53.723,1015.058,0.1209,109.655,1.7091,12.1888,1496.03,0
2026-10-04 18:29:10,24.02,53.111,1014.36,0.1324,107.451,1.706,12.1557,1491.07,0
2026-10-04 18:29:20,23.642,52.528,1016.38,0.1094,109.525,1.7009,12.1724,1496.26,0
2026-10-04 18:29:30,23.971,53.035,1015.305,0.1266,102.631,1.73,12.1555,1495.26,0
2026-10-04 18:29:40,23.766,52.076,1014.866,0.1144,101.671,1.732,12.1693,1474.84,0
2026-10-04 18:29:50,23.808,53.359,1015.084,0.1149,108.627,1.6874,12.1518,1489.23,0
2026-10-04 18:30:00,23.864,52.095,1016.812,0.1084,107.908,1.6832,12.1536,1475.36,0
2026-10-04 18:30:10,23.681,52.72,1015.149,0.1115,113.681,1.6501,12.2027,1459.13,0
2026-10-04 18:30:20,23.853,52.952,1015.52,0.1225,103.759,1.7239,12.1439,1506.38,0
2026-10-04 18:30:30,23.417,53.349,1015.292,0.1233,109.028,1.6837,12.1949,1470.21,0
2026-10-04 18:30:40,23.648,52.882,1014.74,0.1188,110.012,1.6701,12.2,1494.63,0
2026-10-04 18:30:50,23.616,53.146,1015.081,0.1126,108.971,1.6619,12.197,1485.91,0
2026-10-04 18:31:00,23.569,52.814,1014.689,0.1076,111.255,1.6616,12.1781,1464.13,0
2026-10-04 18:31:10,23.686,52.812,1016.267,0.1167,106.076,1.729,12.1515,1465.62,0
2026-10-04 18:31:20,23.75,52.87,1015.666,0.1131,110.486,1.7073,12.1402,1482.9,0
2026-10-04 18:31:30,23.781,52.732,1017.332,0.1174,109.689,1.6476,12.1493,1482.62,0
2026-10-04 18:31:40,23.718,51.983,1015.096,0.113,111.518,1.6485,12.1495,1470.67,0
2026-10-04 18:31:50,23.601,52.442,1014.989,0.113,106.503,1.6876,12.1858,1452.26,0
2026-10-04 18:32:00,23.718,52.948,1016.662,0.1164,104.493,1.659,12.1435,1487.72,0
2026-10-04 18:32:10,23.681,52.701,1016.327,0.1177,106.182,1.678,12.1738,1431.48,0
2026-10-04 18:32:20,23.77,52.747,1015.853,0.1244,104.895,1.723,12.18,1480.26,0
2026-10-04 18:32:30,23.744,52.663,1014.803,0.1117,106.405,1.7108,12.1714,1491.71,0
2026-10-04 18:32:40,23.646,52.393,1016.802,0.1186,107.113,1.6412,12.1723,1446.66,0
2026-10-04 18:32:50,23.527,52.578,1015.528,0.1284,105.397,1.6586,12.211,1476.48,0
2026-10-04 18:33:00,23.549,52.671,1015.275,0.1184,108.171,1.6899,12.1916,1468.01,0
2026-10-04 18:33:10,23.553,52.827,1016.375,0.1229,104.627,1.7119,12.1967,1476.37,0
2026-10-04 18:33:20,23.574,53.021,1015.557,0.1084,107.96,1.663,12.1699,1487.79,0
2026-10-04 18:33:30,23.636,52.733,1014.755,0.1074,106.71,1.6927,12.1988,1452.61,0
2026-10-04 18:33:40,23.682,52.309,1015.597,0.1116,107.848,1.672,12.1868,1469.13,0
2026-10-04 18:33:50,23.582,52.124,1015.02,0.1123,109.408,1.7271,12.1845,1469.69,0
2026-10-04 18:34:00,23.582,54.122,1013.458,0.1211,106.99,1.6987,12.1695,1442.61,0
2026-10-04 18:34:10,23.59,52.258,1014.946,0.1064,105.927,1.6782,12.1852,1480.12,0
2026-10-04 18:34:20,23.503,52.564,1015.191,0.1114,106.314,1.6456,12.232,1495.62,0
2026-10-04 18:34:30,23.446,53.081,1014.75,0.1204,111.363,1.6564,12.1944,1480.93,0
2026-10-04 18:34:40,23.338,53.003,1015.96,0.1134,112.139,1.6197,12.2221,1472.49,0
2026-10-04 18:34:50,23.457,53.083,1015.011,0.1113,106.782,1.6895,12.1322,1483.51,0
2026-10-04 18:35:00,23.59,52.601,1015.888,0.1131,107.879,1.6993,12.1812,1460.97,0
2026-10-04 18:35:10,23.441,52.942,1014.688,0.102,103.246,1.7004,12.1999,1456.35,0
2026-10-04 18:35:20,23.489,52.853,1016.185,0.1016,107.83,1.6671,12.1891,1476.95,0
2026-10-04 18:35:30,23.565,52.666,1014.653,0.0979,104.038,1.7144,12.1923,1472.35,0
2026-10-04 18:35:40,23.564,52.945,1013.906,0.112,106.944,1.7219,12.1697,1473.3,0
2026-10-04 18:35:50,23.364,53.35,1016.409,0.1175,111.658,1.6656,12.2098,1455.39,0
2026-10-04 18:36:00,23.605,52.811,1014.942,0.1161,103.937,1.7117,12.1395,1445.37,0
2026-10-04 18:36:10,23.612,52.815,1016.769,0.1189,105.753,1.6855,12.1758,1452.03,0
2026-10-04 18:36:20,23.334,53.357,1015.932,0.1212,105.784,1.6688,12.1826,1454.5,0
2026-10-04 18:36:30,23.362,53.303,1016.088,0.1105,103.486,1.7127,12.1652,1436.34,0
2026-10-04 18:36:40,23.596,53.615,1016.265,0.1086,111.097,1.6517,12.1803,1473.76,0
2026-10-04 18:36:50,23.427,51.945,1015.61,0.1208,109.358,1.6446,12.1305,1446.96,0
2026-10-04 18:37:00,23.171,53.276,1015.616,0.1031,113.97,1.6718,12.1472,1445.81,0
2026-10-04 18:37:10,23.261,53.124,1016.424,0.0991,105.574,1.6759,12.2114,1461.72,0
2026-10-04 18:37:20,23.391,52.38,1015.603,0.1056,103.26,1.6405,12.1857,1451.73,0
2026-10-04 18:37:30,23.273,52.949,1015.013,0.1045,111.418,1.6937,12.1702,1441.32,0
2026-10-04 18:37:40,23.355,53.349,1015.931,0.1083,107.528,1.6619,12.2042,1442.65,0
2026-10-04 18:37:50,23.4,52.409,1014.039,0.101,107.228,1.6486,12.2144,1472.36,0
2026-10-04 18:38:00,23.564,53.045,1016.44,0.1105,113.079,1.6975,12.2249,1458.96,0
2026-10-04 18:38:10,23.345,53.26,1016.453,0.1028,109.171,1.6705,12.1325,1440.97,0
2026-10-04 18:38:20,23.501,52.289,1016.351,0.117,111.392,1.7076,12.2143,1485.18,0
2026-10-04 18:38:30,23.535,52.754,1016.322,0.0974,106.829,1.6926,12.1507,1452.34,0
2026-10-04 18:38:40,23.528,52.976,1015.45,0.1057,106.538,1.6761,12.1873,1470.63,0
2026-10-04 18:38:50,23.382,52.427,1015.432,0.1039,107.635,1.7084,12.195,1460.73,0
2026-10-04 18:39:00,23.104,52.386,1014.644,0.1083,110.759,1.6915,12.22,1463.49,0
2026-10-04 18:39:10,23.387,52.759,1016.726,0.1136,108.918,1.6804,12.1915,1462.0,0
2026-10-04 18:39:20,23.449,53.227,1015.161,0.1082,110.187,1.6936,12.1868,1440.67,0
2026-10-04 18:39:30,23.305,53.149,1015.736,0.1048,100.991,1.6944,12.1589,1494.68,0
2026-10-04 18:39:40,23.516,52.397,1015.674,0.1112,103.172,1.6534,12.1376,1449.28,0
2026-10-04 18:39:50,23.402,53.154,1014.556,0.1122,102.374,1.7397,12.1582,1472.74,0
2026-10-04 18:40:00,23.359,52.41,1014.271,0.1075,107.715,1.6823,12.215,1448.17,0
2026-10-04 18:40:10,23.413,52.024,1015.494,0.1082,104.677,1.6828,12.1807,1443.11,0
2026-10-04 18:40:20,23.314,52.646,1015.17,0.1101,113.957,1.6366,12.2214,1479.9,0
2026-10-04 18:40:30,22.967,53.391,1015.423,0.0916,108.841,1.6837,12.1619,1482.38,0
2026-10-04 18:40:40,23.198,53.158,1016.229,0.1018,109.573,1.6848,12.1995,1465.5,0
2026-10-04 18:40:50,23.393,52.83,1015.639,0.1074,105.671,1.6517,12.1841,1470.47,0
2026-10-04 18:41:00,23.144,52.623,1016.01,0.1019,105.596,1.6544,12.2123,1439.22,0
2026-10-04 18:41:10,23.206,52.637,1015.789,0.1018,113.63,1.6579,12.1743,1467.59,0
2026-10-04 18:41:20,23.099,52.887,1015.253,0.1069,114.341,1.673,12.1767,1467.1,0
2026-10-04 18:41:30,23.431,52.299,1014.771,0.1069,110.259,1.6857,12.2104,1463.61,0
2026-10-04 18:41:40,23.41,52.66,1015.656,0.1073,102.934,1.6747,12.1277,1481.39,0
2026-10-04 18:41:50,23.094,52.727,1015.527,0.097,107.771,1.6878,12.1764,1422.16,0
2026-10-04 18:42:00,23.209,52.16,1016.107,0.0919,110.005,1.6971,12.1384,1453.34,0
2026-10-04 18:42:10,23.102,52.417,1015.359,0.1095,108.4,1.6938,12.1792,1477.92,0
2026-10-04 18:42:20,23.249,53.042,1015.254,0.0969,102.741,1.6893,12.1694,1438.67,0
2026-10-04 18:42:30,23.228,52.843,1015.299,0.0962,114.668,1.6873,12.195,1464.77,0
2026-10-04 18:42:40,23.256,52.684,1014.815,0.0953,106.631,1.6874,12.1916,1447.4,0
2026-10-04 18:42:50,23.19,52.384,1016.468,0.1116,105.132,1.6765,12.1728,1455.68,0
2026-10-04 18:43:00,23.495,53.629,1016.251,0.1039,109.081,1.6636,12.1559,1438.16,0
2026-10-04 18:43:10,23.011,52.422,1014.602,0.1048,112.744,1.6778,12.1819,1487.63,0
2026-10-04 18:43:20,22.921,52.968,1016.012,0.1074,110.749,1.6964,12.2126,1436.14,0
2026-10-04 18:43:30,23.07,52.599,1014.155,0.1014,105.281,1.6962,12.1555,1451.06,0
2026-10-04 18:43:40,22.921,52.862,1016.134,0.1097,104.805,1.6927,12.1424,1448.79,0
2026-10-04 18:43:50,22.922,53.074,1014.955,0.0919,102.69,1.6682,12.1339,1468.46,0
2026-10-04 18:44:00,22.973,52.161,1015.692,0.0926,108.408,1.6746,12.1416,1453.06,0
2026-10-04 18:44:10,22.974,52.844,1014.087,0.092,107.882,1.6747,12.1798,1428.03,0
2026-10-04 18:44:20,22.962,53.444,1014.597,0.1044,110.861,1.6648,12.1449,1441.69,0
2026-10-04 18:44:30,23.13,53.73,1015.762,0.1049,107.281,1.7024,12.1706,1418.57,0
2026-10-04 18:44:40,22.999,52.785,1014.941,0.097,112.278,1.634,12.1915,1451.76,0
2026-10-04 18:44:50,23.03,52.872,1014.841,0.0987,111.339,1.7306,12.1268,1477.05,0
2026-10-04 18:45:00,23.151,53.958,1016.404,0.1106,107.207,1.7318,12.2047,1447.01,0
2026-10-04 18:45:10,22.943,53.421,1016.973,0.0948,110.585,1.6813,12.2157,1454.77,0
2026-10-04 18:45:20,22.995,52.546,1016.079,0.1025,113.417,1.6901,12.2266,1465.86,0
2026-10-04 18:45:30,23.062,52.547,1014.656,0.0946,106.567,1.7012,12.2168,1438.63,0
2026-10-04 18:45:40,22.777,53.336,1016.653,0.1087,108.828,1.6611,12.2403,1465.16,0
2026-10-04 18:45:50,22.716,52.353,1014.323,0.1048,108.788,1.6942,12.1857,1477.01,0
2026-10-04 18:46:00,23.035,53.404,1015.201,0.0885,108.432,1.713,12.2001,1421.37,0
2026-10-04 18:46:10,23.045,53.029,1015.45,0.0974,111.929,1.635,12.1737,1464.71,0
2026-10-04 18:46:20,23.225,53.122,1016.756,0.0828,112.186,1.644,12.1966,1425.08,0
2026-10-04 18:46:30,22.988,52.736,1016.046,0.1065,110.781,1.6988,12.1834,1435.36,0
2026-10-04 18:46:40,23.059,52.551,1015.08,0.1155,110.657,1.6733,12.1384,1463.62,0
2026-10-04 18:46:50,22.929,53.598,1014.741,0.0816,107.912,1.6704,12.1424,1451.15,0
2026-10-04 18:47:00,22.98,52.745,1016.102,0.0875,110.609,1.6719,12.2252,1439.1,0
2026-10-04 18:47:10,23.136,52.665,1015.025,0.1001,105.781,1.6519,12.1838,1479.15,0
2026-10-04 18:47:20,22.673,52.832,1015.547,0.0985,117.091,1.6699,12.2155,1440.36,0
2026-10-04 18:47:30,22.97,52.97,1014.435,0.0953,113.725,1.6472,12.1658,1461.42,0
2026-10-04 18:47:40,23.168,52.359,1015.79,0.0845,112.563,1.7129,12.1576,1440.06,0
2026-10-04 18:47:50,22.937,52.594,1015.731,0.1009,110.938,1.6835,12.1778,1451.18,0
2026-10-04 18:48:00,23.093,52.569,1014.517,0.1053,110.959,1.6829,12.1996,1451.35,0
2026-10-04 18:48:10,22.812,53.302,1016.106,0.1209,104.681,1.6969,12.2147,1444.84,0
2026-10-04 18:48:20,22.875,52.438,1015.77,0.1084,105.994,1.75,12.1846,1422.03,0
2026-10-04 18:48:30,22.875,52.005,1015.898,0.0875,106.387,1.654,12.1963,1447.13,0
2026-10-04 18:48:40,22.597,51.901,1015.112,0.0977,109.983,1.6343,12.1763,1433.95,0
2026-10-04 18:48:50,22.714,52.151,1015.5,0.1024,108.983,1.6796,12.2163,1435.44,0
2026-10-04 18:49:00,22.715,53.569,1015.417,0.0921,112.281,1.6348,12.2167,1450.87,0
2026-10-04 18:49:10,22.937,52.898,1015.267,0.1037,106.97,1.672,12.1603,1449.51,0
2026-10-04 18:49:20,22.935,53.143,1015.488,0.103,112.965,1.7024,12.1895,1429.97,0
2026-10-04 18:49:30,22.861,53.162,1016.245,0.1072,107.444,1.7187,12.155,1444.23,0
2026-10-04 18:49:40,22.913,52.924,1016.116,0.1036,108.67,1.6414,12.2003,1440.94,0
2026-10-04 18:49:50,22.786,52.86,1014.534,0.0994,112.63,1.657,12.17,1427.38,0
2026-10-04 18:50:00,22.942,53.422,1016.049,0.0919,111.477,1.6897,12.1599,1427.97,0
2026-10-04 18:50:10,22.791,52.975,1016.19,0.0866,106.228,1.6996,12.1288,1427.88,0
2026-10-04 18:50:20,22.789,53.603,1015.248,0.0986,113.194,1.701,12.2069,1439.14,0
2026-10-04 18:50:30,22.742,53.216,1015.708,0.0935,110.289,1.7177,12.1846,1434.41,0
2026-10-04 18:50:40,22.848,52.599,1015.695,0.0942,103.614,1.6991,12.1861,1441.78,0
2026-10-04 18:50:50,22.707,52.661,1014.752,0.1056,107.533,1.6779,12.2006,1425.12,0
2026-10-04 18:51:00,22.867,52.548,1015.077,0.1075,108.851,1.7075,12.1607,1435.39,0
2026-10-04 18:51:10,22.606,53.523,1015.868,0.0866,106.592,1.6827,12.1568,1436.19,0
2026-10-04 18:51:20,22.602,52.714,1014.993,0.0947,114.148,1.6879,12.1935,1442.21,0
2026-10-04 18:51:30,22.808,52.519,1016.021,0.0928,109.015,1.6688,12.2087,1459.04,0
2026-10-04 18:51:40,22.707,53.081,1016.249,0.0987,111.54,1.6851,12.193,1452.77,0
2026-10-04 18:51:50,22.655,52.874,1016.134,0.078,110.799,1.6405,12.2198,1435.21,0
2026-10-04 18:52:00,22.809,53.073,1016.717,0.0844,112.316,1.7072,12.1938,1412.08,0
2026-10-04 18:52:10,22.621,53.873,1015.265,0.0951,115.238,1.6561,12.1924,1427.97,0
2026-10-04 18:52:20,22.662,53.387,1015.45,0.1023,112.265,1.6592,12.2002,1449.15,0
2026-10-04 18:52:30,22.846,52.946,1015.548,0.0965,115.486,1.6233,12.1738,1434.18,0
2026-10-04 18:52:40,22.855,52.231,1015.279,0.1012,112.385,1.661,12.1486,1415.82,0
2026-10-04 18:52:50,22.851,52.687,1015.698,0.0974,110.693,1.6577,12.1801,1431.27,0
2026-10-04 18:53:00,22.62,53.295,1014.118,0.1059,111.283,1.6871,12.1974,1426.96,0
2026-10-04 18:53:10,22.794,52.357,1015.457,0.1076,102.462,1.6494,12.1581,1452.61,0
2026-10-04 18:53:20,22.525,54.015,1014.347,0.0895,108.993,1.6707,12.1444,1424.63,0
2026-10-04 18:53:30,22.522,52.955,1014.635,0.1026,109.948,1.6649,12.1614,1439.25,0
2026-10-04 18:53:40,22.341,52.975,1015.82,0.0996,111.713,1.638,12.2129,1443.04,0
2026-10-04 18:53:50,22.816,52.619,1015.165,0.1155,110.342,1.688,12.1919,1413.81,0
2026-10-04 18:54:00,22.504,53.204,1015.79,0.0891,111.44,1.6766,12.1763,1420.89,0
2026-10-04 18:54:10,22.584,52.379,1015.145,0.0945,106.489,1.6832,12.1553,1425.33,0
2026-10-04 18:54:20,22.483,54.043,1016.072,0.0871,105.735,1.703,12.1863,1433.47,0
2026-10-04 18:54:30,22.667,53.622,1015.127,0.0875,106.95,1.6826,12.1841,1422.16,0
2026-10-04 18:54:40,22.531,53.459,1013.924,0.0984,115.233,1.6741,12.1908,1410.12,0
2026-10-04 18:54:50,22.412,52.274,1015.448,0.0969,106.736,1.7056,12.242,1415.32,0
2026-10-04 18:55:00,22.614,53.075,1013.769,0.0996,108.194,1.6745,12.1917,1444.21,0
2026-10-04 18:55:10,22.381,53.58,1014.268,0.0994,110.896,1.6701,12.162,1460.86,0
2026-10-04 18:55:20,22.445,53.275,1014.664,0.0933,105.826,1.6995,12.1447,1434.04,0
2026-10-04 18:55:30,22.285,52.48,1014.575,0.0932,108.004,1.6634,12.1653,1445.31,0
2026-10-04 18:55:40,22.359,52.659,1014.896,0.0874,112.672,1.7122,12.1679,1434.12,0
2026-10-04 18:55:50,22.544,52.761,1014.546,0.0895,109.348,1.6871,12.2,1438.96,0
2026-10-04 18:56:00,22.279,52.688,1014.288,0.0946,115.733,1.7224,12.1638,1439.27,0
2026-10-04 18:56:10,22.33,53.758,1016.349,0.0966,105.608,1.6818,12.1544,1438.01,0
2026-10-04 18:56:20,22.5,52.036,1014.793,0.1007,109.687,1.7071,12.1926,1432.85,0
2026-10-04 18:56:30,22.427,53.327,1013.704,0.0999,109.431,1.6425,12.1637,1429.34,0
2026-10-04 18:56:40,22.724,52.357,1015.01,0.1075,110.738,1.7156,12.1936,1420.79,0
2026-10-04 18:56:50,22.697,52.525,1014.473,0.0872,107.105,1.7009,12.158,1434.44,0
2026-10-04 18:57:00,22.366,52.004,1014.638,0.0931,109.065,1.6676,12.1673,1430.89,0
2026-10-04 18:57:10,22.529,52.738,1015.753,0.0879,113.194,1.7055,12.1645,1412.31,0
2026-10-04 18:57:20,22.545,53.771,1014.939,0.1052,110.04,1.6523,12.1893,1443.43,0
2026-10-04 18:57:30,22.376,53.152,1014.444,0.091,107.659,1.6717,12.1754,1440.15,0
2026-10-04 18:57:40,22.261,52.423,1015.56,0.1042,117.13,1.6629,12.1484,1427.86,0
2026-10-04 18:57:50,22.431,53.535,1016.05,0.1066,111.057,1.7073,12.1463,1442.31,0
2026-10-04 18:58:00,22.405,53.645,1015.619,0.0983,112.771,1.7156,12.171,1435.24,0
2026-10-04 18:58:10,22.366,53.085,1013.523,0.0974,113.244,1.6733,12.1435,1417.41,0
2026-10-04 18:58:20,22.464,54.054,1014.457,0.0953,110.761,1.6529,12.1685,1396.46,0
2026-10-04 18:58:30,22.313,53.451,1015.269,0.0925,108.624,1.6603,12.1853,1395.64,0
2026-10-04 18:58:40,22.258,53.385,1015.062,0.0916,111.612,1.6872,12.1493,1441.99,0
2026-10-04 18:58:50,22.402,52.645,1015.001,0.0939,108.935,1.6857,12.2,1422.32,0
2026-10-04 18:59:00,22.428,53.364,1014.54,0.1097,112.171,1.6766,12.2134,1416.87,0
2026-10-04 18:59:10,22.233,53.163,1014.241,0.0868,110.585,1.6645,12.2058,1412.22,0
2026-10-04 18:59:20,22.479,53.318,1016.628,0.0968,114.187,1.7261,12.1954,1422.75,0
2026-10-04 18:59:30,22.148,52.72,1015.239,0.1008,107.695,1.67,12.1892,1435.21,0
2026-10-04 18:59:40,22.283,53.13,1015.667,0.0929,113.296,1.6648,12.1846,1408.99,0
2026-10-04 18:59:50,22.315,52.661,1015.219,0.0985,113.003,1.7144,12.1879,1422.28,0
2026-10-04 19:00:00,22.262,52.0,1015.245,0.0832,110.466,1.6788,12.1635,1460.42,0
2026-10-04 19:00:10,22.264,53.576,1015.167,0.1059,113.395,1.6988,12.1779,1447.46,0
2026-10-04 19:00:20,22.549,52.33,1014.423,0.1043,112.482,1.6643,12.1822,1386.45,0
2026-10-04 19:00:30,22.215,53.139,1014.145,0.0945,113.248,1.6989,12.1945,1392.4,0
2026-10-04 19:00:40,22.603,53.256,1015.473,0.0883,113.079,1.7048,12.1387,1446.4,0
2026-10-04 19:00:50,22.356,53.256,1015.331,0.1017,111.44,1.6586,12.1837,1432.44,0
2026-10-04 19:01:00,22.307,52.956,1015.854,0.0863,109.522,1.6733,12.2049,1419.46,0
2026-10-04 19:01:10,22.347,53.237,1015.709,0.0874,109.509,1.6642,12.1633,1426.31,0
2026-10-04 19:01:20,22.586,53.341,1014.626,0.0951,110.71,1.6738,12.1756,1413.33,0
2026-10-04 19:01:30,22.156,53.477,1015.982,0.1077,113.904,1.7271,12.1317,1407.78,0
2026-10-04 19:01:40,22.134,53.981,1015.722,0.1008,113.293,1.6937,12.1799,1428.42,0
2026-10-04 19:01:50,22.171,53.235,1015.668,0.0905,114.436,1.7361,12.141,1415.7,0
2026-10-04 19:02:00,22.259,53.154,1016.756,0.0823,114.758,1.7246,12.1643,1429.82,0
2026-10-04 19:02:10,22.041,52.673,1016.61,0.0961,110.81,1.7159,12.1769,1408.31,0
2026-10-04 19:02:20,22.244,53.349,1015.659,0.0979,117.37,1.7242,12.1629,1426.93,0
2026-10-04 19:02:30,22.438,53.469,1015.57,0.0953,111.192,1.717,12.174,1420.62,0
2026-10-04 19:02:40,22.246,53.044,1015.929,0.1104,110.044,1.7307,12.1874,1395.62,0
2026-10-04 19:02:50,22.186,53.416,1014.76,0.095,112.547,1.7019,12.177,1437.45,0
2026-10-04 19:03:00,22.14,53.002,1014.767,0.0778,113.02,1.7056,12.1815,1393.91,0
2026-10-04 19:03:10,22.316,53.489,1015.635,0.0929,109.366,1.705,12.1312,1434.69,0
2026-10-04 19:03:20,22.102,53.614,1014.561,0.0999,111.136,1.6778,12.1739,1421.25,0
2026-10-04 19:03:30,22.416,53.612,1015.573,0.0994,110.293,1.7101,12.1223,1423.74,0
2026-10-04 19:03:40,22.42,53.226,1015.265,0.095,112.08,1.7205,12.1679,1406.44,0
2026-10-04 19:03:50,22.212,52.652,1014.554,0.0937,114.065,1.6742,12.2238,1408.0,0
2026-10-04 19:04:00,22.174,52.87,1015.169,0.0805,110.901,1.6679,12.2011,1413.29,0
2026-10-04 19:04:10,22.292,53.478,1016.061,0.0973,113.439,1.6758,12.142,1393.6,0
2026-10-04 19:04:20,22.293,54.41,1015.203,0.094,107.576,1.7236,12.1641,1421.27,0
2026-10-04 19:04:30,22.059,53.02,1015.203,0.0987,114.434,1.6839,12.1732,1406.97,0
2026-10-04 19:04:40,22.086,53.423,1015.37,0.1008,110.426,1.6624,12.1902,1380.25,0
2026-10-04 19:04:50,21.984,52.922,1015.459,0.1069,110.395,1.6642,12.1988,1440.06,0
2026-10-04 19:05:00,22.186,52.718,1014.903,0.0894,113.031,1.6678,12.2182,1415.44,0
2026-10-04 19:05:10,22.21,52.872,1015.377,0.0867,113.211,1.6727,12.1536,1416.05,0
2026-10-04 19:05:20,21.962,52.174,1014.395,0.0926,111.537,1.6557,12.1829,1400.51,0
2026-10-04 19:05:30,22.063,53.897,1014.567,0.0914,109.23,1.706,12.1333,1415.57,0
2026-10-04 19:05:40,21.95,52.11,1014.654,0.0908,110.48,1.6863,12.1876,1421.33,0
2026-10-04 19:05:50,21.997,53.098,1015.45,0.109,112.226,1.7046,12.1896,1388.19,0
2026-10-04 19:06:00,22.165,52.646,1015.231,0.0988,113.432,1.634,12.1777,1418.76,0
2026-10-04 19:06:10,22.005,52.798,1015.022,0.1135,109.516,1.7184,12.1935,1393.53,0
2026-10-04 19:06:20,22.051,53.934,1015.597,0.0978,110.086,1.6897,12.1556,1389.84,0
2026-10-04 19:06:30,21.885,53.351,1015.376,0.0885,112.818,1.7045,12.1441,1395.64,0
2026-10-04 19:06:40,22.097,52.773,1014.905,0.0915,111.802,1.7302,12.1533,1440.07,0
2026-10-04 19:06:50,22.063,52.966,1014.381,0.1063,112.513,1.7015,12.1863,1420.02,0
2026-10-04 19:07:00,21.975,52.884,1014.529,0.0891,104.252,1.7453,12.2097,1407.72,0
2026-10-04 19:07:10,22.034,53.25,1014.073,0.1028,111.233,1.6457,12.1555,1433.24,0
2026-10-04 19:07:20,22.072,53.364,1015.196,0.0956,114.7,1.685,12.1598,1393.58,0
2026-10-04 19:07:30,21.947,54.23,1014.491,0.0911,110.315,1.648,12.1797,1391.73,0
2026-10-04 19:07:40,21.862,52.33,1014.745,0.1097,113.644,1.7011,12.2629,1393.1,0
2026-10-04 19:07:50,22.25,53.276,1015.0,0.0941,108.581,1.6954,12.1655,1434.74,0
2026-10-04 19:08:00,21.951,53.141,1015.817,0.0923,107.541,1.6664,12.2008,1419.32,0
2026-10-04 19:08:10,22.01,53.778,1015.734,0.0984,113.505,1.7482,12.1722,1393.77,0
2026-10-04 19:08:20,22.137,53.487,1015.043,0.0951,112.111,1.6851,12.1631,1395.35,0
2026-10-04 19:08:30,22.433,53.611,1015.964,0.117,111.289,1.6391,12.1433,1409.7,0
2026-10-04 19:08:40,21.855,53.494,1013.667,0.1079,114.859,1.7114,12.1689,1388.17,0
2026-10-04 19:08:50,22.053,52.861,1016.387,0.0948,111.406,1.712,12.1977,1402.22,0
2026-10-04 19:09:00,21.908,53.938,1015.555,0.0958,110.467,1.6829,12.1546,1389.72,0
2026-10-04 19:09:10,21.923,53.738,1015.139,0.0836,110.164,1.7148,12.1787,1403.31,0
2026-10-04 19:09:20,21.895,53.802,1014.441,0.101,109.552,1.6715,12.1549,1416.3,0
2026-10-04 19:09:30,21.841,53.982,1014.755,0.0941,113.832,1.685,12.1658,1429.94,0
2026-10-04 19:09:40,21.966,53.565,1015.486,0.1009,111.518,1.7055,12.1383,1380.04,0
2026-10-04 19:09:50,21.788,54.102,1015.499,0.0846,115.905,1.719,12.2341,1412.25,0
2026-10-04 19:10:00,22.073,53.557,1015.522,0.1002,103.643,1.6905,12.1837,1413.14,0
2026-10-04 19:10:10,21.961,53.264,1014.541,0.1142,115.291,1.6842,12.1679,1399.23,0
2026-10-04 19:10:20,22.0,53.377,1014.397,0.1012,113.624,1.6955,12.2082,1393.55,0
2026-10-04 19:10:30,21.888,53.374,1015.182,0.0947,112.296,1.6456,12.1737,1393.26,0
2026-10-04 19:10:40,21.894,53.132,1015.582,0.1009,108.717,1.6899,12.1874,1374.1,0
2026-10-04 19:10:50,21.968,54.214,1015.042,0.1007,107.634,1.6476,12.2149,1413.32,0
2026-10-04 19:11:00,21.788,53.552,1016.074,0.1189,114.89,1.6763,12.2126,1389.9,0
2026-10-04 19:11:10,21.88,53.458,1015.058,0.0988,113.386,1.662,12.1471,1376.07,0
2026-10-04 19:11:20,21.814,53.611,1015.031,0.092,113.352,1.711,12.176,1405.68,0
2026-10-04 19:11:30,21.806,54.913,1015.498,0.1019,112.398,1.6797,12.2075,1405.27,0
2026-10-04 19:11:40,21.654,52.863,1015.879,0.1035,115.277,1.7292,12.1485,1413.01,0
2026-10-04 19:11:50,22.063,53.013,1014.079,0.1066,110.993,1.6523,12.1691,1427.31,0
2026-10-04 19:12:00,21.815,52.752,1014.238,0.1083,111.764,1.6926,12.1681,1400.39,0
2026-10-04 19:12:10,22.032,53.332,1014.798,0.118,112.267,1.701,12.1879,1395.03,0
2026-10-04 19:12:20,22.015,53.577,1017.226,0.0978,112.179,1.7114,12.1954,1393.4,0
2026-10-04 19:12:30,21.728,53.229,1014.829,0.0972,116.852,1.7532,12.204,1394.59,0
2026-10-04 19:12:40,21.747,53.198,1014.924,0.0881,109.102,1.6504,12.1773,1387.68,0
2026-10-04 19:12:50,22.18,53.545,1015.439,0.1083,107.025,1.6809,12.1491,1391.98,0
2026-10-04 19:13:00,22.078,53.23,1015.688,0.0961,108.55,1.75,12.1662,1387.41,0
2026-10-04 19:13:10,21.859,53.642,1015.12,0.1105,114.986,1.6773,12.1486,1382.4,0
2026-10-04 19:13:20,21.889,54.051,1015.813,0.0996,112.656,1.7116,12.1579,1423.78,0
2026-10-04 19:13:30,21.778,53.839,1014.159,0.1175,108.185,1.6773,12.1926,1418.26,0
2026-10-04 19:13:40,21.901,53.948,1014.456,0.0924,113.303,1.6661,12.139,1369.28,0
2026-10-04 19:13:50,21.758,54.057,1015.803,0.1122,112.055,1.6808,12.161,1401.74,0
2026-10-04 19:14:00,21.595,53.662,1014.994,0.1115,114.729,1.7509,12.197,1395.74,0
2026-10-04 19:14:10,21.676,53.448,1014.1,0.1086,115.457,1.6725,12.1918,1398.64,0
2026-10-04 19:14:20,21.833,53.148,1014.055,0.0957,120.651,1.6945,12.1546,1374.46,0
2026-10-04 19:14:30,21.69,53.346,1014.411,0.109,109.574,1.6958,12.1521,1368.26,0
2026-10-04 19:14:40,21.813,53.287,1014.977,0.106,107.555,1.7253,12.2139,1394.9,0
2026-10-04 19:14:50,21.688,53.921,1015.3,0.0905,114.934,1.7309,12.1838,1389.93,0
2026-10-04 19:15:00,21.718,53.736,1014.739,0.1178,116.15,1.7056,12.1541,1387.0,0
2026-10-04 19:15:10,21.91,53.918,1015.236,0.1027,109.386,1.6234,12.1733,1391.89,0
2026-10-04 19:15:20,21.833,52.996,1014.658,0.1175,109.413,1.6812,12.2014,1403.75,0
2026-10-04 19:15:30,21.798,54.299,1015.818,0.1053,114.293,1.6737,12.1518,1407.73,0
2026-10-04 19:15:40,21.901,53.377,1016.745,0.1139,118.427,1.7329,12.1513,1379.55,0
2026-10-04 19:15:50,21.849,53.048,1014.681,0.0994,110.677,1.6811,12.1796,1380.71,0
2026-10-04 19:16:00,21.96,53.385,1015.289,0.1081,113.592,1.7465,12.1402,1396.04,0
2026-10-04 19:16:10,21.727,54.854,1015.229,0.1078,107.656,1.7149,12.1571,1411.89,0
2026-10-04 19:16:20,21.727,53.425,1015.044,0.1042,112.782,1.7333,12.163,1390.11,0
2026-10-04 19:16:30,21.618,53.464,1015.401,0.1,113.06,1.7616,12.1074,1395.25,0
2026-10-04 19:16:40,21.719,53.538,1015.276,0.0826,117.827,1.6818,12.1758,1372.39,0
2026-10-04 19:16:50,21.882,53.567,1014.609,0.1006,111.328,1.6652,12.189,1359.67,0
2026-10-04 19:17:00,21.918,53.258,1015.857,0.1132,115.531,1.7106,12.2224,1427.07,0
2026-10-04 19:17:10,21.874,53.728,1015.074,0.0966,111.18,1.7301,12.1885,1396.3,0
2026-10-04 19:17:20,21.539,54.201,1014.66,0.0985,113.79,1.6899,12.1478,1376.64,0
2026-10-04 19:17:30,21.88,53.828,1016.637,0.0967,119.774,1.7077,12.1621,1359.54,0
2026-10-04 19:17:40,21.526,53.123,1014.843,0.11,118.945,1.7374,12.2199,1413.14,0
2026-10-04 19:17:50,21.851,53.514,1015.099,0.1014,119.471,1.7352,12.1846,1377.06,0
2026-10-04 19:18:00,21.695,53.418,1015.041,0.1185,114.806,1.693,12.1994,1376.82,0
2026-10-04 19:18:10,21.82,53.728,1014.824,0.1148,113.006,1.7146,12.1588,1380.02,0
2026-10-04 19:18:20,21.572,54.374,1015.226,0.1108,114.516,1.6847,12.1677,1392.61,0
2026-10-04 19:18:30,21.869,53.642,1014.318,0.1118,115.083,1.6721,12.1713,1399.9,0
2026-10-04 19:18:40,21.549,53.68,1015.324,0.1035,114.876,1.7426,12.196,1385.61,0
2026-10-04 19:18:50,21.641,54.621,1013.673,0.1037,111.598,1.6556,12.1622,1374.15,0
2026-10-04 19:19:00,21.598,54.178,1013.992,0.1157,111.501,1.7139,12.1879,1424.12,0
2026-10-04 19:19:10,21.503,54.035,1016.176,0.1175,111.991,1.7002,12.1727,1382.07,0
2026-10-04 19:19:20,21.722,54.735,1014.015,0.116,117.014,1.7234,12.1423,1389.38,0
2026-10-04 19:19:30,21.924,54.008,1013.52,0.1068,117.364,1.6929,12.1725,1366.49,0
2026-10-04 19:19:40,22.024,52.778,1014.027,0.1077,123.401,1.7388,12.2001,1397.48,0
2026-10-04 19:19:50,21.712,54.196,1016.104,0.1036,115.152,1.705,12.1726,1404.95,0
2026-10-04 19:20:00,21.831,52.991,1013.629,0.1174,111.534,1.7471,12.1642,1375.46,0
2026-10-04 19:20:10,21.721,54.021,1014.211,0.0957,112.486,1.7166,12.2079,1360.54,0
2026-10-04 19:20:20,21.75,52.947,1013.856,0.094,113.474,1.6851,12.182,1382.21,0
2026-10-04 19:20:30,21.646,53.578,1014.682,0.0958,118.49,1.7252,12.1376,1416.17,0
2026-10-04 19:20:40,21.707,53.638,1014.566,0.0949,116.194,1.7224,12.1649,1377.9,0
2026-10-04 19:20:50,21.745,53.443,1014.532,0.1231,109.978,1.7096,12.1787,1425.3,0
2026-10-04 19:21:00,21.608,53.661,1016.165,0.1188,113.872,1.6938,12.1778,1378.69,0
2026-10-04 19:21:10,21.665,54.36,1014.023,0.1031,109.652,1.7343,12.1847,1359.52,0
2026-10-04 19:21:20,21.665,53.495,1014.788,0.1121,115.868,1.689,12.1678,1379.04,0
2026-10-04 19:21:30,21.768,54.133,1015.094,0.1249,111.995,1.6919,12.1664,1358.42,0
2026-10-04 19:21:40,21.538,53.386,1014.167,0.1174,112.305,1.7269,12.172,1375.49,0
2026-10-04 19:21:50,21.657,53.783,1015.191,0.1305,108.527,1.7087,12.1914,1391.81,0
2026-10-04 19:22:00,21.889,54.048,1014.568,0.1129,116.458,1.6651,12.1544,1378.9,0
2026-10-04 19:22:10,21.797,53.396,1015.107,0.1088,117.837,1.6905,12.1696,1402.19,0
2026-10-04 19:22:20,21.816,53.247,1014.766,0.1056,112.157,1.725,12.1776,1377.44,0
2026-10-04 19:22:30,21.655,54.157,1013.403,0.1146,113.774,1.7084,12.1578,1362.9,0
2026-10-04 19:22:40,21.687,54.481,1015.75,0.1221,112.846,1.7129,12.1828,1387.3,0
2026-10-04 19:22:50,21.767,53.888,1016.282,0.1157,113.653,1.7223,12.1799,1382.66,0
2026-10-04 19:23:00,21.831,53.708,1014.706,0.1122,111.873,1.7274,12.1193,1384.34,0
2026-10-04 19:23:10,21.407,54.023,1014.198,0.1254,111.056,1.7192,12.1718,1365.4,0
2026-10-04 19:23:20,21.481,53.981,1015.878,0.1198,118.487,1.6334,12.2063,1388.32,0
2026-10-04 19:23:30,21.793,54.084,1016.144,0.1148,106.486,1.7156,12.2082,1404.95,0
2026-10-04 19:23:40,21.6,52.707,1014.7,0.1098,115.942,1.7043,12.1878,1364.22,0
2026-10-04 19:23:50,21.55,53.445,1014.662,0.1142,115.304,1.7183,12.2024,1355.08,0
2026-10-04 19:24:00,21.478,53.566,1014.756,0.1202,119.44,1.7445,12.1668,1360.39,0
2026-10-04 19:24:10,21.56,54.073,1013.637,0.1104,113.793,1.6913,12.1847,1382.94,0
2026-10-04 19:24:20,21.456,54.099,1014.602,0.107,113.413,1.7202,12.1745,1359.07,0
2026-10-04 19:24:30,21.872,54.333,1016.003,0.1132,112.126,1.7307,12.1871,1387.89,0
2026-10-04 19:24:40,21.617,54.152,1014.682,0.1169,115.642,1.7113,12.2164,1388.16,0
2026-10-04 19:24:50,21.61,53.382,1014.069,0.1284,112.475,1.6867,12.1952,1388.14,0
2026-10-04 19:25:00,21.685,54.765,1015.141,0.1085,111.238,1.6896,12.1615,1421.29,0
2026-10-04 19:25:10,21.728,54.686,1014.324,0.1198,112.438,1.7192,12.2095,1354.29,0
2026-10-04 19:25:20,21.724,53.43,1014.741,0.116,111.833,1.7048,12.1761,1356.49,0
2026-10-04 19:25:30,21.737,54.235,1013.896,0.1166,111.68,1.6724,12.1862,1401.1,0
2026-10-04 19:25:40,21.531,53.78,1014.056,0.131,114.978,1.701,12.1639,1389.73,0
2026-10-04 19:25:50,21.569,54.156,1015.295,0.1195,114.163,1.6888,12.1881,1398.79,0
2026-10-04 19:26:00,21.695,54.622,1014.857,0.1118,116.42,1.7403,12.1796,1350.78,0
2026-10-04 19:26:10,21.537,55.17,1014.229,0.1264,115.238,1.6848,12.1978,1360.83,0
2026-10-04 19:26:20,21.598,54.489,1014.853,0.1261,111.212,1.7577,12.1569,1395.74,0
2026-10-04 19:26:30,21.645,54.27,1014.341,0.1118,108.477,1.7765,12.1931,1378.38,0
2026-10-04 19:26:40,21.689,53.962,1014.215,0.1105,111.701,1.7044,12.1083,1400.43,0
2026-10-04 19:26:50,21.38,54.232,1015.575,0.1235,117.186,1.7078,12.1538,1374.3,0
2026-10-04 19:27:00,21.677,54.831,1015.305,0.1202,117.142,1.7471,12.1355,1377.2,0
2026-10-04 19:27:10,21.562,54.138,1014.739,0.1169,117.898,1.7509,12.1775,1414.58,0
2026-10-04 19:27:20,21.673,53.726,1014.852,0.1293,117.482,1.7118,12.193,1364.45,0
2026-10-04 19:27:30,21.68,53.369,1014.742,0.1164,118.254,1.7135,12.1686,1391.01,0
2026-10-04 19:27:40,21.778,54.444,1015.086,0.1247,116.237,1.714,12.2027,1356.22,0
2026-10-04 19:27:50,21.746,54.321,1014.182,0.131,120.451,1.7038,12.1493,1366.58,0
2026-10-04 19:28:00,21.743,53.884,1015.343,0.1191,115.948,1.7482,12.1336,1390.48,0
2026-10-04 19:28:10,21.754,54.729,1014.983,0.1074,121.09,1.7297,12.1866,1358.04,0
2026-10-04 19:28:20,21.614,54.015,1014.549,0.119,113.237,1.708,12.1977,1392.25,0
2026-10-04 19:28:30,21.581,54.168,1014.388,0.124,113.185,1.7281,12.171,1375.64,0
2026-10-04 19:28:40,21.681,54.236,1015.315,0.1307,114.589,1.7173,12.2138,1364.17,0
2026-10-04 19:28:50,21.663,54.079,1014.618,0.1187,115.078,1.7897,12.1809,1377.04,0
2026-10-04 19:29:00,21.536,54.382,1014.231,0.1369,114.252,1.7212,12.178,1369.7,0
2026-10-04 19:29:10,21.621,54.849,1014.448,0.113,116.859,1.7463,12.1572,1367.67,0
2026-10-04 19:29:20,21.567,53.712,1015.253,0.1249,114.958,1.739,12.1353,1370.77,0
2026-10-04 19:29:30,21.467,54.537,1013.584,0.1219,113.469,1.7247,12.1611,1357.16,0
2026-10-04 19:29:40,21.724,54.389,1014.459,0.1348,114.127,1.7398,12.2072,1351.46,0
2026-10-04 19:29:50,21.574,54.389,1015.454,0.1125,118.993,1.7344,12.1724,1345.86,0
2026-10-04 19:30:00,21.812,54.758,1014.584,0.1279,116.316,1.7916,12.1578,1385.17,0
2026-10-04 19:30:10,21.37,54.356,1014.89,0.1227,110.361,1.7274,12.1448,1383.96,0
2026-10-04 19:30:20,21.498,54.582,1015.456,0.1371,119.946,1.665,12.1808,1365.43,0
2026-10-04 19:30:30,21.567,54.709,1015.317,0.1185,116.74,1.7852,12.1392,1375.25,0
2026-10-04 19:30:40,21.699,54.109,1014.381,0.1287,117.382,1.7181,12.1761,1397.83,0
2026-10-04 19:30:50,21.61,54.521,1014.595,0.1189,118.277,1.7333,12.1556,1367.52,0
2026-10-04 19:31:00,21.598,54.256,1015.316,0.1273,118.457,1.7179,12.1605,1372.77,0
2026-10-04 19:31:10,21.425,54.325,1015.338,0.123,112.782,1.7169,12.183,1405.73,0
2026-10-04 19:31:20,21.42,54.24,1014.615,0.1231,112.354,1.7042,12.1431,1382.33,0
2026-10-04 19:31:30,21.597,54.646,1014.636,0.1105,122.779,1.6825,12.1669,1389.96,0
2026-10-04 19:31:40,21.394,54.462,1014.858,0.13,113.52,1.715,12.1285,1386.9,0
2026-10-04 19:31:50,21.493,54.628,1015.624,0.1182,116.775,1.7461,12.1637,1383.7,0
2026-10-04 19:32:00,21.616,54.432,1015.412,0.1181,120.559,1.6924,12.1789,1365.11,0
2026-10-04 19:32:10,21.438,53.649,1015.147,0.1149,114.359,1.7466,12.1861,1361.27,0
2026-10-04 19:32:20,21.748,54.477,1013.903,0.1191,114.634,1.7923,12.1946,1385.86,0
2026-10-04 19:32:30,21.701,54.503,1014.463,0.1317,118.519,1.7418,12.1826,1383.47,0
2026-10-04 19:32:40,21.366,54.603,1014.496,0.1315,116.403,1.7003,12.1559,1378.98,0
2026-10-04 19:32:50,21.442,54.195,1015.642,0.1335,117.275,1.7454,12.1207,1379.75,0
2026-10-04 19:33:00,21.279,53.904,1014.478,0.1201,115.574,1.7596,12.1906,1363.67,0
2026-10-04 19:33:10,21.459,54.824,1015.52,0.1303,114.261,1.7687,12.1527,1357.47,0
2026-10-04 19:33:20,21.644,54.385,1014.24,0.1239,114.867,1.7411,12.1295,1364.02,0
2026-10-04 19:33:30,21.502,54.618,1014.292,0.1366,119.473,1.7519,12.2124,1371.14,0
2026-10-04 19:33:40,21.607,54.402,1014.97,0.1326,115.029,1.7584,12.164,1365.86,0
2026-10-04 19:33:50,21.369,54.55,1015.727,0.1242,117.227,1.7525,12.1776,1398.19,0
2026-10-04 19:34:00,21.647,54.339,1014.478,0.1379,113.06,1.7458,12.171,1396.7,0
2026-10-04 19:34:10,21.484,54.09,1012.829,0.1339,122.112,1.7222,12.1648,1387.24,0
2026-10-04 19:34:20,21.552,54.821,1013.525,0.1189,116.973,1.7624,12.1554,1392.65,0
2026-10-04 19:34:30,21.54,54.293,1014.826,0.1169,117.061,1.7255,12.1504,1354.82,0
2026-10-04 19:34:40,21.398,54.687,1013.581,0.1197,118.846,1.8043,12.2206,1384.89,0
2026-10-04 19:34:50,21.412,54.821,1014.005,0.1438,114.65,1.7236,12.1284,1373.49,0
2026-10-04 19:35:00,21.667,54.332,1014.616,0.1227,119.699,1.7601,12.1539,1367.01,0
2026-10-04 19:35:10,21.598,54.034,1012.89,0.1461,111.594,1.7084,12.1424,1369.57,0
2026-10-04 19:35:20,21.677,55.86,1014.335,0.1227,114.325,1.7288,12.1775,1369.66,0
2026-10-04 19:35:30,21.59,54.393,1013.783,0.1221,113.79,1.7264,12.1541,1367.92,0
2026-10-04 19:35:40,21.568,54.979,1013.545,0.1387,110.577,1.7073,12.1519,1364.28,0
2026-10-04 19:35:50,21.344,55.648,1014.03,0.1393,114.658,1.7275,12.1803,1353.31,0
2026-10-04 19:36:00,21.519,55.084,1013.84,0.1365,116.114,1.7512,12.2125,1349.74,0
2026-10-04 19:36:10,21.548,54.549,1014.914,0.1376,113.025,1.7364,12.1433,1379.25,0
2026-10-04 19:36:20,21.786,54.677,1015.42,0.126,112.617,1.7727,12.1251,1330.99,0
2026-10-04 19:36:30,21.634,54.304,1014.324,0.1393,116.469,1.72,12.1654,1402.22,0
2026-10-04 19:36:40,21.736,55.172,1014.158,0.1347,116.131,1.7611,12.1847,1363.62,0
2026-10-04 19:36:50,21.624,55.025,1014.282,0.1301,115.599,1.7292,12.1582,1345.86,0
2026-10-04 19:37:00,21.467,54.496,1013.793,0.134,112.624,1.7726,12.1793,1380.6,0
2026-10-04 19:37:10,21.567,54.242,1013.664,0.1419,115.264,1.7644,12.1497,1370.65,0
2026-10-04 19:37:20,21.582,54.114,1013.411,0.1367,114.474,1.7705,12.2231,1358.38,0
2026-10-04 19:37:30,21.441,55.278,1013.629,0.1165,116.756,1.7415,12.1786,1363.9,0
2026-10-04 19:37:40,21.508,54.856,1015.699,0.1411,114.847,1.7791,12.151,1371.09,0
2026-10-04 19:37:50,21.53,54.914,1014.07,0.1407,116.433,1.7048,12.1442,1388.61,0
2026-10-04 19:38:00,21.748,54.406,1012.491,0.1313,112.642,1.7578,12.1697,1332.6,0
2026-10-04 19:38:10,21.307,54.096,1014.136,0.1354,112.41,1.7505,12.1796,1376.97,0
2026-10-04 19:38:20,21.702,55.32,1013.43,0.1356,118.298,1.7682,12.13,1396.8,0
2026-10-04 19:38:30,21.445,54.871,1014.582,0.119,118.947,1.7459,12.1629,1359.82,0
2026-10-04 19:38:40,21.394,55.314,1014.503,0.1318,115.499,1.7235,12.1811,1383.19,0
2026-10-04 19:38:50,21.7,54.679,1014.573,0.1323,116.785,1.7212,12.1707,1381.96,0
2026-10-04 19:39:00,21.647,54.764,1014.502,0.1341,115.379,1.7486,12.1779,1400.04,0
2026-10-04 19:39:10,21.711,55.25,1014.266,0.1314,120.045,1.7428,12.1994,1375.27,0
2026-10-04 19:39:20,21.657,55.271,1013.505,0.1411,116.17,1.7711,12.0843,1382.23,0
2026-10-04 19:39:30,21.809,55.314,1014.468,0.1295,115.308,1.7739,12.1674,1387.59,0
2026-10-04 19:39:40,21.63,54.779,1015.231,0.1434,119.729,1.7516,12.1031,1380.8,0
2026-10-04 19:39:50,21.545,55.245,1015.784,0.1412,114.533,1.7515,12.1606,1358.09,0
2026-10-04 19:40:00,21.606,55.503,1014.344,0.1473,117.351,1.7778,12.1941,1360.49,0
2026-10-04 19:40:10,21.715,54.907,1014.417,0.1505,113.762,1.7455,12.1583,1375.36,0
2026-10-04 19:40:20,21.473,54.714,1014.855,0.1507,118.926,1.7469,12.1381,1384.31,0
2026-10-04 19:40:30,21.489,55.653,1015.546,0.1275,119.404,1.7193,12.182,1376.31,0
2026-10-04 19:40:40,21.532,54.666,1014.157,0.1399,113.118,1.7747,12.1647,1355.63,0
2026-10-04 19:40:50,21.317,55.319,1014.979,0.1315,112.676,1.7509,12.1658,1367.44,0
2026-10-04 19:41:00,21.587,54.986,1013.915,0.1637,117.901,1.7819,12.2149,1350.26,0
2026-10-04 19:41:10,21.346,54.105,1014.719,0.1425,122.883,1.7237,12.1232,1379.83,0
2026-10-04 19:41:20,21.579,55.602,1015.164,0.1491,119.738,1.742,12.1449,1400.65,0
2026-10-04 19:41:30,21.678,53.67,1013.578,0.1414,116.475,1.7783,12.1701,1378.81,0
2026-10-04 19:41:40,21.518,54.068,1014.111,0.117,114.575,1.7632,12.191,1341.53,0
2026-10-04 19:41:50,21.778,55.334,1015.143,0.132,113.515,1.7259,12.1364,1372.39,0
2026-10-04 19:42:00,21.403,55.346,1014.903,0.1329,119.341,1.7789,12.1501,1370.54,0
2026-10-04 19:42:10,21.722,54.774,1015.193,0.1354,119.983,1.7236,12.1585,1362.76,0
2026-10-04 19:42:20,21.662,55.178,1015.059,0.1416,115.347,1.7773,12.1563,1340.0,0
2026-10-04 19:42:30,21.376,53.85,1014.223,0.1428,116.526,1.7325,12.1774,1377.81,0
2026-10-04 19:42:40,21.909,55.48,1015.998,0.118,117.433,1.7877,12.1586,1384.8,0
2026-10-04 19:42:50,21.577,55.263,1014.551,0.1372,122.757,1.7606,12.176,1357.29,0
2026-10-04 19:43:00,21.481,55.127,1012.313,0.1354,117.539,1.7668,12.1296,1357.11,0
2026-10-04 19:43:10,21.419,55.171,1014.251,0.1505,114.427,1.7565,12.1632,1365.71,0
2026-10-04 19:43:20,21.563,55.419,1014.117,0.1443,113.925,1.7611,12.1603,1396.58,0
2026-10-04 19:43:30,21.575,55.169,1014.999,0.1382,114.687,1.7614,12.1804,1366.15,0
2026-10-04 19:43:40,21.604,54.258,1014.123,0.1416,121.239,1.7774,12.2222,1358.88,0
2026-10-04 19:43:50,21.558,56.304,1015.205,0.1265,119.012,1.7586,12.183,1364.35,0
2026-10-04 19:44:00,21.671,55.818,1014.823,0.1454,116.462,1.7971,12.1414,1378.99,0
2026-10-04 19:44:10,21.55,54.586,1013.729,0.1371,108.748,1.7425,12.1747,1339.93,0
2026-10-04 19:44:20,21.366,55.068,1014.327,0.1339,114.992,1.7828,12.1575,1366.78,0
2026-10-04 19:44:30,21.582,55.134,1013.879,0.151,118.608,1.7758,12.1502,1365.01,0
2026-10-04 19:44:40,21.318,55.802,1014.548,0.1428,118.658,1.793,12.1453,1368.58,0
2026-10-04 19:44:50,21.646,54.195,1013.868,0.1354,118.658,1.7655,12.1439,1359.74,0
2026-10-04 19:45:00,21.488,55.036,1014.464,0.136,113.612,1.7712,12.1297,1350.19,0
2026-10-04 19:45:10,21.627,54.417,1014.218,0.1439,118.21,1.7713,12.1258,1384.12,0
2026-10-04 19:45:20,21.766,55.166,1014.299,0.1434,114.777,1.7333,12.1745,1342.54,0
2026-10-04 19:45:30,21.497,55.084,1015.838,0.1415,117.737,1.774,12.1491,1393.57,0
2026-10-04 19:45:40,21.74,55.371,1014.146,0.1317,115.454,1.8463,12.1624,1375.3,0
2026-10-04 19:45:50,21.562,55.041,1013.041,0.133,120.994,1.8051,12.136,1380.29,0
2026-10-04 19:46:00,21.826,54.979,1015.103,0.1356,118.821,1.7458,12.1721,1371.0,0
2026-10-04 19:46:10,21.574,55.676,1015.094,0.1401,117.405,1.7207,12.1399,1387.72,0
2026-10-04 19:46:20,21.519,55.605,1013.0,0.1415,122.002,1.7674,12.1239,1378.08,0
2026-10-04 19:46:30,21.704,55.665,1013.891,0.1406,116.769,1.7936,12.1965,1389.6,0
2026-10-04 19:46:40,21.571,55.312,1014.684,0.1411,113.667,1.766,12.1624,1382.71,0
2026-10-04 19:46:50,21.525,55.126,1014.742,0.1572,121.106,1.8146,12.1492,1386.78,0
2026-10-04 19:47:00,21.57,55.364,1014.369,0.149,118.721,1.7482,12.1521,1359.28,0
2026-10-04 19:47:10,21.624,55.686,1014.381,0.1518,117.034,1.7738,12.1478,1364.29,0
2026-10-04 19:47:20,21.793,54.358,1013.708,0.1461,116.085,1.7658,12.169,1370.24,0
2026-10-04 19:47:30,21.402,55.655,1012.682,0.1431,119.574,1.7872,12.1179,1370.05,0
2026-10-04 19:47:40,21.639,55.624,1015.793,0.1459,120.509,1.7893,12.1113,1378.63,0
2026-10-04 19:47:50,21.713,55.512,1013.677,0.1445,115.794,1.7995,12.1591,1358.76,0
2026-10-04 19:48:00,21.663,55.418,1014.475,0.1493,119.816,1.7671,12.1126,1369.91,0
2026-10-04 19:48:10,21.8,54.221,1014.237,0.1351,118.898,1.802,12.1084,1379.42,0
2026-10-04 19:48:20,21.636,55.296,1014.973,0.1488,115.684,1.7796,12.1785,1341.29,0
2026-10-04 19:48:30,21.625,56.422,1014.422,0.1444,118.21,1.8054,12.16,1385.88,0
2026-10-04 19:48:40,21.72,55.546,1014.446,0.1287,116.584,1.8093,12.1602,1400.71,0
2026-10-04 19:48:50,21.663,55.397,1012.491,0.1439,121.971,1.7726,12.1276,1356.31,0
2026-10-04 19:49:00,21.607,55.571,1013.748,0.1329,116.329,1.7558,12.1902,1392.25,0
2026-10-04 19:49:10,21.718,55.751,1014.85,0.1391,122.829,1.7781,12.1805,1373.47,0
2026-10-04 19:49:20,21.58,55.915,1014.783,0.1422,118.722,1.7982,12.1213,1356.8,0
2026-10-04 19:49:30,21.587,55.483,1013.655,0.1315,113.117,1.7362,12.1524,1382.52,0
2026-10-04 19:49:40,21.599,55.821,1013.214,0.1432,111.861,1.7619,12.1448,1399.21,0
2026-10-04 19:49:50,21.827,56.459,1014.403,0.1443,117.78,1.7917,12.1538,1364.09,0
2026-10-04 19:50:00,21.281,56.135,1012.277,0.1498,122.433,1.7104,12.182,1354.16,0
2026-10-04 19:50:10,21.717,56.814,1013.504,0.1402,122.15,1.7496,12.1451,1336.66,0
2026-10-04 19:50:20,21.676,55.327,1015.537,0.1461,118.983,1.7605,12.1791,1368.03,0
2026-10-04 19:50:30,21.473,56.505,1015.313,0.1432,116.299,1.7742,12.1111,1372.68,0
2026-10-04 19:50:40,21.714,55.283,1014.639,0.1407,117.284,1.7686,12.1389,1397.47,0
2026-10-04 19:50:50,21.737,55.867,1014.51,0.1307,119.184,1.7695,12.1441,1398.19,0
2026-10-04 19:51:00,21.753,56.068,1012.926,0.1433,121.85,1.7442,12.1405,1360.36,0
2026-10-04 19:51:10,21.366,55.458,1013.769,0.1502,120.322,1.8222,12.1545,1382.45,0
2026-10-04 19:51:20,21.851,55.769,1014.078,0.1368,121.545,1.7631,12.1577,1353.11,0
2026-10-04 19:51:30,21.601,56.192,1013.777,0.1426,120.598,1.7312,12.1594,1371.5,0
2026-10-04 19:51:40,21.774,55.394,1014.032,0.1438,121.509,1.8075,12.1757,1368.49,0
2026-10-04 19:51:50,21.784,56.595,1015.183,0.1532,111.935,1.7602,12.1717,1357.33,0
2026-10-04 19:52:00,21.592,55.08,1013.891,0.1447,116.067,1.7497,12.1157,1368.71,0
2026-10-04 19:52:10,21.779,56.754,1014.028,0.1468,115.456,1.7974,12.1569,1383.2,0
2026-10-04 19:52:20,21.656,56.296,1014.781,0.1445,115.197,1.7678,12.1377,1387.04,0
2026-10-04 19:52:30,21.456,55.762,1013.267,0.1407,118.84,1.7854,12.1734,1368.46,0
2026-10-04 19:52:40,21.848,55.618,1013.669,0.1356,114.507,1.7658,12.1852,1369.37,0
2026-10-04 19:52:50,21.617,55.577,1013.737,0.1424,116.044,1.7705,12.1737,1343.13,0
2026-10-04 19:53:00,21.61,55.774,1014.289,0.1479,118.605,1.7577,12.2002,1374.87,0
2026-10-04 19:53:10,21.667,55.83,1014.005,0.1457,114.117,1.7525,12.1712,1366.83,0
2026-10-04 19:53:20,21.751,56.493,1014.024,0.1566,117.495,1.8701,12.1772,1369.5,0
2026-10-04 19:53:30,21.714,56.862,1013.774,0.1524,120.896,1.763,12.1323,1363.69,0
2026-10-04 19:53:40,21.79,55.989,1013.487,0.1548,115.33,1.7476,12.1514,1356.73,0
2026-10-04 19:53:50,21.566,55.478,1014.659,0.1286,121.421,1.8128,12.1691,1357.91,0
2026-10-04 19:54:00,21.64,55.639,1013.993,0.1575,116.64,1.7916,12.159,1360.91,0
2026-10-04 19:54:10,21.718,55.832,1014.659,0.147,119.899,1.7858,12.1288,1351.22,0
2026-10-04 19:54:20,21.963,55.421,1013.444,0.1482,115.792,1.7736,12.1284,1375.55,0
2026-10-04 19:54:30,21.724,55.358,1013.753,0.1521,120.497,1.776,12.1061,1379.64,0
2026-10-04 19:54:40,21.871,57.008,1014.061,0.1451,118.252,1.7792,12.1606,1369.23,0
2026-10-04 19:54:50,21.748,56.122,1014.123,0.1364,120.587,1.8155,12.1254,1374.01,0
2026-10-04 19:55:00,21.688,55.566,1014.737,0.1566,117.579,1.7812,12.1678,1367.97,0
2026-10-04 19:55:10,21.719,56.402,1013.904,0.1388,120.909,1.8165,12.169,1388.62,0
2026-10-04 19:55:20,21.731,55.416,1014.725,0.1371,121.808,1.7869,12.1563,1372.36,0
2026-10-04 19:55:30,21.827,55.469,1014.461,0.1431,119.653,1.7836,12.1605,1375.78,0
2026-10-04 19:55:40,21.922,55.627,1014.12,0.1419,117.881,1.7636,12.1759,1383.73,0
2026-10-04 19:55:50,21.803,56.868,1013.526,0.145,118.645,1.8432,12.1791,1371.39,0
2026-10-04 19:56:00,21.906,55.926,1014.718,0.1442,115.579,1.7903,12.0944,1392.72,0
2026-10-04 19:56:10,21.65,54.843,1013.536,0.1558,120.007,1.7903,12.1677,1361.92,0
2026-10-04 19:56:20,21.719,56.681,1014.166,0.1487,121.293,1.8373,12.1621,1397.85,0
2026-10-04 19:56:30,21.685,55.934,1014.14,0.1381,124.149,1.8016,12.1572,1369.09,0
2026-10-04 19:56:40,21.813,55.174,1014.029,0.1392,123.401,1.8048,12.1615,1362.32,0
2026-10-04 19:56:50,21.735,55.952,1013.898,0.1419,116.571,1.7935,12.1417,1348.66,0
2026-10-04 19:57:00,21.868,56.383,1013.592,0.1419,120.165,1.7731,12.0895,1385.34,0
2026-10-04 19:57:10,21.672,56.336,1013.032,0.1408,119.156,1.8233,12.1342,1366.87,0
2026-10-04 19:57:20,21.792,57.044,1015.143,0.1361,123.235,1.7579,12.1035,1374.58,0
2026-10-04 19:57:30,21.872,55.73,1013.813,0.1472,117.48,1.7693,12.1077,1376.43,0
2026-10-04 19:57:40,21.545,56.192,1014.064,0.1412,122.268,1.7747,12.1756,1365.28,0
2026-10-04 19:57:50,22.05,55.83,1014.056,0.1372,116.699,1.8008,12.1352,1388.78,0
2026-10-04 19:58:00,21.765,55.421,1014.913,0.1487,119.368,1.7946,12.1554,1379.59,0
2026-10-04 19:58:10,21.559,56.646,1015.496,0.1516,117.059,1.7488,12.1486,1360.08,0
2026-10-04 19:58:20,21.823,56.446,1014.251,0.1428,113.843,1.8537,12.1818,1352.78,0
2026-10-04 19:58:30,21.812,56.368,1014.026,0.159,117.051,1.8152,12.1501,1384.76,0
2026-10-04 19:58:40,21.801,56.451,1013.346,0.1624,119.018,1.7844,12.1332,1369.51,0
2026-10-04 19:58:50,21.933,55.907,1013.118,0.1486,124.095,1.8079,12.185,1383.69,0
2026-10-04 19:59:00,21.906,55.758,1012.884,0.1409,116.581,1.8087,12.1354,1369.57,0
2026-10-04 19:59:10,21.855,56.291,1013.565,0.1467,118.052,1.7897,12.1581,1376.6,0
2026-10-04 19:59:20,21.877,56.865,1012.655,0.1348,115.574,1.8082,12.16,1385.59,0
2026-10-04 19:59:30,21.813,57.1,1014.87,0.1375,123.387,1.8089,12.1164,1351.09,0
2026-10-04 19:59:40,22.042,56.705,1014.408,0.131,118.566,1.8264,12.1703,1399.0,0
2026-10-04 19:59:50,21.654,56.333,1013.932,0.1394,118.959,1.8013,12.181,1379.45,0
2026-10-04 20:00:00,21.852,56.465,1014.881,0.1345,118.957,1.808,12.1187,1343.26,0
2026-10-04 20:00:10,21.846,56.347,1013.351,0.1493,114.174,1.7952,12.1476,1394.24,0
2026-10-04 20:00:20,21.939,55.84,1013.523,0.1383,115.653,1.79,12.1802,1388.96,0
2026-10-04 20:00:30,21.743,56.377,1012.74,0.1464,117.223,1.782,12.106,1371.38,0
2026-10-04 20:00:40,21.638,55.709,1014.632,0.1501,121.953,1.7816,12.1622,1395.28,0
2026-10-04 20:00:50,21.869,56.325,1013.52,0.1535,112.633,1.7905,12.1151,1364.87,0
2026-10-04 20:01:00,21.887,57.217,1014.094,0.1412,121.781,1.7966,12.1382,1372.61,0
2026-10-04 20:01:10,22.035,56.822,1014.782,0.1465,121.213,1.8281,12.1408,1409.84,0
2026-10-04 20:01:20,21.707,55.96,1015.036,0.1467,114.765,1.7939,12.1165,1382.6,0
2026-10-04 20:01:30,22.001,56.397,1014.052,0.154,119.285,1.7955,12.123,1391.16,0
2026-10-04 20:01:40,22.15,56.027,1014.338,0.15,123.753,1.7969,12.1438,1387.27,0
2026-10-04 20:01:50,21.824,56.425,1013.433,0.1541,117.076,1.8034,12.1799,1354.35,0
2026-10-04 20:02:00,21.717,56.988,1015.241,0.1303,118.658,1.8475,12.1574,1379.74,0
2026-10-04 20:02:10,21.826,56.805,1013.942,0.1382,128.623,1.796,12.1043,1378.48,0
2026-10-04 20:02:20,21.88,57.732,1014.111,0.1517,121.344,1.8199,12.1567,1393.28,0
2026-10-04 20:02:30,21.949,57.098,1013.767,0.1481,119.619,1.815,12.146,1398.13,0
2026-10-04 20:02:40,21.813,56.615,1014.888,0.1423,118.988,1.8083,12.129,1395.09,0
2026-10-04 20:02:50,22.074,56.863,1014.184,0.1395,121.564,1.7832,12.1338,1368.77,0
2026-10-04 20:03:00,21.757,56.434,1014.574,0.1495,122.526,1.8206,12.157,1354.44,0
2026-10-04 20:03:10,21.685,55.983,1014.285,0.1272,114.03,1.7598,12.1051,1383.62,0
2026-10-04 20:03:20,22.03,57.211,1013.88,0.1493,113.822,1.7829,12.1281,1374.92,0
2026-10-04 20:03:30,21.627,57.074,1014.681,0.1436,117.556,1.7952,12.1155,1360.61,0
2026-10-04 20:03:40,21.879,56.46,1014.269,0.1389,120.114,1.8036,12.124,1366.07,0
2026-10-04 20:03:50,22.28,56.728,1013.351,0.1467,120.829,1.8117,12.1521,1375.76,0
2026-10-04 20:04:00,21.908,57.223,1013.327,0.1395,115.518,1.8448,12.1449,1380.65,0
2026-10-04 20:04:10,21.778,57.037,1014.12,0.1428,120.04,1.8262,12.1604,1368.58,0
2026-10-04 20:04:20,21.909,55.894,1014.648,0.1421,120.465,1.8151,12.0871,1376.81,0
2026-10-04 20:04:30,21.913,56.758,1015.157,0.1483,118.157,1.8029,12.1365,1376.1,0
2026-10-04 20:04:40,21.941,56.564,1012.762,0.1435,119.129,1.8036,12.1405,1381.45,0
2026-10-04 20:04:50,22.004,57.215,1014.02,0.1268,118.579,1.7838,12.1021,1362.83,0
2026-10-04 20:05:00,21.803,57.185,1014.341,0.1309,122.178,1.7599,12.1257,1367.14,0
2026-10-04 20:05:10,22.134,57.34,1014.202,0.1332,120.832,1.7811,12.1422,1397.99,0
2026-10-04 20:05:20,21.964,56.133,1014.698,0.1455,117.41,1.8426,12.1506,1374.02,0
2026-10-04 20:05:30,22.025,56.311,1014.447,0.1461,123.729,1.796,12.1511,1385.19,0
2026-10-04 20:05:40,21.865,57.271,1013.294,0.1549,116.788,1.8011,12.093,1359.92,0
2026-10-04 20:05:50,22.098,56.429,1013.27,0.1333,115.777,1.8402,12.1264,1396.16,0
2026-10-04 20:06:00,21.916,55.975,1014.196,0.1518,120.206,1.749,12.1038,1395.77,0
2026-10-04 20:06:10,21.983,57.013,1014.667,0.1257,120.217,1.8008,12.1417,1383.13,0
2026-10-04 20:06:20,21.841,56.484,1014.07,0.1413,121.212,1.7884,12.131,1369.59,0
2026-10-04 20:06:30,21.836,57.664,1012.862,0.1429,117.476,1.8236,12.126,1357.4,0
2026-10-04 20:06:40,22.041,56.928,1013.23,0.1428,123.726,1.8306,12.2206,1413.22,0
2026-10-04 20:06:50,21.909,56.871,1014.443,0.1383,126.217,1.8314,12.115,1373.18,0
2026-10-04 20:07:00,21.863,56.617,1013.712,0.1416,121.034,1.8552,12.1407,1357.91,0
2026-10-04 20:07:10,21.891,57.608,1014.035,0.1306,122.073,1.8318,12.153,1370.62,0
2026-10-04 20:07:20,22.055,57.003,1014.694,0.1473,114.805,1.8246,12.1498,1385.72,0
2026-10-04 20:07:30,21.899,56.63,1013.103,0.1422,119.872,1.8796,12.1552,1361.18,0
2026-10-04 20:07:40,21.963,56.448,1013.651,0.143,119.115,1.766,12.1495,1371.2,0
2026-10-04 20:07:50,21.982,56.819,1013.572,0.1377,118.655,1.8746,12.1322,1358.61,0
2026-10-04 20:08:00,21.753,56.378,1014.183,0.1372,119.283,1.8636,12.1406,1402.03,0
2026-10-04 20:08:10,21.81,57.392,1014.472,0.1439,119.608,1.8167,12.1237,1379.31,0
2026-10-04 20:08:20,22.03,55.984,1012.891,0.1523,116.943,1.8032,12.1214,1358.93,0
2026-10-04 20:08:30,21.904,56.83,1013.92,0.1283,119.872,1.8048,12.1069,1367.38,0
2026-10-04 20:08:40,22.122,57.215,1014.528,0.1277,118.234,1.8144,12.1594,1371.38,0
2026-10-04 20:08:50,22.114,57.092,1012.618,0.1412,123.751,1.852,12.1672,1381.57,0
2026-10-04 20:09:00,22.088,56.573,1013.868,0.1363,122.403,1.7608,12.1247,1367.72,0
2026-10-04 20:09:10,22.223,57.272,1013.058,0.1398,122.433,1.8731,12.1373,1376.09,0
2026-10-04 20:09:20,21.997,56.51,1013.456,0.1385,124.394,1.8233,12.1791,1372.19,0
2026-10-04 20:09:30,22.088,56.952,1012.148,0.1435,119.011,1.8531,12.167,1360.37,0
2026-10-04 20:09:40,21.943,57.3,1014.873,0.1361,122.325,1.7934,12.1611,1368.37,0
2026-10-04 20:09:50,22.31,57.216,1013.646,0.1286,124.753,1.8426,12.1454,1370.7,0
2026-10-04 20:10:00,22.257,56.658,1013.326,0.1318,118.879,1.8346,12.1228,1364.16,0
2026-10-04 20:10:10,22.023,57.604,1014.117,0.1366,115.506,1.8395,12.1255,1360.98,0
2026-10-04 20:10:20,22.071,57.059,1013.154,0.1277,119.548,1.8085,12.1441,1373.89,0
2026-10-04 20:10:30,22.191,57.398,1013.084,0.1373,124.516,1.8166,12.1491,1395.97,0
2026-10-04 20:10:40,22.013,57.802,1014.934,0.1379,118.813,1.7957,12.1137,1380.96,0
2026-10-04 20:10:50,21.955,57.606,1015.139,0.1344,120.303,1.8461,12.169,1335.62,0
2026-10-04 20:11:00,22.141,57.618,1013.455,0.1388,119.385,1.861,12.1728,1398.7,0
2026-10-04 20:11:10,22.049,57.165,1014.613,0.124,121.179,1.8349,12.1574,1373.34,0
2026-10-04 20:11:20,22.064,57.476,1014.112,0.1292,118.631,1.7612,12.1749,1405.5,0
2026-10-04 20:11:30,21.945,57.196,1012.869,0.1275,117.353,1.8625,12.1532,1396.22,0
2026-10-04 20:11:40,21.842,56.495,1013.205,0.1435,120.505,1.832,12.1439,1379.71,0
2026-10-04 20:11:50,22.079,57.261,1014.937,0.1547,121.043,1.7631,12.1382,1381.57,0
2026-10-04 20:12:00,22.162,57.248,1012.849,0.1291,125.229,1.7873,12.1288,1367.58,0
2026-10-04 20:12:10,22.029,57.422,1015.441,0.1341,122.105,1.8039,12.1365,1394.66,0
2026-10-04 20:12:20,22.231,57.076,1013.441,0.1302,118.417,1.8306,12.1104,1409.33,0
2026-10-04 20:12:30,21.977,56.77,1014.944,0.1374,119.763,1.8055,12.1342,1374.37,0
2026-10-04 20:12:40,21.938,57.489,1013.619,0.1305,124.124,1.8092,12.107,1376.43,0
2026-10-04 20:12:50,22.059,56.514,1014.39,0.1375,120.738,1.8547,12.116,1415.28,0
2026-10-04 20:13:00,22.06,57.91,1014.803,0.1404,118.756,1.862,12.1666,1387.17,0
2026-10-04 20:13:10,22.165,57.075,1014.795,0.1251,122.309,1.8564,12.1653,1363.22,0
2026-10-04 20:13:20,21.982,57.324,1013.41,0.1369,119.718,1.7922,12.1146,1365.82,0
2026-10-04 20:13:30,22.242,57.491,1013.215,0.1202,123.548,1.8571,12.1572,1412.04,0
2026-10-04 20:13:40,22.317,57.517,1013.755,0.1323,123.228,1.8219,12.1206,1393.79,0
2026-10-04 20:13:50,22.079,56.527,1012.898,0.1316,118.723,1.8833,12.1185,1371.14,0
2026-10-04 20:14:00,22.236,57.653,1013.972,0.1321,127.546,1.8412,12.1698,1392.16,0
2026-10-04 20:14:10,21.962,57.403,1013.226,0.1313,121.848,1.8655,12.1075,1374.82,0
2026-10-04 20:14:20,22.22,56.943,1014.555,0.1296,114.252,1.8494,12.09,1358.71,0
2026-10-04 20:14:30,22.22,56.896,1013.394,0.1313,123.411,1.8467,12.1179,1382.54,0
2026-10-04 20:14:40,22.2,57.114,1012.57,0.1351,114.5,1.8271,12.1193,1387.8,0
2026-10-04 20:14:50,22.097,56.641,1014.767,0.1351,125.44,1.8669,12.1249,1364.64,0
2026-10-04 20:15:00,21.747,58.162,1013.911,0.1337,122.518,1.8604,12.091,1369.51,0
2026-10-04 20:15:10,22.027,58.053,1013.799,0.128,121.934,1.8292,12.1427,1373.55,0
2026-10-04 20:15:20,22.032,57.546,1014.541,0.1411,122.144,1.8269,12.1812,1385.72,0
2026-10-04 20:15:30,21.992,57.218,1014.382,0.1444,123.929,1.8205,12.1411,1390.93,0
2026-10-04 20:15:40,22.127,57.241,1013.235,0.1217,120.754,1.8591,12.1279,1367.58,0
2026-10-04 20:15:50,22.064,57.728,1013.449,0.1332,122.191,1.845,12.15,1380.71,0
2026-10-04 20:16:00,22.018,58.237,1012.982,0.1279,122.602,1.8467,12.135,1382.6,0
2026-10-04 20:16:10,21.992,57.083,1012.732,0.1389,113.629,1.8308,12.1344,1363.82,0
2026-10-04 20:16:20,22.036,56.819,1014.158,0.1311,124.081,1.8767,12.1308,1393.47,0
2026-10-04 20:16:30,22.259,58.161,1014.024,0.1315,124.613,1.8034,12.1381,1399.28,0
2026-10-04 20:16:40,22.047,56.503,1014.279,0.1348,123.707,1.8606,12.1223,1395.23,0
2026-10-04 20:16:50,22.067,56.902,1014.64,0.1283,123.521,1.866,12.0917,1370.95,0
2026-10-04 20:17:00,22.077,57.292,1014.281,0.1439,127.191,1.8339,12.1785,1399.97,0
2026-10-04 20:17:10,22.174,56.645,1014.34,0.1343,122.295,1.806,12.1453,1389.71,0
2026-10-04 20:17:20,22.191,57.991,1012.277,0.1375,122.424,1.8522,12.1144,1406.19,0
2026-10-04 20:17:30,21.773,57.872,1013.513,0.1281,120.522,1.8729,12.1406,1398.86,0
2026-10-04 20:17:40,22.263,57.166,1014.399,0.1286,116.763,1.8877,12.1034,1396.59,0
2026-10-04 20:17:50,22.315,58.102,1012.903,0.1359,123.904,1.8602,12.141,1387.91,0
2026-10-04 20:18:00,22.019,58.196,1013.781,0.1349,120.923,1.8288,12.1499,1406.72,0
2026-10-04 20:18:10,22.031,57.424,1014.077,0.119,116.807,1.8619,12.157,1375.46,0
2026-10-04 20:18:20,22.096,57.265,1014.019,0.1298,122.382,1.8575,12.1452,1373.88,0
2026-10-04 20:18:30,22.061,58.629,1013.964,0.1324,122.323,1.8534,12.1261,1434.21,0
2026-10-04 20:18:40,22.181,57.869,1014.121,0.1273,121.968,1.8236,12.1563,1364.17,0
2026-10-04 20:18:50,21.923,57.646,1013.825,0.1312,123.091,1.8611,12.1167,1375.68,0
2026-10-04 20:19:00,22.024,58.208,1012.671,0.1272,118.027,1.8582,12.1378,1405.84,0
2026-10-04 20:19:10,22.345,57.686,1014.046,0.1098,125.712,1.9076,12.112,1369.62,0
2026-10-04 20:19:20,22.051,57.292,1013.887,0.117,124.062,1.8495,12.1358,1405.31,0
2026-10-04 20:19:30,22.314,57.594,1012.669,0.1351,126.515,1.89,12.1673,1412.91,0
2026-10-04 20:19:40,22.21,58.082,1014.646,0.1251,121.149,1.8828,12.1491,1414.94,0
2026-10-04 20:19:50,21.952,56.575,1014.05,0.1284,124.129,1.8497,12.1527,1395.99,0
2026-10-04 20:20:00,22.247,57.436,1012.707,0.1266,117.258,1.8797,12.1573,1377.64,0
2026-10-04 20:20:10,22.159,58.28,1013.097,0.1198,120.389,1.8296,12.1275,1381.76,0
2026-10-04 20:20:20,22.12,57.342,1013.271,0.1225,118.798,1.8448,12.1073,1414.7,0
2026-10-04 20:20:30,22.206,58.38,1013.266,0.1286,123.72,1.8366,12.0826,1367.98,0
2026-10-04 20:20:40,22.236,58.323,1013.863,0.1292,119.653,1.8464,12.1017,1408.57,0
2026-10-04 20:20:50,22.266,57.591,1012.971,0.1431,121.68,1.8006,12.1316,1372.35,0
2026-10-04 20:21:00,22.324,57.348,1014.44,0.1215,123.005,1.8961,12.0777,1395.29,0
2026-10-04 20:21:10,22.234,57.498,1014.379,0.1385,121.82,1.8439,12.1328,1387.63,0
2026-10-04 20:21:20,22.021,58.982,1014.077,0.118,119.12,1.8715,12.1405,1390.57,0
2026-10-04 20:21:30,22.132,58.596,1013.671,0.1286,128.032,1.8584,12.0889,1417.6,0
2026-10-04 20:21:40,22.543,57.73,1014.292,0.1259,123.465,1.8458,12.1499,1389.64,0
2026-10-04 20:21:50,22.279,57.371,1013.439,0.1232,128.11,1.8211,12.1172,1413.62,0
2026-10-04 20:22:00,22.478,57.742,1013.122,0.124,120.075,1.8305,12.0867,1387.44,0
2026-10-04 20:22:10,22.363,57.814,1014.458,0.1188,122.069,1.8478,12.0851,1402.42,0
2026-10-04 20:22:20,22.226,57.079,1013.844,0.1308,123.482,1.8422,12.1259,1396.84,0
2026-10-04 20:22:30,22.235,57.749,1013.139,0.1166,127.844,1.8301,12.1292,1378.41,0
2026-10-04 20:22:40,22.196,58.378,1013.321,0.1257,128.216,1.8377,12.1266,1379.01,0
2026-10-04 20:22:50,21.994,56.826,1013.095,0.129,121.995,1.8668,12.1527,1395.58,0
2026-10-04 20:23:00,22.206,58.147,1015.022,0.1338,121.134,1.8775,12.1282,1393.88,0
2026-10-04 20:23:10,22.351,58.429,1013.606,0.1302,123.332,1.8268,12.112,1410.2,0
2026-10-04 20:23:20,22.135,57.47,1013.71,0.1268,126.975,1.8343,12.1183,1372.48,0
2026-10-04 20:23:30,22.258,58.605,1014.1,0.1169,123.807,1.8621,12.1532,1388.14,0
2026-10-04 20:23:40,22.313,57.421,1012.741,0.1155,124.379,1.853,12.098,1407.29,0
2026-10-04 20:23:50,22.103,57.995,1014.356,0.1125,127.023,1.8483,12.1298,1397.36,0
2026-10-04 20:24:00,22.159,57.629,1013.159,0.1115,126.565,1.8809,12.1308,1379.54,0
2026-10-04 20:24:10,22.093,57.637,1014.862,0.1211,126.706,1.8628,12.1511,1407.03,0
2026-10-04 20:24:20,22.118,57.489,1013.358,0.1151,125.647,1.818,12.1282,1414.63,0
2026-10-04 20:24:30,22.063,58.155,1014.3,0.1303,127.863,1.8389,12.1013,1387.2,0
2026-10-04 20:24:40,22.111,58.238,1011.822,0.1158,120.187,1.8177,12.1298,1416.94,0
2026-10-04 20:24:50,22.391,57.789,1012.743,0.121,130.605,1.8552,12.1429,1393.76,0
2026-10-04 20:25:00,22.112,57.149,1013.357,0.1179,127.063,1.8268,12.1282,1397.63,0
2026-10-04 20:25:10,22.238,58.039,1012.137,0.1085,123.427,1.8163,12.152,1395.26,0
2026-10-04 20:25:20,22.164,58.056,1013.975,0.1283,127.262,1.8093,12.0917,1418.73,0
2026-10-04 20:25:30,22.367,57.744,1013.77,0.1249,122.916,1.9107,12.1203,1401.35,0
2026-10-04 20:25:40,22.384,58.794,1012.854,0.1256,125.408,1.8273,12.1242,1415.66,0
2026-10-04 20:25:50,22.332,57.085,1013.532,0.1236,125.785,1.8539,12.1432,1397.06,0
2026-10-04 20:26:00,22.266,56.766,1014.104,0.1126,126.62,1.8637,12.1463,1410.01,0
2026-10-04 20:26:10,22.203,57.517,1012.064,0.1125,122.68,1.8655,12.1242,1388.58,0
2026-10-04 20:26:20,22.089,58.245,1012.641,0.1218,126.734,1.8784,12.1144,1420.19,0
2026-10-04 20:26:30,22.466,57.369,1013.294,0.1303,122.784,1.862,12.128,1400.85,0
2026-10-04 20:26:40,22.143,57.414,1013.542,0.1208,126.327,1.8523,12.0946,1424.47,0
2026-10-04 20:26:50,22.315,58.387,1013.48,0.1254,124.106,1.8694,12.1107,1405.22,0
2026-10-04 20:27:00,22.363,58.151,1014.14,0.1131,118.713,1.8695,12.1371,1407.72,0
2026-10-04 20:27:10,22.171,58.115,1013.848,0.1259,122.0,1.8659,12.1315,1440.87,0
2026-10-04 20:27:20,22.363,58.324,1013.998,0.1135,126.779,1.881,12.1059,1418.03,0
2026-10-04 20:27:30,22.331,57.728,1012.534,0.1186,123.349,1.8497,12.1028,1410.05,0
2026-10-04 20:27:40,22.448,57.758,1013.604,0.1135,127.926,1.8607,12.1022,1389.13,0
2026-10-04 20:27:50,22.185,58.36,1013.284,0.1233,120.671,1.8329,12.1037,1396.37,0
2026-10-04 20:28:00,22.088,57.29,1014.519,0.1232,126.424,1.8603,12.1255,1419.77,0
2026-10-04 20:28:10,22.182,56.898,1013.614,0.1039,124.218,1.8508,12.1517,1403.28,0
2026-10-04 20:28:20,22.269,57.759,1013.02,0.1261,123.645,1.8935,12.1546,1405.45,0
2026-10-04 20:28:30,22.252,58.448,1014.081,0.1343,120.876,1.8309,12.0983,1392.61,0
2026-10-04 20:28:40,22.198,58.118,1013.875,0.1123,125.066,1.8559,12.1294,1415.21,0
2026-10-04 20:28:50,22.017,58.425,1012.902,0.1139,121.434,1.855,12.1281,1410.98,0
2026-10-04 20:29:00,22.303,56.995,1013.229,0.1246,122.577,1.8853,12.1262,1420.4,0
2026-10-04 20:29:10,22.484,58.168,1013.237,0.115,124.089,1.8369,12.0963,1428.57,0
2026-10-04 20:29:20,22.304,58.344,1014.325,0.1142,123.438,1.8693,12.102,1417.02,0
2026-10-04 20:29:30,22.322,57.348,1013.604,0.1292,127.644,1.8715,12.129,1392.99,0
2026-10-04 20:29:40,22.318,58.461,1013.967,0.1029,116.815,1.8929,12.1106,1388.19,0
2026-10-04 20:29:50,22.298,57.981,1013.109,0.1073,124.075,1.8488,12.1223,1422.13,0
2026-10-04 20:30:00,22.363,59.579,1013.685,0.1167,123.547,1.8378,12.0946,1413.26,0
2026-10-04 20:30:10,22.299,56.961,1014.359,0.1002,124.635,1.8827,12.1075,1438.02,0
2026-10-04 20:30:20,22.214,58.741,1013.19,0.1099,123.052,1.8363,12.0862,1412.42,0
2026-10-04 20:30:30,22.157,57.865,1013.52,0.1096,127.782,1.8585,12.126,1386.43,0
2026-10-04 20:30:40,22.223,57.26,1012.481,0.1202,123.962,1.8659,12.1105,1393.65,0
2026-10-04 20:30:50,22.291,57.812,1012.896,0.1178,125.158,1.8876,12.1257,1401.68,0
2026-10-04 20:31:00,22.216,58.22,1013.194,0.0986,127.461,1.834,12.1098,1439.35,0
2026-10-04 20:31:10,22.292,58.606,1012.682,0.1063,124.965,1.8655,12.1246,1431.06,0
2026-10-04 20:31:20,22.307,58.955,1014.346,0.1061,121.026,1.8739,12.1637,1405.79,0
2026-10-04 20:31:30,22.355,58.811,1012.83,0.1097,123.579,1.852,12.1053,1411.22,0
2026-10-04 20:31:40,22.409,57.623,1013.964,0.1024,124.511,1.8649,12.1306,1393.99,0
2026-10-04 20:31:50,22.265,58.677,1013.54,0.1146,119.969,1.8964,12.1016,1393.78,0
2026-10-04 20:32:00,22.099,58.314,1013.427,0.1052,122.798,1.8619,12.1146,1431.81,0
2026-10-04 20:32:10,22.215,57.797,1014.442,0.1153,124.753,1.8658,12.1296,1429.45,0
2026-10-04 20:32:20,22.261,58.024,1011.816,0.1104,131.019,1.8973,12.1247,1411.49,0
2026-10-04 20:32:30,22.036,57.781,1013.257,0.1024,126.12,1.8701,12.1347,1443.58,0
2026-10-04 20:32:40,22.423,58.16,1012.635,0.1211,125.505,1.9093,12.1412,1422.76,0
2026-10-04 20:32:50,22.274,57.782,1012.014,0.1211,130.128,1.8352,12.1337,1419.72,0
2026-10-04 20:33:00,22.302,57.639,1012.547,0.1119,126.845,1.8697,12.14,1420.11,0
2026-10-04 20:33:10,22.421,58.398,1013.392,0.1074,127.292,1.8962,12.1221,1401.23,0
2026-10-04 20:33:20,22.181,58.479,1012.868,0.1007,123.91,1.8592,12.0984,1431.63,0
2026-10-04 20:33:30,22.326,58.076,1014.0,0.1175,121.358,1.8716,12.1365,1432.05,0
2026-10-04 20:33:40,22.244,58.859,1013.219,0.1153,125.964,1.9094,12.1068,1421.68,0
2026-10-04 20:33:50,22.235,58.051,1013.137,0.102,130.671,1.8587,12.1335,1401.61,0
2026-10-04 20:34:00,22.164,58.035,1013.137,0.1029,129.768,1.8905,12.0846,1435.03,0
2026-10-04 20:34:10,22.456,58.522,1013.288,0.1118,127.227,1.8974,12.1069,1391.99,0
2026-10-04 20:34:20,22.211,58.131,1013.061,0.0986,123.218,1.881,12.0984,1407.7,0
2026-10-04 20:34:30,22.34,58.245,1012.754,0.1028,120.65,1.8804,12.1253,1428.32,0
2026-10-04 20:34:40,22.031,56.947,1014.038,0.0992,122.86,1.854,12.1009,1413.8,0
2026-10-04 20:34:50,22.397,58.221,1012.905,0.0993,126.004,1.8983,12.1148,1405.39,0
2026-10-04 20:35:00,22.382,57.304,1013.07,0.1014,123.962,1.8489,12.1114,1441.31,0
2026-10-04 20:35:10,22.267,57.613,1013.635,0.1142,128.406,1.8904,12.1405,1437.86,0
2026-10-04 20:35:20,22.228,57.561,1013.554,0.0928,120.957,1.868,12.1264,1437.17,0
2026-10-04 20:35:30,22.302,57.712,1012.702,0.1101,125.062,1.8714,12.1217,1426.47,0
2026-10-04 20:35:40,22.529,57.964,1013.852,0.1085,123.173,1.8765,12.1148,1422.32,0
2026-10-04 20:35:50,22.042,58.0,1013.696,0.114,128.471,1.8943,12.095,1448.18,0
2026-10-04 20:36:00,22.347,58.58,1013.441,0.1081,127.15,1.9212,12.0921,1443.96,0
2026-10-04 20:36:10,22.143,58.364,1013.01,0.1028,123.053,1.8852,12.1208,1421.48,0
2026-10-04 20:36:20,22.25,57.307,1013.024,0.0991,128.133,1.8648,12.0783,1463.73,0
2026-10-04 20:36:30,22.222,58.304,1013.164,0.1134,120.727,1.8471,12.1126,1421.5,0
2026-10-04 20:36:40,22.2,58.426,1012.439,0.1093,120.26,1.9124,12.116,1429.47,0
2026-10-04 20:36:50,22.249,58.107,1013.27,0.1012,122.988,1.888,12.0779,1444.86,0
2026-10-04 20:37:00,22.114,58.246,1013.918,0.1122,119.719,1.8782,12.1116,1429.9,0
2026-10-04 20:37:10,22.373,58.376,1013.903,0.1012,125.354,1.8857,12.113,1420.68,0
2026-10-04 20:37:20,22.033,58.668,1013.019,0.1046,125.474,1.9037,12.1646,1430.69,0
2026-10-04 20:37:30,22.313,57.502,1014.027,0.0996,124.524,1.8746,12.1128,1425.2,0
2026-10-04 20:37:40,22.208,58.172,1014.613,0.1085,127.381,1.8685,12.1342,1393.64,0
2026-10-04 20:37:50,22.106,59.053,1013.053,0.0961,123.618,1.8527,12.1233,1440.97,0
2026-10-04 20:38:00,22.27,59.011,1013.755,0.1015,121.92,1.8588,12.1185,1416.9,0
2026-10-04 20:38:10,22.058,58.733,1011.683,0.0985,123.445,1.8774,12.1326,1409.3,0
2026-10-04 20:38:20,22.249,58.58,1012.383,0.1057,122.2,1.9132,12.0756,1444.95,0
2026-10-04 20:38:30,22.073,59.143,1013.324,0.1065,124.05,1.8739,12.1093,1432.87,0
2026-10-04 20:38:40,22.298,59.278,1012.551,0.0944,127.697,1.8934,12.1184,1437.71,0
2026-10-04 20:38:50,22.131,58.259,1014.68,0.1063,120.664,1.9153,12.0871,1425.95,0
2026-10-04 20:39:00,22.186,57.843,1013.667,0.0911,124.938,1.897,12.1099,1431.53,0
2026-10-04 20:39:10,22.275,58.196,1013.921,0.1203,128.854,1.9371,12.1132,1423.98,0
2026-10-04 20:39:20,22.146,59.884,1013.221,0.0985,129.22,1.8897,12.1065,1415.89,0
2026-10-04 20:39:30,22.23,57.555,1012.535,0.1108,123.983,1.8844,12.0883,1439.41,0
2026-10-04 20:39:40,22.055,58.108,1012.87,0.1039,132.693,1.8791,12.0915,1433.03,0
2026-10-04 20:39:50,22.311,57.641,1013.408,0.104,122.922,1.9387,12.1022,1455.6,0
2026-10-04 20:40:00,22.446,58.413,1012.779,0.0926,125.416,1.9197,12.1196,1396.57,0
2026-10-04 20:40:10,22.568,57.753,1013.692,0.1085,122.614,1.853,12.1122,1448.11,0
2026-10-04 20:40:20,22.243,58.304,1013.716,0.102,127.448,1.9425,12.1147,1424.94,0
2026-10-04 20:40:30,22.325,57.386,1013.218,0.1052,134.576,1.9025,12.1037,1423.84,0
2026-10-04 20:40:40,22.016,58.674,1011.933,0.1006,131.728,1.8935,12.0884,1440.17,0
2026-10-04 20:40:50,22.408,58.98,1014.408,0.1022,128.76,1.9035,12.1015,1418.41,0
2026-10-04 20:41:00,22.32,58.18,1013.055,0.0939,124.422,1.8669,12.0882,1425.31,0
2026-10-04 20:41:10,22.167,58.308,1015.096,0.0997,125.764,1.896,12.0332,1441.3,0
2026-10-04 20:41:20,22.373,58.297,1013.653,0.0974,129.64,1.8837,12.1084,1424.69,0
2026-10-04 20:41:30,22.192,58.472,1013.045,0.095,128.564,1.8826,12.102,1422.45,0
2026-10-04 20:41:40,22.166,58.366,1013.502,0.1015,126.588,1.9159,12.1393,1422.75,0
2026-10-04 20:41:50,22.277,58.772,1011.771,0.1032,126.789,1.8856,12.1254,1438.96,0
2026-10-04 20:42:00,22.091,59.008,1013.899,0.1022,129.554,1.895,12.1199,1415.95,0
2026-10-04 20:42:10,22.339,57.987,1014.974,0.0992,130.321,1.9009,12.0829,1445.69,0
2026-10-04 20:42:20,22.089,58.243,1011.711,0.1032,121.932,1.9166,12.1332,1466.41,0
2026-10-04 20:42:30,22.088,58.851,1012.968,0.1017,127.139,1.925,12.1111,1435.06,0
2026-10-04 20:42:40,22.103,57.692,1013.092,0.1004,128.216,1.8939,12.0984,1441.87,0
2026-10-04 20:42:50,22.302,57.421,1013.775,0.1008,124.908,1.8843,12.0876,1439.64,0
2026-10-04 20:43:00,22.135,58.522,1014.632,0.1089,130.366,1.9416,12.0907,1421.99,0
2026-10-04 20:43:10,22.046,58.66,1013.423,0.0896,125.686,1.8298,12.1004,1441.07,0
2026-10-04 20:43:20,22.133,58.053,1014.65,0.0966,130.496,1.9162,12.081,1439.99,0
2026-10-04 20:43:30,22.2,58.128,1013.266,0.1017,125.494,1.8912,12.1075,1463.57,0
2026-10-04 20:43:40,22.06,58.04,1013.459,0.0862,127.401,1.9093,12.1022,1441.04,0
2026-10-04 20:43:50,22.062,57.989,1013.369,0.1098,127.358,1.8964,12.1234,1456.28,0
2026-10-04 20:44:00,22.452,58.772,1013.99,0.1007,131.657,1.9276,12.1023,1444.42,0
2026-10-04 20:44:10,22.093,57.837,1012.836,0.1062,128.916,1.9063,12.0603,1430.68,0
2026-10-04 20:44:20,22.156,58.297,1013.701,0.1074,125.343,1.8606,12.098,1420.87,0
2026-10-04 20:44:30,22.149,57.979,1012.263,0.1016,125.923,1.8597,12.0773,1443.6,0
2026-10-04 20:44:40,22.14,57.707,1012.921,0.0803,125.935,1.8912,12.0904,1450.71,0
2026-10-04 20:44:50,22.264,58.872,1012.671,0.0993,126.842,1.912,12.0816,1438.31,0
2026-10-04 20:45:00,22.301,58.179,1013.175,0.0997,123.976,1.9298,12.1573,1430.48,0
2026-10-04 20:45:10,22.148,58.535,1012.888,0.0892,126.589,1.8806,12.0964,1461.41,0
2026-10-04 20:45:20,22.035,57.689,1013.898,0.0835,130.961,1.8423,12.1226,1434.02,0
2026-10-04 20:45:30,22.334,58.074,1012.487,0.1014,130.851,1.9086,12.0969,1423.69,0
2026-10-04 20:45:40,22.168,58.825,1011.886,0.0876,122.208,1.8991,12.0987,1440.33,0
2026-10-04 20:45:50,22.385,59.743,1012.144,0.114,121.757,1.9019,12.0923,1442.8,0
2026-10-04 20:46:00,21.905,57.463,1013.786,0.0995,125.17,1.871,12.0866,1430.94,0
2026-10-04 20:46:10,22.196,58.352,1012.408,0.1081,121.635,1.9286,12.087,1440.93,0
2026-10-04 20:46:20,22.401,58.661,1013.361,0.0974,123.206,1.8786,12.113,1417.21,0
2026-10-04 20:46:30,22.126,58.148,1012.873,0.1031,128.073,1.907,12.102,1449.33,0
2026-10-04 20:46:40,22.139,58.883,1013.652,0.0974,126.928,1.9064,12.1366,1427.56,0
2026-10-04 20:46:50,22.199,58.026,1012.91,0.105,121.902,1.9135,12.0977,1437.91,0
2026-10-04 20:47:00,22.094,58.538,1015.003,0.0805,130.598,1.8813,12.0961,1433.82,0
2026-10-04 20:47:10,22.122,58.202,1014.393,0.1039,125.845,1.8771,12.1039,1465.33,0
2026-10-04 20:47:20,22.116,59.074,1012.84,0.102,125.58,1.9217,12.1178,1440.09,0
2026-10-04 20:47:30,22.079,58.127,1012.74,0.0954,130.207,1.9145,12.1054,1432.33,0
2026-10-04 20:47:40,22.299,58.291,1015.245,0.0932,128.413,1.9092,12.136,1476.67,0
2026-10-04 20:47:50,22.205,58.941,1012.294,0.094,127.076,1.9292,12.1666,1472.57,0
2026-10-04 20:48:00,22.177,57.956,1013.007,0.0986,125.743,1.9099,12.1225,1458.53,0
2026-10-04 20:48:10,22.242,58.505,1013.057,0.106,128.958,1.8923,12.1112,1454.75,0
2026-10-04 20:48:20,22.11,57.561,1013.036,0.092,125.974,1.9147,12.0517,1433.67,0
2026-10-04 20:48:30,22.047,57.929,1011.817,0.0825,126.61,1.9132,12.1361,1463.29,0
2026-10-04 20:48:40,22.065,58.665,1013.378,0.116,123.788,1.9141,12.132,1452.79,0
2026-10-04 20:48:50,22.135,57.98,1012.347,0.1014,130.768,1.8803,12.1395,1438.1,0
2026-10-04 20:49:00,22.005,58.204,1014.028,0.0928,132.021,1.8782,12.1209,1450.1,0
2026-10-04 20:49:10,22.069,58.724,1012.0,0.1054,128.022,1.9249,12.0771,1441.36,0
2026-10-04 20:49:20,22.065,58.188,1013.057,0.1033,125.951,1.8994,12.0765,1425.82,0
2026-10-04 20:49:30,22.379,58.89,1011.46,0.0997,130.238,1.8547,12.0732,1469.48,0
2026-10-04 20:49:40,21.788,58.587,1011.499,0.0919,129.221,1.8692,12.1023,1422.12,0
2026-10-04 20:49:50,22.097,58.698,1012.416,0.101,126.146,1.8707,12.0826,1482.01,0
2026-10-04 20:50:00,22.323,59.101,1012.511,0.1043,130.953,1.9306,12.1215,1446.79,0
2026-10-04 20:50:10,22.128,58.641,1014.022,0.0818,126.249,1.9029,12.0855,1457.12,0
2026-10-04 20:50:20,22.201,59.252,1012.964,0.0973,123.687,1.9052,12.0915,1458.68,0
2026-10-04 20:50:30,22.119,58.938,1013.893,0.0979,127.371,1.8957,12.1061,1436.16,0
2026-10-04 20:50:40,22.024,58.221,1012.719,0.0976,130.844,1.8783,12.0874,1448.18,0
2026-10-04 20:50:50,21.833,59.13,1013.405,0.0958,127.921,1.9239,12.0765,1450.15,0
2026-10-04 20:51:00,22.123,58.616,1012.47,0.1049,124.118,1.9215,12.0537,1442.96,0
2026-10-04 20:51:10,22.003,58.287,1012.418,0.0936,126.449,1.8877,12.1221,1467.9,0
2026-10-04 20:51:20,21.997,58.624,1011.695,0.0953,131.27,1.9406,12.0756,1434.54,0
2026-10-04 20:51:30,22.03,59.041,1013.201,0.0978,128.525,1.9244,12.0889,1456.0,0
2026-10-04 20:51:40,22.296,58.712,1013.146,0.0938,127.669,1.8846,12.089,1427.7,0
2026-10-04 20:51:50,22.373,59.396,1013.503,0.0841,127.357,1.899,12.0466,1457.27,0
2026-10-04 20:52:00,22.107,59.028,1013.105,0.0969,131.01,1.8971,12.1052,1456.57,0
2026-10-04 20:52:10,22.022,58.746,1014.369,0.0969,130.837,1.9143,12.1329,1482.97,0
2026-10-04 20:52:20,21.933,57.972,1013.07,0.0922,123.612,1.871,12.1216,1445.47,0
2026-10-04 20:52:30,22.128,58.395,1013.638,0.094,130.657,1.8893,12.0881,1452.48,0
2026-10-04 20:52:40,22.282,58.52,1012.713,0.0696,129.409,1.927,12.1237,1451.76,0
2026-10-04 20:52:50,22.036,58.833,1012.3,0.1047,132.661,1.8676,12.0538,1480.91,0
2026-10-04 20:53:00,21.777,58.803,1013.435,0.1023,127.697,1.9025,12.1178,1447.39,0
2026-10-04 20:53:10,22.139,58.568,1012.866,0.0843,131.332,1.877,12.0785,1459.74,0
2026-10-04 20:53:20,22.174,58.543,1013.507,0.0896,129.356,1.9307,12.1209,1452.29,0
2026-10-04 20:53:30,21.862,58.843,1013.168,0.1066,124.629,1.9166,12.0974,1454.75,0
2026-10-04 20:53:40,22.071,58.053,1012.362,0.0858,131.055,1.8715,12.0662,1457.53,0
2026-10-04 20:53:50,22.1,59.33,1013.665,0.0988,130.444,1.8823,12.1023,1474.17,0
2026-10-04 20:54:00,22.034,57.458,1012.3,0.0911,126.088,1.9089,12.096,1479.84,0
2026-10-04 20:54:10,21.945,59.208,1013.343,0.0983,128.928,1.8511,12.1018,1437.54,0
2026-10-04 20:54:20,22.158,58.457,1013.799,0.0954,134.405,1.8814,12.0756,1470.41,0
2026-10-04 20:54:30,21.984,58.981,1012.629,0.0927,126.654,1.8885,12.0662,1477.85,0
2026-10-04 20:54:40,21.851,58.66,1013.704,0.0981,130.304,1.9414,12.1107,1464.46,0
2026-10-04 20:54:50,21.78,58.651,1013.169,0.0911,124.863,1.895,12.0935,1477.46,0
2026-10-04 20:55:00,22.174,58.754,1013.483,0.0808,126.459,1.9261,12.1093,1441.29,0
2026-10-04 20:55:10,22.093,58.88,1012.297,0.0876,130.623,1.898,12.1087,1467.98,0
2026-10-04 20:55:20,22.026,58.31,1013.029,0.0867,128.983,1.9286,12.1123,1479.42,0
2026-10-04 20:55:30,21.959,58.991,1011.89,0.0822,127.632,1.8713,12.1349,1451.57,0
2026-10-04 20:55:40,21.945,57.93,1014.07,0.098,133.365,1.8922,12.0993,1442.03,0
2026-10-04 20:55:50,21.876,58.469,1011.458,0.0937,125.514,1.9077,12.0692,1478.81,0
2026-10-04 20:56:00,21.95,58.888,1012.616,0.098,127.863,1.9151,12.0746,1455.68,0
2026-10-04 20:56:10,21.744,58.967,1012.208,0.0993,129.798,1.9189,12.0866,1453.67,0
2026-10-04 20:56:20,21.906,58.698,1013.329,0.1012,125.73,1.9158,12.0989,1434.47,0
2026-10-04 20:56:30,21.954,58.27,1014.2,0.0985,129.894,1.9238,12.1279,1455.31,0
2026-10-04 20:56:40,22.061,58.913,1013.308,0.0874,131.612,1.911,12.0898,1452.86,0
2026-10-04 20:56:50,21.979,58.129,1014.918,0.0999,128.066,1.9158,12.1351,1436.63,0
2026-10-04 20:57:00,22.075,59.338,1011.877,0.0971,126.375,1.8862,12.1372,1455.22,0
2026-10-04 20:57:10,22.138,58.418,1011.927,0.1128,127.516,1.8713,12.1036,1482.11,0
2026-10-04 20:57:20,22.1,57.689,1012.209,0.0954,120.439,1.8839,12.1084,1469.79,0
2026-10-04 20:57:30,22.025,57.86,1012.915,0.0985,131.514,1.8699,12.081,1440.43,0
2026-10-04 20:57:40,21.967,58.477,1012.108,0.0947,129.311,1.9178,12.1343,1471.17,0
2026-10-04 20:57:50,21.844,58.524,1012.297,0.0959,128.01,1.9358,12.0762,1476.55,0
2026-10-04 20:58:00,22.047,59.437,1013.253,0.0954,123.56,1.8888,12.122,1467.54,0
2026-10-04 20:58:10,22.156,57.931,1011.948,0.0921,131.909,1.9378,12.066,1465.78,0
2026-10-04 20:58:20,21.991,58.468,1012.018,0.097,127.291,1.9241,12.1076,1454.74,0
2026-10-04 20:58:30,22.176,57.917,1012.529,0.1007,130.321,1.8991,12.1193,1473.24,0
2026-10-04 20:58:40,21.76,58.198,1012.591,0.0924,128.612,1.9043,12.114,1476.06,0
2026-10-04 20:58:50,21.8,59.284,1013.507,0.1025,123.823,1.9411,12.0795,1471.82,0
2026-10-04 20:59:00,22.038,57.872,1012.166,0.1016,132.495,1.8552,12.0842,1494.12,0
2026-10-04 20:59:10,21.963,58.732,1012.289,0.0889,131.946,1.9412,12.1293,1465.19,0
2026-10-04 20:59:20,22.085,58.632,1013.196,0.0883,131.024,1.936,12.078,1449.04,0
2026-10-04 20:59:30,21.921,58.422,1013.346,0.0996,129.698,1.899,12.0787,1494.03,0
2026-10-04 20:59:40,21.815,58.691,1013.782,0.0914,125.182,1.9115,12.1279,1440.9,0
2026-10-04 20:59:50,21.89,57.849,1013.106,0.0878,131.402,1.9547,12.0886,1463.59,0
2026-10-04 21:00:00,21.728,59.255,1012.865,0.11,135.432,1.8814,12.0886,1456.08,0
2026-10-04 21:00:10,21.772,59.387,1013.173,0.0886,129.186,1.9097,12.1358,1468.69,0
2026-10-04 21:00:20,22.02,58.445,1012.579,0.0842,129.266,1.9306,12.0735,1468.5,0
2026-10-04 21:00:30,22.004,59.631,1012.57,0.0902,125.575,1.9198,12.0712,1456.52,0
2026-10-04 21:00:40,21.939,58.217,1011.517,0.0984,122.69,1.9159,12.0938,1487.2,0
2026-10-04 21:00:50,21.685,58.614,1013.381,0.0972,127.845,1.9602,12.09,1469.49,0
2026-10-04 21:01:00,21.844,59.127,1012.899,0.1118,133.388,1.8872,12.0695,1490.12,0
2026-10-04 21:01:10,21.736,58.179,1013.292,0.0906,132.996,1.8884,12.109,1454.62,0
2026-10-04 21:01:20,22.021,57.715,1010.773,0.0987,128.789,1.8523,12.089,1456.28,0
2026-10-04 21:01:30,21.805,57.597,1012.707,0.106,130.297,1.8883,12.0901,1456.2,0
2026-10-04 21:01:40,21.741,59.43,1012.137,0.0917,125.372,1.8987,12.0882,1480.91,0
2026-10-04 21:01:50,21.871,58.132,1013.784,0.1027,129.382,1.9235,12.062,1499.66,0
2026-10-04 21:02:00,21.786,58.301,1013.159,0.0825,127.496,1.9396,12.0676,1469.21,0
2026-10-04 21:02:10,22.037,57.834,1012.889,0.1114,129.254,1.8916,12.0483,1439.38,0
2026-10-04 21:02:20,21.767,58.862,1012.419,0.1053,128.287,1.9122,12.1161,1481.52,0
2026-10-04 21:02:30,21.683,57.994,1012.996,0.092,128.254,1.9508,12.0875,1484.69,0
2026-10-04 21:02:40,21.588,58.136,1012.064,0.1042,132.141,1.9113,12.1122,1459.53,0
2026-10-04 21:02:50,21.839,58.528,1012.64,0.1082,135.065,1.9291,12.0759,1483.84,0
2026-10-04 21:03:00,21.771,57.843,1012.302,0.0875,128.685,1.9443,12.1157,1487.84,0
2026-10-04 21:03:10,21.662,58.282,1014.289,0.0931,133.47,1.8931,12.0464,1445.25,0
2026-10-04 21:03:20,21.972,59.069,1013.728,0.1088,125.51,1.8881,12.111,1493.05,0
2026-10-04 21:03:30,21.906,58.579,1013.439,0.0986,128.979,1.9571,12.0845,1494.31,0
2026-10-04 21:03:40,21.818,58.427,1011.648,0.1017,125.388,1.9311,12.0517,1472.32,0
2026-10-04 21:03:50,21.981,58.465,1013.293,0.0989,128.36,1.8836,12.0156,1486.93,0
2026-10-04 21:04:00,21.892,58.16,1012.815,0.1056,131.464,1.8904,12.0985,1507.22,0
2026-10-04 21:04:10,21.71,59.349,1013.537,0.1026,132.694,1.9119,12.1106,1468.02,0
2026-10-04 21:04:20,21.68,57.941,1012.902,0.0995,127.023,1.9519,12.0872,1495.61,0
2026-10-04 21:04:30,21.898,58.449,1012.668,0.082,130.753,1.9417,12.1006,1482.19,0
2026-10-04 21:04:40,21.843,58.397,1012.833,0.104,133.089,1.9439,12.0965,1461.73,0
2026-10-04 21:04:50,21.812,58.84,1011.401,0.1048,132.683,1.9064,12.0866,1451.83,0
2026-10-04 21:05:00,21.686,58.883,1012.124,0.0892,130.217,1.9172,12.109,1490.28,0
2026-10-04 21:05:10,21.856,58.312,1012.919,0.0899,127.693,1.8975,12.0479,1460.17,0
2026-10-04 21:05:20,21.688,58.469,1013.452,0.1035,127.414,1.9072,12.0871,1494.59,0
2026-10-04 21:05:30,21.762,58.484,1012.265,0.1011,126.973,1.8896,12.1016,1447.61,0
2026-10-04 21:05:40,21.943,57.18,1012.618,0.0838,129.426,1.8959,12.0732,1482.93,0
2026-10-04 21:05:50,21.686,57.517,1011.522,0.0932,127.072,1.8996,12.0906,1476.19,0
2026-10-04 21:06:00,21.572,58.005,1013.66,0.1024,131.595,1.9142,12.0546,1506.46,0
2026-10-04 21:06:10,21.63,58.023,1013.415,0.1055,130.267,1.9285,12.0857,1485.0,0
2026-10-04 21:06:20,21.872,57.7,1013.088,0.0955,130.151,1.9597,12.0657,1491.12,0
2026-10-04 21:06:30,21.779,58.67,1012.913,0.0991,124.1,1.909,12.0706,1475.77,0
2026-10-04 21:06:40,21.728,58.292,1013.711,0.0934,129.725,1.9329,12.0977,1479.86,1
2026-10-04 21:06:50,21.678,58.179,1012.057,0.1112,128.284,1.9394,12.0058,1498.63,1
2026-10-04 21:07:00,21.793,57.654,1011.977,0.1021,136.181,1.9937,11.9891,1483.39,1
2026-10-04 21:07:10,21.629,58.255,1013.356,0.0955,125.862,1.9639,12.001,1469.67,1
2026-10-04 21:07:20,21.763,56.959,1013.305,0.0918,129.106,2.0076,11.9455,1500.86,1
2026-10-04 21:07:30,21.634,58.187,1011.77,0.091,130.891,2.0633,11.8975,1509.35,1
2026-10-04 21:07:40,21.61,58.295,1012.23,0.1158,126.843,2.087,11.8936,1506.91,1
2026-10-04 21:07:50,21.636,58.38,1013.78,0.1001,135.566,2.1131,11.8212,1504.02,1
2026-10-04 21:08:00,21.663,57.472,1012.882,0.0984,135.648,2.1591,11.7869,1480.73,1
2026-10-04 21:08:10,21.698,58.362,1013.141,0.1001,127.246,2.1062,11.7767,1470.55,1
2026-10-04 21:08:20,21.728,57.724,1011.775,0.0969,128.065,2.1439,11.7449,1467.77,1
2026-10-04 21:08:30,21.253,57.834,1013.043,0.1012,136.301,2.215,11.6963,1466.26,1
2026-10-04 21:08:40,21.594,58.594,1011.585,0.1025,134.066,2.247,11.6748,1484.77,1
2026-10-04 21:08:50,21.639,59.237,1011.19,0.1025,128.792,2.2687,11.6812,1513.04,1
2026-10-04 21:09:00,21.862,58.251,1013.08,0.0925,131.214,2.3457,11.6135,1461.96,1
2026-10-04 21:09:10,21.548,57.812,1013.572,0.1099,125.779,2.2808,11.5522,1487.32,1
2026-10-04 21:09:20,21.692,58.309,1012.387,0.0985,136.549,2.3386,11.548,1482.56,1
2026-10-04 21:09:30,21.848,58.68,1012.178,0.0978,130.197,2.3533,11.4609,1470.02,1
2026-10-04 21:09:40,21.506,58.515,1013.754,0.0976,131.755,2.3963,11.5207,1484.15,1
2026-10-04 21:09:50,21.707,59.571,1012.417,0.095,127.212,2.4159,11.4173,1507.59,1
2026-10-04 21:10:00,21.559,57.837,1012.503,0.1057,126.629,2.4192,11.4186,1491.95,1
2026-10-04 21:10:10,21.59,58.315,1013.731,0.1109,131.41,2.4675,11.384,1498.24,1
2026-10-04 21:10:20,21.55,58.958,1012.294,0.0981,135.825,2.4856,11.3269,1505.16,1
2026-10-04 21:10:30,21.554,58.922,1012.08,0.0893,128.474,2.5124,11.3454,1495.22,1
2026-10-04 21:10:40,21.964,57.198,1013.105,0.096,127.177,2.5632,11.3309,1484.19,1
2026-10-04 21:10:50,21.734,58.166,1012.032,0.1008,131.049,2.6226,11.2273,1491.51,1
2026-10-04 21:11:00,21.76,58.904,1012.426,0.0947,135.065,2.5384,11.2302,1474.19,1
2026-10-04 21:11:10,21.683,59.602,1011.6,0.1,128.257,2.6441,11.1543,1491.44,1
2026-10-04 21:11:20,21.427,58.503,1012.649,0.1005,129.442,2.6537,11.1785,1492.7,1
2026-10-04 21:11:30,21.662,57.962,1012.563,0.105,132.722,2.6447,11.1436,1510.91,1
2026-10-04 21:11:40,21.739,57.635,1013.19,0.0937,133.063,2.6799,11.1037,1486.58,1
2026-10-04 21:11:50,21.503,59.243,1013.108,0.1101,129.396,2.7367,11.0036,1486.86,1
2026-10-04 21:12:00,21.717,58.493,1012.891,0.119,133.558,2.7415,10.9979,1469.28,1
2026-10-04 21:12:10,21.681,57.699,1012.777,0.1173,131.874,2.7647,10.9648,1502.03,1
2026-10-04 21:12:20,21.815,58.015,1012.446,0.1014,130.355,2.7744,10.9296,1470.54,1
2026-10-04 21:12:30,21.538,58.266,1012.92,0.1116,133.033,2.7983,10.9442,1485.4,1
2026-10-04 21:12:40,21.452,58.377,1011.711,0.1108,132.638,2.8188,10.8322,1482.5,1
2026-10-04 21:12:50,21.536,57.649,1010.842,0.1063,127.222,2.8558,10.8538,1506.79,1
2026-10-04 21:13:00,21.747,57.786,1013.296,0.1082,134.833,2.891,10.8291,1501.03,1
2026-10-04 21:13:10,21.351,57.261,1012.951,0.1124,131.437,2.9288,10.7595,1504.61,1
2026-10-04 21:13:20,21.318,58.601,1012.386,0.1142,134.547,1.8994,12.0895,1508.46,0
2026-10-04 21:13:30,21.572,57.904,1013.223,0.1009,130.594,1.9388,12.0878,1484.96,0
2026-10-04 21:13:40,21.504,58.302,1011.955,0.1135,131.2,1.8973,12.0698,1481.81,0
2026-10-04 21:13:50,21.553,58.774,1011.97,0.1211,131.673,1.9392,12.1036,1469.85,0
2026-10-04 21:14:00,21.661,58.166,1011.869,0.115,132.135,1.8983,12.0627,1497.3,0
2026-10-04 21:14:10,21.477,57.993,1012.854,0.1204,135.098,1.9704,12.1033,1483.92,0
2026-10-04 21:14:20,21.314,58.141,1011.345,0.0877,131.932,1.9362,12.0792,1502.7,0
2026-10-04 21:14:30,21.78,58.069,1011.912,0.1133,130.467,1.941,12.068,1513.61,0
2026-10-04 21:14:40,21.411,58.654,1012.648,0.1109,133.598,1.9157,12.07,1510.43,0
2026-10-04 21:14:50,21.399,58.18,1011.599,0.1172,131.879,1.9352,12.0407,1498.56,0
2026-10-04 21:15:00,21.654,57.746,1011.976,0.1001,139.473,1.8887,12.0662,1498.19,0
2026-10-04 21:15:10,21.471,58.535,1010.886,0.1053,131.499,1.8956,12.0471,1497.16,0
2026-10-04 21:15:20,21.505,58.62,1012.855,0.1168,134.357,1.9123,12.0816,1529.44,0
2026-10-04 21:15:30,21.566,57.329,1011.945,0.1013,133.308,1.9579,12.0973,1489.1,0
2026-10-04 21:15:40,21.634,58.758,1011.654,0.1119,124.531,1.9452,12.0861,1499.29,0
2026-10-04 21:15:50,21.459,58.167,1011.513,0.11,128.488,1.8641,12.0567,1495.65,0
2026-10-04 21:16:00,21.677,58.12,1012.123,0.1088,129.399,1.8953,12.0677,1486.89,0
2026-10-04 21:16:10,21.234,58.475,1011.306,0.1152,126.236,1.9178,12.0811,1493.2,0
2026-10-04 21:16:20,21.577,57.681,1013.768,0.1019,129.568,1.9514,12.0822,1499.58,0
2026-10-04 21:16:30,21.381,58.435,1010.735,0.1048,126.658,1.926,12.1148,1481.66,0
2026-10-04 21:16:40,21.642,57.763,1012.085,0.1101,127.463,1.8565,12.0893,1524.42,0
2026-10-04 21:16:50,21.49,57.207,1012.472,0.1018,131.533,1.8906,12.0772,1510.85,0
2026-10-04 21:17:00,21.388,57.438,1011.851,0.1215,136.585,1.9379,12.076,1516.59,0
2026-10-04 21:17:10,21.544,58.214,1012.538,0.1055,126.758,1.925,12.0645,1498.06,0
2026-10-04 21:17:20,21.567,57.45,1011.826,0.1184,127.216,1.9232,12.0731,1496.04,0
2026-10-04 21:17:30,21.533,58.721,1013.453,0.1053,129.282,1.9476,12.0908,1497.79,0
2026-10-04 21:17:40,21.328,58.504,1011.596,0.1181,130.457,1.9112,12.0551,1490.81,0
2026-10-04 21:17:50,21.389,58.568,1010.729,0.0998,126.29,1.9373,12.0828,1521.01,0
2026-10-04 21:18:00,21.443,57.957,1011.462,0.1242,128.837,1.9608,12.0697,1522.72,0
2026-10-04 21:18:10,21.434,58.016,1012.638,0.1222,128.578,1.9253,12.1152,1510.26,0
2026-10-04 21:18:20,21.524,57.283,1012.281,0.1089,131.925,1.8973,12.0795,1527.74,0
2026-10-04 21:18:30,21.188,58.371,1012.887,0.107,132.265,1.909,12.0802,1538.47,0
2026-10-04 21:18:40,21.466,58.055,1012.708,0.1174,130.548,1.8971,12.0504,1530.48,0
2026-10-04 21:18:50,21.387,58.142,1011.908,0.1018,129.89,1.8636,12.1083,1495.99,0
2026-10-04 21:19:00,21.317,58.695,1012.007,0.1145,128.912,1.8998,12.0842,1467.0,0
2026-10-04 21:19:10,21.324,57.54,1012.076,0.108,131.214,1.9354,12.1054,1514.67,0
2026-10-04 21:19:20,21.383,57.773,1013.661,0.1126,128.149,1.9197,12.0666,1510.18,0
2026-10-04 21:19:30,20.973,57.992,1012.822,0.1097,135.736,1.9534,12.071,1505.66,0
2026-10-04 21:19:40,21.317,57.353,1013.659,0.1087,126.618,1.923,12.0366,1500.79,0
2026-10-04 21:19:50,21.291,57.72,1012.919,0.129,129.161,1.9415,12.1168,1524.78,0
2026-10-04 21:20:00,21.456,58.052,1012.283,0.1218,133.752,1.8754,12.0798,1481.57,0
2026-10-04 21:20:10,21.292,57.635,1011.61,0.1039,129.969,1.9083,12.1168,1527.99,0
2026-10-04 21:20:20,21.358,58.445,1012.461,0.109,133.198,1.9125,12.0615,1531.26,0
2026-10-04 21:20:30,21.565,57.027,1012.274,0.1231,136.351,1.8986,12.0819,1507.74,0
2026-10-04 21:20:40,21.495,58.336,1012.247,0.1242,133.716,1.9573,12.0947,1510.0,0
2026-10-04 21:20:50,21.48,58.098,1012.162,0.1056,127.628,1.8709,12.078,1488.19,0
2026-10-04 21:21:00,21.308,57.475,1010.868,0.1225,127.789,1.9162,12.0613,1521.28,0
2026-10-04 21:21:10,21.429,57.289,1013.184,0.1192,130.707,1.9473,12.0576,1525.52,0
2026-10-04 21:21:20,21.332,56.704,1012.263,0.1018,132.615,1.938,12.0606,1518.15,0
2026-10-04 21:21:30,21.332,57.338,1011.304,0.1143,134.922,1.9094,12.1359,1488.33,0
2026-10-04 21:21:40,21.401,58.251,1012.628,0.1167,128.966,1.8963,12.0535,1483.02,0
2026-10-04 21:21:50,21.276,57.692,1011.688,0.1184,129.883,1.946,12.0192,1503.79,0
2026-10-04 21:22:00,21.523,58.293,1012.677,0.1076,130.603,1.9057,12.0696,1508.81,0
2026-10-04 21:22:10,21.32,57.394,1012.897,0.1123,130.56,1.8979,12.0692,1523.08,0
2026-10-04 21:22:20,21.41,58.049,1012.99,0.1137,135.876,1.9436,12.0605,1504.48,0
2026-10-04 21:22:30,21.506,57.329,1012.16,0.1146,131.094,1.9262,12.0527,1524.26,0
2026-10-04 21:22:40,21.452,57.197,1011.979,0.115,131.882,1.9097,12.0612,1525.48,0
2026-10-04 21:22:50,21.155,57.618,1011.827,0.1183,134.174,1.9265,12.0349,1515.88,0
2026-10-04 21:23:00,21.373,57.331,1011.755,0.122,136.23,1.9294,12.1122,1522.04,0
2026-10-04 21:23:10,21.418,56.884,1012.246,0.134,131.368,1.9169,12.0737,1502.99,0
2026-10-04 21:23:20,21.419,57.556,1012.107,0.127,135.268,1.922,12.0704,1492.33,0
2026-10-04 21:23:30,21.175,57.692,1011.673,0.1308,136.991,1.864,12.0936,1501.14,0
2026-10-04 21:23:40,21.226,58.264,1011.446,0.1166,131.193,1.9154,12.1349,1497.41,0
2026-10-04 21:23:50,21.42,58.09,1012.167,0.1126,129.85,1.902,12.057,1528.28,0
2026-10-04 21:24:00,21.206,58.223,1011.935,0.1273,138.119,1.8979,12.0745,1523.28,0
2026-10-04 21:24:10,21.257,57.965,1011.437,0.121,134.938,1.9007,12.0867,1480.1,0
2026-10-04 21:24:20,21.479,57.763,1012.813,0.1272,131.628,1.9053,12.0838,1513.46,0
2026-10-04 21:24:30,21.28,56.974,1013.469,0.1145,133.557,1.9102,12.089,1484.21,0
2026-10-04 21:24:40,21.195,57.654,1012.899,0.127,128.489,1.9217,12.0892,1494.95,0
2026-10-04 21:24:50,21.173,57.869,1011.717,0.1206,134.969,1.8991,12.0558,1523.91,0
2026-10-04 21:25:00,21.314,58.291,1012.182,0.1186,126.257,1.9303,12.0958,1485.78,0
2026-10-04 21:25:10,21.111,57.897,1013.292,0.1195,134.886,1.9357,12.063,1491.39,0
2026-10-04 21:25:20,21.238,58.165,1011.389,0.1266,129.525,1.9353,12.0727,1496.7,0
2026-10-04 21:25:30,21.304,57.021,1012.754,0.1291,126.745,1.9405,12.0809,1488.5,0
2026-10-04 21:25:40,21.416,57.365,1011.189,0.1202,125.719,1.9028,12.0476,1491.18,0
2026-10-04 21:25:50,21.337,57.734,1013.378,0.1261,130.311,1.9102,12.076,1511.85,0
2026-10-04 21:26:00,21.167,58.091,1011.894,0.1263,133.889,1.923,12.0805,1487.63,0
2026-10-04 21:26:10,21.391,57.429,1013.752,0.1297,127.602,1.9061,12.0176,1509.37,0
2026-10-04 21:26:20,21.21,57.452,1013.398,0.1319,128.081,1.8877,12.0998,1513.45,0
2026-10-04 21:26:30,21.094,57.828,1012.11,0.1387,130.321,1.904,12.0441,1524.8,0
2026-10-04 21:26:40,21.218,56.912,1011.678,0.1207,134.243,1.9573,12.0713,1527.66,0
2026-10-04 21:26:50,21.408,58.27,1012.314,0.1364,134.634,1.8978,12.1025,1493.28,0
2026-10-04 21:27:00,21.252,57.018,1012.048,0.1258,132.272,1.8964,12.0805,1494.27,0
2026-10-04 21:27:10,21.23,56.489,1011.889,0.1164,134.818,1.9025,12.09,1493.63,0
2026-10-04 21:27:20,21.421,57.445,1011.006,0.1201,133.947,1.9299,12.0916,1526.39,0
2026-10-04 21:27:30,21.05,58.28,1011.803,0.1293,130.649,1.9246,12.0514,1519.91,0
2026-10-04 21:27:40,21.064,57.715,1011.382,0.1316,134.645,1.9335,12.0376,1509.62,0
2026-10-04 21:27:50,21.021,57.788,1012.542,0.1179,128.08,1.979,12.0738,1497.23,0
2026-10-04 21:28:00,21.256,57.424,1012.846,0.1201,133.407,1.9361,12.0811,1517.64,0
2026-10-04 21:28:10,21.228,57.318,1012.667,0.1222,128.466,1.938,12.0907,1536.03,0
2026-10-04 21:28:20,21.39,56.613,1012.385,0.1197,132.408,1.9868,12.0825,1535.25,0
2026-10-04 21:28:30,21.231,56.247,1011.544,0.1118,135.651,1.9275,12.0505,1493.78,0
2026-10-04 21:28:40,21.15,57.465,1012.281,0.1093,132.651,1.9053,12.0846,1532.14,0
2026-10-04 21:28:50,21.196,58.014,1012.689,0.1242,131.989,1.9074,12.01,1493.97,0
2026-10-04 21:29:00,21.206,57.521,1011.72,0.1295,132.72,1.9413,12.0941,1510.41,0
2026-10-04 21:29:10,20.988,57.651,1012.21,0.133,134.048,1.8835,12.04,1508.83,0
2026-10-04 21:29:20,21.511,58.122,1012.021,0.117,138.475,1.866,12.0393,1520.81,0
2026-10-04 21:29:30,21.245,57.485,1013.283,0.1174,134.046,1.894,12.1241,1501.97,0
2026-10-04 21:29:40,21.205,57.25,1012.712,0.1241,130.597,1.9349,12.0632,1518.73,0
2026-10-04 21:29:50,21.251,56.893,1012.539,0.1286,131.494,1.9291,12.0552,1501.15,0
2026-10-04 21:30:00,21.259,58.304,1010.907,0.1369,129.432,1.9101,12.0326,1520.13,0
2026-10-04 21:30:10,21.154,57.547,1012.226,0.1347,128.433,1.9407,12.0724,1497.97,0
2026-10-04 21:30:20,21.092,56.803,1011.993,0.1263,124.869,1.9291,12.081,1511.94,0
2026-10-04 21:30:30,21.237,56.679,1011.984,0.1323,130.796,1.9223,12.0522,1518.13,0
2026-10-04 21:30:40,21.208,57.882,1011.0,0.1229,127.983,1.9132,12.0072,1514.5,0
2026-10-04 21:30:50,21.062,56.727,1011.329,0.1304,132.503,1.9359,12.1014,1531.1,0
2026-10-04 21:31:00,21.326,58.164,1012.04,0.1295,130.698,1.9322,12.0534,1484.72,0
2026-10-04 21:31:10,21.188,55.849,1012.864,0.1415,128.985,1.9064,12.0527,1521.39,0
2026-10-04 21:31:20,21.238,57.929,1011.667,0.1344,125.947,1.9334,12.0594,1506.49,0
2026-10-04 21:31:30,21.315,57.452,1011.797,0.1245,131.224,1.8966,12.04,1527.98,0
2026-10-04 21:31:40,21.148,57.258,1013.32,0.1248,127.03,1.9186,12.0918,1519.74,0
2026-10-04 21:31:50,21.18,57.101,1011.862,0.1284,134.421,1.9226,12.078,1535.77,0
2026-10-04 21:32:00,21.237,58.125,1011.976,0.1187,133.082,1.9041,12.0719,1516.12,0
2026-10-04 21:32:10,21.05,57.523,1011.982,0.1296,131.652,1.9157,12.1174,1538.29,0
2026-10-04 21:32:20,21.141,56.708,1011.117,0.1305,136.699,1.9274,12.042,1522.29,0
2026-10-04 21:32:30,21.147,56.291,1012.455,0.1356,132.391,1.885,12.0912,1500.71,0
2026-10-04 21:32:40,21.014,57.229,1011.594,0.1369,133.535,1.9165,12.0035,1508.06,0
2026-10-04 21:32:50,21.404,57.13,1012.027,0.133,134.454,1.9671,12.0751,1511.63,0
2026-10-04 21:33:00,20.955,56.361,1012.355,0.1194,130.856,1.8909,12.1153,1522.3,0
2026-10-04 21:33:10,20.965,57.084,1013.401,0.1229,130.887,1.9372,12.0325,1534.24,0
2026-10-04 21:33:20,21.276,56.815,1011.115,0.128,132.56,1.9089,12.0997,1530.06,0
2026-10-04 21:33:30,21.202,57.097,1012.639,0.1382,128.411,1.9407,12.0238,1531.02,0
2026-10-04 21:33:40,20.991,57.445,1012.638,0.1382,137.821,1.8929,12.1102,1510.01,0
2026-10-04 21:33:50,21.184,57.819,1011.58,0.1314,132.962,1.9109,12.0466,1534.59,0
2026-10-04 21:34:00,21.285,57.517,1012.443,0.1525,131.891,1.9659,12.0395,1523.07,0
2026-10-04 21:34:10,21.103,56.692,1013.17,0.1463,138.765,1.9061,12.0445,1533.58,0
2026-10-04 21:34:20,21.416,57.227,1011.48,0.1439,129.218,1.9261,12.0585,1499.64,0
2026-10-04 21:34:30,20.895,57.065,1012.181,0.1398,137.146,1.925,12.0538,1528.74,0
2026-10-04 21:34:40,21.183,56.357,1012.292,0.138,134.991,1.8593,12.0561,1512.94,0
2026-10-04 21:34:50,21.238,57.212,1012.379,0.1376,135.917,1.921,12.0652,1503.26,0
2026-10-04 21:35:00,21.202,57.932,1012.54,0.1203,132.053,1.8787,12.0631,1532.08,0
2026-10-04 21:35:10,21.069,57.009,1012.114,0.1265,132.762,1.9253,12.0571,1516.09,0
2026-10-04 21:35:20,21.056,56.186,1012.354,0.1333,131.579,1.9122,12.0458,1530.62,0
2026-10-04 21:35:30,21.142,56.988,1011.353,0.1363,135.612,1.8812,12.0674,1508.13,0
2026-10-04 21:35:40,21.185,56.356,1012.102,0.1344,133.812,1.8792,12.066,1553.42,0
2026-10-04 21:35:50,21.157,57.385,1011.65,0.1378,130.975,1.9069,12.0646,1521.3,0
2026-10-04 21:36:00,21.208,57.206,1011.119,0.1189,131.127,1.9706,12.0562,1516.18,0
2026-10-04 21:36:10,20.959,56.848,1011.62,0.14,132.634,1.949,12.0388,1538.2,0
2026-10-04 21:36:20,21.052,56.758,1012.162,0.1366,131.696,1.9172,12.0579,1522.2,0
2026-10-04 21:36:30,20.964,56.807,1012.275,0.1348,137.032,1.9209,12.0489,1571.1,0
2026-10-04 21:36:40,21.029,56.907,1011.078,0.1439,135.145,1.9229,12.0041,1541.22,0
2026-10-04 21:36:50,21.195,56.507,1011.306,0.1283,135.153,1.8943,12.0806,1516.78,0
2026-10-04 21:37:00,21.085,56.189,1012.466,0.1349,133.45,1.8902,12.0619,1525.12,0
2026-10-04 21:37:10,21.383,57.442,1012.311,0.1392,130.283,1.9286,12.0548,1525.13,0
2026-10-04 21:37:20,21.091,56.67,1012.573,0.1303,134.864,1.8921,12.0683,1508.43,0
2026-10-04 21:37:30,21.074,56.936,1012.906,0.1212,126.495,1.9429,12.0362,1543.64,0
2026-10-04 21:37:40,21.077,56.985,1012.321,0.1282,133.325,1.8729,12.0889,1518.06,0
2026-10-04 21:37:50,20.986,56.993,1011.651,0.1371,130.381,1.884,12.0849,1520.92,0
2026-10-04 21:38:00,21.054,56.235,1012.018,0.1358,130.163,1.9417,12.0256,1528.03,0
2026-10-04 21:38:10,21.195,55.974,1013.096,0.1378,131.454,1.899,12.0387,1511.13,0
2026-10-04 21:38:20,21.072,56.507,1013.866,0.1328,132.606,1.9029,12.0712,1528.15,0
2026-10-04 21:38:30,20.962,56.989,1012.251,0.1277,132.801,1.9219,12.0604,1517.56,0
2026-10-04 21:38:40,20.944,56.417,1012.299,0.1395,135.255,1.9345,12.0536,1518.07,0
2026-10-04 21:38:50,21.0,56.593,1012.428,0.1372,132.376,1.9206,12.0649,1522.89,0
2026-10-04 21:39:00,21.061,57.824,1011.933,0.1438,132.606,1.9123,12.007,1514.41,0
2026-10-04 21:39:10,21.194,55.827,1012.728,0.1328,128.738,1.925,12.0306,1502.08,0
2026-10-04 21:39:20,20.889,56.362,1012.615,0.1228,129.142,1.915,12.0385,1528.27,0
2026-10-04 21:39:30,21.01,57.678,1012.154,0.1183,133.812,1.9317,12.0725,1491.42,0
2026-10-04 21:39:40,21.064,56.697,1011.68,0.1361,134.856,1.9758,11.9994,1492.07,0
2026-10-04 21:39:50,20.826,56.356,1010.835,0.1404,132.196,1.9168,12.0576,1526.65,0
2026-10-04 21:40:00,20.945,57.283,1012.408,0.1377,135.789,1.8824,12.0436,1523.36,0
2026-10-04 21:40:10,20.962,56.716,1012.041,0.1352,128.78,1.9297,12.0691,1530.08,0
2026-10-04 21:40:20,20.947,56.504,1011.372,0.1271,134.212,1.8998,12.0729,1536.25,0
2026-10-04 21:40:30,21.064,56.764,1011.094,0.1248,130.474,1.9117,12.095,1496.73,0
2026-10-04 21:40:40,21.021,56.328,1012.345,0.143,130.25,1.9122,12.0231,1517.27,0
2026-10-04 21:40:50,20.972,56.138,1010.757,0.1384,130.761,1.8883,12.0318,1519.87,0
2026-10-04 21:41:00,21.089,56.579,1012.084,0.1374,132.826,1.8934,12.0534,1531.37,0
2026-10-04 21:41:10,21.244,56.12,1012.462,0.1282,134.398,1.8447,12.0873,1530.2,0
2026-10-04 21:41:20,21.233,56.621,1012.253,0.1329,134.183,1.8997,12.0628,1520.79,0
2026-10-04 21:41:30,20.804,56.782,1011.591,0.1411,132.235,1.916,12.0544,1527.62,0
2026-10-04 21:41:40,21.104,57.021,1010.986,0.1431,135.016,1.9021,12.0822,1522.93,0
2026-10-04 21:41:50,21.012,57.148,1012.268,0.1397,138.192,1.89,12.0416,1513.45,0
2026-10-04 21:42:00,21.051,56.371,1012.694,0.1521,132.786,1.9107,12.0806,1528.04,0
2026-10-04 21:42:10,20.984,56.813,1011.449,0.1366,133.442,1.8775,12.0946,1495.15,0
2026-10-04 21:42:20,21.045,56.799,1012.202,0.1516,131.335,1.8744,12.0473,1531.08,0
2026-10-04 21:42:30,21.049,56.706,1012.95,0.1432,132.006,1.9138,12.0122,1548.67,0
2026-10-04 21:42:40,20.96,56.292,1012.077,0.1424,136.94,1.9149,12.0545,1522.37,0
2026-10-04 21:42:50,20.922,56.007,1011.558,0.1491,136.983,1.913,12.0918,1558.58,0
2026-10-04 21:43:00,20.975,56.762,1012.561,0.1368,132.616,1.8924,12.0629,1536.78,0
2026-10-04 21:43:10,21.056,55.647,1011.313,0.1393,134.703,1.9271,12.016,1549.69,0
2026-10-04 21:43:20,21.099,56.356,1010.917,0.1322,136.006,1.8714,12.0821,1533.67,0
2026-10-04 21:43:30,21.13,55.203,1012.391,0.1496,131.917,1.8918,12.0701,1536.24,0
2026-10-04 21:43:40,20.967,55.801,1011.535,0.1449,129.351,1.9177,12.075,1530.19,0
2026-10-04 21:43:50,21.06,56.02,1011.594,0.1511,135.349,1.9203,12.0782,1504.59,0
2026-10-04 21:44:00,21.141,56.996,1011.373,0.1441,135.982,1.8792,12.0362,1498.7,0
2026-10-04 21:44:10,21.165,56.781,1011.478,0.1513,135.553,1.9519,12.0761,1524.63,0
2026-10-04 21:44:20,21.018,56.15,1012.787,0.1366,132.195,1.8948,12.0334,1519.28,0
2026-10-04 21:44:30,20.999,56.781,1012.965,0.1506,137.899,1.9,12.0199,1519.83,0
2026-10-04 21:44:40,21.048,56.85,1013.055,0.1396,134.194,1.922,12.0285,1509.49,0
2026-10-04 21:44:50,20.887,56.315,1012.558,0.1429,129.91,1.9361,12.0665,1545.15,0
2026-10-04 21:45:00,21.001,55.693,1012.118,0.1488,128.577,1.8986,12.0388,1513.12,0
2026-10-04 21:45:10,21.114,56.27,1010.785,0.1617,132.485,1.9262,12.0858,1512.21,0
2026-10-04 21:45:20,21.101,56.315,1011.653,0.1497,134.063,1.8852,12.0766,1529.28,0
2026-10-04 21:45:30,20.992,55.737,1013.291,0.1506,132.537,1.938,12.0655,1545.02,0
2026-10-04 21:45:40,21.051,56.526,1011.473,0.139,139.393,1.8971,12.083,1541.55,0
2026-10-04 21:45:50,20.925,56.472,1012.834,0.1447,134.636,1.9037,12.019,1519.14,0
2026-10-04 21:46:00,21.109,56.544,1011.809,0.1427,130.516,1.8869,12.0721,1525.75,0
2026-10-04 21:46:10,21.015,56.45,1009.892,0.1548,126.636,1.9007,12.0625,1553.59,0
2026-10-04 21:46:20,20.992,56.665,1012.212,0.1425,134.164,1.8768,12.0161,1545.63,0
2026-10-04 21:46:30,20.982,56.2,1012.647,0.1543,136.437,1.8933,12.0299,1542.24,0
2026-10-04 21:46:40,21.018,56.38,1011.723,0.1334,139.073,1.895,12.0438,1534.92,0
2026-10-04 21:46:50,20.972,56.07,1012.617,0.155,132.886,1.8679,12.0429,1530.69,0
2026-10-04 21:47:00,21.105,55.966,1010.583,0.137,138.671,1.8798,12.0464,1559.37,0
2026-10-04 21:47:10,20.979,56.917,1010.777,0.1508,129.439,1.8413,12.0319,1546.21,0
2026-10-04 21:47:20,21.218,55.215,1011.887,0.1371,132.496,1.8625,12.0842,1531.16,0
2026-10-04 21:47:30,21.203,56.665,1012.074,0.149,130.496,1.8929,12.0162,1540.22,0
2026-10-04 21:47:40,20.921,55.906,1012.686,0.1365,135.926,1.917,12.0168,1525.67,0
2026-10-04 21:47:50,21.036,55.83,1012.18,0.1525,129.658,1.8838,12.0233,1505.38,0
2026-10-04 21:48:00,20.95,56.325,1010.894,0.151,134.778,1.8917,12.0308,1514.15,0
2026-10-04 21:48:10,20.99,55.439,1011.875,0.1395,129.858,1.9212,12.0288,1522.62,0
2026-10-04 21:48:20,21.27,55.766,1012.143,0.149,138.868,1.9128,12.0885,1521.68,0
2026-10-04 21:48:30,20.993,55.738,1010.407,0.152,132.483,1.9121,12.0299,1518.75,0
2026-10-04 21:48:40,21.074,56.042,1011.685,0.1371,134.751,1.8944,12.0432,1519.46,0
2026-10-04 21:48:50,21.097,55.74,1011.478,0.1362,128.261,1.8789,12.0145,1549.25,0
2026-10-04 21:49:00,20.913,56.932,1011.251,0.136,129.154,1.9007,12.0342,1557.18,0
2026-10-04 21:49:10,20.931,57.019,1012.055,0.1349,131.329,1.9226,12.0609,1549.4,0
2026-10-04 21:49:20,20.89,55.099,1010.897,0.136,136.212,1.9355,12.0627,1497.39,0
2026-10-04 21:49:30,20.929,56.372,1011.991,0.1521,135.648,1.9502,12.0702,1545.94,0
2026-10-04 21:49:40,20.694,56.518,1012.087,0.1492,136.938,1.928,12.0205,1540.84,0
2026-10-04 21:49:50,21.102,56.35,1012.451,0.1312,129.163,1.8905,12.0285,1529.26,0
2026-10-04 21:50:00,21.285,55.739,1010.902,0.1407,135.224,1.8591,12.0657,1522.39,0
2026-10-04 21:50:10,21.057,55.935,1010.632,0.1355,132.034,1.9039,12.0445,1525.29,0
2026-10-04 21:50:20,20.87,55.673,1011.877,0.1517,131.3,1.916,12.0435,1544.73,0
2026-10-04 21:50:30,20.964,55.826,1011.478,0.1413,132.123,1.8245,12.0596,1535.68,0
2026-10-04 21:50:40,20.987,55.421,1013.707,0.1325,133.396,1.8511,12.0697,1548.21,0
2026-10-04 21:50:50,20.922,55.958,1011.993,0.1463,135.739,1.8763,12.0272,1542.15,0
2026-10-04 21:51:00,21.148,55.253,1011.709,0.1498,137.135,1.8683,12.0419,1551.55,0
2026-10-04 21:51:10,21.143,55.894,1011.544,0.1373,135.34,1.847,12.0414,1539.46,0
2026-10-04 21:51:20,20.909,55.359,1010.809,0.1428,135.687,1.8964,12.02,1512.91,0
2026-10-04 21:51:30,21.136,56.077,1012.053,0.1377,139.266,1.9176,12.0516,1505.97,0
2026-10-04 21:51:40,21.233,55.623,1011.599,0.1549,135.899,1.8816,12.0305,1539.67,0
2026-10-04 21:51:50,21.28,56.098,1011.597,0.1415,133.176,1.8445,12.0438,1539.0,0
2026-10-04 21:52:00,21.397,56.483,1011.714,0.1392,135.571,1.8909,12.06,1520.74,0
2026-10-04 21:52:10,20.946,56.726,1011.8,0.1446,138.961,1.8577,12.0504,1533.71,0
2026-10-04 21:52:20,21.395,54.657,1010.424,0.1433,131.237,1.8599,12.0214,1523.18,0
2026-10-04 21:52:30,21.015,55.493,1012.224,0.1505,132.565,1.9088,12.0485,1522.6,0
2026-10-04 21:52:40,20.988,55.748,1011.042,0.1547,138.219,1.9146,12.0468,1508.5,0
2026-10-04 21:52:50,21.1,56.12,1011.535,0.1548,133.007,1.877,12.0292,1530.67,0
2026-10-04 21:53:00,20.993,55.054,1012.528,0.1419,136.181,1.9022,12.0215,1522.24,0
2026-10-04 21:53:10,21.112,55.377,1012.87,0.1474,137.765,1.8568,12.0468,1535.66,0
2026-10-04 21:53:20,20.908,55.923,1010.431,0.1569,130.14,1.8966,12.0079,1503.68,0
2026-10-04 21:53:30,21.04,55.89,1011.639,0.1572,132.692,1.8735,12.016,1539.0,0
2026-10-04 21:53:40,21.224,56.026,1011.806,0.1379,137.541,1.8496,12.0105,1522.24,0
2026-10-04 21:53:50,21.065,56.049,1010.556,0.1497,133.558,1.8598,12.0122,1513.96,0
2026-10-04 21:54:00,21.091,55.986,1012.17,0.1483,127.891,1.8924,12.0304,1523.34,0
2026-10-04 21:54:10,21.133,55.903,1011.686,0.1523,132.426,1.8448,12.0688,1505.96,0
2026-10-04 21:54:20,21.218,55.823,1011.737,0.1548,136.349,1.8745,12.0576,1525.55,0
2026-10-04 21:54:30,20.881,56.118,1010.956,0.1365,137.805,1.9079,12.0701,1531.75,0
2026-10-04 21:54:40,21.152,54.655,1011.884,0.1393,134.137,1.8686,12.0266,1530.97,0
2026-10-04 21:54:50,21.052,56.537,1012.178,0.1521,135.446,1.8421,11.9915,1536.76,0
2026-10-04 21:55:00,21.106,54.652,1011.677,0.146,132.897,1.8734,12.0267,1521.33,0
2026-10-04 21:55:10,21.216,55.204,1011.225,0.1269,136.723,1.8969,12.0698,1541.51,0
2026-10-04 21:55:20,20.947,55.62,1011.276,0.1314,138.298,1.8472,12.0316,1533.79,0
2026-10-04 21:55:30,20.972,56.059,1011.732,0.15,136.336,1.909,12.0408,1542.01,0
2026-10-04 21:55:40,20.863,54.215,1011.609,0.1514,133.686,1.8981,12.0359,1554.63,0
2026-10-04 21:55:50,21.032,55.688,1012.205,0.1338,135.352,1.8875,12.0585,1506.45,0
2026-10-04 21:56:00,21.26,56.088,1011.232,0.1534,136.917,1.8928,12.0618,1523.95,0
2026-10-04 21:56:10,21.088,56.179,1010.712,0.1429,134.151,1.8813,12.0022,1518.22,0
2026-10-04 21:56:20,20.944,55.323,1011.813,0.1363,136.479,1.8861,11.98,1561.7,0
2026-10-04 21:56:30,21.049,55.511,1011.224,0.1399,135.197,1.8792,12.057,1538.56,0
2026-10-04 21:56:40,20.932,55.343,1012.103,0.1346,138.353,1.8992,12.0352,1533.87,0
2026-10-04 21:56:50,20.978,55.444,1011.557,0.1394,136.205,1.9091,12.0568,1547.47,0
2026-10-04 21:57:00,21.162,55.115,1012.007,0.1293,132.618,1.856,12.0333,1529.68,0
2026-10-04 21:57:10,20.977,55.176,1010.835,0.1436,138.336,1.8586,12.0532,1536.45,0
2026-10-04 21:57:20,21.254,55.827,1011.642,0.1489,135.511,1.8661,12.0367,1522.57,0
2026-10-04 21:57:30,21.115,55.666,1011.049,0.1333,133.72,1.8603,12.022,1508.9,0
2026-10-04 21:57:40,21.137,55.835,1010.681,0.1442,130.086,1.9035,12.03,1542.79,0
2026-10-04 21:57:50,21.096,55.687,1010.929,0.1375,134.851,1.8374,12.0356,1514.89,0
2026-10-04 21:58:00,21.225,55.922,1011.147,0.1493,139.67,1.8881,12.0549,1540.47,0
2026-10-04 21:58:10,21.229,55.998,1012.396,0.1253,125.986,1.9089,12.0353,1545.44,0
2026-10-04 21:58:20,21.178,54.678,1011.122,0.1495,126.114,1.8594,12.0126,1495.48,0
2026-10-04 21:58:30,21.209,55.112,1010.628,0.1292,136.493,1.9104,12.0809,1544.76,0
2026-10-04 21:58:40,21.118,55.413,1011.607,0.142,134.908,1.9022,12.047,1532.86,0
2026-10-04 21:58:50,21.212,55.507,1011.532,0.1379,136.225,1.8642,12.0731,1514.44,0
2026-10-04 21:59:00,21.109,55.174,1011.164,0.1406,132.637,1.893,12.0117,1502.84,0
2026-10-04 21:59:10,21.153,55.955,1011.393,0.1312,127.8,1.8516,12.0326,1527.82,0
2026-10-04 21:59:20,21.123,56.479,1012.186,0.1566,131.737,1.8443,12.0436,1526.14,0
2026-10-04 21:59:30,21.105,55.572,1011.968,0.133,138.921,1.86,12.0551,1545.15,0
2026-10-04 21:59:40,21.08,55.511,1011.905,0.1335,132.895,1.905,11.9914,1529.68,0
2026-10-04 21:59:50,21.222,55.883,1010.664,0.1574,132.929,1.8594,11.992,1512.33,0
2026-10-04 22:00:00,21.326,54.516,1013.51,0.1456,126.378,1.8716,12.0218,1505.28,0
2026-10-04 22:00:10,21.313,55.453,1012.222,0.1329,128.86,1.8451,12.0519,1530.72,0
2026-10-04 22:00:20,21.025,55.918,1011.845,0.1418,137.612,1.8915,12.0213,1528.52,0
2026-10-04 22:00:30,21.334,55.097,1010.664,0.1408,133.512,1.8903,12.0349,1548.19,0
2026-10-04 22:00:40,21.145,54.795,1012.14,0.1291,137.271,1.8516,12.0392,1520.94,0
2026-10-04 22:00:50,21.258,55.306,1011.122,0.1365,132.045,1.8109,12.0171,1534.53,0
2026-10-04 22:01:00,21.081,55.358,1011.334,0.1422,129.91,1.8594,12.0743,1526.19,0
2026-10-04 22:01:10,21.21,54.925,1010.29,0.1525,133.539,1.8792,12.0177,1487.57,0
2026-10-04 22:01:20,21.235,56.417,1010.594,0.1407,132.61,1.8675,11.9859,1538.78,0
2026-10-04 22:01:30,21.022,55.12,1011.767,0.1412,131.838,1.8695,12.0128,1521.57,0
2026-10-04 22:01:40,21.277,54.772,1012.161,0.1355,131.924,1.8758,12.0165,1537.77,0
2026-10-04 22:01:50,21.37,55.293,1011.933,0.1507,133.947,1.854,12.0415,1530.35,0
2026-10-04 22:02:00,21.191,55.784,1011.906,0.149,132.885,1.835,12.0427,1512.9,0
2026-10-04 22:02:10,21.379,55.329,1011.402,0.148,131.571,1.8845,12.0517,1525.04,0
2026-10-04 22:02:20,21.197,55.553,1011.159,0.1425,139.789,1.8436,12.0839,1527.1,0
2026-10-04 22:02:30,21.325,54.865,1011.643,0.1287,135.756,1.8353,12.0375,1530.25,0
2026-10-04 22:02:40,20.961,56.034,1012.012,0.15,134.865,1.8775,12.0578,1535.09,0
2026-10-04 22:02:50,21.521,55.562,1011.438,0.1417,134.197,1.837,12.0255,1527.77,0
2026-10-04 22:03:00,21.414,55.795,1012.278,0.1386,136.401,1.8438,12.0437,1553.42,0
2026-10-04 22:03:10,21.205,55.444,1011.277,0.1446,136.007,1.9035,12.0277,1539.75,0
2026-10-04 22:03:20,21.006,55.664,1010.738,0.1427,131.316,1.9033,12.0325,1541.99,0
2026-10-04 22:03:30,21.282,54.806,1011.414,0.1322,129.829,1.893,12.0403,1539.34,0
2026-10-04 22:03:40,21.078,54.987,1011.492,0.138,127.611,1.8819,12.0607,1528.02,0
2026-10-04 22:03:50,21.309,55.896,1011.357,0.1253,139.816,1.8914,12.0346,1537.75,0
2026-10-04 22:04:00,21.309,55.993,1012.308,0.141,133.112,1.9112,12.0345,1545.41,0
2026-10-04 22:04:10,21.151,54.63,1011.972,0.1509,136.231,1.8892,12.0436,1528.48,0
2026-10-04 22:04:20,21.403,55.319,1010.404,0.1257,135.068,1.8677,12.0576,1542.25,0
2026-10-04 22:04:30,21.369,54.969,1012.476,0.141,137.206,1.8829,12.0004,1506.86,0
2026-10-04 22:04:40,21.394,54.827,1009.48,0.1452,134.282,1.8491,12.0416,1542.77,0
2026-10-04 22:04:50,21.282,55.308,1012.901,0.1462,130.498,1.864,12.0021,1514.62,0
2026-10-04 22:05:00,21.115,55.727,1011.191,0.1336,131.378,1.8648,12.068,1506.52,0
2026-10-04 22:05:10,21.407,55.373,1011.257,0.1306,133.443,1.8562,12.0436,1521.79,0
2026-10-04 22:05:20,21.262,54.978,1011.344,0.1346,129.747,1.8514,12.0657,1528.99,0
2026-10-04 22:05:30,21.132,55.385,1011.653,0.1486,131.946,1.8911,11.9934,1530.79,0
2026-10-04 22:05:40,21.465,54.939,1011.38,0.1253,130.919,1.8347,12.0307,1545.02,0
2026-10-04 22:05:50,21.56,55.315,1011.283,0.1291,133.536,1.8619,12.0565,1517.19,0
2026-10-04 22:06:00,21.307,55.798,1012.29,0.135,133.041,1.8256,12.0698,1550.1,0
2026-10-04 22:06:10,21.576,54.052,1011.766,0.1307,134.894,1.8073,12.0434,1550.02,0
2026-10-04 22:06:20,21.333,55.48,1010.696,0.138,137.105,1.887,12.0238,1528.6,0
2026-10-04 22:06:30,21.281,54.302,1011.882,0.1495,133.82,1.8889,12.0277,1512.69,0
2026-10-04 22:06:40,21.255,55.677,1011.728,0.1284,130.047,1.8442,12.0083,1562.34,0
2026-10-04 22:06:50,21.532,54.735,1010.976,0.1367,128.416,1.8572,12.0708,1550.74,0
2026-10-04 22:07:00,21.247,54.435,1011.909,0.1377,135.054,1.8484,12.0504,1527.6,0
2026-10-04 22:07:10,21.434,55.383,1011.241,0.1349,132.577,1.848,12.0295,1504.19,0
2026-10-04 22:07:20,21.283,55.208,1011.193,0.1248,134.107,1.8427,12.0475,1533.81,0
2026-10-04 22:07:30,21.3,54.517,1011.171,0.1322,135.574,1.866,12.0311,1515.53,0
2026-10-04 22:07:40,21.484,54.381,1009.642,0.132,138.921,1.8446,12.0262,1537.37,0
2026-10-04 22:07:50,21.319,54.905,1010.97,0.142,129.355,1.8641,12.0148,1527.58,0
2026-10-04 22:08:00,21.321,54.387,1011.835,0.1401,131.566,1.895,12.0151,1500.07,0
2026-10-04 22:08:10,21.511,54.45,1011.317,0.1242,134.354,1.8627,12.043,1506.18,0
2026-10-04 22:08:20,21.572,55.029,1010.43,0.1334,131.195,1.8557,12.0596,1512.32,0
2026-10-04 22:08:30,21.462,54.479,1012.001,0.1323,130.154,1.8379,12.0249,1548.23,0
2026-10-04 22:08:40,21.311,55.167,1011.114,0.1517,138.556,1.8515,12.0134,1513.74,0
2026-10-04 22:08:50,21.334,55.689,1010.465,0.1383,131.489,1.8097,12.0569,1489.25,0
2026-10-04 22:09:00,21.41,54.861,1012.861,0.1271,130.711,1.8896,12.035,1520.2,0
2026-10-04 22:09:10,21.444,54.992,1010.577,0.1294,131.2,1.8268,11.9771,1519.16,0
2026-10-04 22:09:20,21.292,55.927,1011.926,0.1324,137.908,1.8024,12.0152,1546.79,0
2026-10-04 22:09:30,21.503,54.315,1010.769,0.1381,132.57,1.8473,12.0444,1545.53,0
2026-10-04 22:09:40,21.432,55.495,1011.399,0.1389,130.504,1.8584,12.0129,1503.04,0
2026-10-04 22:09:50,21.221,55.426,1010.67,0.1365,132.146,1.8823,12.0338,1528.43,0
2026-10-04 22:10:00,21.32,55.309,1010.431,0.133,134.528,1.8549,12.0013,1534.26,0
2026-10-04 22:10:10,21.377,55.519,1011.661,0.1334,137.353,1.8716,12.0221,1520.43,0
2026-10-04 22:10:20,21.434,55.005,1011.576,0.1333,137.106,1.8713,12.0051,1524.74,0
2026-10-04 22:10:30,21.675,54.565,1012.09,0.1199,132.355,1.8685,12.0014,1538.54,0
2026-10-04 22:10:40,21.482,55.395,1011.262,0.1335,133.1,1.8189,12.0131,1526.2,0
2026-10-04 22:10:50,21.358,55.405,1012.837,0.1292,141.008,1.8597,12.0538,1531.71,0
2026-10-04 22:11:00,21.491,55.383,1011.467,0.1204,137.691,1.8119,12.0423,1542.61,0
2026-10-04 22:11:10,21.428,54.844,1011.673,0.1527,133.954,1.896,12.0831,1514.66,0
2026-10-04 22:11:20,21.515,54.455,1010.323,0.1357,127.829,1.8632,12.0168,1533.15,0
2026-10-04 22:11:30,21.551,54.9,1010.841,0.1331,133.343,1.8297,12.0571,1514.38,0
2026-10-04 22:11:40,21.632,55.267,1011.631,0.1299,130.745,1.8543,12.078,1537.0,0
2026-10-04 22:11:50,21.49,55.299,1011.205,0.1385,132.141,1.8193,12.0594,1511.42,0
2026-10-04 22:12:00,21.695,54.564,1011.393,0.1231,131.838,1.8053,12.0598,1527.1,0
2026-10-04 22:12:10,21.613,54.928,1010.687,0.1297,134.046,1.8657,12.0343,1517.01,0
2026-10-04 22:12:20,21.425,54.107,1011.34,0.1244,134.953,1.8189,12.037,1529.07,0
2026-10-04 22:12:30,21.781,55.246,1011.335,0.1376,132.554,1.8385,12.0081,1507.43,0
2026-10-04 22:12:40,21.561,54.353,1010.423,0.125,130.92,1.8478,11.9643,1515.78,0
2026-10-04 22:12:50,21.427,55.129,1011.696,0.1403,134.221,1.8377,12.0361,1518.99,0
2026-10-04 22:13:00,21.731,54.154,1010.053,0.1305,133.268,1.8161,12.0069,1503.5,0
2026-10-04 22:13:10,21.788,55.236,1011.369,0.1372,129.075,1.843,12.0202,1510.33,0
2026-10-04 22:13:20,21.541,54.872,1012.473,0.134,136.595,1.8447,12.0101,1494.69,0
2026-10-04 22:13:30,21.49,54.313,1011.71,0.1391,132.59,1.8624,12.0387,1524.77,0
2026-10-04 22:13:40,21.536,55.041,1011.703,0.123,133.973,1.9014,12.0256,1530.86,0
2026-10-04 22:13:50,21.648,54.392,1010.599,0.1375,134.126,1.7905,12.0619,1497.9,0
2026-10-04 22:14:00,21.722,55.053,1012.463,0.1151,134.744,1.8195,12.0123,1501.04,0
2026-10-04 22:14:10,21.643,54.534,1012.185,0.1302,135.232,1.8446,12.0348,1504.05,0
2026-10-04 22:14:20,21.593,53.802,1010.628,0.1253,130.885,1.8639,12.0254,1499.15,0
2026-10-04 22:14:30,21.767,54.163,1010.883,0.1182,135.74,1.8469,12.0228,1524.07,0
2026-10-04 22:14:40,21.555,54.431,1012.091,0.1221,133.775,1.866,12.0281,1507.53,0
2026-10-04 22:14:50,21.723,55.322,1012.467,0.1239,138.065,1.8005,12.068,1521.48,0
2026-10-04 22:15:00,21.571,55.081,1010.321,0.1272,137.26,1.8291,12.051,1506.33,0
2026-10-04 22:15:10,21.663,55.434,1010.501,0.1244,138.788,1.8732,12.0184,1512.26,0
2026-10-04 22:15:20,21.604,55.441,1011.1,0.129,132.008,1.8148,12.0145,1532.76,0
2026-10-04 22:15:30,21.617,54.339,1009.677,0.1215,138.687,1.7634,12.0101,1499.67,0
2026-10-04 22:15:40,21.585,54.504,1011.208,0.1241,135.114,1.8151,12.0325,1508.39,0
2026-10-04 22:15:50,21.798,54.385,1012.021,0.1254,136.906,1.846,11.9916,1522.9,0
2026-10-04 22:16:00,21.555,54.247,1010.181,0.129,136.862,1.8329,12.024,1511.67,0
2026-10-04 22:16:10,21.56,53.654,1011.274,0.1341,136.22,1.8022,12.0389,1519.09,0
2026-10-04 22:16:20,21.91,54.56,1010.775,0.1339,131.582,1.8158,12.0111,1516.1,0
2026-10-04 22:16:30,21.779,53.917,1012.327,0.1288,137.716,1.8002,12.0302,1493.28,0
2026-10-04 22:16:40,21.382,54.535,1010.777,0.1301,135.909,1.8028,12.0357,1536.68,0
2026-10-04 22:16:50,21.607,55.602,1012.237,0.1289,130.438,1.8107,11.985,1514.01,0
2026-10-04 22:17:00,21.463,54.282,1010.752,0.1237,133.41,1.8349,12.0341,1539.23,0
2026-10-04 22:17:10,21.573,54.626,1011.707,0.1332,131.226,1.7722,12.0174,1520.18,0
2026-10-04 22:17:20,21.317,54.974,1011.341,0.1185,130.59,1.8656,12.075,1534.67,0
2026-10-04 22:17:30,21.684,54.654,1011.064,0.1092,137.432,1.8285,12.0337,1530.06,0
2026-10-04 22:17:40,21.57,54.652,1010.605,0.117,130.437,1.803,12.0057,1532.96,0
2026-10-04 22:17:50,21.721,54.317,1011.381,0.1363,130.915,1.8059,11.9831,1510.98,0
2026-10-04 22:18:00,21.525,54.375,1010.844,0.1225,140.816,1.814,12.0273,1540.93,0
2026-10-04 22:18:10,21.736,54.004,1010.667,0.1269,133.541,1.8296,12.0611,1506.84,0
2026-10-04 22:18:20,21.683,54.899,1012.177,0.1223,136.861,1.8328,12.0132,1519.16,0
2026-10-04 22:18:30,21.92,53.598,1011.527,0.1287,138.266,1.8238,12.0361,1526.47,0
2026-10-04 22:18:40,21.916,54.947,1011.591,0.1246,137.217,1.8093,12.0467,1560.9,0
2026-10-04 22:18:50,21.847,53.752,1010.863,0.1233,135.346,1.8275,12.0453,1529.52,0
2026-10-04 22:19:00,21.721,54.928,1011.004,0.1285,134.789,1.7756,12.0279,1505.01,0
2026-10-04 22:19:10,22.005,54.263,1010.958,0.1196,136.516,1.7966,12.0115,1516.74,0
2026-10-04 22:19:20,21.587,53.816,1011.365,0.1261,134.233,1.8097,12.0214,1492.29,0
2026-10-04 22:19:30,21.611,54.715,1011.575,0.1215,136.994,1.7926,12.0011,1534.33,0
2026-10-04 22:19:40,21.777,54.882,1011.102,0.1218,134.135,1.8203,12.0042,1465.16,0
2026-10-04 22:19:50,22.064,54.192,1010.565,0.1159,134.478,1.7919,12.0524,1509.27,0
2026-10-04 22:20:00,21.776,54.764,1011.649,0.1205,140.563,1.8678,12.036,1544.58,0
2026-10-04 22:20:10,21.785,53.254,1011.137,0.1177,133.479,1.7881,12.0347,1522.82,0
2026-10-04 22:20:20,21.641,53.729,1010.102,0.1308,134.981,1.8619,12.0095,1518.56,0
2026-10-04 22:20:30,21.934,55.029,1009.613,0.1081,136.218,1.7736,12.0573,1493.12,0
2026-10-04 22:20:40,21.942,54.264,1011.314,0.1285,136.413,1.8734,12.0215,1530.74,0
2026-10-04 22:20:50,21.929,53.437,1010.522,0.1072,135.81,1.8375,12.0305,1496.84,0
2026-10-04 22:21:00,21.766,54.012,1011.401,0.1252,131.182,1.8423,12.0563,1496.75,0
2026-10-04 22:21:10,21.763,53.893,1010.554,0.114,135.422,1.7879,12.0091,1530.06,0
2026-10-04 22:21:20,21.7,54.265,1011.187,0.125,135.667,1.8136,12.0112,1495.68,0
2026-10-04 22:21:30,21.872,54.156,1010.826,0.1193,138.36,1.8148,12.0528,1487.72,0
2026-10-04 22:21:40,21.739,54.424,1012.314,0.1085,137.161,1.8183,12.0473,1494.99,0
2026-10-04 22:21:50,21.735,54.293,1011.75,0.1306,138.563,1.8522,12.0354,1512.06,0
2026-10-04 22:22:00,21.832,55.001,1012.025,0.1258,131.938,1.8373,11.9723,1501.46,0
2026-10-04 22:22:10,21.831,54.526,1011.096,0.1234,131.961,1.8155,12.0587,1536.02,0
2026-10-04 22:22:20,21.832,54.536,1011.652,0.114,135.936,1.8442,12.0114,1509.06,0
2026-10-04 22:22:30,21.96,54.883,1011.137,0.1254,138.352,1.8484,12.0121,1489.71,0
2026-10-04 22:22:40,21.921,54.1,1012.099,0.1084,134.354,1.8042,12.0215,1480.07,0
2026-10-04 22:22:50,21.884,53.657,1011.017,0.1006,132.737,1.803,11.9965,1521.36,0
2026-10-04 22:23:00,21.947,54.884,1010.086,0.1057,130.155,1.8716,12.0568,1512.13,0
2026-10-04 22:23:10,21.813,54.342,1009.663,0.1106,136.051,1.8111,12.0306,1516.52,0
2026-10-04 22:23:20,21.952,54.338,1012.227,0.1117,134.625,1.8006,12.0437,1500.75,0
2026-10-04 22:23:30,21.965,53.945,1011.391,0.1141,133.663,1.8124,12.0068,1509.24,0
2026-10-04 22:23:40,21.773,53.947,1011.434,0.1142,137.683,1.8427,12.0508,1524.55,0
2026-10-04 22:23:50,22.08,54.672,1012.093,0.1119,134.708,1.8334,12.0616,1506.53,0
2026-10-04 22:24:00,21.862,54.735,1009.891,0.0999,134.973,1.8119,11.9941,1489.0,0
2026-10-04 22:24:10,21.986,54.628,1010.793,0.1182,137.672,1.8299,11.9978,1516.81,0
2026-10-04 22:24:20,22.122,54.626,1010.876,0.1143,141.546,1.8205,12.0057,1500.5,0
2026-10-04 22:24:30,22.101,54.508,1011.558,0.1106,133.642,1.8102,12.0489,1519.99,0
2026-10-04 22:24:40,22.001,54.283,1010.551,0.1272,132.348,1.8059,12.0303,1505.63,0
2026-10-04 22:24:50,21.961,54.123,1010.192,0.1138,132.011,1.8167,12.024,1517.93,0
2026-10-04 22:25:00,22.125,54.81,1010.183,0.116,136.41,1.8021,12.0348,1512.37,0
2026-10-04 22:25:10,22.099,54.012,1011.832,0.1217,131.709,1.8139,12.0739,1523.99,0
2026-10-04 22:25:20,21.952,54.378,1010.505,0.1032,133.862,1.8105,11.9819,1518.7,0
2026-10-04 22:25:30,21.938,53.785,1010.635,0.1147,134.128,1.775,12.0177,1484.45,0
2026-10-04 22:25:40,21.792,53.851,1011.463,0.121,139.654,1.7976,11.9485,1475.67,0
2026-10-04 22:25:50,22.066,54.056,1010.527,0.1137,138.564,1.804,12.038,1502.38,0
2026-10-04 22:26:00,22.045,53.767,1009.82,0.1038,130.377,1.8565,12.0524,1512.31,0
2026-10-04 22:26:10,22.199,54.562,1009.903,0.1101,139.742,1.8056,12.0175,1492.15,0
2026-10-04 22:26:20,22.113,53.483,1010.968,0.1153,131.34,1.816,12.0415,1509.46,0
2026-10-04 22:26:30,22.237,54.201,1011.353,0.0967,135.471,1.8626,11.9867,1508.58,0
2026-10-04 22:26:40,22.0,54.211,1010.86,0.1025,132.487,1.7689,12.037,1501.18,0
2026-10-04 22:26:50,22.228,53.234,1011.3,0.1289,133.827,1.7696,12.0863,1492.5,0
2026-10-04 22:27:00,22.035,53.913,1009.867,0.1168,132.051,1.7881,12.0154,1486.47,0
2026-10-04 22:27:10,22.199,54.256,1009.912,0.1246,140.02,1.7988,12.0353,1538.7,0
2026-10-04 22:27:20,21.938,54.336,1012.568,0.1194,134.574,1.8009,12.01,1469.44,0
2026-10-04 22:27:30,22.149,54.014,1011.851,0.1154,135.672,1.7935,12.0291,1482.41,0
2026-10-04 22:27:40,21.89,54.449,1011.523,0.1096,131.779,1.775,12.0524,1539.74,0
2026-10-04 22:27:50,22.104,54.051,1010.521,0.1149,130.751,1.8298,12.0396,1484.98,0
2026-10-04 22:28:00,22.196,54.106,1010.813,0.1232,133.664,1.7937,12.022,1491.78,0
2026-10-04 22:28:10,22.088,54.22,1010.976,0.118,136.562,1.8342,12.0215,1510.16,0
2026-10-04 22:28:20,22.032,54.552,1011.894,0.1126,134.633,1.7788,11.9944,1506.91,0
2026-10-04 22:28:30,22.267,53.745,1011.253,0.1096,137.922,1.8528,12.0498,1506.07,0
2026-10-04 22:28:40,22.16,53.834,1011.337,0.1148,135.371,1.7617,12.0431,1521.6,0
2026-10-04 22:28:50,22.121,53.738,1010.848,0.1063,135.018,1.8026,11.9929,1484.53,0
2026-10-04 22:29:00,22.193,53.901,1011.518,0.1144,136.605,1.7776,12.0286,1501.26,0
2026-10-04 22:29:10,22.511,54.775,1011.172,0.1046,135.3,1.803,12.001,1497.56,0
2026-10-04 22:29:20,22.341,54.343,1010.988,0.1071,137.832,1.7772,12.0127,1484.92,0
2026-10-04 22:29:30,22.349,53.486,1010.434,0.1015,136.665,1.7476,12.0444,1499.39,0
2026-10-04 22:29:40,22.27,53.746,1010.872,0.106,137.733,1.7813,12.0488,1505.97,0
2026-10-04 22:29:50,22.245,54.227,1010.193,0.1039,137.149,1.8403,12.0417,1506.07,0
2026-10-04 22:30:00,21.945,53.582,1010.918,0.1227,139.081,1.775,12.0171,1513.06,0
2026-10-04 22:30:10,22.158,53.668,1011.006,0.1018,137.487,1.8123,12.0354,1496.15,0
2026-10-04 22:30:20,22.189,54.698,1009.258,0.1118,140.243,1.7993,12.0045,1481.37,0
2026-10-04 22:30:30,22.03,53.714,1010.777,0.101,133.376,1.7874,12.0426,1475.44,0
2026-10-04 22:30:40,22.123,54.493,1010.112,0.1087,137.504,1.8494,12.0233,1489.01,0
2026-10-04 22:30:50,22.032,54.638,1011.282,0.1105,130.857,1.79,12.0118,1475.37,0
2026-10-04 22:31:00,22.272,53.639,1011.376,0.0931,137.84,1.8017,12.0054,1484.72,0
2026-10-04 22:31:10,22.383,53.555,1010.629,0.0966,135.168,1.7992,12.0405,1477.38,0
2026-10-04 22:31:20,22.425,53.857,1011.309,0.0999,137.809,1.836,12.0201,1485.01,0
2026-10-04 22:31:30,22.349,53.446,1011.336,0.0969,140.037,1.7588,12.0112,1521.3,0
2026-10-04 22:31:40,22.191,54.046,1010.758,0.1079,137.401,1.8519,12.0111,1492.42,0
2026-10-04 22:31:50,22.083,53.878,1011.99,0.1089,133.759,1.8334,11.9923,1517.58,0
2026-10-04 22:32:00,22.111,54.157,1010.406,0.0983,131.733,1.8049,12.0275,1499.98,0
2026-10-04 22:32:10,22.177,54.67,1011.941,0.1076,136.604,1.81,12.0305,1484.09,0
2026-10-04 22:32:20,22.23,54.376,1010.751,0.103,134.138,1.7884,11.9862,1491.3,0
2026-10-04 22:32:30,22.325,54.207,1010.315,0.1054,136.986,1.7975,11.9963,1468.11,0
2026-10-04 22:32:40,22.23,52.975,1010.657,0.101,133.474,1.8038,11.9819,1487.62,0
2026-10-04 22:32:50,22.4,54.175,1010.131,0.1098,132.205,1.7702,12.0532,1472.64,0
2026-10-04 22:33:00,22.339,54.81,1011.447,0.1188,134.267,1.8305,12.0385,1500.99,0
2026-10-04 22:33:10,22.376,52.439,1009.773,0.1117,136.495,1.7977,12.0506,1485.21,0
2026-10-04 22:33:20,22.519,54.284,1011.865,0.1165,135.357,1.7952,12.0635,1486.89,0
2026-10-04 22:33:30,22.248,53.855,1010.234,0.0939,132.551,1.7695,12.0339,1484.89,0
2026-10-04 22:33:40,22.447,53.506,1011.472,0.0995,140.39,1.82,12.0214,1504.34,0
2026-10-04 22:33:50,22.403,54.327,1010.901,0.1093,134.572,1.7892,12.0277,1477.23,0
2026-10-04 22:34:00,22.372,54.777,1011.071,0.1167,128.201,1.7768,12.0067,1475.95,0
2026-10-04 22:34:10,22.525,54.305,1010.466,0.1096,137.783,1.7624,12.0026,1495.14,0
2026-10-04 22:34:20,22.532,53.728,1011.123,0.096,134.951,1.7851,12.0122,1506.0,0
2026-10-04 22:34:30,22.321,53.437,1010.968,0.1006,134.472,1.7595,12.0164,1494.39,0
2026-10-04 22:34:40,22.42,53.977,1009.85,0.1066,134.411,1.7969,11.9811,1521.93,0
2026-10-04 22:34:50,22.483,54.337,1010.194,0.1024,134.427,1.8072,11.9916,1474.82,0
2026-10-04 22:35:00,22.424,53.703,1010.487,0.0972,139.986,1.7776,11.9908,1456.04,0
2026-10-04 22:35:10,22.534,53.747,1010.334,0.1011,136.372,1.7929,11.9897,1495.55,0
2026-10-04 22:35:20,22.505,55.299,1011.737,0.1031,135.758,1.8171,12.0384,1485.65,0
2026-10-04 22:35:30,22.699,54.423,1010.862,0.0944,134.187,1.7819,12.014,1494.73,0
2026-10-04 22:35:40,22.303,54.455,1010.31,0.1108,140.159,1.7832,12.0175,1500.21,0
2026-10-04 22:35:50,22.479,53.146,1010.509,0.0992,137.501,1.7855,12.0319,1464.18,0
2026-10-04 22:36:00,22.392,53.519,1010.496,0.102,137.938,1.7739,12.0428,1482.47,0
2026-10-04 22:36:10,22.581,53.906,1010.645,0.1107,135.803,1.7758,12.0336,1495.26,0
2026-10-04 22:36:20,22.322,53.364,1010.092,0.1012,137.967,1.7649,12.0631,1490.0,0
2026-10-04 22:36:30,22.565,54.661,1010.272,0.1099,136.145,1.7945,12.0231,1483.23,0
2026-10-04 22:36:40,22.455,54.562,1011.376,0.0937,133.85,1.7815,12.027,1496.64,0
2026-10-04 22:36:50,22.45,53.586,1010.966,0.1052,136.07,1.7979,12.0069,1500.22,0
2026-10-04 22:37:00,22.372,54.741,1010.727,0.1083,141.251,1.808,11.9747,1454.2,0
2026-10-04 22:37:10,22.497,53.843,1010.833,0.0948,135.569,1.7558,12.024,1508.3,0
2026-10-04 22:37:20,22.691,55.137,1010.797,0.0999,138.766,1.7607,12.0436,1466.02,0
2026-10-04 22:37:30,22.565,53.911,1010.68,0.0999,138.528,1.7985,12.0034,1492.99,0
2026-10-04 22:37:40,22.651,54.123,1011.185,0.1027,136.64,1.7745,12.0091,1478.8,0
2026-10-04 22:37:50,22.782,54.531,1011.131,0.1047,139.92,1.7824,12.0459,1502.28,0
2026-10-04 22:38:00,22.622,54.466,1009.718,0.0934,128.429,1.7821,12.0206,1493.97,0
2026-10-04 22:38:10,22.53,54.079,1010.724,0.1001,129.436,1.7559,11.9987,1491.68,0
2026-10-04 22:38:20,22.661,53.75,1009.759,0.1132,140.126,1.7918,11.9978,1485.87,0
2026-10-04 22:38:30,22.547,54.074,1011.255,0.1087,132.998,1.785,12.0381,1474.17,0
2026-10-04 22:38:40,22.559,53.405,1011.345,0.1065,135.274,1.7531,12.0184,1467.07,0
2026-10-04 22:38:50,22.444,53.886,1010.378,0.0985,140.188,1.7738,12.018,1460.87,0
2026-10-04 22:39:00,22.745,53.252,1010.721,0.1169,135.532,1.7748,11.9871,1471.92,0
2026-10-04 22:39:10,22.595,52.913,1009.322,0.108,140.0,1.7958,12.0335,1494.68,0
2026-10-04 22:39:20,22.671,53.825,1011.479,0.0999,133.764,1.806,12.0474,1465.66,0
2026-10-04 22:39:30,22.532,54.428,1011.292,0.1013,136.774,1.7761,12.0125,1498.52,0
2026-10-04 22:39:40,22.716,54.257,1011.598,0.0957,135.098,1.7339,12.0317,1464.68,0
2026-10-04 22:39:50,22.579,53.75,1011.831,0.1024,139.392,1.7936,12.0113,1477.3,0
2026-10-04 22:40:00,22.661,54.661,1009.931,0.1039,134.133,1.83,12.0363,1486.22,0
2026-10-04 22:40:10,22.79,53.5,1011.407,0.1046,132.022,1.7926,12.0337,1494.54,0
2026-10-04 22:40:20,22.787,52.822,1011.818,0.0974,133.509,1.7674,12.0117,1473.33,0
2026-10-04 22:40:30,22.697,52.687,1009.734,0.087,133.64,1.7838,11.9681,1485.73,0
2026-10-04 22:40:40,22.494,53.184,1010.657,0.1006,132.965,1.7934,12.0013,1481.39,0
2026-10-04 22:40:50,23.073,54.18,1010.52,0.1042,132.837,1.7758,12.0299,1474.14,0
2026-10-04 22:41:00,22.931,53.452,1011.371,0.0906,138.266,1.8055,12.0433,1461.99,0
2026-10-04 22:41:10,22.815,53.997,1009.094,0.0976,139.121,1.7439,12.0061,1483.86,0
2026-10-04 22:41:20,22.645,54.586,1012.038,0.1089,136.07,1.7617,12.0548,1477.36,0
2026-10-04 22:41:30,22.729,53.21,1010.686,0.0885,132.949,1.7829,12.0585,1471.83,0
2026-10-04 22:41:40,22.684,53.997,1011.403,0.0957,133.136,1.7884,12.0386,1478.03,0
2026-10-04 22:41:50,22.908,54.024,1010.718,0.1098,128.666,1.7569,11.9927,1484.56,0
2026-10-04 22:42:00,22.795,53.322,1011.102,0.099,136.021,1.7588,12.0388,1450.48,0
2026-10-04 22:42:10,22.677,54.426,1009.13,0.0935,132.83,1.7531,12.0076,1467.16,0
2026-10-04 22:42:20,22.722,53.603,1010.483,0.0975,139.288,1.7507,12.0062,1460.43,0
2026-10-04 22:42:30,22.92,53.552,1011.343,0.1041,130.737,1.7819,12.0323,1461.24,0
2026-10-04 22:42:40,22.984,54.797,1010.949,0.0958,133.091,1.7676,12.0317,1462.57,0
2026-10-04 22:42:50,22.983,54.0,1009.599,0.1021,134.578,1.8006,12.0323,1490.56,0
2026-10-04 22:43:00,22.897,54.199,1010.785,0.0991,136.257,1.7404,12.0373,1478.76,0
2026-10-04 22:43:10,22.783,54.411,1010.167,0.0996,140.266,1.7634,12.0195,1456.94,0
2026-10-04 22:43:20,22.431,53.406,1010.103,0.1023,130.743,1.7853,11.9846,1475.91,0
2026-10-04 22:43:30,22.863,54.353,1009.67,0.0946,133.945,1.7751,12.0729,1479.22,0
2026-10-04 22:43:40,22.834,53.475,1011.165,0.0893,130.562,1.7387,12.011,1467.1,0
2026-10-04 22:43:50,22.858,53.451,1011.509,0.1006,137.213,1.7945,12.003,1452.85,0
2026-10-04 22:44:00,22.855,53.585,1012.211,0.0956,132.898,1.7677,11.9904,1455.51,0
2026-10-04 22:44:10,22.696,53.408,1009.693,0.093,134.525,1.8128,12.0245,1447.72,0
2026-10-04 22:44:20,22.929,54.127,1011.26,0.1007,134.315,1.7612,12.0216,1503.29,0
2026-10-04 22:44:30,22.945,53.848,1011.303,0.1067,135.176,1.7931,12.0177,1444.94,0
2026-10-04 22:44:40,22.958,53.466,1010.311,0.0951,134.355,1.7548,12.0581,1451.73,0
2026-10-04 22:44:50,22.996,54.047,1010.073,0.0964,131.904,1.7574,12.0371,1469.87,0
2026-10-04 22:45:00,22.962,53.57,1009.953,0.0868,135.07,1.7753,11.9952,1442.48,0
2026-10-04 22:45:10,22.847,53.541,1010.341,0.0944,132.428,1.72,12.0725,1452.19,0
2026-10-04 22:45:20,22.895,53.727,1010.85,0.0979,137.251,1.7116,11.9827,1470.97,0
2026-10-04 22:45:30,22.921,53.933,1011.657,0.0959,134.975,1.7448,12.0177,1471.97,0
2026-10-04 22:45:40,22.93,53.894,1011.477,0.0931,131.679,1.7288,12.0023,1474.74,0
2026-10-04 22:45:50,23.043,53.515,1009.57,0.1017,142.015,1.7045,12.0298,1479.0,0
2026-10-04 22:46:00,23.008,54.118,1010.146,0.0963,139.766,1.7791,12.0364,1467.34,0
2026-10-04 22:46:10,23.186,53.581,1011.605,0.1165,142.116,1.7404,12.0102,1457.28,0
2026-10-04 22:46:20,23.208,53.363,1010.182,0.0974,133.752,1.7512,12.0467,1474.15,0
2026-10-04 22:46:30,22.96,52.955,1010.651,0.0737,132.271,1.7628,12.0254,1487.82,0
2026-10-04 22:46:40,22.497,54.178,1009.495,0.0867,137.192,1.7716,12.057,1475.9,0
2026-10-04 22:46:50,23.112,53.691,1011.493,0.0998,138.092,1.7656,12.0436,1453.35,0
2026-10-04 22:47:00,22.905,53.788,1009.345,0.0904,135.353,1.7632,12.0086,1475.19,0
2026-10-04 22:47:10,22.881,54.204,1009.531,0.0908,128.447,1.7695,12.0468,1474.04,0
2026-10-04 22:47:20,22.936,53.441,1011.414,0.0855,131.81,1.7449,12.0042,1446.76,0
2026-10-04 22:47:30,22.937,52.99,1012.021,0.0916,136.016,1.7392,12.036,1461.49,0
2026-10-04 22:47:40,23.07,53.711,1010.471,0.0969,132.764,1.6987,12.0335,1473.16,0
2026-10-04 22:47:50,22.816,53.828,1010.639,0.0984,130.644,1.7722,12.0074,1481.75,0
2026-10-04 22:48:00,22.88,53.541,1011.305,0.0871,133.961,1.7387,11.9705,1454.3,0
2026-10-04 22:48:10,23.057,54.408,1010.87,0.1017,124.989,1.805,12.0572,1441.81,0
2026-10-04 22:48:20,23.097,52.426,1010.403,0.0857,132.914,1.7735,12.0308,1470.97,0
2026-10-04 22:48:30,23.106,54.228,1010.322,0.0987,133.441,1.7784,12.0208,1459.29,0
2026-10-04 22:48:40,22.941,54.062,1009.563,0.0979,135.646,1.7719,12.0207,1466.28,0
2026-10-04 22:48:50,22.925,53.893,1010.821,0.0877,136.352,1.7672,12.0446,1465.2,0
2026-10-04 22:49:00,22.988,51.995,1010.591,0.0867,135.837,1.7654,12.0749,1464.25,0
2026-10-04 22:49:10,23.084,54.303,1010.346,0.0982,137.391,1.7673,12.0428,1455.48,0
2026-10-04 22:49:20,23.239,53.147,1009.949,0.0906,134.19,1.7571,12.0294,1474.95,0
2026-10-04 22:49:30,22.822,53.405,1010.018,0.0935,130.322,1.7369,12.0273,1448.29,0
2026-10-04 22:49:40,23.047,53.572,1011.079,0.1005,134.816,1.7225,12.0293,1464.67,0
2026-10-04 22:49:50,22.92,53.859,1011.261,0.0989,132.051,1.7621,11.9951,1466.21,0
2026-10-04 22:50:00,22.888,53.974,1010.412,0.0877,130.602,1.7835,12.0348,1457.09,0
2026-10-04 22:50:10,23.209,54.099,1010.336,0.0946,136.404,1.7477,11.9874,1471.59,0
2026-10-04 22:50:20,23.164,54.06,1010.039,0.0875,130.423,1.7542,12.0312,1452.38,0
2026-10-04 22:50:30,23.159,53.777,1011.29,0.102,136.696,1.7171,12.0083,1493.48,0
2026-10-04 22:50:40,23.222,53.857,1010.654,0.1073,130.774,1.7383,12.0418,1462.24,0
2026-10-04 22:50:50,23.06,53.103,1010.887,0.0882,133.773,1.7186,12.0296,1476.94,0
2026-10-04 22:51:00,23.071,53.271,1010.878,0.0948,132.947,1.7199,12.0113,1471.35,0
2026-10-04 22:51:10,23.392,54.093,1010.41,0.1023,138.044,1.751,11.9948,1479.05,0
2026-10-04 22:51:20,23.106,54.063,1009.807,0.0952,136.41,1.7467,12.057,1458.68,0
2026-10-04 22:51:30,23.23,54.005,1009.923,0.0995,132.149,1.7675,12.0179,1473.94,0
2026-10-04 22:51:40,23.148,53.385,1011.408,0.0954,134.143,1.7666,12.0636,1478.53,0
2026-10-04 22:51:50,22.932,54.096,1010.108,0.0866,138.598,1.7252,11.9893,1460.68,0
2026-10-04 22:52:00,22.914,53.06,1010.326,0.096,139.083,1.6983,12.0137,1445.55,0
2026-10-04 22:52:10,23.096,54.178,1009.817,0.1041,130.491,1.7226,11.9638,1483.14,0
2026-10-04 22:52:20,23.298,53.508,1009.758,0.0976,138.54,1.7281,12.039,1455.64,0
2026-10-04 22:52:30,23.272,54.479,1010.068,0.1081,138.304,1.7593,12.041,1456.2,0
2026-10-04 22:52:40,23.293,52.876,1011.786,0.0809,135.115,1.7605,12.0049,1458.74,0
2026-10-04 22:52:50,23.071,54.517,1011.063,0.0982,134.301,1.7436,12.0037,1442.61,0
2026-10-04 22:53:00,23.389,53.454,1010.231,0.09,132.916,1.7629,12.0103,1459.12,0
2026-10-04 22:53:10,23.085,53.444,1011.356,0.0882,130.801,1.8081,12.014,1458.91,0
2026-10-04 22:53:20,23.232,53.73,1010.489,0.1059,135.571,1.7407,12.006,1453.2,0
2026-10-04 22:53:30,23.211,53.283,1011.541,0.0932,134.038,1.7375,12.047,1452.02,0
2026-10-04 22:53:40,23.197,53.595,1012.139,0.0925,135.846,1.7219,12.0083,1449.35,0
2026-10-04 22:53:50,23.384,53.262,1011.308,0.0981,135.912,1.7505,11.9726,1446.64,0
2026-10-04 22:54:00,23.145,53.279,1010.652,0.0781,142.082,1.7706,12.0136,1462.91,0
2026-10-04 22:54:10,23.073,53.872,1011.074,0.1062,138.112,1.7294,12.0072,1456.03,0
2026-10-04 22:54:20,23.243,53.178,1010.592,0.1107,136.156,1.7317,11.9873,1465.31,0
2026-10-04 22:54:30,23.198,53.244,1009.294,0.1028,128.098,1.7281,12.0247,1443.18,0
2026-10-04 22:54:40,23.657,52.941,1010.119,0.0988,135.679,1.712,11.9718,1467.59,0
2026-10-04 22:54:50,23.339,53.374,1009.909,0.0938,139.242,1.7437,12.0295,1463.71,0
2026-10-04 22:55:00,23.214,54.282,1010.099,0.087,133.208,1.7442,12.0192,1446.36,0
2026-10-04 22:55:10,23.142,53.202,1011.826,0.1052,141.054,1.7386,12.0059,1439.67,0
2026-10-04 22:55:20,23.048,53.259,1011.354,0.1031,136.107,1.7853,11.9914,1458.25,0
2026-10-04 22:55:30,23.156,53.721,1010.875,0.0994,135.352,1.7489,11.9834,1425.2,0
2026-10-04 22:55:40,23.299,53.438,1011.133,0.0985,131.489,1.7106,12.042,1442.43,0
2026-10-04 22:55:50,23.461,54.737,1009.237,0.0983,138.966,1.754,12.0125,1452.46,0
2026-10-04 22:56:00,23.43,53.542,1011.069,0.0918,131.956,1.7294,11.978,1445.74,0
2026-10-04 22:56:10,23.328,53.79,1011.215,0.116,132.747,1.7293,12.0197,1431.59,0
2026-10-04 22:56:20,23.267,54.094,1008.988,0.0938,128.79,1.7328,12.0132,1448.68,0
2026-10-04 22:56:30,23.344,54.084,1011.089,0.0927,137.115,1.7296,12.0553,1432.0,0
2026-10-04 22:56:40,23.254,53.738,1009.554,0.1052,136.182,1.7432,12.0097,1450.56,0
2026-10-04 22:56:50,23.528,53.54,1009.17,0.0961,134.442,1.7889,12.0445,1440.44,0
2026-10-04 22:57:00,23.304,54.633,1011.475,0.0962,136.625,1.7265,12.0146,1443.9,0
2026-10-04 22:57:10,23.322,53.57,1009.84,0.1078,136.335,1.7376,11.9905,1433.31,0
2026-10-04 22:57:20,23.072,53.399,1010.041,0.1019,133.293,1.7409,12.0318,1456.92,0
2026-10-04 22:57:30,23.319,53.297,1011.233,0.1024,132.028,1.7218,12.0505,1442.79,0
2026-10-04 22:57:40,23.448,52.756,1010.324,0.0853,129.229,1.7243,12.0427,1433.57,0
2026-10-04 22:57:50,23.225,54.03,1010.41,0.1,133.834,1.7588,12.0279,1442.5,0
2026-10-04 22:58:00,23.268,52.445,1010.392,0.0888,130.435,1.7208,12.045,1470.0,0
2026-10-04 22:58:10,23.458,53.616,1010.775,0.0933,134.84,1.711,12.0243,1448.66,0
2026-10-04 22:58:20,23.19,53.516,1010.371,0.0984,133.863,1.7775,12.0221,1459.44,0
2026-10-04 22:58:30,23.5,54.739,1010.607,0.0968,133.131,1.7024,11.9833,1418.8,0
2026-10-04 22:58:40,23.314,52.703,1010.173,0.1024,137.469,1.7543,12.0254,1439.68,0
2026-10-04 22:58:50,23.336,53.168,1010.769,0.1035,131.362,1.7268,12.0578,1427.31,0
2026-10-04 22:59:00,23.252,53.55,1010.741,0.1041,128.77,1.7011,11.9792,1434.18,0
2026-10-04 22:59:10,23.437,53.52,1011.847,0.0867,133.63,1.7218,11.9873,1430.14,0
2026-10-04 22:59:20,23.692,53.343,1010.25,0.1165,132.078,1.7252,12.0119,1460.65,0
2026-10-04 22:59:30,23.495,53.578,1010.386,0.0975,134.655,1.6897,11.9862,1451.73,0
2026-10-04 22:59:40,23.303,52.988,1010.68,0.1075,131.541,1.7408,12.0372,1429.31,0
2026-10-04 22:59:50,23.547,53.797,1011.185,0.0778,135.536,1.738,11.977,1433.34,0
2026-10-04 23:00:00,23.378,52.458,1009.744,0.0959,131.347,1.7208,12.0372,1445.42,0
2026-10-04 23:00:10,23.585,53.606,1010.579,0.0864,131.307,1.741,12.0453,1453.0,0
2026-10-04 23:00:20,23.522,53.318,1008.749,0.0913,136.099,1.7339,12.0366,1454.92,0
2026-10-04 23:00:30,23.076,54.127,1010.312,0.0987,134.102,1.7608,12.0207,1448.5,0
2026-10-04 23:00:40,23.314,54.496,1011.251,0.0957,130.672,1.7012,12.0336,1465.86,0
2026-10-04 23:00:50,23.552,53.453,1009.989,0.1091,131.369,1.7205,11.9913,1444.71,0
2026-10-04 23:01:00,23.461,54.314,1010.619,0.1128,133.098,1.7525,12.0267,1431.31,0
2026-10-04 23:01:10,23.325,53.461,1010.123,0.091,130.779,1.7406,12.0048,1425.43,0
2026-10-04 23:01:20,23.376,53.136,1009.89,0.095,133.336,1.6692,12.0425,1421.13,0
2026-10-04 23:01:30,23.228,54.493,1011.17,0.0908,133.433,1.6847,12.038,1418.84,0
2026-10-04 23:01:40,23.45,53.88,1009.756,0.1084,131.432,1.7261,12.0,1446.78,0
2026-10-04 23:01:50,23.73,53.622,1010.69,0.1005,136.124,1.7668,12.0291,1460.19,0
2026-10-04 23:02:00,23.566,53.964,1010.699,0.0996,131.104,1.7147,12.0301,1437.57,0
2026-10-04 23:02:10,23.737,53.758,1009.885,0.102,137.894,1.7414,12.0085,1463.09,0
2026-10-04 23:02:20,23.584,53.586,1010.588,0.0972,133.493,1.7269,12.0209,1435.75,0
2026-10-04 23:02:30,23.606,52.958,1009.823,0.0929,132.161,1.739,12.0331,1444.11,0
2026-10-04 23:02:40,23.723,53.486,1010.84,0.1003,135.749,1.7509,12.009,1410.95,0
2026-10-04 23:02:50,23.536,53.933,1009.553,0.0979,134.225,1.7474,11.9982,1446.54,0
2026-10-04 23:03:00,23.472,53.561,1010.233,0.103,136.393,1.7462,12.0261,1424.47,0
2026-10-04 23:03:10,23.623,54.074,1010.292,0.0873,128.101,1.7078,12.0575,1446.15,0
2026-10-04 23:03:20,23.677,53.815,1011.246,0.1019,135.646,1.7191,12.0166,1452.61,0
2026-10-04 23:03:30,23.449,53.184,1010.563,0.0951,132.529,1.7355,12.0117,1437.61,0
2026-10-04 23:03:40,23.424,52.964,1011.131,0.1019,134.19,1.7343,12.0007,1439.21,0
2026-10-04 23:03:50,23.532,53.546,1010.849,0.1081,133.804,1.7368,12.0492,1434.16,0
2026-10-04 23:04:00,23.619,53.363,1010.843,0.0966,138.099,1.6774,12.0424,1441.65,0
2026-10-04 23:04:10,23.618,53.793,1010.225,0.1107,128.469,1.7512,12.0169,1459.83,0
2026-10-04 23:04:20,23.356,53.267,1011.17,0.0874,138.883,1.6784,12.0009,1431.58,0
2026-10-04 23:04:30,23.76,53.318,1010.204,0.1138,136.151,1.7019,12.0007,1433.55,0
2026-10-04 23:04:40,23.457,54.153,1009.24,0.1115,134.479,1.7252,11.9992,1404.08,0
2026-10-04 23:04:50,23.506,53.701,1010.299,0.0947,129.712,1.7193,12.0083,1436.76,0
2026-10-04 23:05:00,23.433,53.276,1010.764,0.0949,128.988,1.7552,12.0066,1418.39,0
2026-10-04 23:05:10,23.869,53.637,1009.32,0.0901,132.311,1.6901,12.0022,1426.81,0
2026-10-04 23:05:20,23.578,54.318,1009.823,0.1096,135.89,1.71,12.0486,1436.62,0
2026-10-04 23:05:30,23.451,53.776,1009.58,0.0998,133.957,1.6695,12.0603,1404.89,0
2026-10-04 23:05:40,23.66,53.927,1010.99,0.0993,135.701,1.7218,11.9935,1435.79,0
2026-10-04 23:05:50,23.652,53.255,1011.608,0.0937,129.566,1.713,12.0065,1432.25,0
2026-10-04 23:06:00,23.541,54.144,1010.288,0.1174,134.08,1.6869,11.9971,1438.71,0
2026-10-04 23:06:10,23.668,54.791,1010.805,0.0953,137.223,1.7503,12.0287,1418.26,0
2026-10-04 23:06:20,23.472,53.237,1010.785,0.1034,138.283,1.7442,12.0123,1444.21,0
2026-10-04 23:06:30,23.515,53.042,1011.517,0.1051,130.156,1.7187,11.9951,1431.77,0
2026-10-04 23:06:40,23.336,53.722,1009.971,0.1004,132.852,1.7451,12.0622,1416.22,0
2026-10-04 23:06:50,23.422,54.072,1010.272,0.0989,132.876,1.714,12.0331,1406.02,0
2026-10-04 23:07:00,23.801,53.59,1010.185,0.1009,132.009,1.7339,11.9964,1418.11,0
2026-10-04 23:07:10,23.785,53.109,1010.474,0.1086,136.601,1.7373,12.0586,1438.98,0
2026-10-04 23:07:20,23.599,53.582,1012.173,0.1015,142.483,1.6887,11.9923,1432.28,0
2026-10-04 23:07:30,23.794,53.936,1010.439,0.1174,130.517,1.726,12.0363,1393.09,0
2026-10-04 23:07:40,23.578,53.435,1009.818,0.0984,135.122,1.7191,12.0815,1419.97,0
2026-10-04 23:07:50,23.572,53.943,1009.606,0.1108,134.725,1.689,12.0178,1426.52,0
2026-10-04 23:08:00,23.611,54.222,1011.289,0.0909,134.779,1.6823,12.0139,1452.97,0
2026-10-04 23:08:10,23.592,53.761,1009.809,0.0989,137.817,1.7264,12.0253,1443.32,0
2026-10-04 23:08:20,23.584,53.627,1010.873,0.0988,134.927,1.7066,12.0768,1421.01,0
2026-10-04 23:08:30,23.75,54.057,1009.931,0.0967,127.388,1.6768,12.0581,1426.09,0
2026-10-04 23:08:40,23.634,53.215,1009.518,0.1079,129.477,1.7276,12.0101,1402.62,0
2026-10-04 23:08:50,23.705,53.166,1010.826,0.105,130.576,1.7362,12.0288,1383.34,0
2026-10-04 23:09:00,23.746,53.511,1009.959,0.0878,131.521,1.6832,12.0443,1416.47,0
2026-10-04 23:09:10,23.672,53.399,1010.697,0.1222,133.337,1.7122,12.0105,1437.16,0
2026-10-04 23:09:20,23.512,53.244,1010.746,0.1078,133.101,1.7499,11.993,1424.52,0
2026-10-04 23:09:30,23.469,54.562,1010.777,0.1066,128.265,1.6889,12.0484,1410.25,0
2026-10-04 23:09:40,23.652,54.734,1010.205,0.1173,128.898,1.7541,12.0341,1434.86,0
2026-10-04 23:09:50,23.616,53.472,1010.872,0.1149,127.357,1.703,12.0294,1447.76,0
2026-10-04 23:10:00,23.65,53.695,1009.744,0.1048,129.041,1.7091,12.0491,1398.21,0
2026-10-04 23:10:10,23.64,53.557,1008.67,0.0918,136.666,1.6757,11.9928,1419.45,0
2026-10-04 23:10:20,23.955,54.205,1010.881,0.1121,132.87,1.6763,12.0157,1411.94,0
2026-10-04 23:10:30,23.488,54.305,1010.5,0.1001,130.813,1.6936,12.0875,1420.28,0
2026-10-04 23:10:40,23.412,52.765,1009.955,0.1179,127.908,1.7319,12.0357,1412.47,0
2026-10-04 23:10:50,23.693,53.892,1009.35,0.1019,130.611,1.7679,12.0373,1460.88,0
2026-10-04 23:11:00,23.611,53.002,1008.953,0.1047,135.46,1.7743,12.0243,1416.9,0
2026-10-04 23:11:10,23.696,54.535,1010.413,0.0978,135.055,1.7058,11.9756,1422.89,0
2026-10-04 23:11:20,23.731,53.877,1011.529,0.0987,132.859,1.6997,12.0012,1420.59,0
2026-10-04 23:11:30,23.817,53.246,1010.276,0.1081,132.805,1.6837,12.0445,1398.97,0
2026-10-04 23:11:40,23.485,53.538,1010.118,0.1075,128.281,1.7359,12.0082,1420.51,0
2026-10-04 23:11:50,23.602,53.515,1010.352,0.1055,131.255,1.6897,12.0175,1395.07,0
2026-10-04 23:12:00,23.722,53.923,1011.893,0.126,135.239,1.7016,12.0291,1443.9,0
2026-10-04 23:12:10,23.766,54.183,1010.892,0.1146,131.537,1.7197,11.9974,1430.09,0
2026-10-04 23:12:20,23.939,53.088,1009.71,0.1101,138.42,1.7183,11.9898,1407.59,0
2026-10-04 23:12:30,23.793,54.583,1010.382,0.0881,137.155,1.6915,12.0216,1413.43,0
2026-10-04 23:12:40,23.673,54.467,1010.593,0.117,132.166,1.7041,12.0127,1431.03,0
2026-10-04 23:12:50,23.576,53.228,1009.619,0.1345,132.72,1.6916,12.0277,1419.42,0
2026-10-04 23:13:00,23.617,53.703,1010.888,0.1093,140.174,1.6851,11.9862,1390.26,0
2026-10-04 23:13:10,23.616,54.523,1009.782,0.1045,136.035,1.6801,12.0087,1417.25,0
2026-10-04 23:13:20,23.768,54.285,1009.295,0.1125,133.693,1.6686,12.0393,1430.71,0
2026-10-04 23:13:30,23.722,53.501,1010.405,0.1,134.028,1.7142,12.0958,1379.12,0
2026-10-04 23:13:40,23.534,54.078,1010.292,0.1153,133.906,1.6989,12.0252,1415.9,0
2026-10-04 23:13:50,23.643,55.17,1010.347,0.1239,133.396,1.6763,12.039,1401.0,0
2026-10-04 23:14:00,23.803,53.725,1009.811,0.1067,130.223,1.6737,12.0345,1432.25,0
2026-10-04 23:14:10,23.742,53.357,1009.907,0.1072,132.217,1.6731,12.0296,1406.14,0
2026-10-04 23:14:20,23.77,53.761,1011.132,0.1119,129.104,1.6886,12.0394,1404.3,0
2026-10-04 23:14:30,23.749,53.799,1010.65,0.1087,135.575,1.7318,11.9984,1424.76,0
2026-10-04 23:14:40,23.9,53.414,1009.669,0.1008,132.991,1.6864,12.0135,1398.59,0
2026-10-04 23:14:50,23.735,53.899,1008.972,0.1101,135.703,1.7171,12.0287,1413.01,0
2026-10-04 23:15:00,23.663,53.052,1009.695,0.1087,129.542,1.7419,11.9984,1415.68,0
2026-10-04 23:15:10,23.601,53.347,1010.444,0.1245,137.619,1.7069,12.0334,1408.26,0
2026-10-04 23:15:20,23.743,54.06,1009.89,0.123,137.234,1.6833,11.9747,1391.32,0
2026-10-04 23:15:30,23.422,52.804,1009.834,0.1252,128.606,1.6999,12.0429,1397.51,0
2026-10-04 23:15:40,23.694,54.135,1009.916,0.1206,131.8,1.7009,12.0189,1408.33,0
2026-10-04 23:15:50,23.693,52.678,1010.276,0.1161,132.113,1.7449,12.0401,1381.59,0
2026-10-04 23:16:00,23.556,52.819,1010.875,0.1077,128.979,1.6582,12.0477,1410.99,0
2026-10-04 23:16:10,23.61,53.437,1010.323,0.1255,132.501,1.7291,12.0581,1405.47,0
2026-10-04 23:16:20,23.82,53.831,1010.365,0.1179,134.943,1.6574,12.0296,1417.72,0
2026-10-04 23:16:30,23.752,54.351,1010.163,0.1053,131.848,1.721,11.9796,1418.59,0
2026-10-04 23:16:40,23.738,53.718,1009.969,0.1082,128.106,1.6903,11.9789,1391.72,0
2026-10-04 23:16:50,23.764,53.567,1010.943,0.1056,135.549,1.7459,11.9914,1400.48,0
2026-10-04 23:17:00,23.74,53.981,1010.835,0.0996,130.844,1.7169,12.041,1394.07,0
2026-10-04 23:17:10,23.88,53.257,1011.745,0.1193,131.148,1.7142,11.9879,1399.81,0
2026-10-04 23:17:20,23.747,53.763,1010.739,0.1065,138.239,1.676,12.0173,1403.64,0
2026-10-04 23:17:30,23.558,53.095,1009.961,0.1106,134.372,1.7445,12.0126,1423.93,0
2026-10-04 23:17:40,23.93,53.737,1009.675,0.1172,130.743,1.7695,12.0322,1397.91,0
2026-10-04 23:17:50,23.781,53.632,1010.974,0.1156,129.59,1.7492,12.0412,1419.87,0
2026-10-04 23:18:00,23.667,53.296,1009.735,0.1116,136.042,1.6736,12.0257,1410.19,0
2026-10-04 23:18:10,23.588,53.781,1010.87,0.1297,135.823,1.6937,12.0434,1426.8,0
2026-10-04 23:18:20,23.788,53.779,1009.77,0.1055,131.599,1.6685,11.9959,1400.43,0
2026-10-04 23:18:30,23.727,54.289,1010.545,0.1061,129.33,1.6828,12.049,1393.25,0
2026-10-04 23:18:40,23.931,52.899,1009.557,0.1219,134.251,1.7049,12.0268,1407.33,0
2026-10-04 23:18:50,23.702,53.665,1010.843,0.1134,134.863,1.7158,12.0426,1380.79,0
2026-10-04 23:19:00,23.644,53.324,1009.432,0.1133,131.95,1.7107,12.0107,1406.98,0
2026-10-04 23:19:10,23.853,54.14,1010.485,0.1102,129.746,1.6541,11.9724,1412.83,0
2026-10-04 23:19:20,23.858,54.083,1010.153,0.1218,133.117,1.696,12.0404,1420.54,0
2026-10-04 23:19:30,23.768,53.961,1010.362,0.1211,134.415,1.7097,12.0202,1409.89,0
2026-10-04 23:19:40,23.83,53.356,1010.012,0.1205,131.555,1.7202,12.0539,1401.38,0
2026-10-04 23:19:50,23.746,54.152,1009.994,0.1151,133.789,1.707,12.0344,1432.36,0
2026-10-04 23:20:00,23.779,52.945,1010.394,0.114,134.073,1.7083,12.0977,1402.84,0
2026-10-04 23:20:10,23.892,52.843,1009.582,0.1189,136.414,1.6899,12.0557,1386.83,0
2026-10-04 23:20:20,23.828,53.074,1009.577,0.1282,131.702,1.7025,12.0178,1401.92,0
2026-10-04 23:20:30,23.734,53.696,1010.03,0.1332,129.533,1.7601,11.9845,1382.0,0
2026-10-04 23:20:40,23.917,54.052,1010.001,0.1298,132.736,1.7254,12.0023,1383.39,0
2026-10-04 23:20:50,23.472,52.227,1009.574,0.1252,137.987,1.7042,12.0007,1405.26,0
2026-10-04 23:21:00,24.003,54.378,1010.923,0.1292,127.622,1.7131,12.0112,1381.48,0
2026-10-04 23:21:10,23.553,53.783,1010.04,0.1121,125.959,1.6965,12.0212,1391.85,0
2026-10-04 23:21:20,23.683,52.934,1010.114,0.1161,132.56,1.6962,12.0323,1383.31,0
2026-10-04 23:21:30,23.754,53.77,1009.342,0.1262,131.733,1.718,12.0587,1402.68,0
2026-10-04 23:21:40,23.742,54.266,1011.72,0.1213,132.232,1.6791,12.0027,1389.63,0
2026-10-04 23:21:50,23.881,54.021,1011.967,0.1252,132.107,1.6906,11.9898,1408.03,0
2026-10-04 23:22:00,23.634,54.272,1009.72,0.1305,135.847,1.6594,12.0453,1406.55,0
2026-10-04 23:22:10,23.793,53.04,1011.123,0.1295,132.689,1.7129,12.0579,1379.96,0
2026-10-04 23:22:20,23.693,53.517,1010.199,0.1144,135.262,1.72,12.0124,1413.08,0
2026-10-04 23:22:30,23.798,53.263,1011.385,0.1235,125.357,1.7082,12.0508,1396.43,0
2026-10-04 23:22:40,23.755,54.585,1010.496,0.1162,131.189,1.687,12.044,1380.38,0
2026-10-04 23:22:50,23.775,54.046,1010.329,0.1176,130.316,1.6916,11.9821,1404.09,0
2026-10-04 23:23:00,23.698,55.151,1008.508,0.1103,125.894,1.6962,12.009,1424.65,0
2026-10-04 23:23:10,23.704,53.495,1009.641,0.1253,133.045,1.7197,12.013,1395.03,0
2026-10-04 23:23:20,23.8,53.367,1010.269,0.1102,132.42,1.7181,12.0747,1373.0,0
2026-10-04 23:23:30,23.879,53.659,1010.392,0.1278,131.306,1.6561,12.0378,1411.32,0
2026-10-04 23:23:40,23.694,54.42,1009.401,0.1358,132.315,1.6698,12.0125,1420.85,0
2026-10-04 23:23:50,23.662,53.549,1009.74,0.1294,132.989,1.7025,12.0078,1380.77,0
2026-10-04 23:24:00,23.84,53.795,1010.636,0.1258,135.704,1.658,11.986,1384.78,0
2026-10-04 23:24:10,23.763,53.782,1009.278,0.1378,134.578,1.7142,12.052,1397.0,0
2026-10-04 23:24:20,23.867,53.755,1010.339,0.1284,133.622,1.6842,12.0353,1367.21,0
2026-10-04 23:24:30,23.659,53.409,1011.11,0.1191,139.544,1.7086,12.0409,1427.2,0
2026-10-04 23:24:40,23.554,53.668,1010.512,0.1272,130.484,1.6916,11.9934,1394.96,0
2026-10-04 23:24:50,23.704,53.647,1010.476,0.1421,128.515,1.6881,12.044,1396.1,0
2026-10-04 23:25:00,23.676,53.734,1008.825,0.1179,136.103,1.6632,12.0197,1400.6,0
2026-10-04 23:25:10,23.759,54.211,1009.662,0.1158,138.166,1.6765,12.0075,1391.12,0
2026-10-04 23:25:20,23.692,54.62,1011.674,0.132,130.646,1.6872,12.0386,1387.02,0
2026-10-04 23:25:30,23.858,53.32,1009.815,0.1255,136.671,1.6862,11.9958,1380.39,0
2026-10-04 23:25:40,23.734,53.545,1011.119,0.1233,130.922,1.7078,12.0303,1376.59,0
2026-10-04 23:25:50,23.787,53.33,1009.804,0.1177,134.263,1.6735,12.0193,1400.12,0
2026-10-04 23:26:00,23.788,53.836,1010.036,0.1123,134.415,1.6886,12.0528,1414.08,0
2026-10-04 23:26:10,23.793,53.475,1010.59,0.1165,130.586,1.7268,12.0484,1407.8,0
2026-10-04 23:26:20,23.766,53.864,1010.298,0.1413,138.005,1.7096,12.0284,1388.98,0
2026-10-04 23:26:30,23.831,54.297,1010.493,0.1285,138.335,1.6915,12.0332,1390.19,0
2026-10-04 23:26:40,23.674,52.483,1009.652,0.1131,129.372,1.6523,12.0412,1417.12,0
2026-10-04 23:26:50,23.937,53.992,1009.428,0.1385,133.024,1.6542,12.0261,1380.63,0
2026-10-04 23:27:00,23.741,53.517,1009.602,0.1391,135.15,1.7044,12.0059,1367.35,0
2026-10-04 23:27:10,23.612,53.978,1009.848,0.1392,126.744,1.7068,12.0144,1395.92,0
2026-10-04 23:27:20,23.792,53.3,1010.059,0.1262,132.455,1.6395,11.996,1404.7,0
2026-10-04 23:27:30,23.667,54.347,1010.944,0.1277,127.402,1.7055,12.0497,1354.36,0
2026-10-04 23:27:40,23.849,54.207,1010.277,0.1311,134.349,1.6738,12.0366,1397.43,0
2026-10-04 23:27:50,24.034,54.035,1010.554,0.1414,132.59,1.6775,12.0161,1374.3,0
2026-10-04 23:28:00,23.674,54.148,1010.313,0.126,131.196,1.7097,12.0087,1369.72,0
2026-10-04 23:28:10,23.808,53.379,1009.431,0.1246,127.602,1.7057,12.0328,1386.44,0
2026-10-04 23:28:20,23.557,53.443,1010.223,0.1364,130.491,1.6848,11.9916,1373.23,0
2026-10-04 23:28:30,23.822,54.129,1010.301,0.1407,133.83,1.7043,12.0003,1363.77,0
2026-10-04 23:28:40,23.661,53.37,1010.74,0.1308,132.134,1.6779,12.0266,1391.73,0
2026-10-04 23:28:50,23.692,54.477,1009.459,0.1368,135.82,1.6671,12.0881,1389.22,0
2026-10-04 23:29:00,23.635,53.593,1008.777,0.1325,135.61,1.7182,12.0385,1363.89,0
2026-10-04 23:29:10,23.854,54.006,1010.327,0.1298,135.468,1.7197,12.0319,1368.34,0
2026-10-04 23:29:20,23.887,54.805,1010.45,0.1254,130.583,1.6703,11.9981,1396.2,0
2026-10-04 23:29:30,23.768,53.403,1010.075,0.123,133.066,1.6729,12.0041,1396.93,0
2026-10-04 23:29:40,23.662,53.791,1010.219,0.1275,129.27,1.7084,12.0614,1349.1,0
2026-10-04 23:29:50,23.956,54.284,1010.813,0.1248,128.371,1.6687,12.016,1369.62,0
2026-10-04 23:30:00,23.674,54.233,1009.876,0.1351,135.681,1.7059,12.0294,1387.12,0
2026-10-04 23:30:10,23.505,53.594,1010.001,0.1428,128.56,1.6601,12.0425,1394.49,0
2026-10-04 23:30:20,23.818,53.5,1010.25,0.1348,128.223,1.6785,12.0173,1394.1,0
2026-10-04 23:30:30,23.63,53.642,1009.339,0.126,132.405,1.71,12.0151,1396.77,0
2026-10-04 23:30:40,23.881,54.483,1010.085,0.1404,131.261,1.6611,11.9848,1376.71,0
2026-10-04 23:30:50,23.716,53.62,1010.146,0.1361,131.505,1.6705,11.9976,1389.97,0
2026-10-04 23:31:00,23.834,53.799,1011.335,0.1379,138.959,1.6945,12.0427,1381.19,0
2026-10-04 23:31:10,23.929,53.547,1009.979,0.13,129.043,1.64,12.0172,1378.48,0
2026-10-04 23:31:20,23.615,54.113,1010.326,0.1434,133.496,1.6867,12.0449,1364.01,0
2026-10-04 23:31:30,23.692,53.839,1010.828,0.1435,132.255,1.7138,11.9886,1390.94,0
2026-10-04 23:31:40,23.75,53.26,1009.598,0.1332,135.008,1.7063,12.0486,1361.54,0
2026-10-04 23:31:50,23.943,53.277,1011.146,0.1406,129.606,1.6833,12.0274,1368.52,0
2026-10-04 23:32:00,23.679,52.762,1011.416,0.1439,131.275,1.6849,11.9917,1396.17,0
2026-10-04 23:32:10,23.686,53.346,1010.16,0.1315,132.275,1.7216,12.0568,1383.19,0
2026-10-04 23:32:20,23.814,54.159,1009.801,0.1348,127.615,1.7185,11.9935,1401.25,0
2026-10-04 23:32:30,23.687,54.424,1011.316,0.1362,126.484,1.6817,12.0557,1380.23,0
2026-10-04 23:32:40,23.773,54.105,1010.733,0.127,131.822,1.6682,12.028,1376.75,0
2026-10-04 23:32:50,23.568,54.04,1010.232,0.1395,135.881,1.7053,12.0065,1402.09,0
2026-10-04 23:33:00,24.019,53.7,1011.172,0.1443,130.796,1.712,12.0752,1378.69,0
2026-10-04 23:33:10,23.591,54.151,1011.097,0.1351,131.191,1.7181,12.0392,1388.72,0
2026-10-04 23:33:20,23.713,53.906,1009.936,0.1392,135.272,1.6982,12.0595,1381.87,0
2026-10-04 23:33:30,23.747,54.665,1010.344,0.1478,131.358,1.6746,12.04,1385.92,0
2026-10-04 23:33:40,23.98,53.714,1010.572,0.1335,134.119,1.6416,12.0238,1380.61,0
2026-10-04 23:33:50,23.591,54.435,1010.187,0.1398,139.771,1.7317,12.0076,1396.91,0
2026-10-04 23:34:00,23.987,54.2,1009.192,0.1326,130.024,1.7232,12.0249,1384.57,0
2026-10-04 23:34:10,23.839,54.131,1009.508,0.1325,131.208,1.6639,12.0336,1378.38,0
2026-10-04 23:34:20,23.797,52.758,1009.213,0.1402,132.911,1.6877,12.05,1386.99,0
2026-10-04 23:34:30,23.628,54.228,1010.507,0.1395,136.181,1.6774,12.0198,1359.78,0
2026-10-04 23:34:40,23.814,53.7,1009.332,0.1422,131.345,1.6845,12.0426,1398.01,0
2026-10-04 23:34:50,23.658,53.541,1010.295,0.1385,133.861,1.6727,12.0718,1360.04,0
2026-10-04 23:35:00,23.896,53.022,1011.441,0.1418,132.701,1.6999,12.0339,1372.5,0
2026-10-04 23:35:10,23.626,53.76,1011.157,0.1515,131.424,1.6542,11.981,1375.49,0
2026-10-04 23:35:20,23.728,53.78,1008.87,0.1469,130.363,1.6726,12.0313,1385.84,0
2026-10-04 23:35:30,23.674,53.111,1009.26,0.1412,129.78,1.7042,12.0278,1406.22,0
2026-10-04 23:35:40,23.621,53.026,1009.61,0.1427,140.788,1.6329,12.0271,1397.21,0
2026-10-04 23:35:50,23.828,54.006,1009.334,0.1364,126.951,1.6899,11.9904,1359.49,0
2026-10-04 23:36:00,23.802,54.198,1008.994,0.1377,127.219,1.6684,12.0373,1368.11,0
2026-10-04 23:36:10,23.882,53.857,1010.143,0.1431,132.275,1.7224,12.0172,1360.23,0
2026-10-04 23:36:20,23.522,54.337,1010.643,0.14,132.134,1.6902,12.0279,1361.56,0
2026-10-04 23:36:30,23.863,53.718,1010.816,0.1457,132.787,1.6622,12.0543,1372.03,0
2026-10-04 23:36:40,32.035,53.734,1009.815,0.3997,128.867,1.7181,12.0104,1400.36,1
2026-10-04 23:36:50,23.679,53.302,1009.955,0.1389,128.394,1.6823,12.0282,1376.87,0
2026-10-04 23:37:00,23.959,52.98,1010.393,0.1237,130.6,1.685,12.0258,1378.65,0
2026-10-04 23:37:10,23.699,54.687,1010.067,0.1562,134.163,1.7038,12.0268,1383.65,0
2026-10-04 23:37:20,23.565,54.325,1010.71,0.1349,128.37,1.6664,12.02,1365.96,0
2026-10-04 23:37:30,23.692,53.063,1010.442,0.1418,131.859,1.7177,12.0214,1378.83,0
2026-10-04 23:37:40,23.853,53.837,1009.877,0.1462,129.852,1.6958,12.0731,1383.44,0
2026-10-04 23:37:50,23.626,53.708,1008.839,0.1518,126.799,1.6653,12.0207,1416.46,0
2026-10-04 23:38:00,23.653,53.621,1011.187,0.1551,127.511,1.6705,12.0382,1393.28,0
2026-10-04 23:38:10,23.795,53.553,1009.656,0.1378,134.069,1.6498,12.0341,1403.95,0
2026-10-04 23:38:20,23.723,53.947,1010.386,0.1504,129.509,1.6889,12.0334,1379.54,0
2026-10-04 23:38:30,23.792,54.165,1008.793,0.1426,135.035,1.6767,12.0437,1386.88,0
2026-10-04 23:38:40,23.749,53.957,1010.125,0.1631,131.174,1.6889,12.0159,1382.72,0
2026-10-04 23:38:50,23.777,53.695,1010.202,0.15,127.165,1.6385,12.0669,1351.81,0
2026-10-04 23:39:00,23.667,53.676,1010.235,0.1399,132.683,1.6678,12.0089,1341.56,0
2026-10-04 23:39:10,23.745,54.222,1012.24,0.1351,128.83,1.6563,12.0279,1361.47,0
2026-10-04 23:39:20,23.605,53.985,1009.687,0.1206,130.086,1.6932,12.0024,1396.85,0
2026-10-04 23:39:30,23.87,53.789,1010.702,0.1471,134.598,1.6658,12.0546,1372.12,0
2026-10-04 23:39:40,23.638,53.734,1010.493,0.1499,127.313,1.6925,12.0092,1389.58,0
2026-10-04 23:39:50,23.848,53.923,1009.65,0.1479,129.816,1.6674,12.0513,1397.33,0
2026-10-04 23:40:00,23.683,53.516,1010.688,0.1232,127.897,1.7213,12.0391,1358.37,0
2026-10-04 23:40:10,23.734,54.16,1010.008,0.1321,127.559,1.6819,12.0369,1399.61,0
2026-10-04 23:40:20,23.65,53.21,1010.735,0.1461,129.692,1.7035,12.0605,1359.89,0
2026-10-04 23:40:30,23.586,53.542,1011.494,0.1566,128.522,1.6777,12.0176,1374.1,0
2026-10-04 23:40:40,23.497,54.052,1010.226,0.142,130.255,1.7036,12.0695,1360.86,0
2026-10-04 23:40:50,23.579,53.179,1009.922,0.1513,132.976,1.6611,12.0233,1380.47,0
2026-10-04 23:41:00,23.665,52.958,1010.854,0.1343,128.789,1.6794,12.0438,1374.35,0
2026-10-04 23:41:10,23.728,53.775,1011.095,0.1444,126.619,1.6688,12.0283,1388.6,0
2026-10-04 23:41:20,23.823,52.894,1009.498,0.1406,132.93,1.7271,12.0486,1391.51,0
2026-10-04 23:41:30,23.647,53.092,1009.798,0.1524,128.715,1.6506,12.0082,1400.08,0
2026-10-04 23:41:40,23.593,54.119,1010.587,0.1387,136.454,1.732,12.036,1387.53,0
2026-10-04 23:41:50,23.525,53.637,1010.02,0.1565,129.725,1.6459,12.0339,1388.34,0
2026-10-04 23:42:00,23.754,54.381,1009.444,0.1407,130.527,1.6986,12.0445,1369.27,0
2026-10-04 23:42:10,23.861,53.135,1010.489,0.1347,124.004,1.6647,12.0438,1373.2,0
2026-10-04 23:42:20,23.846,53.689,1010.58,0.135,127.413,1.6866,12.0122,1380.45,0
2026-10-04 23:42:30,23.778,53.935,1009.875,0.1384,124.043,1.6759,12.0665,1357.01,0
2026-10-04 23:42:40,23.768,53.148,1010.151,0.1464,131.745,1.6594,12.0325,1392.34,0
2026-10-04 23:42:50,23.894,54.248,1009.703,0.1387,130.599,1.6821,12.0523,1373.37,0
2026-10-04 23:43:00,23.729,53.986,1009.339,0.1371,132.717,1.6697,12.0026,1378.17,0
2026-10-04 23:43:10,23.765,52.925,1009.757,0.1508,133.23,1.6944,12.0238,1352.36,0
2026-10-04 23:43:20,23.648,53.709,1010.156,0.1181,133.675,1.6549,12.0613,1369.56,0
2026-10-04 23:43:30,23.522,53.92,1009.07,0.1404,130.097,1.6919,12.0753,1387.84,0
2026-10-04 23:43:40,23.602,53.431,1009.805,0.1332,131.01,1.7016,12.0451,1381.08,0
2026-10-04 23:43:50,23.682,52.984,1010.162,0.137,132.472,1.6773,12.0324,1387.12,0
2026-10-04 23:44:00,23.689,53.862,1010.936,0.146,128.333,1.647,12.0081,1369.5,0
2026-10-04 23:44:10,23.911,54.827,1009.88,0.1425,127.885,1.7233,12.0547,1376.38,0
2026-10-04 23:44:20,23.689,53.526,1009.226,0.1418,135.301,1.6917,12.0426,1372.78,0
2026-10-04 23:44:30,23.819,54.503,1009.95,0.1537,125.243,1.662,11.9762,1384.2,0
2026-10-04 23:44:40,23.624,53.34,1009.7,0.1442,132.144,1.6923,11.9918,1378.04,0
2026-10-04 23:44:50,23.638,53.823,1010.482,0.1588,131.649,1.6381,12.0439,1368.28,0
2026-10-04 23:45:00,23.514,54.099,1009.858,0.1501,127.237,1.7094,12.0145,1335.51,0
2026-10-04 23:45:10,23.583,53.707,1008.196,0.1367,128.585,1.7331,12.0094,1376.37,0
2026-10-04 23:45:20,23.734,53.561,1012.677,0.1599,129.499,1.7006,12.0329,1348.54,0
2026-10-04 23:45:30,23.671,54.071,1010.191,0.1467,131.201,1.6549,12.0442,1383.95,0
2026-10-04 23:45:40,23.782,54.652,1010.153,0.1595,131.587,1.6303,12.0714,1385.99,0
2026-10-04 23:45:50,23.689,53.855,1009.011,0.1425,130.421,1.7141,12.0153,1339.15,0
2026-10-04 23:46:00,23.624,53.445,1009.064,0.1468,131.06,1.6763,12.0468,1377.81,0
2026-10-04 23:46:10,23.923,53.606,1010.023,0.1481,132.455,1.6703,12.0103,1377.35,0
2026-10-04 23:46:20,23.652,54.959,1010.322,0.1434,132.297,1.7092,12.0237,1378.77,0
2026-10-04 23:46:30,23.802,53.765,1010.577,0.1549,135.042,1.6653,12.0409,1354.55,0
2026-10-04 23:46:40,23.613,53.398,1010.251,0.1602,133.549,1.6991,12.0326,1380.1,0
2026-10-04 23:46:50,23.745,53.121,1009.254,0.1265,130.454,1.6807,12.0022,1353.97,0
2026-10-04 23:47:00,23.77,52.778,1008.33,0.1513,132.304,1.6863,12.0493,1383.12,0
2026-10-04 23:47:10,23.682,53.871,1010.012,0.1377,131.635,1.7209,12.0551,1379.19,0
2026-10-04 23:47:20,23.373,54.014,1009.708,0.1241,130.838,1.6679,12.0957,1367.65,0
2026-10-04 23:47:30,23.657,53.487,1009.197,0.149,127.72,1.6657,12.0423,1378.89,0
2026-10-04 23:47:40,23.801,53.675,1010.659,0.1491,130.793,1.6751,12.0412,1358.23,0
2026-10-04 23:47:50,23.715,53.095,1008.976,0.1504,124.092,1.6501,12.0446,1363.97,0
2026-10-04 23:48:00,23.704,53.745,1010.51,0.1479,133.485,1.7036,12.003,1389.73,0
2026-10-04 23:48:10,23.443,53.917,1009.09,0.152,131.3,1.7004,12.0048,1389.06,0
2026-10-04 23:48:20,23.562,53.406,1010.17,0.1402,129.752,1.6801,12.0352,1355.65,0
2026-10-04 23:48:30,23.697,54.517,1010.729,0.1471,128.949,1.6572,11.98,1362.75,0
2026-10-04 23:48:40,23.695,53.251,1009.838,0.1506,132.155,1.6117,12.0092,1363.63,0
2026-10-04 23:48:50,23.791,53.809,1011.257,0.1558,135.685,1.6595,12.0252,1372.82,0
2026-10-04 23:49:00,23.626,54.089,1011.416,0.1453,131.278,1.6746,12.0629,1369.81,0
2026-10-04 23:49:10,23.691,53.623,1010.238,0.1433,135.841,1.633,12.0443,1391.13,0
2026-10-04 23:49:20,23.643,53.565,1010.45,0.1446,132.468,1.7429,12.0,1394.69,0
2026-10-04 23:49:30,23.522,52.943,1010.813,0.1354,127.679,1.6909,12.037,1398.66,0
2026-10-04 23:49:40,23.368,54.333,1010.451,0.1511,131.539,1.6942,12.0527,1403.94,0
2026-10-04 23:49:50,23.689,53.567,1010.375,0.1333,131.227,1.6769,12.0561,1347.78,0
2026-10-04 23:50:00,23.657,53.918,1009.701,0.1481,127.619,1.6991,12.0645,1368.58,0
2026-10-04 23:50:10,23.561,53.983,1008.886,0.1456,128.794,1.6732,12.0684,1360.95,0
2026-10-04 23:50:20,23.44,53.33,1009.094,0.1325,128.715,1.6767,12.0528,1357.83,0
2026-10-04 23:50:30,23.709,53.543,1011.733,0.133,130.279,1.7159,12.0509,1392.37,0
2026-10-04 23:50:40,23.6,54.306,1010.291,0.1381,129.119,1.7083,12.0446,1377.49,0
2026-10-04 23:50:50,23.698,53.077,1009.892,0.1421,130.745,1.6806,12.06,1347.28,0
2026-10-04 23:51:00,23.853,54.697,1010.948,0.1567,131.212,1.7315,12.0193,1409.97,0
2026-10-04 23:51:10,23.372,53.258,1009.538,0.144,133.703,1.6789,12.034,1343.78,0
2026-10-04 23:51:20,23.544,53.037,1010.47,0.1492,131.528,1.6684,12.0217,1365.65,0
2026-10-04 23:51:30,23.601,53.69,1010.115,0.1549,127.755,1.6843,12.0502,1372.23,0
2026-10-04 23:51:40,23.8,54.725,1010.382,0.1534,136.174,1.6887,12.033,1353.89,0
2026-10-04 23:51:50,23.428,52.663,1009.824,0.1447,127.735,1.6514,12.0649,1379.06,0
2026-10-04 23:52:00,23.856,53.545,1009.384,0.1391,128.639,1.6935,12.041,1361.5,0
2026-10-04 23:52:10,23.639,53.85,1009.482,0.1487,131.574,1.7342,12.0664,1383.06,0
2026-10-04 23:52:20,23.61,53.626,1009.509,0.1392,138.448,1.7052,11.9871,1376.66,0
2026-10-04 23:52:30,23.596,53.797,1010.055,0.1591,130.946,1.6981,12.022,1333.07,0
2026-10-04 23:52:40,23.567,53.244,1008.967,0.1515,127.797,1.6936,12.0636,1347.34,0
2026-10-04 23:52:50,23.744,53.3,1009.182,0.1462,124.784,1.6567,12.0407,1383.28,0
2026-10-04 23:53:00,23.489,53.522,1010.149,0.1486,124.564,1.6568,12.0667,1376.57,0
2026-10-04 23:53:10,23.658,53.028,1009.964,0.1458,129.695,1.6858,12.0467,1355.08,0
2026-10-04 23:53:20,23.569,53.567,1010.186,0.1414,131.276,1.6711,12.0172,1360.4,0
2026-10-04 23:53:30,23.523,53.392,1010.021,0.1483,125.362,1.6457,12.0855,1369.09,0
2026-10-04 23:53:40,23.924,53.348,1011.815,0.1423,130.268,1.6732,12.0242,1339.99,0
2026-10-04 23:53:50,23.663,53.74,1010.14,0.1597,125.641,1.6933,12.0222,1404.41,0
2026-10-04 23:54:00,23.685,52.666,1009.785,0.1386,126.788,1.6966,12.0615,1355.6,0
2026-10-04 23:54:10,23.747,53.458,1010.12,0.1482,131.436,1.6614,12.0183,1370.74,0
2026-10-04 23:54:20,23.439,54.728,1010.763,0.1378,127.278,1.6811,12.0089,1395.31,0
2026-10-04 23:54:30,23.819,53.022,1010.014,0.1376,133.431,1.6927,12.0221,1367.47,0
2026-10-04 23:54:40,23.307,54.205,1010.527,0.1296,127.727,1.6507,12.062,1375.03,0
2026-10-04 23:54:50,23.515,53.586,1010.324,0.1471,132.788,1.6632,12.0951,1355.83,0
2026-10-04 23:55:00,23.551,53.253,1009.843,0.1395,136.235,1.6823,12.0418,1361.93,0
2026-10-04 23:55:10,23.675,52.891,1010.123,0.1524,127.182,1.66,12.0237,1356.26,0
2026-10-04 23:55:20,23.631,53.617,1011.164,0.1469,136.797,1.6746,12.0728,1389.31,0
2026-10-04 23:55:30,23.584,54.27,1010.215,0.1447,129.419,1.7453,12.0266,1360.09,0
2026-10-04 23:55:40,23.602,53.345,1009.353,0.1322,127.46,1.6453,12.031,1358.94,0
2026-10-04 23:55:50,23.485,53.495,1009.819,0.1481,128.45,1.7187,12.0527,1357.15,0
2026-10-04 23:56:00,23.422,54.037,1008.562,0.138,128.107,1.6917,12.0709,1375.79,0
2026-10-04 23:56:10,23.688,53.698,1010.138,0.1318,133.502,1.6527,12.0443,1378.77,0
2026-10-04 23:56:20,23.683,52.738,1010.96,0.1466,133.23,1.7003,12.0337,1340.07,0
2026-10-04 23:56:30,23.789,53.569,1009.102,0.133,133.173,1.6845,12.1008,1371.04,0
2026-10-04 23:56:40,23.504,54.272,1010.145,0.1263,125.337,1.7137,12.0261,1374.54,0
2026-10-04 23:56:50,23.681,53.493,1010.729,0.1533,129.782,1.7002,12.029,1391.09,0
2026-10-04 23:57:00,23.563,52.137,1010.803,0.1383,124.545,1.6887,12.0334,1351.65,0
2026-10-04 23:57:10,23.74,53.697,1010.934,0.1288,132.206,1.6762,12.057,1353.18,0
2026-10-04 23:57:20,23.719,53.4,1008.73,0.1349,127.701,1.7132,12.0316,1379.62,0
2026-10-04 23:57:30,23.621,52.58,1010.39,0.1368,130.641,1.6743,12.0639,1369.08,0
2026-10-04 23:57:40,23.554,52.651,1008.982,0.1516,127.605,1.6492,12.0423,1390.68,0
2026-10-04 23:57:50,23.71,53.974,1009.337,0.129,123.822,1.6369,12.0357,1386.52,0
2026-10-04 23:58:00,23.671,53.116,1010.61,0.1315,131.724,1.6535,12.0297,1374.2,0
2026-10-04 23:58:10,23.511,53.024,1010.145,0.15,131.935,1.7046,12.0433,1369.02,0
2026-10-04 23:58:20,23.433,53.455,1010.542,0.1384,129.445,1.6756,12.0552,1367.66,0
2026-10-04 23:58:30,23.558,53.147,1009.383,0.1437,122.672,1.6655,12.0433,1369.58,0
2026-10-04 23:58:40,23.774,53.514,1011.064,0.1379,131.236,1.674,12.0501,1370.95,0
2026-10-04 23:58:50,23.729,53.358,1010.514,0.1579,126.752,1.7057,12.025,1391.37,0
2026-10-04 23:59:00,23.457,52.855,1010.654,0.1313,130.493,1.701,12.0266,1339.5,0
2026-10-04 23:59:10,23.45,53.195,1009.275,0.1437,127.451,1.6893,12.0445,1363.78,0
2026-10-04 23:59:20,23.743,53.667,1010.851,0.1534,127.737,1.6704,12.0477,1373.16,0
2026-10-04 23:59:30,23.453,53.462,1009.809,0.1382,130.373,1.6757,12.0461,1361.06,0
2026-10-04 23:59:40,23.65,53.395,1009.602,0.1351,126.396,1.6823,12.0302,1365.83,0
2026-10-04 23:59:50,23.515,54.4,1010.467,0.1471,128.338,1.6634,12.0469,1363.52,0
2026-10-05 00:00:00,23.783,53.792,1010.437,0.1489,130.346,1.6831,12.0459,1389.71,0
2026-10-05 00:00:10,23.496,53.848,1009.435,0.1343,135.295,1.6623,12.0423,1363.83,0
2026-10-05 00:00:20,23.725,53.334,1011.467,0.1523,128.551,1.6953,12.0292,1359.39,0
2026-10-05 00:00:30,23.61,53.522,1011.297,0.1409,131.272,1.6982,12.0586,1381.94,0
2026-10-05 00:00:40,23.618,53.191,1010.45,0.1444,125.216,1.7143,12.0454,1362.23,0
2026-10-05 00:00:50,23.351,53.791,1010.327,0.1521,133.794,1.693,12.0271,1367.76,0
2026-10-05 00:01:00,23.323,53.342,1010.256,0.1462,126.265,1.6924,12.0428,1353.71,0
2026-10-05 00:01:10,23.56,53.503,1008.94,0.14,128.271,1.6659,12.0315,1364.25,0
2026-10-05 00:01:20,23.616,53.467,1010.104,0.1344,130.18,1.6858,12.0463,1369.85,0
2026-10-05 00:01:30,23.452,53.372,1010.094,0.1614,126.285,1.6615,12.0821,1351.43,0
2026-10-05 00:01:40,23.456,54.845,1009.62,0.1332,131.846,1.6446,12.0502,1368.94,0
2026-10-05 00:01:50,23.654,53.038,1009.807,0.142,126.597,1.6808,12.0516,1378.17,0
2026-10-05 00:02:00,23.654,53.028,1008.356,0.1433,131.053,1.6749,12.0823,1340.64,0
2026-10-05 00:02:10,23.57,53.707,1009.254,0.1436,131.742,1.703,12.0536,1360.77,0
2026-10-05 00:02:20,23.68,53.057,1010.667,0.156,130.253,1.6638,12.0578,1408.9,0
2026-10-05 00:02:30,23.445,53.204,1011.233,0.1392,130.621,1.7583,12.0507,1367.56,0
2026-10-05 00:02:40,23.543,52.801,1009.361,0.1379,136.067,1.6761,12.0376,1387.76,0
2026-10-05 00:02:50,23.784,53.584,1010.148,0.1509,129.703,1.6865,12.0585,1370.3,0
2026-10-05 00:03:00,23.594,53.585,1010.789,0.1373,128.761,1.6743,12.09,1365.81,0
2026-10-05 00:03:10,23.602,53.17,1009.655,0.1452,129.418,1.708,12.0146,1384.81,0
2026-10-05 00:03:20,23.863,53.679,1010.493,0.1396,132.202,1.6834,12.0363,1388.81,0
2026-10-05 00:03:30,23.419,52.387,1009.995,0.1453,135.354,1.6644,12.0265,1357.52,0
2026-10-05 00:03:40,23.682,52.957,1010.852,0.1436,127.845,1.6432,12.0294,1354.49,0
2026-10-05 00:03:50,23.787,53.22,1009.12,0.1344,125.586,1.7036,12.0787,1350.49,0
2026-10-05 00:04:00,23.548,52.713,1009.244,0.1227,131.789,1.7056,12.0443,1357.89,0
2026-10-05 00:04:10,23.691,52.419,1010.213,0.1239,124.19,1.6981,12.0664,1388.16,0
2026-10-05 00:04:20,23.47,53.133,1010.084,0.1224,129.03,1.6843,12.0318,1371.64,0
2026-10-05 00:04:30,23.505,53.628,1009.977,0.1362,129.149,1.6819,12.0325,1388.99,0
2026-10-05 00:04:40,23.634,53.916,1010.419,0.118,127.891,1.7095,12.0233,1355.79,0
2026-10-05 00:04:50,23.684,52.996,1009.364,0.1353,128.046,1.6877,12.085,1356.31,0
2026-10-05 00:05:00,23.723,53.63,1009.057,0.1375,123.212,1.7185,12.0684,1365.53,0
2026-10-05 00:05:10,23.778,53.576,1009.665,0.1431,125.543,1.6881,12.0229,1375.93,0
2026-10-05 00:05:20,23.582,53.861,1009.743,0.1401,130.937,1.6873,12.0778,1369.45,0
2026-10-05 00:05:30,23.733,53.07,1009.815,0.1432,121.98,1.7002,12.0429,1382.08,0
2026-10-05 00:05:40,23.549,52.34,1010.902,0.1391,127.824,1.7259,12.0609,1377.89,0
2026-10-05 00:05:50,23.699,53.268,1010.553,0.133,127.122,1.7207,12.0508,1379.06,0
2026-10-05 00:06:00,23.616,52.72,1010.386,0.1346,122.06,1.6902,12.0139,1382.09,0
2026-10-05 00:06:10,23.645,52.858,1010.168,0.1284,133.092,1.6823,12.0292,1388.33,0
2026-10-05 00:06:20,23.643,53.063,1009.708,0.1369,124.902,1.6616,12.0839,1335.06,0
2026-10-05 00:06:30,23.401,53.038,1009.414,0.1222,129.618,1.7093,12.0737,1371.85,0
2026-10-05 00:06:40,23.459,53.272,1009.174,0.1432,126.542,1.6475,12.0248,1384.75,0
2026-10-05 00:06:50,23.607,53.546,1009.525,0.1269,125.392,1.735,12.0556,1410.05,0
2026-10-05 00:07:00,23.393,53.004,1009.981,0.1356,127.196,1.7136,12.0452,1370.77,0
2026-10-05 00:07:10,23.695,53.379,1009.202,0.1367,126.813,1.6741,12.0793,1339.39,0
2026-10-05 00:07:20,23.701,53.182,1010.129,0.1433,127.3,1.7237,12.0457,1393.81,0
2026-10-05 00:07:30,23.636,53.636,1009.874,0.1203,125.477,1.7068,12.0318,1354.25,0
2026-10-05 00:07:40,23.463,53.067,1009.732,0.131,124.773,1.705,12.0695,1379.51,0
2026-10-05 00:07:50,23.764,53.116,1010.822,0.1378,130.806,1.6868,12.081,1380.75,0
2026-10-05 00:08:00,23.844,52.961,1008.287,0.1472,127.791,1.7075,12.0612,1374.66,0
2026-10-05 00:08:10,23.618,53.06,1009.74,0.1327,127.567,1.6584,12.0658,1340.85,0
2026-10-05 00:08:20,23.663,52.743,1008.362,0.1281,125.051,1.6956,12.0218,1367.5,0
2026-10-05 00:08:30,23.626,52.686,1010.175,0.1488,132.426,1.6772,12.0198,1349.49,0
2026-10-05 00:08:40,23.667,53.509,1010.541,0.1389,127.418,1.6872,12.0181,1379.94,0
2026-10-05 00:08:50,23.59,52.572,1009.062,0.1432,121.971,1.6774,12.0783,1359.95,0
2026-10-05 00:09:00,23.601,52.947,1009.151,0.1224,128.463,1.6789,12.0425,1341.46,0
2026-10-05 00:09:10,23.715,53.608,1008.818,0.136,125.32,1.7273,12.073,1384.09,0
2026-10-05 00:09:20,23.889,52.917,1010.051,0.123,130.323,1.6594,12.0374,1354.5,0
2026-10-05 00:09:30,23.44,53.5,1009.768,0.121,130.683,1.7057,12.0522,1375.63,0
2026-10-05 00:09:40,23.597,52.783,1009.811,0.1359,130.314,1.6674,12.0326,1362.66,0
2026-10-05 00:09:50,23.469,52.546,1009.749,0.1363,126.138,1.7289,12.0447,1386.83,0
2026-10-05 00:10:00,23.803,52.267,1009.324,0.127,127.161,1.7068,12.0102,1386.31,0
2026-10-05 00:10:10,23.542,53.713,1010.798,0.1421,128.223,1.6612,12.0452,1377.59,0
2026-10-05 00:10:20,23.441,52.481,1010.196,0.1275,130.133,1.7049,12.0431,1372.51,0
2026-10-05 00:10:30,23.692,53.416,1009.176,0.1281,124.319,1.6793,12.011,1367.62,0
2026-10-05 00:10:40,23.826,52.535,1009.515,0.1297,127.689,1.7026,12.0641,1356.27,0
2026-10-05 00:10:50,23.698,53.686,1009.394,0.1279,132.99,1.6639,12.068,1365.63,0
2026-10-05 00:11:00,23.644,54.123,1010.989,0.1398,125.757,1.7281,12.0372,1381.74,0
2026-10-05 00:11:10,23.67,52.169,1010.502,0.1211,127.263,1.6476,12.0238,1403.99,0
2026-10-05 00:11:20,23.792,52.463,1009.916,0.1232,135.158,1.6776,12.0973,1383.35,0
2026-10-05 00:11:30,23.519,53.384,1011.199,0.1195,126.571,1.671,12.0606,1385.63,0
2026-10-05 00:11:40,23.612,53.246,1011.02,0.1439,122.656,1.7077,11.9948,1373.4,0
2026-10-05 00:11:50,23.572,53.371,1009.842,0.126,127.077,1.6861,12.0438,1383.03,0
2026-10-05 00:12:00,23.488,52.688,1009.716,0.1222,132.245,1.6941,12.0383,1343.04,0
2026-10-05 00:12:10,23.59,53.96,1009.75,0.1259,130.373,1.6829,12.0366,1364.55,0
2026-10-05 00:12:20,23.764,53.018,1009.336,0.1347,124.241,1.6649,12.0822,1386.05,0
2026-10-05 00:12:30,23.701,52.343,1011.217,0.133,128.404,1.6936,12.0614,1386.44,0
2026-10-05 00:12:40,23.712,52.817,1009.298,0.1229,126.607,1.667,12.0711,1367.59,0
2026-10-05 00:12:50,23.654,52.333,1010.61,0.1241,129.547,1.654,12.0519,1356.24,0
2026-10-05 00:13:00,23.701,53.723,1010.486,0.1154,125.242,1.7157,12.0768,1374.93,0
2026-10-05 00:13:10,23.543,52.589,1009.789,0.128,128.549,1.6693,12.0463,1369.6,0
2026-10-05 00:13:20,23.604,53.158,1011.269,0.1369,132.773,1.7369,12.0615,1390.36,0
2026-10-05 00:13:30,23.666,52.668,1008.911,0.1218,119.182,1.7362,12.0681,1386.93,0
2026-10-05 00:13:40,23.678,52.587,1009.946,0.1313,128.774,1.7231,12.0404,1399.75,0
2026-10-05 00:13:50,23.685,51.932,1009.659,0.1213,130.93,1.6728,12.0037,1393.3,0
2026-10-05 00:14:00,23.632,53.178,1010.674,0.117,122.28,1.7545,12.014,1372.67,0
2026-10-05 00:14:10,23.605,53.52,1010.249,0.131,124.764,1.6429,12.1142,1382.15,0
2026-10-05 00:14:20,24.031,52.404,1008.792,0.1441,125.722,1.6799,12.0728,1407.57,0
2026-10-05 00:14:30,23.763,52.081,1010.869,0.1295,124.687,1.723,12.0742,1371.19,0
2026-10-05 00:14:40,23.706,53.247,1010.341,0.1216,124.439,1.7213,12.0924,1379.95,0
2026-10-05 00:14:50,23.631,52.014,1009.276,0.1219,125.709,1.6845,12.0289,1377.41,0
2026-10-05 00:15:00,23.606,53.439,1009.756,0.1397,129.365,1.6833,12.039,1377.86,0
2026-10-05 00:15:10,23.647,52.368,1009.091,0.1267,131.249,1.6978,12.0297,1364.65,0
2026-10-05 00:15:20,23.7,52.26,1009.881,0.1179,130.671,1.7012,12.1163,1397.53,0
2026-10-05 00:15:30,23.441,52.928,1010.106,0.1233,129.721,1.6919,12.0326,1364.29,0
2026-10-05 00:15:40,23.481,52.276,1009.766,0.1253,132.213,1.7454,12.0891,1406.07,0
2026-10-05 00:15:50,23.595,52.433,1009.685,0.1271,132.787,1.6871,12.0414,1402.92,0
2026-10-05 00:16:00,23.699,52.955,1008.872,0.1352,127.168,1.7411,12.0601,1382.26,0
2026-10-05 00:16:10,23.647,51.554,1010.236,0.1331,130.939,1.7148,12.0899,1378.73,0
2026-10-05 00:16:20,23.856,53.581,1008.653,0.1243,127.894,1.7304,12.0654,1367.14,0
2026-10-05 00:16:30,23.503,52.773,1010.022,0.1221,125.95,1.6678,12.0551,1380.01,0
2026-10-05 00:16:40,23.593,52.096,1008.741,0.1254,126.426,1.7311,12.1153,1395.31,0
2026-10-05 00:16:50,23.868,52.225,1010.036,0.1172,129.59,1.7305,12.0129,1369.0,0
2026-10-05 00:17:00,23.704,53.221,1009.996,0.1296,130.925,1.6893,12.0352,1401.43,0
2026-10-05 00:17:10,23.797,53.016,1010.282,0.1199,128.246,1.7274,12.0512,1394.95,0
2026-10-05 00:17:20,23.939,53.4,1010.604,0.1253,125.293,1.6695,12.0852,1378.14,0
2026-10-05 00:17:30,23.612,52.357,1010.733,0.1348,124.989,1.6949,12.0467,1391.84,0
2026-10-05 00:17:40,23.686,52.837,1008.873,0.1253,120.874,1.7362,12.0836,1366.37,0
2026-10-05 00:17:50,23.668,52.893,1009.959,0.1225,127.493,1.7027,12.0165,1378.68,0
2026-10-05 00:18:00,23.469,53.018,1011.408,0.1163,127.265,1.7009,12.0884,1413.64,0
2026-10-05 00:18:10,23.669,53.225,1010.083,0.1196,123.229,1.7429,12.0822,1398.46,0
2026-10-05 00:18:20,23.815,52.294,1009.418,0.1109,127.759,1.6592,12.0331,1388.19,0
2026-10-05 00:18:30,23.777,52.586,1009.944,0.124,127.685,1.7039,12.0593,1381.92,0
2026-10-05 00:18:40,23.789,52.329,1009.731,0.1025,121.841,1.707,12.0536,1379.94,0
2026-10-05 00:18:50,23.672,52.598,1009.177,0.1271,125.303,1.689,12.0717,1380.79,0
2026-10-05 00:19:00,23.641,52.964,1010.608,0.125,130.471,1.7435,12.0896,1369.79,0
2026-10-05 00:19:10,23.875,51.779,1010.409,0.1197,124.321,1.6867,12.0437,1391.35,0
2026-10-05 00:19:20,23.666,53.151,1009.066,0.1144,126.249,1.6873,12.0701,1397.41,0
2026-10-05 00:19:30,23.764,52.017,1009.935,0.1183,126.654,1.6482,12.0672,1378.14,0
2026-10-05 00:19:40,23.751,52.424,1009.604,0.104,126.07,1.738,12.0643,1389.11,0
2026-10-05 00:19:50,23.91,53.19,1008.879,0.1246,128.191,1.7023,12.0977,1371.36,0
2026-10-05 00:20:00,23.855,52.722,1009.01,0.1164,128.907,1.7026,12.0655,1381.45,0
2026-10-05 00:20:10,23.586,52.719,1009.114,0.1297,129.871,1.7058,12.0312,1369.94,0
2026-10-05 00:20:20,23.602,51.949,1009.959,0.1204,125.113,1.7412,12.0802,1379.41,0
2026-10-05 00:20:30,23.817,52.007,1009.68,0.1189,127.601,1.752,12.1019,1384.79,0
2026-10-05 00:20:40,23.743,52.99,1009.329,0.1201,128.525,1.6686,12.0655,1392.25,0
2026-10-05 00:20:50,23.699,52.215,1009.726,0.1088,125.626,1.7007,12.096,1374.18,0
2026-10-05 00:21:00,23.879,52.253,1010.524,0.1128,123.8,1.6841,12.0519,1390.69,0
2026-10-05 00:21:10,23.783,52.972,1010.25,0.1173,126.364,1.7072,12.0728,1369.39,0
2026-10-05 00:21:20,23.77,51.955,1010.702,0.1136,124.092,1.7108,12.0236,1388.68,0
2026-10-05 00:21:30,23.861,52.605,1009.841,0.1111,123.772,1.6704,12.0475,1417.28,0
2026-10-05 00:21:40,23.725,52.482,1011.123,0.1133,126.521,1.7229,12.0672,1378.74,0
2026-10-05 00:21:50,23.962,52.449,1010.245,0.1157,125.272,1.7027,12.0798,1364.49,0
2026-10-05 00:22:00,23.683,52.181,1009.659,0.1336,126.339,1.7338,12.0741,1398.14,0
2026-10-05 00:22:10,23.859,52.141,1010.066,0.1123,121.135,1.7153,12.0954,1389.18,0
2026-10-05 00:22:20,23.956,51.881,1009.128,0.1092,125.238,1.6719,12.0253,1391.96,0
2026-10-05 00:22:30,23.622,52.652,1009.787,0.1132,118.959,1.7305,12.1004,1404.36,0
2026-10-05 00:22:40,23.75,52.066,1010.303,0.1262,122.58,1.6819,12.046,1374.82,0
2026-10-05 00:22:50,23.932,52.874,1010.43,0.1266,125.425,1.685,12.0333,1375.46,0
2026-10-05 00:23:00,23.937,52.268,1009.715,0.1294,129.307,1.7081,12.0901,1394.04,0
2026-10-05 00:23:10,23.782,51.84,1011.916,0.1141,127.254,1.7092,12.0365,1401.67,0
2026-10-05 00:23:20,23.718,52.24,1009.882,0.1185,125.89,1.6728,12.0998,1389.84,0
2026-10-05 00:23:30,23.924,52.143,1008.827,0.1047,124.465,1.7132,12.01,1385.41,0
2026-10-05 00:23:40,23.956,52.843,1010.852,0.1101,124.819,1.715,12.0458,1391.53,0
2026-10-05 00:23:50,23.678,52.144,1010.428,0.1038,129.464,1.7143,12.0868,1397.89,0
2026-10-05 00:24:00,23.677,52.18,1010.165,0.1163,122.203,1.6757,12.0818,1365.38,0
2026-10-05 00:24:10,23.852,53.013,1009.677,0.1126,123.321,1.7218,11.9993,1372.45,0
2026-10-05 00:24:20,23.904,52.551,1010.278,0.1139,128.673,1.734,12.0487,1386.18,0
2026-10-05 00:24:30,23.797,53.118,1011.137,0.1051,124.417,1.6851,12.0226,1398.07,0
2026-10-05 00:24:40,23.918,52.905,1010.145,0.1184,131.242,1.6922,12.0691,1420.51,0
2026-10-05 00:24:50,23.756,51.821,1008.975,0.0922,127.472,1.7391,12.0671,1386.45,0
2026-10-05 00:25:00,23.591,52.749,1007.586,0.1092,128.84,1.7592,12.0597,1392.04,0
2026-10-05 00:25:10,23.798,53.006,1010.273,0.1102,120.474,1.7159,12.0634,1378.6,0
2026-10-05 00:25:20,23.861,52.999,1009.314,0.0946,128.505,1.7091,12.0387,1398.65,0
2026-10-05 00:25:30,23.824,52.716,1009.935,0.1137,122.754,1.7256,12.048,1372.54,0
2026-10-05 00:25:40,23.722,52.695,1009.438,0.109,127.425,1.7549,12.0932,1389.05,0
2026-10-05 00:25:50,23.648,52.049,1009.388,0.1147,124.162,1.7,12.0545,1375.19,0
2026-10-05 00:26:00,23.808,51.771,1009.469,0.126,125.897,1.7095,12.0526,1357.97,0
2026-10-05 00:26:10,23.982,52.003,1009.533,0.1124,121.885,1.7092,12.0955,1430.29,0
2026-10-05 00:26:20,24.029,51.336,1010.549,0.1173,120.018,1.6868,12.0377,1402.13,0
2026-10-05 00:26:30,24.025,52.828,1010.407,0.1204,125.607,1.7439,12.1043,1402.46,0
2026-10-05 00:26:40,23.789,52.004,1009.16,0.1131,124.249,1.7294,12.1066,1404.18,0
2026-10-05 00:26:50,23.753,52.781,1009.256,0.102,122.424,1.6728,12.0422,1412.15,0
2026-10-05 00:27:00,23.956,51.508,1010.272,0.0956,120.035,1.7232,12.0908,1393.43,0
2026-10-05 00:27:10,23.977,52.654,1010.743,0.1115,117.031,1.7654,12.0139,1404.25,0
2026-10-05 00:27:20,23.953,51.854,1010.733,0.1051,126.602,1.731,12.0706,1383.95,0
2026-10-05 00:27:30,23.668,51.448,1009.305,0.1184,124.242,1.7646,12.043,1389.1,0
2026-10-05 00:27:40,23.81,52.893,1010.7,0.1042,123.171,1.7108,12.081,1368.89,0
2026-10-05 00:27:50,23.915,52.622,1008.764,0.1076,125.596,1.7493,12.0764,1395.17,0
2026-10-05 00:28:00,23.982,52.163,1009.866,0.0983,127.976,1.7583,12.0618,1384.43,0
2026-10-05 00:28:10,24.02,52.063,1010.349,0.1046,125.717,1.724,12.0415,1390.61,0
2026-10-05 00:28:20,23.95,52.254,1008.553,0.0996,123.554,1.7158,12.0919,1405.28,0
2026-10-05 00:28:30,23.977,52.12,1011.474,0.1002,131.256,1.754,12.0684,1397.61,0
2026-10-05 00:28:40,23.952,51.615,1010.938,0.1064,122.927,1.7403,12.0516,1408.76,0
2026-10-05 00:28:50,24.029,51.794,1010.462,0.1017,120.58,1.751,12.0566,1384.69,0
2026-10-05 00:29:00,23.989,52.969,1009.334,0.1274,125.084,1.7378,12.0672,1399.52,0
2026-10-05 00:29:10,23.964,53.313,1009.962,0.1129,123.993,1.7258,12.0673,1384.43,0
2026-10-05 00:29:20,23.929,52.747,1010.564,0.1147,127.576,1.7259,12.0777,1391.63,0
2026-10-05 00:29:30,23.976,52.193,1009.225,0.105,123.131,1.7196,12.094,1389.91,0
2026-10-05 00:29:40,24.029,51.774,1009.885,0.1065,124.19,1.7388,12.0964,1379.54,0
2026-10-05 00:29:50,24.008,51.532,1010.649,0.1021,122.063,1.7247,12.0647,1388.8,0
2026-10-05 00:30:00,24.027,51.553,1008.965,0.1263,127.058,1.7358,12.0812,1403.9,0
2026-10-05 00:30:10,24.147,51.631,1010.245,0.1043,125.041,1.71,12.0657,1381.74,0
2026-10-05 00:30:20,24.023,52.972,1008.784,0.1001,123.76,1.7089,12.1012,1385.77,0
2026-10-05 00:30:30,23.919,52.788,1009.352,0.0987,124.111,1.7451,12.0677,1414.63,0
2026-10-05 00:30:40,24.108,52.246,1009.66,0.1073,124.472,1.7405,12.0742,1417.49,0
2026-10-05 00:30:50,23.843,51.381,1010.373,0.1158,120.199,1.7204,12.0707,1408.95,0
2026-10-05 00:31:00,23.882,52.296,1009.523,0.1129,127.974,1.7659,12.083,1422.34,0
2026-10-05 00:31:10,24.058,51.718,1010.102,0.098,127.773,1.7113,12.0874,1417.44,0
2026-10-05 00:31:20,24.084,50.749,1009.533,0.0976,124.558,1.7431,12.1064,1395.89,0
2026-10-05 00:31:30,23.878,51.957,1009.643,0.1137,124.212,1.744,12.1022,1427.31,0
2026-10-05 00:31:40,23.987,51.381,1010.891,0.1204,121.396,1.7342,12.0732,1421.12,0
2026-10-05 00:31:50,23.966,51.386,1009.21,0.1022,129.543,1.7649,12.0712,1396.89,0
2026-10-05 00:32:00,23.985,51.652,1010.547,0.1129,128.792,1.7743,12.0668,1402.0,0
2026-10-05 00:32:10,24.162,51.516,1010.016,0.0913,125.494,1.7052,12.0978,1388.56,0
2026-10-05 00:32:20,24.139,51.736,1009.614,0.0961,126.745,1.6774,12.0789,1397.31,0
2026-10-05 00:32:30,24.058,51.7,1009.165,0.0946,127.952,1.7224,12.1344,1375.69,0
2026-10-05 00:32:40,24.0,50.791,1009.215,0.1059,127.318,1.7104,12.0715,1390.47,0
2026-10-05 00:32:50,23.909,52.477,1009.501,0.101,121.641,1.7244,12.1113,1411.43,0
2026-10-05 00:33:00,24.247,51.213,1009.913,0.1041,123.251,1.7812,12.1116,1384.42,0
2026-10-05 00:33:10,24.153,51.217,1010.441,0.1118,125.564,1.8035,12.1111,1395.35,0
2026-10-05 00:33:20,24.003,51.516,1009.809,0.0967,124.745,1.7127,12.0655,1408.69,0
2026-10-05 00:33:30,24.18,51.614,1009.856,0.1025,126.369,1.7424,12.0717,1396.23,0
2026-10-05 00:33:40,24.091,52.386,1009.961,0.0909,126.015,1.7422,12.07,1418.11,0
2026-10-05 00:33:50,24.07,51.779,1010.354,0.1108,124.8,1.7461,12.111,1419.05,0
2026-10-05 00:34:00,24.163,51.915,1010.472,0.1101,116.223,1.7036,12.0631,1392.1,0
2026-10-05 00:34:10,24.027,51.757,1009.05,0.1041,127.527,1.7691,12.06,1395.08,0
2026-10-05 00:34:20,24.081,51.723,1009.824,0.102,126.5,1.7611,12.092,1402.57,0
2026-10-05 00:34:30,24.143,51.749,1010.881,0.0968,130.166,1.7269,12.0416,1392.19,0
2026-10-05 00:34:40,24.074,50.616,1009.101,0.0896,122.5,1.77,12.0942,1426.94,0
2026-10-05 00:34:50,24.22,51.445,1010.075,0.103,118.379,1.7036,12.0466,1396.52,0
2026-10-05 00:35:00,24.37,52.138,1009.904,0.1065,123.341,1.6977,12.065,1416.64,0
2026-10-05 00:35:10,24.061,53.516,1009.627,0.1165,125.227,1.747,12.1043,1380.79,0
2026-10-05 00:35:20,23.958,50.93,1011.138,0.097,122.506,1.7515,12.0617,1391.93,0
2026-10-05 00:35:30,23.923,51.731,1010.051,0.1022,127.922,1.737,12.0834,1387.51,0
2026-10-05 00:35:40,24.151,51.221,1011.083,0.1088,121.801,1.7691,12.1061,1385.41,0
2026-10-05 00:35:50,24.096,52.518,1010.03,0.1089,123.453,1.7254,12.0476,1396.6,0
2026-10-05 00:36:00,24.206,50.805,1010.349,0.0947,122.992,1.7723,12.0806,1410.13,0
2026-10-05 00:36:10,24.204,51.782,1009.623,0.0973,132.028,1.7623,12.0926,1427.9,0
2026-10-05 00:36:20,24.001,50.753,1009.631,0.0952,120.961,1.7895,12.0411,1402.14,0
2026-10-05 00:36:30,23.982,51.284,1010.315,0.092,125.405,1.699,12.0508,1406.68,0
2026-10-05 00:36:40,24.242,51.414,1010.328,0.1109,120.025,1.7315,12.1173,1410.82,0
2026-10-05 00:36:50,24.228,51.953,1010.448,0.0995,124.632,1.7214,12.0484,1395.08,0
2026-10-05 00:37:00,24.167,50.867,1010.293,0.0983,120.715,1.7638,12.0685,1405.93,0
2026-10-05 00:37:10,24.026,51.724,1009.095,0.1008,126.852,1.7841,12.027,1437.88,0
2026-10-05 00:37:20,24.288,51.389,1009.466,0.0991,126.252,1.7358,12.0579,1412.67,0
2026-10-05 00:37:30,24.39,51.503,1010.626,0.0968,124.316,1.7605,12.0971,1438.44,0
2026-10-05 00:37:40,24.277,51.833,1008.661,0.0923,119.302,1.782,12.1018,1407.78,0
2026-10-05 00:37:50,24.148,50.7,1010.237,0.1108,123.291,1.7544,12.0978,1398.4,0
2026-10-05 00:38:00,24.262,51.734,1009.955,0.0936,122.513,1.7642,12.0773,1423.64,0
2026-10-05 00:38:10,24.099,51.031,1010.628,0.0906,125.891,1.6974,12.0514,1427.23,0
2026-10-05 00:38:20,24.396,51.85,1010.326,0.0973,120.667,1.7865,12.0888,1401.11,0
2026-10-05 00:38:30,24.285,51.457,1009.57,0.1151,126.814,1.7403,12.0676,1414.31,0
2026-10-05 00:38:40,24.07,51.172,1009.539,0.0912,126.225,1.8149,12.0386,1408.18,0
2026-10-05 00:38:50,24.253,50.968,1009.67,0.1034,119.174,1.7273,12.0797,1388.71,0
2026-10-05 00:39:00,24.351,51.662,1010.442,0.0956,122.613,1.7608,12.1109,1389.87,0
2026-10-05 00:39:10,24.262,51.868,1008.425,0.0994,123.093,1.7699,12.1071,1406.92,0
2026-10-05 00:39:20,24.275,50.958,1010.148,0.1048,126.239,1.6871,12.1089,1427.54,0
2026-10-05 00:39:30,24.168,50.645,1009.42,0.0835,121.135,1.7945,12.0872,1423.34,0
2026-10-05 00:39:40,24.39,51.545,1010.172,0.09,123.793,1.769,12.0565,1397.13,0
2026-10-05 00:39:50,24.25,50.46,1010.28,0.1044,126.441,1.7134,12.0946,1394.33,0
2026-10-05 00:40:00,24.076,50.519,1008.876,0.0978,123.872,1.7604,12.0839,1398.35,0
2026-10-05 00:40:10,24.297,50.627,1009.882,0.0986,117.521,1.7607,12.0738,1397.39,0
2026-10-05 00:40:20,24.466,50.937,1010.15,0.1025,121.584,1.7486,12.0971,1398.82,0
2026-10-05 00:40:30,24.309,50.464,1010.103,0.0896,125.755,1.7374,12.092,1381.96,0
2026-10-05 00:40:40,24.57,50.149,1009.957,0.1051,125.354,1.751,12.0653,1376.0,0
2026-10-05 00:40:50,24.42,50.538,1009.188,0.1032,116.242,1.7746,12.0643,1374.54,0
2026-10-05 00:41:00,24.416,51.413,1009.296,0.0984,123.567,1.774,12.0523,1389.98,0
2026-10-05 00:41:10,24.367,50.443,1009.08,0.1002,125.777,1.7541,12.0877,1431.03,0
2026-10-05 00:41:20,24.381,50.895,1010.433,0.1057,124.53,1.76,12.1041,1467.91,0
2026-10-05 00:41:30,24.364,52.025,1009.965,0.0915,124.849,1.7515,12.0668,1444.43,0
2026-10-05 00:41:40,24.367,51.014,1010.01,0.1015,129.049,1.7307,12.0551,1418.16,0
2026-10-05 00:41:50,24.473,51.197,1008.853,0.1101,122.706,1.754,12.0945,1403.09,0
2026-10-05 00:42:00,24.304,50.539,1010.024,0.1012,123.725,1.7375,12.1215,1408.56,0
2026-10-05 00:42:10,24.295,52.08,1010.492,0.0942,119.967,1.7313,12.132,1417.44,0
2026-10-05 00:42:20,24.296,50.714,1008.76,0.1145,120.855,1.6961,12.1203,1446.64,0
2026-10-05 00:42:30,24.683,50.858,1009.675,0.0977,121.738,1.7468,12.0813,1401.06,0
2026-10-05 00:42:40,24.508,51.617,1008.951,0.107,125.257,1.777,12.0602,1416.29,0
2026-10-05 00:42:50,24.488,50.854,1009.757,0.0924,120.439,1.7884,12.0981,1418.01,0
2026-10-05 00:43:00,24.332,50.955,1009.421,0.1043,126.36,1.7693,12.0813,1415.53,0
2026-10-05 00:43:10,24.541,50.777,1010.319,0.0913,119.351,1.7262,12.0782,1387.02,0
2026-10-05 00:43:20,24.459,50.767,1010.172,0.0982,124.524,1.7551,12.1309,1413.32,0
2026-10-05 00:43:30,24.506,51.076,1010.958,0.0907,124.235,1.7305,12.1182,1397.48,0
2026-10-05 00:43:40,24.37,51.153,1010.017,0.1107,123.326,1.8075,12.0996,1452.39,0
2026-10-05 00:43:50,24.514,50.542,1010.292,0.0937,125.481,1.7505,12.0814,1426.95,0
2026-10-05 00:44:00,24.451,50.467,1009.666,0.0866,120.274,1.7482,12.0842,1435.44,0
2026-10-05 00:44:10,24.417,50.531,1009.285,0.0962,121.077,1.784,12.0456,1405.72,0
2026-10-05 00:44:20,24.604,50.122,1010.642,0.0997,119.56,1.7604,12.1105,1412.57,0
2026-10-05 00:44:30,24.339,50.013,1010.928,0.0951,122.451,1.7885,12.1169,1450.25,0
2026-10-05 00:44:40,24.598,50.944,1010.553,0.0888,122.038,1.734,12.0656,1435.29,0
2026-10-05 00:44:50,24.62,51.251,1010.152,0.1036,124.942,1.7647,12.0691,1426.56,0
2026-10-05 00:45:00,24.44,51.203,1009.379,0.1053,123.507,1.7756,12.1094,1440.71,0
2026-10-05 00:45:10,24.454,49.563,1010.86,0.082,124.389,1.6979,12.0771,1450.28,0
2026-10-05 00:45:20,24.533,50.618,1010.468,0.0882,121.703,1.7466,12.1137,1443.94,0
2026-10-05 00:45:30,24.601,50.175,1011.48,0.0939,123.486,1.7488,12.066,1437.23,0
2026-10-05 00:45:40,24.556,50.784,1009.255,0.0909,127.681,1.7659,12.0779,1438.99,0
2026-10-05 00:45:50,24.634,50.49,1010.668,0.0993,118.181,1.7572,12.0988,1417.17,0
2026-10-05 00:46:00,24.801,50.981,1010.449,0.1098,116.674,1.7727,12.0779,1425.36,0
2026-10-05 00:46:10,24.536,50.662,1009.826,0.092,124.076,1.7599,12.0766,1432.95,0
2026-10-05 00:46:20,24.399,49.709,1011.021,0.1077,119.594,1.7948,12.0762,1427.83,0
2026-10-05 00:46:30,24.711,50.16,1010.349,0.0833,117.968,1.8193,12.1039,1430.92,0
2026-10-05 00:46:40,24.821,50.633,1009.412,0.0987,123.689,1.7294,12.1107,1421.57,0
2026-10-05 00:46:50,24.674,50.661,1009.986,0.0903,119.049,1.7679,12.0991,1383.05,0
2026-10-05 00:47:00,24.504,49.899,1009.406,0.0988,126.653,1.7949,12.0696,1434.47,0
2026-10-05 00:47:10,24.627,49.82,1009.743,0.0809,122.479,1.7506,12.1214,1426.26,0
2026-10-05 00:47:20,24.515,50.602,1010.564,0.0847,121.376,1.7755,12.0937,1426.87,0
2026-10-05 00:47:30,24.734,49.858,1010.765,0.0988,119.493,1.7594,12.1137,1458.29,0
2026-10-05 00:47:40,24.502,49.712,1010.228,0.09,122.577,1.7443,12.0554,1430.95,0
2026-10-05 00:47:50,24.636,50.31,1009.549,0.0924,117.133,1.7443,12.117,1413.84,0
2026-10-05 00:48:00,24.559,50.274,1010.342,0.1097,114.475,1.7084,12.0787,1436.56,0
2026-10-05 00:48:10,24.702,50.065,1010.582,0.0961,117.192,1.7747,12.0771,1427.84,0
2026-10-05 00:48:20,24.651,50.139,1008.696,0.1022,125.24,1.7768,12.0984,1443.62,0
2026-10-05 00:48:30,24.724,50.484,1010.159,0.089,119.03,1.7476,12.0372,1418.25,0
2026-10-05 00:48:40,24.713,50.103,1009.945,0.0843,117.473,1.7648,12.0974,1415.3,0
2026-10-05 00:48:50,24.599,50.484,1010.747,0.0944,121.484,1.7361,12.0819,1419.74,0
2026-10-05 00:49:00,24.801,50.244,1010.35,0.0832,128.398,1.7859,12.1243,1402.23,0
2026-10-05 00:49:10,24.727,50.504,1010.42,0.0895,124.974,1.763,12.0959,1421.92,0
2026-10-05 00:49:20,24.622,50.846,1009.744,0.097,119.271,1.7927,12.0645,1452.65,0
2026-10-05 00:49:30,25.018,50.812,1010.084,0.0943,119.191,1.7658,12.0694,1418.23,0
2026-10-05 00:49:40,24.814,51.023,1010.744,0.0978,119.232,1.7495,12.0282,1409.1,0
2026-10-05 00:49:50,24.746,50.784,1010.039,0.1,118.863,1.7612,12.1505,1421.86,0
2026-10-05 00:50:00,24.942,50.47,1010.207,0.0857,123.199,1.8128,12.0274,1433.41,0
2026-10-05 00:50:10,25.001,50.12,1009.011,0.0877,120.534,1.8279,12.0766,1419.24,0
2026-10-05 00:50:20,24.77,50.128,1010.039,0.0779,118.176,1.7382,12.1088,1431.83,0
2026-10-05 00:50:30,24.837,49.869,1008.679,0.0924,117.481,1.7989,12.1272,1434.85,0
2026-10-05 00:50:40,24.684,50.296,1009.727,0.1013,128.367,1.749,12.1357,1431.43,0
2026-10-05 00:50:50,24.793,50.629,1010.134,0.1073,123.654,1.7581,12.0883,1430.39,0
2026-10-05 00:51:00,24.795,49.903,1010.627,0.097,118.843,1.7827,12.1035,1458.51,0
2026-10-05 00:51:10,24.849,50.233,1009.392,0.1065,125.023,1.7902,12.0835,1435.03,0
2026-10-05 00:51:20,24.874,49.899,1010.354,0.0986,117.902,1.7601,12.0524,1420.85,0
2026-10-05 00:51:30,24.909,50.328,1011.121,0.0964,120.922,1.794,12.0653,1444.36,0
2026-10-05 00:51:40,24.878,49.935,1009.646,0.0907,120.568,1.8088,12.0487,1432.47,0
2026-10-05 00:51:50,24.713,49.826,1009.012,0.0766,121.828,1.7978,12.0997,1434.77,0
2026-10-05 00:52:00,24.753,49.841,1010.299,0.1055,118.429,1.7558,12.0834,1449.22,0
2026-10-05 00:52:10,24.808,50.419,1009.263,0.0954,121.615,1.7693,12.0875,1454.47,0
2026-10-05 00:52:20,24.848,50.105,1009.525,0.1069,115.958,1.8027,12.1091,1417.59,0
2026-10-05 00:52:30,25.016,49.925,1010.745,0.0883,120.047,1.82,12.0987,1460.99,0
2026-10-05 00:52:40,24.758,50.255,1011.414,0.1154,125.156,1.7499,12.1092,1434.37,0
2026-10-05 00:52:50,24.862,49.903,1009.4,0.094,124.201,1.7896,12.1381,1434.8,0
2026-10-05 00:53:00,25.028,50.659,1009.586,0.0906,119.011,1.8008,12.0731,1420.85,0
2026-10-05 00:53:10,24.885,49.595,1009.795,0.0944,116.495,1.748,12.0463,1447.53,0
2026-10-05 00:53:20,24.984,49.974,1009.72,0.0976,114.497,1.8088,12.0788,1415.33,0
2026-10-05 00:53:30,24.92,49.351,1011.458,0.0957,122.873,1.8366,12.0883,1445.06,0
2026-10-05 00:53:40,24.976,49.866,1009.734,0.0922,121.829,1.8007,12.1045,1462.09,0
2026-10-05 00:53:50,24.926,49.185,1009.835,0.082,122.125,1.7987,12.1119,1432.93,0
2026-10-05 00:54:00,25.041,50.384,1011.239,0.0901,126.014,1.7662,12.0674,1454.21,0
2026-10-05 00:54:10,24.783,50.38,1010.513,0.1052,121.374,1.7731,12.0638,1439.54,0
2026-10-05 00:54:20,24.933,50.375,1010.8,0.0896,121.574,1.7696,12.1284,1417.76,0
2026-10-05 00:54:30,25.02,49.983,1009.477,0.083,116.671,1.7641,12.1024,1440.77,0
2026-10-05 00:54:40,25.057,49.514,1009.741,0.0884,125.709,1.7806,12.1035,1436.53,0
2026-10-05 00:54:50,25.18,49.54,1009.385,0.0962,120.319,1.7948,12.1014,1453.09,0
2026-10-05 00:55:00,24.962,50.691,1010.675,0.0909,118.334,1.766,12.0987,1434.52,0
2026-10-05 00:55:10,25.194,50.63,1010.973,0.0949,121.382,1.7792,12.0895,1447.79,0
2026-10-05 00:55:20,24.946,49.959,1009.696,0.0908,126.734,1.7963,12.0776,1424.8,0
2026-10-05 00:55:30,25.192,49.625,1009.862,0.1054,127.112,1.7358,12.082,1447.41,0
2026-10-05 00:55:40,25.139,50.553,1009.894,0.1013,117.769,1.8129,12.1498,1441.66,0
2026-10-05 00:55:50,24.939,49.508,1009.036,0.1152,124.18,1.7949,12.1409,1439.73,0
2026-10-05 00:56:00,25.094,49.955,1009.648,0.0945,121.635,1.7956,12.1192,1442.44,0
2026-10-05 00:56:10,25.059,50.502,1010.663,0.0954,123.565,1.8193,12.0945,1437.92,0
2026-10-05 00:56:20,25.148,49.394,1009.51,0.1072,121.406,1.8142,12.1104,1444.76,0
2026-10-05 00:56:30,25.054,50.213,1010.188,0.101,122.394,1.8064,12.0609,1440.02,0
2026-10-05 00:56:40,25.052,50.044,1009.209,0.0905,124.487,1.7986,12.1216,1428.71,0
2026-10-05 00:56:50,25.261,49.75,1010.025,0.1025,115.25,1.7918,12.0908,1424.2,0
2026-10-05 00:57:00,25.093,49.259,1009.732,0.1014,121.552,1.7779,12.0974,1436.56,0
2026-10-05 00:57:10,25.212,49.379,1009.273,0.084,116.936,1.7689,12.0996,1439.55,0
2026-10-05 00:57:20,25.094,49.872,1010.682,0.0932,119.028,1.803,12.0928,1399.57,0
2026-10-05 00:57:30,25.329,49.001,1010.723,0.1001,120.396,1.8036,12.1176,1445.27,0
2026-10-05 00:57:40,25.056,49.764,1009.452,0.1102,117.343,1.7977,12.1375,1478.36,0
2026-10-05 00:57:50,25.072,49.955,1009.981,0.1044,118.596,1.761,12.1192,1456.0,0
2026-10-05 00:58:00,25.336,50.163,1010.164,0.0944,116.112,1.7286,12.0996,1443.41,0
2026-10-05 00:58:10,25.108,48.957,1008.864,0.0933,118.508,1.7968,12.0715,1434.09,0
2026-10-05 00:58:20,25.362,50.3,1009.157,0.1055,121.797,1.75,12.0993,1421.18,0
2026-10-05 00:58:30,25.285,50.475,1011.037,0.0798,122.832,1.8042,12.0966,1460.31,0
2026-10-05 00:58:40,25.167,49.818,1009.392,0.0929,117.901,1.8454,12.1193,1453.7,0
2026-10-05 00:58:50,24.976,49.08,1011.02,0.1108,124.167,1.8053,12.0827,1429.13,0
2026-10-05 00:59:00,25.199,49.421,1009.198,0.102,121.889,1.7866,12.0768,1462.44,0
2026-10-05 00:59:10,25.222,49.547,1010.602,0.0937,124.431,1.7718,12.1066,1460.92,0
2026-10-05 00:59:20,25.358,49.692,1009.924,0.0903,114.792,1.7839,12.1223,1438.59,0
2026-10-05 00:59:30,25.416,49.553,1010.024,0.1068,121.012,1.7978,12.1033,1444.62,0
2026-10-05 00:59:40,25.152,49.669,1011.444,0.1008,121.886,1.826,12.1238,1453.08,0
2026-10-05 00:59:50,25.338,49.469,1009.268,0.0986,114.871,1.8031,12.0679,1457.96,0
2026-10-05 01:00:00,25.342,49.633,1010.563,0.1034,127.243,1.7927,12.1118,1433.58,0
2026-10-05 01:00:10,25.387,49.256,1010.535,0.1019,118.064,1.8172,12.0681,1458.84,0
2026-10-05 01:00:20,25.326,49.303,1012.497,0.1014,121.579,1.8377,12.167,1451.56,0
2026-10-05 01:00:30,25.041,49.17,1009.396,0.0903,122.702,1.8091,12.134,1467.67,0
2026-10-05 01:00:40,25.263,50.402,1009.713,0.0928,120.199,1.8065,12.1103,1462.78,0
2026-10-05 01:00:50,25.151,50.161,1010.724,0.1072,124.027,1.7606,12.0607,1452.54,0
2026-10-05 01:01:00,25.274,49.693,1010.014,0.1058,125.829,1.7685,12.0666,1465.76,0
2026-10-05 01:01:10,25.424,50.064,1009.831,0.1045,116.488,1.7657,12.1486,1429.7,0
2026-10-05 01:01:20,25.351,49.786,1010.827,0.0969,120.139,1.7986,12.0724,1447.07,0
2026-10-05 01:01:30,25.46,49.464,1009.971,0.1079,122.511,1.7829,12.114,1438.42,0
2026-10-05 01:01:40,25.371,48.606,1009.534,0.099,114.839,1.7918,12.1473,1445.02,0
2026-10-05 01:01:50,25.182,49.214,1010.668,0.1125,122.905,1.7834,12.1045,1445.17,0
2026-10-05 01:02:00,25.044,49.163,1010.424,0.0963,124.805,1.7861,12.0721,1435.08,0
2026-10-05 01:02:10,25.372,48.75,1009.943,0.0982,123.511,1.7591,12.0578,1468.65,0
2026-10-05 01:02:20,25.336,48.559,1009.911,0.1014,120.949,1.8114,12.1119,1465.95,0
2026-10-05 01:02:30,25.253,49.535,1009.524,0.1095,124.226,1.8238,12.0749,1445.92,0
2026-10-05 01:02:40,25.174,49.437,1010.674,0.1026,120.654,1.8084,12.1027,1420.63,0
2026-10-05 01:02:50,25.298,48.677,1009.915,0.1034,115.596,1.8162,12.0762,1448.12,0
2026-10-05 01:03:00,25.371,48.873,1009.63,0.1001,117.963,1.8192,12.088,1455.3,0
2026-10-05 01:03:10,25.482,49.813,1009.27,0.1055,118.736,1.8186,12.0889,1476.71,0
2026-10-05 01:03:20,25.432,48.779,1010.446,0.103,119.285,1.8295,12.0968,1448.24,0
2026-10-05 01:03:30,25.611,49.29,1009.816,0.0974,119.168,1.8386,12.085,1471.7,0
2026-10-05 01:03:40,25.301,49.095,1008.765,0.1049,118.409,1.8487,12.1108,1449.79,0
2026-10-05 01:03:50,25.539,49.43,1009.333,0.1053,120.055,1.7615,12.1288,1466.23,0
2026-10-05 01:04:00,25.447,48.734,1010.013,0.123,123.885,1.8217,12.095,1470.14,0
2026-10-05 01:04:10,25.533,49.193,1010.033,0.0995,119.988,1.7802,12.1107,1467.04,0
2026-10-05 01:04:20,25.405,49.219,1010.008,0.0979,121.206,1.846,12.081,1444.34,0
2026-10-05 01:04:30,25.594,49.236,1009.912,0.107,112.712,1.8129,12.0653,1453.58,0
2026-10-05 01:04:40,25.509,49.146,1009.148,0.097,119.645,1.8186,12.1147,1468.17,0
2026-10-05 01:04:50,25.399,49.265,1009.57,0.0965,122.502,1.8151,12.1268,1435.99,0
2026-10-05 01:05:00,25.487,50.175,1011.012,0.0938,122.956,1.8178,12.0572,1471.87,0
2026-10-05 01:05:10,25.468,50.346,1010.91,0.0993,122.624,1.8541,12.1029,1442.17,0
2026-10-05 01:05:20,25.563,48.731,1010.591,0.0997,120.073,1.8444,12.1162,1440.41,0
2026-10-05 01:05:30,25.371,47.878,1010.53,0.0956,120.378,1.8539,12.1128,1453.03,0
2026-10-05 01:05:40,25.517,49.321,1010.822,0.104,117.092,1.8093,12.0909,1451.08,0
2026-10-05 01:05:50,25.575,49.103,1009.406,0.0873,121.619,1.7615,12.107,1464.41,0
2026-10-05 01:06:00,25.54,49.526,1010.215,0.1103,117.056,1.8337,12.1292,1466.03,0
2026-10-05 01:06:10,25.705,49.124,1009.409,0.1021,121.075,1.7875,12.0847,1463.4,0
2026-10-05 01:06:20,25.644,48.997,1009.422,0.1035,119.13,1.8068,12.1452,1447.94,0
2026-10-05 01:06:30,25.558,49.519,1010.453,0.1117,119.025,1.8147,12.0718,1481.14,0
2026-10-05 01:06:40,25.593,49.575,1010.86,0.1102,121.957,1.8168,12.1291,1464.31,0
2026-10-05 01:06:50,25.61,48.234,1010.063,0.1023,120.611,1.8332,12.1082,1477.63,0
2026-10-05 01:07:00,25.631,48.505,1011.354,0.1112,119.749,1.7944,12.0942,1429.6,0
2026-10-05 01:07:10,25.371,48.847,1010.349,0.1202,117.382,1.8336,12.0611,1472.36,0
2026-10-05 01:07:20,25.561,48.935,1009.659,0.0999,123.656,1.8136,12.1371,1456.07,0
2026-10-05 01:07:30,25.427,48.759,1009.443,0.1142,119.822,1.8838,12.0842,1476.38,0
2026-10-05 01:07:40,25.766,49.075,1010.918,0.0994,121.039,1.7794,12.1069,1492.11,0
2026-10-05 01:07:50,25.613,49.343,1010.296,0.118,119.014,1.8228,12.1196,1448.13,0
2026-10-05 01:08:00,25.605,49.692,1010.681,0.1031,116.664,1.8354,12.1675,1478.85,0
2026-10-05 01:08:10,25.743,49.107,1008.349,0.103,119.784,1.8101,12.0993,1457.32,0
2026-10-05 01:08:20,25.694,48.378,1010.382,0.1183,116.905,1.8065,12.1096,1438.56,0
2026-10-05 01:08:30,25.516,48.716,1009.854,0.1151,119.98,1.8544,12.1189,1480.87,0
2026-10-05 01:08:40,25.65,48.739,1009.238,0.1041,108.845,1.8427,12.1116,1494.58,0
2026-10-05 01:08:50,25.626,49.02,1010.171,0.1108,117.412,1.8021,12.0898,1499.28,0
2026-10-05 01:09:00,25.464,48.944,1010.981,0.1043,118.545,1.7854,12.1462,1472.45,0
2026-10-05 01:09:10,25.598,49.761,1011.804,0.0974,115.699,1.8376,12.0977,1446.6,0
2026-10-05 01:09:20,25.667,48.492,1010.389,0.1119,119.628,1.8314,12.1211,1465.48,0
2026-10-05 01:09:30,25.682,48.901,1009.724,0.1077,117.244,1.838,12.1041,1467.28,0
2026-10-05 01:09:40,25.526,49.873,1009.683,0.1032,118.466,1.8208,12.0945,1485.69,0
2026-10-05 01:09:50,25.849,48.389,1010.898,0.1214,116.804,1.846,12.1361,1469.2,0
2026-10-05 01:10:00,25.706,48.741,1009.527,0.1039,121.348,1.865,12.1166,1438.76,0
2026-10-05 01:10:10,25.731,48.183,1010.662,0.1126,120.044,1.8636,12.0556,1479.68,0
2026-10-05 01:10:20,25.782,48.683,1010.433,0.1203,119.274,1.8053,12.1178,1471.62,0
2026-10-05 01:10:30,25.646,48.238,1010.357,0.1098,118.54,1.8887,12.0948,1484.43,0
2026-10-05 01:10:40,25.803,49.138,1009.133,0.1062,125.92,1.843,12.071,1474.92,0
2026-10-05 01:10:50,25.712,48.675,1009.982,0.1147,117.83,1.7913,12.1348,1481.85,0
2026-10-05 01:11:00,25.655,48.121,1009.213,0.1161,116.185,1.8383,12.0919,1472.06,0
2026-10-05 01:11:10,25.839,48.995,1009.823,0.1197,114.731,1.8335,12.1177,1476.41,0
2026-10-05 01:11:20,25.957,48.652,1010.878,0.1279,120.94,1.8253,12.1344,1458.66,0
2026-10-05 01:11:30,25.872,49.025,1011.1,0.1095,123.092,1.8235,12.1055,1478.11,0
2026-10-05 01:11:40,25.903,47.961,1010.389,0.1149,115.628,1.8466,12.118,1470.35,0
2026-10-05 01:11:50,25.737,48.706,1009.842,0.1034,117.291,1.8471,12.0948,1480.79,0
2026-10-05 01:12:00,25.615,48.896,1011.354,0.1191,117.042,1.8152,12.1396,1456.03,0
2026-10-05 01:12:10,25.993,48.284,1009.835,0.1155,117.722,1.8169,12.1076,1495.07,0
2026-10-05 01:12:20,26.068,47.853,1009.45,0.1128,112.765,1.8163,12.1258,1478.13,0
2026-10-05 01:12:30,26.013,48.449,1010.734,0.1095,120.462,1.8267,12.1501,1486.62,0
2026-10-05 01:12:40,25.795,49.07,1010.569,0.1119,121.587,1.8536,12.0664,1475.11,0
2026-10-05 01:12:50,25.704,49.006,1009.87,0.1168,112.277,1.8619,12.0957,1484.41,0
2026-10-05 01:13:00,25.722,48.216,1010.321,0.1074,123.238,1.8269,12.1087,1442.0,0
2026-10-05 01:13:10,25.655,47.776,1010.562,0.1129,122.791,1.8601,12.1164,1474.38,0
2026-10-05 01:13:20,25.851,48.189,1010.397,0.1157,108.703,1.8441,12.1287,1464.42,0
2026-10-05 01:13:30,26.064,48.157,1010.577,0.1034,111.367,1.8368,12.144,1471.23,0
2026-10-05 01:13:40,25.861,48.601,1009.903,0.1076,117.462,1.8806,12.095,1492.1,0
2026-10-05 01:13:50,25.921,48.313,1010.627,0.1109,121.783,1.8425,12.1088,1453.26,0
2026-10-05 01:14:00,26.057,47.976,1010.273,0.129,118.678,1.8313,12.142,1488.67,0
2026-10-05 01:14:10,25.85,48.891,1009.932,0.11,117.847,1.856,12.1226,1484.81,0
2026-10-05 01:14:20,26.15,48.397,1010.091,0.1164,119.478,1.8047,12.0718,1497.41,0
2026-10-05 01:14:30,26.152,48.531,1010.196,0.1088,115.307,1.8304,12.0699,1447.41,0
2026-10-05 01:14:40,25.904,47.438,1009.255,0.1111,121.537,1.8428,12.1024,1487.67,0
2026-10-05 01:14:50,25.857,47.076,1009.822,0.106,117.368,1.8547,12.1286,1482.93,0
2026-10-05 01:15:00,26.017,47.556,1010.315,0.1231,112.754,1.8431,12.1283,1478.65,0
2026-10-05 01:15:10,25.898,48.022,1009.326,0.1074,115.241,1.8053,12.0928,1501.42,0
2026-10-05 01:15:20,25.808,48.538,1009.839,0.1255,118.709,1.8158,12.1319,1448.45,0
2026-10-05 01:15:30,26.108,47.066,1011.944,0.1222,116.707,1.8275,12.1218,1482.26,0
2026-10-05 01:15:40,26.106,49.021,1009.485,0.1181,116.37,1.8447,12.0886,1496.03,0
2026-10-05 01:15:50,25.986,48.297,1010.009,0.1264,118.133,1.8066,12.1008,1456.62,0
2026-10-05 01:16:00,25.822,48.879,1009.696,0.1439,118.574,1.8747,12.0674,1490.23,0
2026-10-05 01:16:10,25.833,47.743,1010.199,0.1231,113.782,1.8477,12.0864,1486.5,0
2026-10-05 01:16:20,26.0,48.426,1009.712,0.1106,121.117,1.8474,12.0692,1449.98,0
2026-10-05 01:16:30,25.934,48.204,1010.114,0.1317,117.028,1.8363,12.0778,1498.69,0
2026-10-05 01:16:40,25.96,48.558,1009.783,0.1215,118.654,1.805,12.1586,1469.16,0
2026-10-05 01:16:50,26.13,48.019,1011.026,0.1371,117.662,1.8437,12.1068,1506.52,0
2026-10-05 01:17:00,26.102,48.36,1010.346,0.1164,116.113,1.8605,12.0726,1491.76,0
2026-10-05 01:17:10,26.186,48.663,1009.588,0.1309,120.053,1.8384,12.1276,1487.95,0
2026-10-05 01:17:20,25.908,47.773,1010.881,0.1209,117.536,1.8693,12.1245,1498.95,0
2026-10-05 01:17:30,25.992,48.208,1009.623,0.1424,117.486,1.8414,12.1223,1497.48,0
2026-10-05 01:17:40,26.131,47.13,1009.2,0.1191,109.775,1.8608,12.0958,1454.98,0
2026-10-05 01:17:50,26.1,48.413,1010.295,0.1456,119.675,1.841,12.1333,1459.09,0
2026-10-05 01:18:00,26.236,49.027,1011.634,0.1253,116.678,1.8537,12.0905,1482.82,0
2026-10-05 01:18:10,26.109,47.415,1009.021,0.1288,119.428,1.8663,12.1379,1469.16,0
2026-10-05 01:18:20,26.287,47.979,1009.37,0.1358,122.073,1.8179,12.1404,1510.47,0
2026-10-05 01:18:30,26.136,48.453,1010.83,0.1162,119.582,1.8615,12.1168,1471.01,0
2026-10-05 01:18:40,26.205,48.016,1009.855,0.1304,117.249,1.8721,12.082,1487.55,0
2026-10-05 01:18:50,26.045,48.071,1010.735,0.1206,116.202,1.9009,12.1388,1495.21,0
2026-10-05 01:19:00,26.092,47.781,1009.722,0.1243,124.612,1.8483,12.1043,1523.43,0
2026-10-05 01:19:10,26.206,47.75,1010.409,0.124,118.46,1.7944,12.1259,1504.3,0
2026-10-05 01:19:20,26.296,47.909,1011.533,0.1282,117.613,1.8028,12.1365,1477.44,0
2026-10-05 01:19:30,26.196,47.961,1009.477,0.128,116.409,1.8255,12.0992,1495.53,0
2026-10-05 01:19:40,26.105,47.338,1011.032,0.1194,114.243,1.8801,12.1732,1498.43,0
2026-10-05 01:19:50,26.286,47.883,1010.793,0.1252,111.055,1.9033,12.1186,1497.58,0
2026-10-05 01:20:00,25.864,48.689,1009.276,0.1058,121.445,1.8386,12.1031,1473.83,0
2026-10-05 01:20:10,25.963,47.683,1010.711,0.1326,114.518,1.8505,12.145,1519.31,0
2026-10-05 01:20:20,26.221,47.262,1010.373,0.1385,116.259,1.785,12.159,1470.76,0
2026-10-05 01:20:30,26.147,47.793,1010.387,0.1266,116.486,1.8662,12.0687,1499.62,0
2026-10-05 01:20:40,26.224,47.5,1010.561,0.1125,121.078,1.8537,12.086,1476.48,0
2026-10-05 01:20:50,26.165,47.176,1010.082,0.1315,114.455,1.8445,12.1013,1495.86,0
2026-10-05 01:21:00,26.231,47.903,1010.378,0.1197,117.5,1.827,12.1737,1487.35,0
2026-10-05 01:21:10,26.071,47.467,1010.499,0.1275,118.239,1.8427,12.1091,1471.04,0
2026-10-05 01:21:20,26.243,47.498,1010.854,0.1317,112.523,1.8182,12.1592,1453.74,0
2026-10-05 01:21:30,26.3,47.875,1009.265,0.1308,112.216,1.8307,12.1269,1504.44,0
2026-10-05 01:21:40,26.333,47.02,1011.239,0.1353,114.481,1.8208,12.0853,1483.05,0
2026-10-05 01:21:50,26.434,46.904,1009.529,0.128,117.331,1.8276,12.1437,1493.82,0
2026-10-05 01:22:00,26.227,48.099,1010.872,0.1285,116.924,1.8245,12.1298,1519.02,0
2026-10-05 01:22:10,26.236,46.787,1010.396,0.1332,116.192,1.8682,12.1004,1501.66,0
2026-10-05 01:22:20,26.026,47.252,1009.446,0.1269,118.481,1.8254,12.1056,1449.11,0
2026-10-05 01:22:30,26.151,46.829,1010.714,0.1222,113.928,1.8532,12.0961,1474.5,0
2026-10-05 01:22:40,26.197,47.475,1009.684,0.1316,115.961,1.8276,12.1069,1465.53,0
2026-10-05 01:22:50,26.352,47.92,1011.096,0.1191,116.107,1.8289,12.1391,1480.93,0
2026-10-05 01:23:00,26.158,47.751,1009.852,0.1277,113.933,1.8283,12.1002,1489.65,0
2026-10-05 01:23:10,26.332,48.88,1009.305,0.1176,123.302,1.8804,12.1251,1532.31,0
2026-10-05 01:23:20,26.242,48.216,1011.427,0.1243,109.89,1.8518,12.131,1509.37,0
2026-10-05 01:23:30,26.226,47.195,1010.482,0.1249,120.068,1.838,12.1219,1499.9,0
2026-10-05 01:23:40,26.283,47.051,1010.964,0.1213,118.721,1.832,12.0831,1501.49,0
2026-10-05 01:23:50,26.212,48.992,1009.762,0.1382,118.72,1.8238,12.1423,1502.23,0
2026-10-05 01:24:00,26.212,48.159,1009.036,0.1378,116.557,1.8399,12.0946,1469.1,0
2026-10-05 01:24:10,26.065,47.911,1011.535,0.1403,120.245,1.8223,12.1095,1474.52,0
2026-10-05 01:24:20,26.245,47.643,1010.359,0.1285,114.874,1.8477,12.1126,1502.76,0
2026-10-05 01:24:30,26.222,47.731,1010.71,0.1268,117.371,1.8412,12.1234,1496.28,0
2026-10-05 01:24:40,26.223,46.842,1010.827,0.1369,116.388,1.8398,12.1268,1501.01,0
2026-10-05 01:24:50,26.34,47.651,1010.134,0.1317,115.446,1.8906,12.1417,1520.83,0
2026-10-05 01:25:00,26.374,47.597,1010.529,0.1318,116.483,1.8539,12.1169,1486.64,0
2026-10-05 01:25:10,26.328,47.098,1011.489,0.1107,113.246,1.8558,12.0945,1491.75,0
2026-10-05 01:25:20,26.425,47.27,1010.352,0.1373,114.075,1.8928,12.1522,1501.27,0
2026-10-05 01:25:30,26.379,48.286,1011.036,0.1364,120.783,1.8271,12.1152,1472.3,0
2026-10-05 01:25:40,26.28,47.455,1008.985,0.1316,124.661,1.8493,12.1207,1476.0,0
2026-10-05 01:25:50,26.265,48.543,1011.167,0.1384,117.551,1.8231,12.1005,1518.81,0
2026-10-05 01:26:00,26.363,46.626,1009.317,0.1369,118.467,1.8639,12.104,1494.22,0
2026-10-05 01:26:10,26.399,47.225,1011.09,0.1267,116.697,1.8777,12.1619,1491.55,0
2026-10-05 01:26:20,26.503,46.702,1010.659,0.1307,117.281,1.8023,12.0916,1502.78,0
2026-10-05 01:26:30,26.483,46.86,1010.32,0.1246,117.522,1.8847,12.0955,1474.39,0
2026-10-05 01:26:40,26.28,47.04,1010.32,0.1445,118.972,1.8714,12.1148,1495.09,0
2026-10-05 01:26:50,26.337,47.601,1010.214,0.1408,120.451,1.8649,12.1344,1491.34,0
2026-10-05 01:27:00,26.435,47.566,1009.819,0.1267,113.162,1.8333,12.1024,1505.73,0
2026-10-05 01:27:10,26.487,47.083,1010.251,0.1383,124.273,1.884,12.0873,1468.82,0
2026-10-05 01:27:20,26.476,46.298,1011.943,0.1358,116.18,1.9071,12.0964,1488.72,0
2026-10-05 01:27:30,26.361,48.141,1011.31,0.1283,116.156,1.8552,12.1167,1494.09,0
2026-10-05 01:27:40,26.222,47.249,1009.791,0.135,114.476,1.8578,12.1022,1493.98,0
2026-10-05 01:27:50,26.258,46.823,1010.59,0.141,114.462,1.8666,12.183,1517.28,0
2026-10-05 01:28:00,26.415,47.508,1010.472,0.1418,117.514,1.8564,12.1771,1489.96,0
2026-10-05 01:28:10,26.428,47.463,1010.307,0.1532,117.551,1.8623,12.1569,1548.15,0
2026-10-05 01:28:20,26.259,47.189,1009.706,0.1354,117.31,1.8928,12.1373,1513.48,0
2026-10-05 01:28:30,26.401,47.415,1010.722,0.133,114.225,1.8658,12.1375,1495.23,0
2026-10-05 01:28:40,26.475,46.753,1011.004,0.1396,107.461,1.875,12.1613,1511.85,0
2026-10-05 01:28:50,26.266,47.7,1009.83,0.1338,110.153,1.919,12.1316,1513.93,0
2026-10-05 01:29:00,26.541,46.812,1011.785,0.1307,115.554,1.9051,12.1079,1498.63,0
2026-10-05 01:29:10,26.367,46.997,1011.483,0.1282,116.497,1.8427,12.1817,1520.81,0
2026-10-05 01:29:20,26.568,47.615,1010.803,0.1083,114.205,1.9128,12.1432,1489.14,0
2026-10-05 01:29:30,26.357,47.882,1009.559,0.1418,113.361,1.9039,12.1653,1512.82,0
2026-10-05 01:29:40,26.302,48.063,1010.705,0.123,116.305,1.9072,12.1744,1502.7,0
2026-10-05 01:29:50,26.374,47.789,1010.623,0.1292,115.067,1.8546,12.085,1508.86,0
2026-10-05 01:30:00,26.422,47.089,1010.787,0.1388,113.935,1.8758,12.1079,1508.2,0
2026-10-05 01:30:10,26.391,46.471,1011.543,0.134,110.493,1.8611,12.1245,1505.28,0
2026-10-05 01:30:20,26.416,47.934,1010.308,0.154,112.783,1.8742,12.1423,1534.9,0
2026-10-05 01:30:30,26.486,47.907,1011.867,0.1249,118.088,1.9153,12.1528,1496.72,0
2026-10-05 01:30:40,26.429,46.876,1010.72,0.155,112.377,1.8754,12.1285,1493.89,0
2026-10-05 01:30:50,26.446,47.663,1010.234,0.1483,117.231,1.8292,12.1625,1504.65,0
2026-10-05 01:31:00,26.252,47.027,1012.119,0.1447,119.375,1.8632,12.1456,1525.76,0
2026-10-05 01:31:10,26.508,47.934,1011.022,0.1491,112.818,1.8565,12.1455,1507.02,0
2026-10-05 01:31:20,26.454,46.917,1010.125,0.141,113.832,1.918,12.1238,1505.61,0
2026-10-05 01:31:30,26.662,48.154,1010.504,0.1243,118.103,1.8532,12.1387,1498.59,0
2026-10-05 01:31:40,26.36,47.548,1010.892,0.1422,118.815,1.8637,12.1387,1499.86,0
2026-10-05 01:31:50,26.259,48.045,1010.343,0.1264,113.157,1.8649,12.1552,1523.44,0
2026-10-05 01:32:00,26.554,46.905,1010.545,0.1342,110.203,1.9145,12.0984,1506.69,0
2026-10-05 01:32:10,26.525,47.33,1009.881,0.1379,118.807,1.8989,12.149,1511.68,0
2026-10-05 01:32:20,26.366,46.634,1009.275,0.1314,116.769,1.8894,12.0905,1497.62,0
2026-10-05 01:32:30,26.307,47.531,1010.531,0.1464,116.195,1.8813,12.1104,1519.97,0
2026-10-05 01:32:40,26.679,47.55,1010.557,0.1373,117.715,1.8812,12.1471,1526.89,0
2026-10-05 01:32:50,26.667,48.29,1010.83,0.1424,111.388,1.8781,12.1111,1494.86,0
2026-10-05 01:33:00,26.203,47.323,1010.06,0.1392,116.093,1.9279,12.1329,1495.47,0
2026-10-05 01:33:10,26.449,47.435,1009.527,0.1404,114.039,1.8451,12.1094,1496.56,0
2026-10-05 01:33:20,26.708,46.829,1009.791,0.1325,116.678,1.808,12.1475,1524.99,0
2026-10-05 01:33:30,26.454,47.326,1011.208,0.1303,117.242,1.8885,12.1339,1495.26,0
2026-10-05 01:33:40,26.456,46.856,1010.004,0.1386,117.75,1.9128,12.1322,1504.74,0
2026-10-05 01:33:50,26.484,47.095,1010.164,0.1322,116.592,1.8827,12.1605,1495.35,0
2026-10-05 01:34:00,26.386,47.116,1010.256,0.1512,115.523,1.8289,12.1436,1535.72,0
2026-10-05 01:34:10,26.319,46.844,1010.044,0.1292,115.599,1.8974,12.1456,1502.58,0
2026-10-05 01:34:20,26.653,47.043,1009.994,0.1591,115.823,1.8524,12.1612,1535.73,0
2026-10-05 01:34:30,26.309,46.815,1009.871,0.1429,112.825,1.8473,12.1639,1510.6,0
2026-10-05 01:34:40,26.563,46.804,1011.464,0.1412,113.562,1.8552,12.11,1503.81,0
2026-10-05 01:34:50,26.643,47.524,1010.961,0.1364,115.856,1.8398,12.1523,1523.41,0
2026-10-05 01:35:00,26.365,47.065,1011.361,0.1461,116.576,1.8854,12.1449,1511.05,0
2026-10-05 01:35:10,26.431,47.142,1011.504,0.1394,112.647,1.8644,12.167,1533.01,0
2026-10-05 01:35:20,26.691,46.232,1008.847,0.1435,111.346,1.8477,12.1022,1508.82,0
2026-10-05 01:35:30,26.612,47.164,1010.734,0.148,109.525,1.9407,12.1173,1505.5,0
2026-10-05 01:35:40,26.477,47.209,1010.085,0.1467,110.743,1.8682,12.1297,1505.65,0
2026-10-05 01:35:50,26.698,46.736,1011.28,0.1514,112.884,1.8831,12.1699,1531.34,0
2026-10-05 01:36:00,26.701,47.97,1009.981,0.1459,113.138,1.921,12.1278,1516.67,0
2026-10-05 01:36:10,26.591,45.774,1009.764,0.1341,113.605,1.8994,12.1341,1502.05,0
2026-10-05 01:36:20,26.454,47.303,1009.5,0.1252,110.814,1.9305,12.1182,1491.78,0
2026-10-05 01:36:30,26.515,47.259,1010.294,0.1436,108.968,1.8657,12.155,1516.69,0
2026-10-05 01:36:40,26.602,47.165,1011.149,0.1438,114.761,1.9095,12.1525,1499.65,0
2026-10-05 01:36:50,26.547,46.975,1010.69,0.1575,114.738,1.8959,12.1221,1487.4,0
2026-10-05 01:37:00,26.685,47.154,1009.671,0.1413,116.196,1.9088,12.1097,1530.46,0
2026-10-05 01:37:10,26.391,47.305,1012.021,0.1453,116.753,1.9054,12.1553,1495.84,0
2026-10-05 01:37:20,26.398,46.5,1010.971,0.1486,115.461,1.8653,12.1489,1487.72,0
2026-10-05 01:37:30,26.601,47.005,1011.063,0.1466,114.604,1.9554,12.1197,1512.66,0
2026-10-05 01:37:40,26.523,46.756,1011.42,0.1494,116.864,1.8286,12.1538,1510.42,0
2026-10-05 01:37:50,26.509,46.293,1009.375,0.1362,118.484,1.8638,12.1526,1502.01,0
2026-10-05 01:38:00,26.374,47.19,1009.887,0.135,112.157,1.9028,12.1675,1518.59,0
2026-10-05 01:38:10,26.591,46.542,1011.103,0.1407,116.474,1.8933,12.1581,1511.05,0
2026-10-05 01:38:20,26.585,46.068,1009.962,0.1256,112.267,1.8897,12.1286,1548.68,0
2026-10-05 01:38:30,26.672,46.539,1010.339,0.1428,114.772,1.9045,12.1182,1512.99,0
2026-10-05 01:38:40,26.604,46.402,1010.479,0.1379,117.299,1.8658,12.1877,1496.98,0
2026-10-05 01:38:50,26.582,47.308,1009.642,0.1458,113.246,1.9082,12.1247,1520.76,0
2026-10-05 01:39:00,26.741,46.863,1010.285,0.1412,111.187,1.8842,12.0918,1522.19,0
2026-10-05 01:39:10,26.444,47.47,1011.18,0.1353,112.641,1.9228,12.1076,1511.61,0
2026-10-05 01:39:20,26.668,46.439,1011.053,0.154,111.136,1.8804,12.0873,1491.87,0
2026-10-05 01:39:30,26.405,47.202,1011.324,0.1442,110.748,1.9,12.1686,1540.2,0
2026-10-05 01:39:40,26.507,48.177,1011.254,0.1505,117.567,1.9046,12.1838,1498.25,0
2026-10-05 01:39:50,26.464,46.928,1010.833,0.1452,115.52,1.9115,12.1446,1530.62,0
2026-10-05 01:40:00,26.705,47.174,1010.78,0.1475,111.74,1.8901,12.0984,1536.04,0
2026-10-05 01:40:10,26.605,47.083,1010.73,0.133,110.922,1.8823,12.1687,1513.08,0
2026-10-05 01:40:20,26.613,46.018,1010.116,0.1541,111.105,1.8704,12.1505,1531.1,0
2026-10-05 01:40:30,26.484,47.015,1009.837,0.151,111.668,1.9022,12.1698,1532.59,0
2026-10-05 01:40:40,26.582,46.868,1010.077,0.1439,117.261,1.8429,12.1539,1502.17,0
2026-10-05 01:40:50,26.528,46.578,1010.334,0.1464,113.449,1.8983,12.1047,1540.49,0
2026-10-05 01:41:00,26.668,46.259,1010.105,0.1522,120.151,1.9004,12.156,1523.54,0
2026-10-05 01:41:10,26.504,47.042,1010.856,0.1412,113.613,1.938,12.1007,1486.31,0
2026-10-05 01:41:20,26.784,46.202,1010.71,0.1316,111.981,1.8749,12.1204,1521.92,0
2026-10-05 01:41:30,26.425,47.748,1010.787,0.1415,116.468,1.8963,12.1657,1510.73,0
2026-10-05 01:41:40,26.531,46.732,1010.819,0.1456,108.65,1.8959,12.1646,1525.97,0
2026-10-05 01:41:50,26.83,46.056,1011.412,0.1442,114.202,1.8645,12.1165,1509.85,0
2026-10-05 01:42:00,26.578,46.404,1010.571,0.155,109.977,1.8923,12.1118,1510.11,0
2026-10-05 01:42:10,26.474,46.516,1011.285,0.1368,107.043,1.8592,12.1411,1504.24,0
2026-10-05 01:42:20,26.659,47.855,1010.943,0.1379,113.213,1.9171,12.1907,1523.32,0
2026-10-05 01:42:30,26.577,46.2,1011.375,0.1361,116.047,1.908,12.1547,1527.91,0
2026-10-05 01:42:40,26.535,46.578,1011.717,0.1481,114.16,1.9043,12.1997,1520.22,0
2026-10-05 01:42:50,26.505,46.36,1010.992,0.1325,113.776,1.8779,12.1369,1516.01,0
2026-10-05 01:43:00,26.97,46.873,1010.663,0.1507,105.675,1.9295,12.1632,1522.03,0
2026-10-05 01:43:10,26.609,46.356,1010.661,0.1373,112.983,1.8672,12.1334,1536.59,0
2026-10-05 01:43:20,26.409,46.041,1010.266,0.1386,112.989,1.8958,12.1214,1505.3,0
2026-10-05 01:43:30,26.821,46.507,1010.245,0.159,115.265,1.8656,12.1178,1501.0,0
2026-10-05 01:43:40,26.716,46.449,1011.231,0.1547,110.203,1.8905,12.1506,1503.19,0
2026-10-05 01:43:50,26.551,46.296,1009.928,0.1458,115.843,1.9271,12.1742,1496.77,0
2026-10-05 01:44:00,26.532,46.317,1011.735,0.1344,111.802,1.9074,12.1338,1506.3,0
2026-10-05 01:44:10,26.726,47.173,1010.5,0.161,112.409,1.8728,12.1777,1538.77,0
2026-10-05 01:44:20,26.616,46.415,1012.612,0.1433,114.867,1.883,12.1881,1496.31,0
2026-10-05 01:44:30,26.416,46.002,1010.126,0.1469,109.692,1.8869,12.1641,1518.18,0
2026-10-05 01:44:40,26.862,46.332,1010.789,0.1522,115.709,1.8757,12.1508,1532.1,0
2026-10-05 01:44:50,26.596,46.585,1010.369,0.1293,109.15,1.9036,12.126,1522.42,0
2026-10-05 01:45:00,26.829,45.884,1010.063,0.1399,115.156,1.9517,12.1754,1535.47,0
2026-10-05 01:45:10,26.803,47.359,1011.365,0.1444,112.46,1.8833,12.1145,1513.83,0
2026-10-05 01:45:20,26.53,46.974,1009.849,0.146,112.682,1.9458,12.1583,1515.28,0
2026-10-05 01:45:30,26.775,47.25,1010.152,0.1346,103.925,1.8977,12.1111,1516.96,0
2026-10-05 01:45:40,26.573,46.726,1011.038,0.1476,111.325,1.9061,12.117,1531.25,0
2026-10-05 01:45:50,26.428,45.477,1011.151,0.1453,112.443,1.9048,12.142,1564.04,0
2026-10-05 01:46:00,26.602,47.286,1009.658,0.1583,117.696,1.8561,12.1613,1523.11,0
2026-10-05 01:46:10,26.701,46.082,1011.041,0.153,112.92,1.9101,12.169,1519.81,0
2026-10-05 01:46:20,26.598,46.117,1010.727,0.1428,111.045,1.8382,12.1441,1509.04,0
2026-10-05 01:46:30,26.617,46.581,1009.996,0.1434,115.482,1.9045,12.1337,1549.72,0
2026-10-05 01:46:40,26.792,47.187,1010.089,0.1531,111.442,1.9036,12.1245,1517.95,0
2026-10-05 01:46:50,26.667,47.019,1009.22,0.1472,116.031,1.8613,12.1619,1514.61,0
2026-10-05 01:47:00,26.554,46.941,1011.848,0.134,113.696,1.9016,12.1611,1520.86,0
2026-10-05 01:47:10,26.739,46.326,1011.359,0.1617,110.19,1.8929,12.1491,1551.47,0
2026-10-05 01:47:20,26.679,46.314,1009.748,0.137,115.679,1.8966,12.1524,1515.84,0
2026-10-05 01:47:30,26.353,46.645,1011.212,0.1647,114.646,1.8971,12.185,1524.0,0
2026-10-05 01:47:40,26.707,46.402,1010.253,0.1483,115.507,1.8861,12.1705,1486.76,0
2026-10-05 01:47:50,26.703,46.907,1011.298,0.1398,112.25,1.903,12.1099,1539.33,0
2026-10-05 01:48:00,26.658,46.873,1010.313,0.1259,114.577,1.923,12.1676,1520.45,0
2026-10-05 01:48:10,26.763,46.749,1010.408,0.151,118.512,1.8956,12.1801,1538.55,0
2026-10-05 01:48:20,26.575,45.185,1010.463,0.1324,113.242,1.9005,12.1252,1534.49,0
2026-10-05 01:48:30,26.696,46.508,1010.207,0.1476,111.509,1.9182,12.1695,1527.48,0
2026-10-05 01:48:40,26.468,46.385,1011.649,0.1602,117.314,1.9589,12.2211,1518.47,0
2026-10-05 01:48:50,26.705,46.519,1011.301,0.1356,114.661,1.8976,12.1581,1526.28,0
2026-10-05 01:49:00,26.89,46.053,1010.751,0.1505,111.285,1.8601,12.1403,1505.33,0
2026-10-05 01:49:10,26.536,45.763,1011.394,0.1381,117.819,1.8804,12.1438,1528.92,0
2026-10-05 01:49:20,26.564,46.653,1009.54,0.1536,108.981,1.9181,12.1498,1533.96,0
2026-10-05 01:49:30,26.57,46.239,1009.821,0.145,114.156,1.9411,12.1072,1527.0,0
2026-10-05 01:49:40,26.67,46.7,1011.016,0.1443,115.985,1.8799,12.1062,1526.42,0
2026-10-05 01:49:50,26.527,46.073,1011.201,0.1541,115.738,1.9026,12.1536,1516.89,0
2026-10-05 01:50:00,34.705,47.112,1010.884,0.3994,109.8,1.9044,12.1458,1523.68,1
2026-10-05 01:50:10,26.755,46.901,1009.373,0.1379,108.756,1.8849,12.1637,1509.73,0
2026-10-05 01:50:20,26.717,46.544,1009.95,0.1586,113.143,1.9427,12.1402,1518.11,0
2026-10-05 01:50:30,26.441,46.285,1010.987,0.1319,114.546,1.9336,12.1495,1557.36,0
2026-10-05 01:50:40,26.772,46.814,1012.397,0.1464,109.176,1.9134,12.1713,1527.82,0
2026-10-05 01:50:50,26.764,46.58,1011.553,0.1375,113.292,1.8945,12.0908,1533.87,0
2026-10-05 01:51:00,26.751,46.499,1011.807,0.1321,107.992,1.9291,12.1249,1526.29,0
2026-10-05 01:51:10,26.696,46.898,1010.943,0.1349,115.524,1.9182,12.1349,1527.76,0
2026-10-05 01:51:20,26.677,47.086,1010.941,0.1435,110.606,1.8946,12.1441,1528.89,0
2026-10-05 01:51:30,26.773,45.743,1009.987,0.1466,111.805,1.93,12.1128,1523.35,0
2026-10-05 01:51:40,26.88,45.84,1011.379,0.1522,114.867,1.9152,12.1257,1535.95,0
2026-10-05 01:51:50,26.534,45.971,1010.664,0.1555,114.566,1.8646,12.166,1516.41,0
2026-10-05 01:52:00,26.777,45.607,1011.202,0.1459,113.651,1.8815,12.1603,1504.98,0
2026-10-05 01:52:10,26.636,46.323,1010.741,0.14,115.296,1.8733,12.079,1530.27,0
2026-10-05 01:52:20,26.63,46.651,1010.918,0.1518,113.412,1.9325,12.1433,1544.18,0
2026-10-05 01:52:30,26.461,46.337,1010.664,0.1385,116.505,1.8894,12.1455,1517.75,0
2026-10-05 01:52:40,26.61,46.077,1010.885,0.1306,107.008,1.9228,12.1263,1539.33,0
2026-10-05 01:52:50,26.524,46.904,1011.43,0.1508,111.939,1.9616,12.1457,1537.74,0
2026-10-05 01:53:00,26.587,46.408,1009.846,0.1538,111.789,1.9273,12.1592,1551.13,0
2026-10-05 01:53:10,26.51,46.505,1009.69,0.1365,111.417,1.8972,12.1674,1555.76,0
2026-10-05 01:53:20,26.586,46.908,1011.035,0.1587,113.543,1.8893,12.1522,1536.59,0
2026-10-05 01:53:30,26.591,46.266,1011.748,0.1476,112.671,1.9004,12.166,1526.16,0
2026-10-05 01:53:40,26.65,47.355,1011.927,0.1463,114.481,1.8825,12.1502,1503.79,0
2026-10-05 01:53:50,26.443,46.098,1009.888,0.1386,108.433,1.8798,12.093,1542.76,0
2026-10-05 01:54:00,26.463,47.317,1010.465,0.1508,118.839,1.8885,12.1469,1545.15,0
2026-10-05 01:54:10,26.678,45.828,1009.714,0.1303,110.768,1.9221,12.1196,1524.39,0
2026-10-05 01:54:20,26.538,46.571,1010.367,0.1397,112.779,1.8959,12.1533,1533.6,0
2026-10-05 01:54:30,26.761,45.989,1011.541,0.1365,111.278,1.9035,12.1451,1512.99,0
2026-10-05 01:54:40,26.658,46.867,1010.748,0.1318,112.118,1.921,12.145,1519.48,0
2026-10-05 01:54:50,26.703,46.065,1010.498,0.149,110.248,1.9276,12.1299,1508.69,0
2026-10-05 01:55:00,26.798,46.447,1011.144,0.1447,112.448,1.8614,12.141,1532.62,0
2026-10-05 01:55:10,26.59,45.974,1010.208,0.1483,113.549,1.8667,12.1588,1522.65,0
2026-10-05 01:55:20,26.557,46.765,1011.882,0.1396,104.581,1.9003,12.1284,1547.45,0
2026-10-05 01:55:30,26.729,45.966,1010.775,0.1496,110.779,1.8823,12.1358,1532.29,0
2026-10-05 01:55:40,26.684,47.133,1010.491,0.1422,110.643,1.9317,12.1077,1534.12,0
2026-10-05 01:55:50,26.599,45.791,1011.186,0.1377,118.684,1.8989,12.1586,1529.05,0
2026-10-05 01:56:00,26.787,45.614,1011.435,0.1362,114.279,1.9556,12.1199,1552.63,0
2026-10-05 01:56:10,26.593,46.76,1011.897,0.1254,116.178,1.8986,12.1526,1550.77,0
2026-10-05 01:56:20,26.621,45.986,1010.635,0.1504,113.33,1.9187,12.1697,1526.47,0
2026-10-05 01:56:30,26.618,46.276,1011.545,0.1494,111.881,1.8944,12.1839,1533.57,0
2026-10-05 01:56:40,26.502,46.116,1010.858,0.1643,112.705,1.9235,12.1442,1550.36,0
2026-10-05 01:56:50,26.622,45.619,1010.362,0.1381,114.959,1.9242,12.168,1511.55,0
2026-10-05 01:57:00,26.778,46.234,1010.249,0.1353,116.819,1.9338,12.1523,1533.77,0
2026-10-05 01:57:10,26.663,46.903,1010.027,0.1269,112.453,1.9084,12.1058,1524.03,0
2026-10-05 01:57:20,26.611,46.77,1010.278,0.148,109.657,1.9436,12.1156,1551.42,0
2026-10-05 01:57:30,26.586,46.383,1011.581,0.1461,114.278,1.9195,12.1741,1537.33,0
2026-10-05 01:57:40,26.644,46.821,1011.297,0.1525,108.923,1.8961,12.182,1503.34,0
2026-10-05 01:57:50,26.692,45.733,1009.937,0.1326,112.632,1.8964,12.1002,1523.21,0
2026-10-05 01:58:00,26.673,46.099,1009.585,0.1456,113.483,1.9307,12.1616,1550.54,0
2026-10-05 01:58:10,26.559,46.457,1010.032,0.1355,111.094,1.9442,12.1601,1542.91,0
2026-10-05 01:58:20,26.636,46.193,1010.269,0.1503,108.682,1.8847,12.1335,1513.92,0
2026-10-05 01:58:30,26.652,46.133,1010.603,0.1437,110.011,1.9317,12.1339,1514.91,0
2026-10-05 01:58:40,26.472,45.654,1011.639,0.1268,110.404,1.8759,12.1274,1530.8,0
2026-10-05 01:58:50,26.611,45.212,1010.437,0.1381,108.171,1.8977,12.1059,1528.84,0
2026-10-05 01:59:00,26.33,46.66,1012.0,0.1234,110.152,1.9256,12.1277,1525.84,0
2026-10-05 01:59:10,26.645,46.372,1009.65,0.1295,106.934,1.8923,12.1716,1523.67,0
2026-10-05 01:59:20,26.664,46.7,1010.585,0.1299,113.042,1.9502,12.1455,1520.93,0
2026-10-05 01:59:30,26.673,46.029,1011.381,0.1334,112.247,1.9289,12.1727,1563.6,0
2026-10-05 01:59:40,26.533,45.889,1011.427,0.1363,112.023,1.8843,12.1045,1524.31,0
2026-10-05 01:59:50,26.616,46.248,1010.601,0.1395,110.047,1.9304,12.1656,1519.93,0
2026-10-05 02:00:00,26.747,46.67,1011.54,0.139,110.427,1.8811,12.1742,1537.43,0
2026-10-05 02:00:10,26.744,46.126,1011.41,0.1377,108.675,1.9143,12.0896,1528.34,0
2026-10-05 02:00:20,26.569,46.642,1010.367,0.1404,112.656,1.9363,12.1418,1516.06,0
2026-10-05 02:00:30,26.587,45.737,1011.067,0.1276,107.046,1.9322,12.1637,1526.15,0
2026-10-05 02:00:40,26.701,46.158,1011.342,0.138,111.35,1.9125,12.1878,1529.01,0
2026-10-05 02:00:50,26.385,46.203,1010.425,0.1488,109.177,1.9061,12.1209,1536.38,0
2026-10-05 02:01:00,26.524,46.85,1012.041,0.1358,116.329,1.8859,12.1902,1534.64,0
2026-10-05 02:01:10,26.721,46.34,1010.273,0.1409,112.616,1.9196,12.1666,1514.72,0
2026-10-05 02:01:20,26.676,47.108,1010.961,0.14,111.013,1.9352,12.1307,1539.1,0
2026-10-05 02:01:30,26.601,45.561,1009.988,0.1435,107.676,1.9669,12.1807,1543.36,0
2026-10-05 02:01:40,26.373,46.299,1010.938,0.1387,106.882,1.9039,12.2135,1513.84,0
2026-10-05 02:01:50,26.546,46.323,1010.121,0.143,112.439,1.9366,12.1477,1518.34,0
2026-10-05 02:02:00,26.478,46.542,1010.665,0.1402,116.327,1.9347,12.1458,1527.36,0
2026-10-05 02:02:10,26.586,45.825,1009.763,0.1412,112.137,1.9038,12.1325,1533.29,0
2026-10-05 02:02:20,26.447,47.073,1011.436,0.1393,111.415,1.9338,12.2024,1533.86,0
2026-10-05 02:02:30,26.419,46.237,1011.128,0.1275,111.438,1.8955,12.1383,1529.36,0
2026-10-05 02:02:40,26.292,45.687,1011.643,0.126,111.157,1.9224,12.1325,1508.53,0
2026-10-05 02:02:50,26.683,46.222,1010.641,0.1324,111.437,1.9108,12.1412,1545.18,0
2026-10-05 02:03:00,26.486,46.073,1011.68,0.1475,108.751,1.9273,12.1416,1515.12,0
2026-10-05 02:03:10,26.551,47.621,1010.917,0.1335,107.865,1.9294,12.1426,1550.25,0
2026-10-05 02:03:20,26.529,46.754,1010.971,0.1372,111.093,1.9032,12.1374,1547.5,0
2026-10-05 02:03:30,26.398,46.253,1012.375,0.1188,115.225,1.9163,12.1394,1513.27,0
2026-10-05 02:03:40,26.373,46.172,1010.558,0.1359,113.055,1.9134,12.161,1535.25,0
2026-10-05 02:03:50,26.401,46.704,1011.759,0.1348,107.003,1.8895,12.1913,1550.37,0
2026-10-05 02:04:00,26.432,46.727,1011.239,0.1126,109.917,1.9076,12.1328,1538.78,0
2026-10-05 02:04:10,26.56,44.772,1010.505,0.1361,112.849,1.9024,12.1252,1504.46,0
2026-10-05 02:04:20,26.418,46.549,1009.987,0.1204,115.192,1.8888,12.166,1529.35,0
2026-10-05 02:04:30,26.72,46.242,1010.188,0.1276,115.995,1.897,12.1713,1542.41,0
2026-10-05 02:04:40,26.631,45.573,1011.705,0.1412,109.969,1.9107,12.1966,1555.1,0
2026-10-05 02:04:50,26.602,46.668,1012.13,0.1343,113.053,1.9187,12.1934,1527.83,0
2026-10-05 02:05:00,26.488,47.352,1010.983,0.1292,111.308,1.8863,12.1187,1504.85,0
2026-10-05 02:05:10,26.681,46.507,1011.022,0.1284,110.181,1.9475,12.1085,1562.64,0
2026-10-05 02:05:20,26.47,46.779,1011.468,0.1291,110.707,1.9329,12.1727,1527.96,0
2026-10-05 02:05:30,26.49,47.131,1010.979,0.1335,110.723,1.9155,12.1721,1551.44,0
2026-10-05 02:05:40,26.511,45.815,1011.7,0.1224,114.005,1.8872,12.1958,1525.88,0
2026-10-05 02:05:50,26.572,45.301,1011.137,0.1408,106.245,1.9125,12.1687,1537.97,0
2026-10-05 02:06:00,26.562,46.559,1011.03,0.1225,111.843,1.911,12.1449,1519.41,0
2026-10-05 02:06:10,26.425,46.107,1010.449,0.1176,115.037,1.8909,12.1851,1519.67,0
2026-10-05 02:06:20,26.415,45.544,1010.279,0.1392,114.694,1.889,12.1331,1556.77,0
2026-10-05 02:06:30,26.553,46.193,1008.732,0.1276,112.085,1.9373,12.2095,1543.69,0
2026-10-05 02:06:40,26.559,46.597,1011.81,0.1314,108.087,1.9101,12.1663,1529.14,0
2026-10-05 02:06:50,26.423,46.159,1010.846,0.1359,112.668,1.9404,12.1411,1543.54,0
2026-10-05 02:07:00,26.277,45.841,1010.672,0.1247,114.293,1.918,12.1375,1519.32,0
2026-10-05 02:07:10,26.44,46.123,1009.588,0.1313,108.753,1.9372,12.1647,1529.47,0
2026-10-05 02:07:20,26.536,46.226,1010.509,0.1352,111.351,1.9364,12.1579,1530.94,0
2026-10-05 02:07:30,26.675,45.272,1010.42,0.143,109.642,1.9302,12.1566,1517.99,0
2026-10-05 02:07:40,26.312,46.166,1010.407,0.1255,108.396,1.9482,12.1274,1515.98,0
2026-10-05 02:07:50,26.401,45.566,1011.199,0.1257,109.273,1.9212,12.1562,1500.95,0
2026-10-05 02:08:00,26.403,46.569,1011.054,0.1337,110.584,1.8813,12.181,1514.72,0
2026-10-05 02:08:10,26.609,45.46,1010.018,0.1307,107.424,1.8854,12.1416,1556.61,0
2026-10-05 02:08:20,26.439,46.748,1010.066,0.1277,106.913,1.9025,12.167,1502.49,0
2026-10-05 02:08:30,26.331,46.038,1010.067,0.1413,107.471,1.9374,12.1886,1528.57,0
2026-10-05 02:08:40,26.504,45.972,1012.247,0.1149,111.103,1.9089,12.1765,1531.33,0
2026-10-05 02:08:50,26.385,46.392,1012.027,0.1168,105.703,1.9241,12.1306,1525.24,0
2026-10-05 02:09:00,26.284,45.813,1010.389,0.1146,103.429,1.9324,12.169,1542.05,0
2026-10-05 02:09:10,26.32,46.387,1009.604,0.1373,114.178,1.9232,12.1977,1524.75,0
2026-10-05 02:09:20,26.632,45.883,1011.08,0.1316,107.001,1.8619,12.1736,1543.13,0
2026-10-05 02:09:30,26.467,45.972,1011.026,0.1163,109.44,1.8895,12.1908,1537.0,0
2026-10-05 02:09:40,26.431,46.455,1011.218,0.1261,112.769,1.9634,12.1859,1508.41,0
2026-10-05 02:09:50,26.385,45.684,1011.518,0.1266,105.668,1.9274,12.1331,1546.07,0
2026-10-05 02:10:00,26.446,45.623,1011.318,0.109,105.645,1.8519,12.2061,1523.88,0
2026-10-05 02:10:10,26.442,46.381,1010.223,0.1279,108.046,1.9211,12.1931,1501.65,0
2026-10-05 02:10:20,26.44,46.245,1011.213,0.1168,112.808,1.9645,12.1548,1535.52,0
2026-10-05 02:10:30,26.415,46.344,1011.608,0.1317,109.84,1.9263,12.1944,1524.08,0
2026-10-05 02:10:40,26.502,46.425,1010.506,0.1166,109.861,1.9206,12.1589,1552.75,0
2026-10-05 02:10:50,26.398,46.292,1011.226,0.1273,108.98,1.8738,12.1599,1544.69,0
2026-10-05 02:11:00,26.274,46.569,1010.632,0.1357,111.533,1.9128,12.1399,1514.65,0
2026-10-05 02:11:10,26.315,46.315,1012.419,0.1329,114.123,1.8785,12.1365,1542.34,0
2026-10-05 02:11:20,26.148,45.265,1010.096,0.129,118.76,1.8891,12.1662,1517.6,0
2026-10-05 02:11:30,26.625,45.397,1011.837,0.124,109.345,1.8834,12.1563,1503.11,0
2026-10-05 02:11:40,26.482,47.236,1009.861,0.1125,114.348,1.9632,12.1255,1518.67,0
2026-10-05 02:11:50,26.275,46.275,1012.288,0.1207,112.749,1.9379,12.1716,1507.87,0
2026-10-05 02:12:00,26.338,46.752,1010.237,0.1222,110.533,1.9548,12.1757,1527.53,0
2026-10-05 02:12:10,26.292,46.106,1011.172,0.1214,103.083,1.8867,12.1705,1556.61,0
2026-10-05 02:12:20,26.55,46.252,1009.901,0.1113,108.56,1.9246,12.1704,1528.75,0
2026-10-05 02:12:30,26.191,46.056,1010.1,0.1268,108.66,1.8946,12.1734,1534.41,0
2026-10-05 02:12:40,26.372,47.518,1011.676,0.1137,110.732,1.8973,12.1675,1512.36,0
2026-10-05 02:12:50,26.342,46.414,1011.77,0.1353,109.044,1.9316,12.1721,1519.21,0
2026-10-05 02:13:00,26.45,46.022,1011.221,0.1239,107.928,1.9244,12.1762,1535.41,0
2026-10-05 02:13:10,26.335,45.466,1011.575,0.1303,115.689,1.9271,12.149,1526.11,0
2026-10-05 02:13:20,26.133,47.281,1011.79,0.1299,113.505,1.8885,12.1321,1516.24,0
2026-10-05 02:13:30,26.311,46.215,1010.583,0.1386,103.493,1.9231,12.1718,1542.0,0
2026-10-05 02:13:40,26.221,46.671,1010.085,0.1232,108.699,1.9286,12.1677,1528.98,0
2026-10-05 02:13:50,26.344,46.73,1011.058,0.1184,111.417,1.9031,12.1754,1557.6,0
2026-10-05 02:14:00,26.503,46.073,1010.666,0.1184,113.498,1.9132,12.1926,1536.57,0
2026-10-05 02:14:10,26.118,46.643,1011.345,0.1331,108.226,1.8788,12.1634,1509.57,0
2026-10-05 02:14:20,26.228,46.007,1011.46,0.1103,108.822,1.8661,12.161,1528.22,0
2026-10-05 02:14:30,26.254,45.817,1010.602,0.1136,109.733,1.9702,12.1761,1508.33,0
2026-10-05 02:14:40,26.271,46.897,1011.575,0.1223,111.416,1.9251,12.139,1556.36,0
2026-10-05 02:14:50,26.402,46.238,1011.543,0.119,104.805,1.911,12.1657,1511.35,0
2026-10-05 02:15:00,26.289,46.579,1011.594,0.1277,103.347,1.94,12.1622,1542.8,0
2026-10-05 02:15:10,26.356,46.528,1010.805,0.1091,113.139,1.8982,12.1867,1540.29,0
2026-10-05 02:15:20,26.228,46.645,1011.639,0.119,106.386,1.9228,12.1535,1515.64,0
2026-10-05 02:15:30,26.327,45.55,1011.46,0.1178,115.706,1.9476,12.1673,1530.69,0
2026-10-05 02:15:40,26.389,46.039,1011.548,0.1105,106.729,1.8924,12.1612,1529.5,0
2026-10-05 02:15:50,26.204,46.172,1012.277,0.1259,108.746,1.9077,12.103,1538.04,0
2026-10-05 02:16:00,26.382,45.922,1011.335,0.1179,110.389,1.8855,12.1521,1528.09,0
2026-10-05 02:16:10,26.291,46.555,1010.683,0.1174,102.869,1.9408,12.1652,1515.31,0
2026-10-05 02:16:20,26.407,46.937,1010.334,0.1116,117.84,1.9251,12.1432,1533.63,0
2026-10-05 02:16:30,26.254,47.019,1011.904,0.115,108.043,1.9492,12.1625,1533.56,0
2026-10-05 02:16:40,26.32,46.18,1011.367,0.1096,106.694,1.941,12.1992,1511.02,0
2026-10-05 02:16:50,26.266,46.499,1012.289,0.1244,105.693,1.9134,12.1899,1490.28,0
2026-10-05 02:17:00,26.256,46.579,1009.702,0.1256,110.259,1.9302,12.1192,1533.62,0
2026-10-05 02:17:10,26.295,46.67,1011.763,0.1305,110.028,1.9304,12.185,1530.23,0
2026-10-05 02:17:20,26.325,45.923,1010.946,0.1203,105.74,1.9382,12.1801,1530.98,0
2026-10-05 02:17:30,26.107,47.276,1010.884,0.1139,105.004,1.9565,12.1638,1544.17,0
2026-10-05 02:17:40,26.425,46.832,1010.599,0.1127,112.267,1.8926,12.1076,1537.4,0
2026-10-05 02:17:50,26.027,46.849,1011.767,0.1201,107.116,1.8729,12.1859,1543.53,0
2026-10-05 02:18:00,26.164,46.978,1011.57,0.1176,103.902,1.8935,12.1557,1535.75,0
2026-10-05 02:18:10,26.231,46.646,1010.344,0.1144,108.604,1.9316,12.1718,1526.04,0
2026-10-05 02:18:20,26.289,45.869,1011.262,0.1134,107.825,1.9301,12.1424,1505.31,0
2026-10-05 02:18:30,26.425,46.317,1011.644,0.1247,114.862,1.9055,12.1482,1546.74,0
2026-10-05 02:18:40,26.009,45.565,1011.277,0.1116,107.427,1.9129,12.1902,1520.34,0
2026-10-05 02:18:50,26.168,46.601,1011.931,0.1256,108.052,1.8988,12.2075,1514.27,0
2026-10-05 02:19:00,25.97,46.313,1010.955,0.1161,109.617,1.9169,12.1563,1532.78,0
2026-10-05 02:19:10,26.225,46.381,1009.583,0.1115,107.228,1.9022,12.2049,1495.55,0
2026-10-05 02:19:20,26.25,47.007,1011.295,0.1079,110.246,1.9604,12.1565,1511.86,0
2026-10-05 02:19:30,26.405,46.18,1011.294,0.1128,105.855,1.9525,12.1563,1513.37,0
2026-10-05 02:19:40,26.225,46.286,1011.388,0.1178,108.17,1.9375,12.1319,1512.8,0
2026-10-05 02:19:50,26.333,46.427,1011.948,0.1105,110.091,1.9202,12.1799,1551.56,0
2026-10-05 02:20:00,26.274,45.5,1009.809,0.1202,112.266,1.9478,12.1627,1521.15,0
2026-10-05 02:20:10,26.148,46.291,1011.012,0.1097,107.077,1.9218,12.1642,1512.66,0
2026-10-05 02:20:20,26.028,45.185,1010.536,0.1119,107.023,1.9233,12.1582,1521.37,0
2026-10-05 02:20:30,26.226,46.139,1010.34,0.1024,113.424,1.876,12.143,1534.76,0
2026-10-05 02:20:40,26.011,46.863,1011.138,0.117,107.128,1.9257,12.1835,1493.21,0
2026-10-05 02:20:50,26.341,46.663,1011.682,0.1101,108.595,1.8868,12.1665,1523.37,0
2026-10-05 02:21:00,26.163,46.146,1011.405,0.1247,113.887,1.909,12.1883,1514.71,0
2026-10-05 02:21:10,26.322,46.468,1010.716,0.1175,108.933,1.9232,12.1446,1525.4,0
2026-10-05 02:21:20,26.118,45.914,1011.098,0.1123,107.971,1.8965,12.1742,1504.02,0
2026-10-05 02:21:30,26.204,46.455,1011.854,0.1212,108.177,1.9309,12.2218,1518.35,0
2026-10-05 02:21:40,26.194,47.925,1011.684,0.1145,106.458,1.9451,12.1506,1518.85,0
2026-10-05 02:21:50,26.16,47.387,1010.822,0.1191,110.015,1.8967,12.1564,1501.68,0
2026-10-05 02:22:00,26.11,46.495,1010.78,0.1039,105.873,1.9216,12.1562,1548.55,0
2026-10-05 02:22:10,26.205,46.553,1010.014,0.1143,110.964,1.8875,12.1426,1526.65,0
2026-10-05 02:22:20,26.043,45.987,1010.918,0.1144,108.657,1.8894,12.2102,1534.08,0
2026-10-05 02:22:30,26.006,46.081,1010.006,0.0978,109.3,1.9263,12.1113,1514.79,0
2026-10-05 02:22:40,26.297,46.667,1012.671,0.122,113.766,1.9363,12.1384,1523.16,0
2026-10-05 02:22:50,26.231,46.228,1010.629,0.1005,104.213,1.8807,12.1807,1501.75,0
2026-10-05 02:23:00,26.149,46.947,1012.007,0.0992,108.616,1.9695,12.1509,1510.01,0
2026-10-05 02:23:10,26.337,47.284,1012.506,0.0866,110.44,1.9058,12.1684,1505.97,0
2026-10-05 02:23:20,26.102,46.67,1011.388,0.1129,106.661,1.9234,12.1686,1523.73,0
2026-10-05 02:23:30,26.289,46.559,1011.17,0.0958,111.346,1.9048,12.1818,1544.72,0
2026-10-05 02:23:40,26.148,45.672,1010.317,0.1046,106.842,1.9109,12.1715,1532.5,0
2026-10-05 02:23:50,26.0,46.891,1010.893,0.1153,109.334,1.9559,12.1598,1545.95,0
2026-10-05 02:24:00,26.342,45.95,1012.372,0.1099,108.072,1.9555,12.1729,1530.51,0
2026-10-05 02:24:10,26.235,46.318,1011.498,0.1032,108.911,1.8765,12.1652,1524.73,0
2026-10-05 02:24:20,26.099,47.011,1011.275,0.0952,108.631,1.9036,12.2121,1504.42,0
2026-10-05 02:24:30,26.197,47.051,1012.177,0.1069,108.296,1.9914,12.1555,1522.93,0
2026-10-05 02:24:40,26.058,46.308,1011.749,0.1144,106.955,1.9067,12.1838,1510.79,0
2026-10-05 02:24:50,26.202,46.341,1011.161,0.113,106.365,1.928,12.1929,1530.21,0
2026-10-05 02:25:00,25.813,46.201,1011.419,0.1215,109.291,1.9458,12.1371,1497.16,0
2026-10-05 02:25:10,25.974,45.956,1010.733,0.1018,108.484,1.9386,12.1424,1515.74,0
2026-10-05 02:25:20,26.21,46.243,1010.881,0.0963,106.234,1.8468,12.2185,1517.45,0
2026-10-05 02:25:30,26.06,45.758,1011.132,0.1091,109.324,1.9255,12.1534,1543.8,0
2026-10-05 02:25:40,26.111,46.911,1011.67,0.1081,106.89,1.9608,12.1707,1501.47,0
2026-10-05 02:25:50,25.921,46.772,1010.41,0.1062,112.927,1.9177,12.1662,1534.16,0
2026-10-05 02:26:00,26.301,46.86,1011.339,0.1001,115.712,1.8908,12.1696,1528.8,0
2026-10-05 02:26:10,26.219,46.108,1011.016,0.0846,112.395,1.8912,12.1614,1512.42,0
2026-10-05 02:26:20,26.049,45.992,1010.661,0.0976,112.212,1.9117,12.1738,1522.22,0
2026-10-05 02:26:30,26.021,46.622,1011.026,0.1099,110.638,1.9334,12.1505,1512.14,0
2026-10-05 02:26:40,26.19,46.632,1009.673,0.1076,107.55,1.9887,12.1653,1515.91,0
2026-10-05 02:26:50,26.301,46.531,1010.771,0.1128,102.467,1.9091,12.1217,1526.8,0
2026-10-05 02:27:00,26.174,46.465,1010.535,0.1077,105.073,1.9303,12.1681,1553.48,0
2026-10-05 02:27:10,26.317,47.471,1011.112,0.1107,106.101,1.8775,12.1795,1529.58,0
2026-10-05 02:27:20,25.943,46.834,1009.715,0.1107,111.739,1.8739,12.1952,1518.63,0
2026-10-05 02:27:30,25.952,47.611,1011.447,0.1046,108.868,1.9035,12.2,1536.08,0
2026-10-05 02:27:40,25.904,47.265,1011.953,0.1045,106.105,1.9269,12.1619,1493.22,0
2026-10-05 02:27:50,26.097,47.488,1011.238,0.0808,102.532,1.9135,12.1924,1508.26,0
2026-10-05 02:28:00,26.062,46.104,1011.672,0.0986,115.006,1.9169,12.1427,1515.13,0
2026-10-05 02:28:10,26.019,46.943,1010.967,0.0988,109.636,1.9086,12.1586,1498.35,0
2026-10-05 02:28:20,26.131,46.436,1010.241,0.1027,110.746,1.9147,12.2122,1505.61,0
2026-10-05 02:28:30,26.179,45.826,1011.334,0.0959,106.398,1.9079,12.1763,1488.68,0
2026-10-05 02:28:40,25.845,47.411,1011.812,0.1107,107.573,1.8814,12.1776,1494.13,0
2026-10-05 02:28:50,25.953,46.521,1010.412,0.096,106.942,1.8777,12.1674,1509.43,0
2026-10-05 02:29:00,26.12,46.146,1011.016,0.1117,108.151,1.9489,12.2187,1498.79,0
2026-10-05 02:29:10,25.962,46.472,1011.172,0.095,113.48,1.8942,12.1853,1519.01,0
2026-10-05 02:29:20,25.92,46.287,1013.344,0.0977,104.314,1.9086,12.2092,1516.5,0
2026-10-05 02:29:30,26.135,46.343,1011.508,0.097,107.787,1.9443,12.1574,1517.63,0
2026-10-05 02:29:40,25.855,46.585,1010.021,0.0983,108.978,1.9076,12.1479,1504.5,0
2026-10-05 02:29:50,25.97,47.567,1009.851,0.1115,107.53,1.9362,12.1532,1528.09,0
2026-10-05 02:30:00,26.043,46.374,1011.872,0.0993,110.851,1.8919,12.1881,1519.15,0
2026-10-05 02:30:10,25.932,47.542,1013.103,0.0994,102.642,1.9529,12.2136,1514.79,0
2026-10-05 02:30:20,26.091,47.142,1011.17,0.0957,113.485,1.9195,12.1913,1514.7,0
2026-10-05 02:30:30,25.926,46.922,1011.132,0.0994,103.707,1.9131,12.1945,1507.88,0
2026-10-05 02:30:40,26.16,47.103,1011.675,0.1031,104.413,1.9095,12.177,1530.56,0
2026-10-05 02:30:50,25.973,46.742,1010.818,0.0995,106.44,1.9326,12.1409,1527.68,0
2026-10-05 02:31:00,26.066,47.384,1009.599,0.0998,105.83,1.9192,12.2234,1504.86,0
2026-10-05 02:31:10,26.072,47.03,1012.109,0.109,109.031,1.8333,12.1895,1512.59,0
2026-10-05 02:31:20,25.904,45.92,1010.957,0.1029,108.669,1.9018,12.186,1503.95,0
2026-10-05 02:31:30,25.73,46.906,1012.124,0.0914,108.068,1.921,12.1949,1546.66,0
2026-10-05 02:31:40,26.017,47.156,1010.86,0.0998,103.459,1.8886,12.1302,1505.62,0
2026-10-05 02:31:50,25.98,46.625,1011.481,0.096,107.279,1.9,12.1606,1527.16,0
2026-10-05 02:32:00,26.035,46.839,1011.997,0.1043,107.742,1.9028,12.1888,1549.19,0
2026-10-05 02:32:10,25.938,46.475,1012.151,0.1009,111.365,1.9522,12.1697,1513.53,0
2026-10-05 02:32:20,25.911,46.098,1011.568,0.1089,108.251,1.9271,12.1714,1482.42,0
2026-10-05 02:32:30,26.201,46.018,1011.537,0.0939,108.786,1.9203,12.2055,1530.97,0
2026-10-05 02:32:40,25.781,46.031,1011.845,0.0981,113.511,1.8827,12.1764,1500.41,0
2026-10-05 02:32:50,26.043,47.14,1011.74,0.091,104.128,1.8946,12.233,1497.55,0
2026-10-05 02:33:00,25.883,45.566,1010.514,0.0991,106.429,1.9328,12.1726,1534.31,0
2026-10-05 02:33:10,25.909,46.484,1010.531,0.087,104.172,1.9279,12.1938,1487.87,0
2026-10-05 02:33:20,25.908,46.44,1009.948,0.1017,112.384,1.8757,12.1859,1528.68,0
2026-10-05 02:33:30,25.847,46.688,1011.964,0.0986,112.574,1.9461,12.1595,1503.57,0
2026-10-05 02:33:40,26.01,45.907,1011.154,0.1001,112.121,1.8894,12.1481,1478.89,0
2026-10-05 02:33:50,26.105,47.043,1012.008,0.1051,109.163,1.9197,12.1749,1519.71,0
2026-10-05 02:34:00,25.992,46.21,1011.72,0.1005,108.648,1.979,12.222,1472.44,0
2026-10-05 02:34:10,25.946,47.419,1010.739,0.0883,106.118,1.9,12.1642,1505.29,0
2026-10-05 02:34:20,25.812,46.548,1011.36,0.094,109.786,1.9145,12.1871,1481.22,0
2026-10-05 02:34:30,25.99,46.818,1011.129,0.0977,103.619,1.8962,12.1678,1500.57,0
2026-10-05 02:34:40,26.184,46.873,1011.024,0.0956,103.594,1.9143,12.1798,1515.71,0
2026-10-05 02:34:50,25.877,47.0,1012.094,0.0964,106.175,1.9454,12.2029,1511.35,0
2026-10-05 02:35:00,25.875,46.902,1013.214,0.111,113.081,1.9048,12.1773,1507.88,0
2026-10-05 02:35:10,25.851,46.677,1012.241,0.0987,105.865,1.9021,12.1591,1519.66,0
2026-10-05 02:35:20,25.857,47.068,1011.444,0.1008,106.256,1.9369,12.2147,1504.27,0
2026-10-05 02:35:30,25.584,47.136,1012.348,0.0816,108.241,1.8775,12.1594,1500.78,0
2026-10-05 02:35:40,25.959,46.526,1012.669,0.1035,110.059,1.911,12.1915,1508.06,0
2026-10-05 02:35:50,25.807,47.128,1010.498,0.1203,111.105,1.8906,12.1374,1493.61,0
2026-10-05 02:36:00,25.713,47.517,1012.334,0.1081,103.974,1.9026,12.2069,1516.22,0
2026-10-05 02:36:10,25.994,47.28,1012.018,0.0938,107.031,1.8862,12.2399,1504.09,0
2026-10-05 02:36:20,25.771,47.4,1012.314,0.1154,107.981,1.8725,12.1742,1513.52,0
2026-10-05 02:36:30,25.858,47.026,1012.055,0.0973,108.267,1.8528,12.1493,1499.87,0
2026-10-05 02:36:40,26.073,46.478,1011.33,0.0995,109.877,1.8965,12.1942,1509.76,0
2026-10-05 02:36:50,25.725,46.548,1012.915,0.0948,109.726,1.9134,12.1773,1512.0,0
2026-10-05 02:37:00,25.708,47.119,1011.733,0.0945,107.328,1.9278,12.2286,1471.47,0
2026-10-05 02:37:10,25.922,47.437,1011.195,0.0788,110.695,1.8739,12.1602,1479.59,0
2026-10-05 02:37:20,26.026,48.365,1011.856,0.103,110.13,1.9109,12.1418,1492.88,0
2026-10-05 02:37:30,25.697,47.469,1012.186,0.0942,109.876,1.9209,12.1829,1499.03,0
2026-10-05 02:37:40,25.932,46.4,1011.575,0.095,105.61,1.9157,12.1899,1519.87,0
2026-10-05 02:37:50,25.951,46.608,1011.787,0.0986,109.322,1.913,12.1562,1507.28,0
2026-10-05 02:38:00,25.632,48.137,1011.577,0.093,110.78,1.8523,12.1995,1508.06,0
2026-10-05 02:38:10,25.973,46.897,1011.056,0.0984,105.614,1.9032,12.1769,1523.08,0
2026-10-05 02:38:20,25.98,47.034,1010.947,0.1058,107.537,1.9039,12.1688,1520.33,0
2026-10-05 02:38:30,25.836,46.537,1010.543,0.0994,111.823,1.9194,12.1892,1484.3,0
2026-10-05 02:38:40,26.021,47.806,1012.591,0.0949,108.305,1.9402,12.1685,1517.66,0
2026-10-05 02:38:50,26.005,47.28,1011.375,0.095,106.839,1.8989,12.1573,1500.47,0
2026-10-05 02:39:00,25.879,46.649,1009.136,0.0976,111.474,1.8965,12.1354,1490.91,0
2026-10-05 02:39:10,25.811,46.546,1011.816,0.0892,105.664,1.9082,12.1604,1493.97,0
2026-10-05 02:39:20,25.747,47.203,1011.805,0.0975,101.974,1.9053,12.2382,1488.72,0
2026-10-05 02:39:30,25.857,47.078,1010.238,0.1013,104.712,1.9154,12.1768,1499.95,0
2026-10-05 02:39:40,25.928,47.479,1010.965,0.0964,110.444,1.9176,12.1506,1496.32,0
2026-10-05 02:39:50,25.819,47.343,1010.938,0.0923,108.585,1.8997,12.2077,1515.83,0
2026-10-05 02:40:00,25.592,46.944,1011.035,0.0933,107.214,1.9164,12.1749,1526.02,0
2026-10-05 02:40:10,26.006,46.811,1012.407,0.1008,110.18,1.8982,12.1834,1490.67,0
2026-10-05 02:40:20,25.875,47.009,1011.457,0.0867,107.484,1.8672,12.183,1477.04,0
2026-10-05 02:40:30,25.805,46.82,1011.266,0.089,106.304,1.8744,12.2134,1506.22,0
2026-10-05 02:40:40,25.952,47.037,1012.354,0.0826,109.463,1.8447,12.1431,1510.06,0
2026-10-05 02:40:50,26.03,47.117,1011.918,0.0957,105.799,1.9444,12.2128,1501.36,0
2026-10-05 02:41:00,25.509,46.667,1010.356,0.1023,108.403,1.9348,12.195,1472.3,0
2026-10-05 02:41:10,25.896,47.438,1011.146,0.106,104.535,1.9283,12.1784,1483.22,0
2026-10-05 02:41:20,25.671,46.944,1011.807,0.1077,103.743,1.8968,12.1551,1497.04,0
2026-10-05 02:41:30,25.9,46.715,1010.931,0.0897,104.296,1.9264,12.1704,1485.31,0
2026-10-05 02:41:40,25.854,46.967,1013.009,0.0972,106.803,1.9242,12.1776,1479.31,0
2026-10-05 02:41:50,25.914,47.27,1011.67,0.092,104.924,1.8652,12.2219,1526.16,0
2026-10-05 02:42:00,25.776,47.197,1011.067,0.1084,104.996,1.8817,12.2126,1478.72,0
2026-10-05 02:42:10,25.61,47.374,1010.812,0.1056,106.382,1.9145,12.167,1511.53,0
2026-10-05 02:42:20,25.779,47.618,1012.25,0.0965,106.614,1.8886,12.227,1499.34,0
2026-10-05 02:42:30,25.88,47.828,1011.151,0.0901,102.165,1.883,12.2006,1501.99,0
2026-10-05 02:42:40,25.952,47.325,1011.874,0.0675,99.238,1.921,12.1887,1509.65,0
2026-10-05 02:42:50,25.688,46.655,1010.805,0.0836,107.993,1.8795,12.1699,1481.97,0
2026-10-05 02:43:00,25.95,47.062,1011.664,0.0802,107.198,1.962,12.1625,1487.52,0
2026-10-05 02:43:10,25.748,46.701,1011.173,0.0835,102.657,1.9396,12.1906,1498.82,0
2026-10-05 02:43:20,25.868,48.058,1011.4,0.1101,108.065,1.8941,12.1866,1463.7,0
2026-10-05 02:43:30,25.762,48.21,1011.067,0.0847,108.047,1.9305,12.1673,1515.9,0
2026-10-05 02:43:40,25.844,47.548,1012.346,0.0865,105.825,1.9037,12.205,1492.61,0
2026-10-05 02:43:50,25.928,47.659,1011.288,0.0876,112.597,1.8884,12.1813,1476.45,0
2026-10-05 02:44:00,25.672,47.362,1011.534,0.1158,110.515,1.948,12.1877,1506.7,0
2026-10-05 02:44:10,25.737,47.426,1011.571,0.0945,105.498,1.9081,12.2041,1491.37,0
2026-10-05 02:44:20,25.839,46.452,1012.77,0.103,105.542,1.8757,12.198,1478.89,0
2026-10-05 02:44:30,26.104,47.22,1012.268,0.0964,102.297,1.9093,12.1369,1503.61,0
2026-10-05 02:44:40,25.711,46.823,1012.202,0.0791,110.333,1.9395,12.1965,1454.24,0
2026-10-05 02:44:50,26.059,47.411,1010.547,0.1073,107.387,1.8974,12.1781,1495.13,0
2026-10-05 02:45:00,26.053,47.248,1011.195,0.0982,109.104,1.9023,12.1663,1508.19,0
2026-10-05 02:45:10,25.8,48.258,1012.49,0.0941,100.221,1.8893,12.1788,1475.75,0
2026-10-05 02:45:20,25.775,47.749,1010.842,0.1091,108.944,1.9054,12.1699,1468.72,0
2026-10-05 02:45:30,25.727,47.44,1011.724,0.0923,105.07,1.8719,12.1808,1494.0,0
2026-10-05 02:45:40,25.801,47.171,1010.923,0.0939,108.341,1.8762,12.1771,1477.21,0
2026-10-05 02:45:50,25.639,48.15,1010.996,0.0923,108.14,1.8873,12.1949,1520.78,0
2026-10-05 02:46:00,25.798,47.303,1012.852,0.1037,106.502,1.8998,12.1394,1478.81,0
2026-10-05 02:46:10,25.986,47.491,1012.182,0.1017,104.461,1.9231,12.1824,1483.55,0
2026-10-05 02:46:20,25.732,47.353,1012.37,0.0974,107.738,1.8914,12.1771,1493.99,0
2026-10-05 02:46:30,25.776,47.137,1012.234,0.0868,104.022,1.9155,12.2341,1458.6,0
2026-10-05 02:46:40,25.6,47.364,1011.591,0.0923,109.67,1.8836,12.129,1486.47,0
2026-10-05 02:46:50,25.848,46.372,1011.208,0.0868,104.342,1.909,12.201,1502.06,0
2026-10-05 02:47:00,25.834,46.586,1011.414,0.1046,106.563,1.924,12.1888,1483.75,0
2026-10-05 02:47:10,25.809,47.541,1011.565,0.0827,104.246,1.8909,12.1972,1467.45,0
2026-10-05 02:47:20,25.775,48.157,1012.946,0.1081,106.949,1.9023,12.1669,1477.85,0
2026-10-05 02:47:30,25.765,47.554,1010.77,0.1057,103.366,1.8786,12.1861,1455.34,0
2026-10-05 02:47:40,25.86,47.027,1011.321,0.0881,104.023,1.9077,12.1817,1479.4,0
2026-10-05 02:47:50,25.796,46.672,1011.073,0.0922,113.322,1.8227,12.2665,1500.11,0
2026-10-05 02:48:00,25.837,47.793,1012.455,0.0898,108.96,1.8518,12.1704,1473.78,0
2026-10-05 02:48:10,25.824,47.124,1013.017,0.099,107.525,1.9065,12.1586,1493.33,0
2026-10-05 02:48:20,25.933,47.736,1011.939,0.1069,107.948,1.851,12.2283,1460.3,0
2026-10-05 02:48:30,25.878,47.616,1012.0,0.1052,107.311,1.8794,12.1869,1510.42,0
2026-10-05 02:48:40,25.82,47.667,1011.793,0.0923,106.117,1.9265,12.1912,1498.9,0
2026-10-05 02:48:50,25.979,47.451,1012.039,0.1058,108.643,1.9127,12.2065,1474.24,0
2026-10-05 02:49:00,25.846,47.633,1012.278,0.1052,103.881,1.9507,12.1803,1461.46,0
2026-10-05 02:49:10,25.952,47.389,1012.038,0.0944,111.137,1.8924,12.1679,1473.38,0
2026-10-05 02:49:20,25.868,47.138,1012.092,0.0959,106.701,1.8882,12.1818,1484.92,0
2026-10-05 02:49:30,25.574,46.98,1012.289,0.1084,108.734,1.8903,12.1575,1496.67,0
2026-10-05 02:49:40,25.951,46.276,1010.505,0.1046,111.038,1.8666,12.1422,1448.42,0
2026-10-05 02:49:50,25.811,47.385,1011.755,0.106,107.781,1.8841,12.1575,1497.84,0
2026-10-05 02:50:00,25.788,48.242,1011.971,0.1169,103.865,1.8577,12.1195,1483.3,0
2026-10-05 02:50:10,25.828,47.854,1012.052,0.1007,109.945,1.9182,12.1695,1461.69,0
2026-10-05 02:50:20,25.753,47.61,1011.644,0.099,111.364,1.9071,12.1661,1440.59,0
2026-10-05 02:50:30,25.821,47.136,1011.88,0.1073,100.425,1.8593,12.1938,1480.58,0
2026-10-05 02:50:40,25.723,48.009,1011.267,0.1124,105.949,1.8714,12.1819,1481.5,0
2026-10-05 02:50:50,25.947,47.457,1010.532,0.0917,107.118,1.8975,12.1753,1468.64,0
2026-10-05 02:51:00,25.78,48.311,1012.466,0.0951,105.442,1.8943,12.2082,1491.25,0
2026-10-05 02:51:10,25.748,47.04,1010.987,0.0886,102.485,1.861,12.1684,1507.77,0
2026-10-05 02:51:20,25.683,47.162,1011.672,0.0996,103.564,1.8886,12.1511,1470.95,0
2026-10-05 02:51:30,25.826,47.12,1011.263,0.104,100.655,1.9009,12.1157,1465.43,0
2026-10-05 02:51:40,25.816,46.81,1012.902,0.0894,109.058,1.9013,12.1795,1502.06,0
2026-10-05 02:51:50,25.841,47.089,1011.739,0.1062,110.303,1.9281,12.1776,1472.68,0
2026-10-05 02:52:00,25.671,47.616,1011.581,0.0936,110.251,1.892,12.2107,1485.57,0
2026-10-05 02:52:10,25.602,47.215,1012.325,0.093,106.073,1.8544,12.1573,1466.25,0
2026-10-05 02:52:20,25.869,45.65,1013.315,0.1064,106.968,1.8585,12.1977,1492.14,0
2026-10-05 02:52:30,25.973,48.122,1012.093,0.0925,109.352,1.9163,12.1169,1456.05,0
2026-10-05 02:52:40,25.672,46.749,1011.548,0.0863,105.433,1.9248,12.1466,1476.58,0
2026-10-05 02:52:50,25.986,47.893,1012.303,0.1036,103.274,1.8834,12.1887,1478.52,0
2026-10-05 02:53:00,25.83,47.621,1010.718,0.0967,104.4,1.8935,12.1963,1471.02,0
2026-10-05 02:53:10,25.795,48.67,1011.855,0.1075,106.629,1.886,12.1376,1463.9,0
2026-10-05 02:53:20,25.748,48.117,1013.222,0.1046,103.951,1.8759,12.1593,1500.02,0
2026-10-05 02:53:30,25.63,47.373,1011.94,0.0841,107.502,1.8458,12.1803,1484.93,0
2026-10-05 02:53:40,25.916,47.281,1011.908,0.1087,102.007,1.8947,12.1768,1459.5,0
2026-10-05 02:53:50,25.704,48.39,1011.851,0.1135,105.335,1.927,12.1929,1443.9,0
2026-10-05 02:54:00,25.704,46.908,1011.563,0.1067,107.27,1.8864,12.2021,1494.01,0
2026-10-05 02:54:10,25.917,47.748,1012.063,0.1071,106.441,1.8743,12.1473,1457.62,0
2026-10-05 02:54:20,25.573,47.593,1012.389,0.0967,103.829,1.8707,12.1904,1472.12,0
2026-10-05 02:54:30,25.617,47.494,1011.618,0.095,108.23,1.8936,12.1613,1472.25,0
2026-10-05 02:54:40,25.798,47.849,1010.11,0.1006,106.803,1.9097,12.1877,1474.83,0
2026-10-05 02:54:50,25.836,47.774,1012.183,0.1064,99.739,1.8939,12.1677,1444.89,0
2026-10-05 02:55:00,25.86,47.914,1013.354,0.1063,107.362,1.8336,12.2063,1464.66,0
2026-10-05 02:55:10,25.766,47.762,1011.601,0.0958,104.72,1.9235,12.1941,1469.33,0
2026-10-05 02:55:20,26.106,47.908,1010.838,0.0951,104.403,1.9005,12.1547,1468.41,0
2026-10-05 02:55:30,25.776,47.752,1012.345,0.0876,103.479,1.8749,12.1375,1479.64,0
2026-10-05 02:55:40,25.777,47.383,1013.095,0.1048,102.95,1.8658,12.2092,1471.07,0
2026-10-05 02:55:50,25.71,47.721,1012.249,0.0967,106.57,1.8676,12.1618,1474.95,0
2026-10-05 02:56:00,25.821,47.368,1013.089,0.0975,107.579,1.9,12.1644,1458.96,0
2026-10-05 02:56:10,25.881,47.342,1012.441,0.1139,106.391,1.8287,12.1981,1493.22,0
2026-10-05 02:56:20,25.952,47.571,1012.383,0.105,108.771,1.8906,12.1539,1462.95,0
2026-10-05 02:56:30,25.63,47.686,1011.53,0.1029,107.658,1.8845,12.1845,1471.9,0
2026-10-05 02:56:40,25.78,47.77,1012.095,0.1071,99.884,1.8838,12.18,1468.35,0
2026-10-05 02:56:50,25.864,48.217,1011.879,0.112,103.146,1.8477,12.1775,1473.07,0
2026-10-05 02:57:00,25.882,47.516,1011.858,0.0878,109.452,1.8339,12.2095,1483.98,0
2026-10-05 02:57:10,25.813,47.87,1011.728,0.0964,102.07,1.9323,12.1913,1453.04,0
2026-10-05 02:57:20,25.879,47.837,1012.068,0.0992,97.664,1.8792,12.2041,1477.7,0
2026-10-05 02:57:30,25.718,47.481,1011.006,0.0933,111.355,1.9239,12.1734,1476.05,0
2026-10-05 02:57:40,26.003,47.828,1012.485,0.0992,106.741,1.8978,12.1616,1467.26,0
2026-10-05 02:57:50,25.936,48.299,1011.306,0.0891,103.794,1.8777,12.2056,1467.73,0
2026-10-05 02:58:00,25.657,47.898,1011.749,0.109,103.289,1.8803,12.1654,1446.67,0
2026-10-05 02:58:10,25.69,47.924,1012.159,0.0976,107.714,1.9012,12.1828,1458.58,0
2026-10-05 02:58:20,25.695,47.465,1011.282,0.1035,107.251,1.9037,12.1903,1434.73,0
2026-10-05 02:58:30,25.903,48.808,1010.558,0.1025,106.79,1.8854,12.1605,1458.42,0
2026-10-05 02:58:40,25.669,47.506,1011.67,0.1067,105.234,1.9005,12.1606,1461.73,0
2026-10-05 02:58:50,25.785,47.003,1010.94,0.0827,101.95,1.9014,12.173,1441.37,0
2026-10-05 02:59:00,25.88,48.273,1012.443,0.1062,105.676,1.8808,12.1984,1466.5,0
2026-10-05 02:59:10,25.819,47.792,1011.141,0.1005,108.971,1.8571,12.1884,1479.79,0
2026-10-05 02:59:20,25.86,47.705,1012.992,0.1061,104.141,1.8843,12.146,1464.59,0
2026-10-05 02:59:30,25.702,47.59,1011.951,0.0936,107.562,1.8528,12.2286,1460.94,0
2026-10-05 02:59:40,25.903,48.805,1012.0,0.1065,104.537,1.8617,12.1893,1452.81,0
2026-10-05 02:59:50,25.759,48.053,1010.576,0.1138,108.146,1.8808,12.1692,1465.93,0
2026-10-05 03:00:00,25.795,48.157,1012.067,0.1051,102.794,1.8686,12.176,1444.78,0
2026-10-05 03:00:10,25.864,47.969,1011.913,0.098,105.767,1.9031,12.1738,1423.52,0
2026-10-05 03:00:20,25.85,48.029,1011.064,0.0985,107.087,1.8533,12.1706,1483.06,0
2026-10-05 03:00:30,25.842,48.6,1012.038,0.1087,103.684,1.8163,12.209,1473.44,0
2026-10-05 03:00:40,25.75,47.782,1011.702,0.1088,106.79,1.9019,12.2393,1442.21,0
2026-10-05 03:00:50,25.806,47.185,1011.832,0.1073,105.606,1.87,12.1671,1436.67,0
2026-10-05 03:01:00,25.844,48.354,1012.005,0.1043,105.554,1.8709,12.1685,1459.62,0
2026-10-05 03:01:10,25.68,48.174,1011.661,0.1064,103.645,1.8484,12.1777,1458.66,0
2026-10-05 03:01:20,25.792,47.986,1012.167,0.1044,108.663,1.8207,12.1455,1469.6,0
2026-10-05 03:01:30,25.895,48.174,1011.937,0.1021,102.828,1.847,12.1931,1452.0,0
2026-10-05 03:01:40,25.697,47.759,1012.332,0.1114,106.495,1.8814,12.1846,1474.02,0
2026-10-05 03:01:50,25.991,47.961,1011.635,0.108,103.1,1.8617,12.1837,1453.11,0
2026-10-05 03:02:00,26.007,47.891,1011.263,0.116,105.442,1.8581,12.1336,1474.22,0
2026-10-05 03:02:10,25.707,47.667,1011.516,0.1148,107.561,1.8236,12.1234,1452.97,0
2026-10-05 03:02:20,26.021,48.564,1013.026,0.1083,104.759,1.911,12.1708,1442.39,0
2026-10-05 03:02:30,25.843,47.269,1012.689,0.111,96.389,1.8639,12.1965,1449.41,0
2026-10-05 03:02:40,25.912,49.162,1012.872,0.0988,101.576,1.9236,12.1355,1464.5,0
2026-10-05 03:02:50,25.804,48.426,1012.924,0.106,99.129,1.8738,12.2024,1459.66,0
2026-10-05 03:03:00,25.977,47.105,1011.704,0.1095,105.799,1.9031,12.1724,1454.81,0
2026-10-05 03:03:10,25.916,47.888,1012.241,0.0943,105.573,1.846,12.1593,1438.03,0
2026-10-05 03:03:20,25.772,47.922,1012.09,0.1106,104.529,1.8257,12.1821,1452.45,0
2026-10-05 03:03:30,25.732,48.208,1012.502,0.0997,103.695,1.8586,12.1475,1443.22,0
2026-10-05 03:03:40,25.699,47.523,1011.842,0.1008,106.23,1.8769,12.1165,1442.5,0
2026-10-05 03:03:50,25.899,48.04,1012.113,0.1035,101.218,1.8792,12.2101,1467.27,0
2026-10-05 03:04:00,25.947,47.969,1012.102,0.1077,108.421,1.872,12.1788,1440.52,0
2026-10-05 03:04:10,25.958,47.667,1012.428,0.0975,105.771,1.9191,12.162,1439.33,0
2026-10-05 03:04:20,25.868,47.603,1012.518,0.1152,102.704,1.8712,12.1655,1456.05,0
2026-10-05 03:04:30,25.746,48.507,1012.128,0.11,104.276,1.8533,12.1606,1437.26,0
2026-10-05 03:04:40,25.805,47.205,1012.153,0.1242,105.131,1.8549,12.1712,1442.36,0
2026-10-05 03:04:50,26.027,48.298,1012.227,0.1114,101.376,1.8402,12.1772,1479.22,0
2026-10-05 03:05:00,25.833,48.464,1013.226,0.1137,107.524,1.8673,12.1972,1447.49,0
2026-10-05 03:05:10,25.911,47.962,1010.866,0.1025,108.401,1.8867,12.1626,1459.8,0
2026-10-05 03:05:20,25.767,48.103,1011.401,0.1001,105.85,1.8945,12.1536,1487.06,0
2026-10-05 03:05:30,25.939,48.665,1012.555,0.1147,108.313,1.8515,12.1666,1451.99,0
2026-10-05 03:05:40,25.846,47.736,1012.276,0.1012,113.434,1.8572,12.2416,1456.53,0
2026-10-05 03:05:50,26.029,47.794,1012.275,0.1153,99.843,1.8421,12.1839,1453.01,0
2026-10-05 03:06:00,25.998,47.853,1012.562,0.124,105.627,1.882,12.19,1443.11,0
2026-10-05 03:06:10,25.848,48.689,1012.248,0.1182,101.435,1.8266,12.1736,1449.54,0
2026-10-05 03:06:20,25.895,48.758,1011.71,0.1154,110.14,1.839,12.2233,1444.64,0
2026-10-05 03:06:30,25.847,47.42,1012.545,0.1132,106.191,1.7528,12.2015,1433.32,0
2026-10-05 03:06:40,25.745,48.626,1012.123,0.1081,103.351,1.8269,12.154,1459.15,0
2026-10-05 03:06:50,25.815,48.538,1011.799,0.1105,104.658,1.8412,12.1839,1419.17,0
2026-10-05 03:07:00,25.944,48.911,1012.599,0.1071,109.442,1.8428,12.1703,1446.1,0
2026-10-05 03:07:10,25.962,48.333,1012.575,0.1013,106.784,1.8229,12.1902,1441.46,0
2026-10-05 03:07:20,25.944,48.124,1012.274,0.1123,107.157,1.8266,12.2049,1429.77,0
2026-10-05 03:07:30,25.892,48.724,1013.329,0.1211,109.879,1.886,12.1494,1454.32,0
2026-10-05 03:07:40,26.043,48.506,1013.059,0.1022,108.271,1.8346,12.1889,1429.32,0
2026-10-05 03:07:50,25.941,49.285,1012.835,0.1239,108.774,1.8085,12.1598,1438.19,0
2026-10-05 03:08:00,26.021,48.647,1013.934,0.1227,105.017,1.8273,12.2154,1454.89,0
2026-10-05 03:08:10,25.726,48.25,1012.039,0.1163,98.629,1.8272,12.2041,1414.76,0
2026-10-05 03:08:20,25.471,47.592,1011.82,0.1166,105.695,1.8508,12.1302,1459.47,0
2026-10-05 03:08:30,25.979,47.894,1012.751,0.1121,103.385,1.8612,12.1518,1442.43,0
2026-10-05 03:08:40,25.776,47.472,1011.975,0.1141,107.739,1.818,12.1463,1438.0,0
2026-10-05 03:08:50,25.925,48.088,1012.164,0.1103,100.056,1.859,12.1784,1421.61,0
2026-10-05 03:09:00,25.917,48.664,1011.469,0.1145,107.846,1.8861,12.1874,1443.33,0
2026-10-05 03:09:10,26.146,48.204,1012.588,0.1156,105.921,1.8761,12.1997,1442.01,0
2026-10-05 03:09:20,26.007,48.722,1011.137,0.1297,106.411,1.8648,12.1737,1449.5,0
2026-10-05 03:09:30,25.981,48.385,1012.103,0.1194,107.201,1.8601,12.1728,1433.93,0
2026-10-05 03:09:40,26.065,48.02,1012.163,0.1134,105.253,1.8417,12.187,1426.01,0
2026-10-05 03:09:50,26.012,48.271,1011.872,0.1145,104.334,1.8847,12.2586,1445.01,0
2026-10-05 03:10:00,25.915,48.469,1010.951,0.1098,108.733,1.8595,12.142,1431.31,0
2026-10-05 03:10:10,26.102,48.307,1010.95,0.1114,107.102,1.8283,12.1329,1447.21,0
2026-10-05 03:10:20,25.843,48.318,1011.666,0.1233,107.384,1.8443,12.1664,1423.84,0
2026-10-05 03:10:30,26.018,47.864,1012.569,0.1122,105.064,1.8308,12.1618,1450.89,0
2026-10-05 03:10:40,25.797,48.037,1012.398,0.1115,105.635,1.8438,12.1614,1461.0,0
2026-10-05 03:10:50,26.01,49.388,1012.188,0.1119,105.261,1.8773,12.1795,1435.82,0
2026-10-05 03:11:00,26.012,48.878,1011.584,0.111,100.063,1.8421,12.1505,1458.21,0
2026-10-05 03:11:10,26.193,47.532,1012.445,0.1261,101.147,1.8263,12.1649,1448.95,0
2026-10-05 03:11:20,25.807,47.09,1010.951,0.1185,104.916,1.8717,12.1724,1442.37,0
2026-10-05 03:11:30,25.926,48.317,1010.536,0.1153,99.648,1.8773,12.173,1436.79,0
2026-10-05 03:11:40,26.1,48.731,1012.047,0.118,104.945,1.8253,12.1762,1428.49,0
2026-10-05 03:11:50,26.044,48.029,1011.839,0.1197,102.588,1.8816,12.176,1454.29,0
2026-10-05 03:12:00,26.029,48.805,1012.934,0.1122,105.038,1.8682,12.1595,1450.94,0
2026-10-05 03:12:10,25.896,48.329,1012.339,0.1073,105.771,1.83,12.1733,1419.99,0
2026-10-05 03:12:20,25.943,48.222,1013.388,0.1294,99.681,1.8739,12.1795,1437.06,0
2026-10-05 03:12:30,26.166,48.687,1011.852,0.1268,106.226,1.8122,12.2037,1422.8,0
2026-10-05 03:12:40,26.014,48.048,1012.58,0.1221,103.898,1.8306,12.1426,1441.81,0
2026-10-05 03:12:50,26.068,48.175,1012.066,0.1267,98.273,1.8148,12.1802,1445.59,0
2026-10-05 03:13:00,26.013,48.658,1013.214,0.1349,103.854,1.8174,12.1837,1410.57,0
2026-10-05 03:13:10,25.888,48.312,1012.107,0.1155,106.371,1.8627,12.1842,1432.44,0
2026-10-05 03:13:20,26.145,49.287,1012.852,0.111,104.011,1.8407,12.1853,1439.73,0
2026-10-05 03:13:30,26.097,48.685,1011.503,0.1255,103.823,1.8129,12.1467,1434.41,0
2026-10-05 03:13:40,26.316,48.657,1011.971,0.1087,105.68,1.8255,12.1835,1459.47,0
2026-10-05 03:13:50,25.921,48.322,1012.206,0.121,103.777,1.8232,12.1822,1408.79,0
2026-10-05 03:14:00,26.145,48.789,1013.153,0.1185,104.409,1.8457,12.1932,1452.39,0
2026-10-05 03:14:10,25.893,48.195,1010.734,0.1265,101.226,1.8959,12.1753,1418.48,0
2026-10-05 03:14:20,26.072,48.502,1012.043,0.1175,103.647,1.8438,12.166,1399.26,0
2026-10-05 03:14:30,26.174,47.907,1012.023,0.1312,110.849,1.8451,12.2045,1435.88,0
2026-10-05 03:14:40,25.812,48.89,1010.829,0.1158,105.728,1.8764,12.149,1428.87,0
2026-10-05 03:14:50,26.039,48.52,1011.962,0.1277,105.996,1.8239,12.145,1431.81,0
2026-10-05 03:15:00,26.0,49.371,1011.212,0.1169,103.257,1.8704,12.1484,1437.93,0
2026-10-05 03:15:10,25.986,49.58,1010.663,0.1269,103.997,1.8261,12.188,1438.02,0
2026-10-05 03:15:20,26.12,48.77,1012.114,0.1146,104.491,1.8273,12.1613,1421.49,0
2026-10-05 03:15:30,26.212,48.427,1012.094,0.1227,107.795,1.8276,12.1765,1441.31,0
2026-10-05 03:15:40,26.065,47.924,1012.134,0.1337,108.765,1.8328,12.2139,1398.56,0
2026-10-05 03:15:50,26.109,48.854,1012.486,0.1243,103.802,1.8307,12.1498,1427.07,0
2026-10-05 03:16:00,26.102,48.511,1011.697,0.133,105.091,1.8436,12.1367,1445.1,0
2026-10-05 03:16:10,26.092,48.679,1013.57,0.1236,104.452,1.8237,12.2,1432.13,0
2026-10-05 03:16:20,25.965,49.279,1012.297,0.12,107.44,1.8364,12.1583,1428.27,0
2026-10-05 03:16:30,26.232,48.007,1013.224,0.1256,106.555,1.7932,12.1499,1422.04,0
2026-10-05 03:16:40,26.138,47.961,1011.151,0.1294,104.876,1.8526,12.1765,1432.09,0
2026-10-05 03:16:50,26.154,48.309,1011.747,0.1094,108.171,1.861,12.1743,1422.35,0
2026-10-05 03:17:00,26.013,48.842,1012.815,0.1291,106.693,1.8378,12.1574,1435.64,0
2026-10-05 03:17:10,26.058,48.713,1012.18,0.1176,102.822,1.8506,12.1931,1418.13,0
2026-10-05 03:17:20,26.096,47.992,1011.591,0.1158,105.156,1.8105,12.1596,1448.48,0
2026-10-05 03:17:30,25.937,48.822,1011.059,0.1299,104.599,1.869,12.1584,1433.48,0
2026-10-05 03:17:40,25.922,47.848,1012.862,0.1365,102.161,1.8354,12.1323,1452.15,0
2026-10-05 03:17:50,26.056,48.033,1012.809,0.1277,104.446,1.7901,12.1176,1418.82,0
2026-10-05 03:18:00,26.195,48.398,1012.527,0.1154,108.536,1.8602,12.1848,1442.69,0
2026-10-05 03:18:10,26.057,48.184,1012.013,0.1211,108.4,1.8474,12.1459,1405.03,0
2026-10-05 03:18:20,26.017,48.909,1011.585,0.1233,107.852,1.8758,12.1751,1434.52,0
2026-10-05 03:18:30,26.045,48.611,1012.331,0.1284,107.446,1.8702,12.227,1421.64,0
2026-10-05 03:18:40,26.092,49.355,1011.451,0.1265,105.729,1.8618,12.1905,1424.85,0
2026-10-05 03:18:50,26.108,48.352,1011.849,0.1313,103.298,1.8397,12.1795,1433.68,0
2026-10-05 03:19:00,26.414,48.419,1013.262,0.1355,106.791,1.8452,12.1894,1433.58,0
2026-10-05 03:19:10,26.285,49.089,1011.087,0.1305,100.157,1.8,12.2327,1434.69,0
2026-10-05 03:19:20,26.285,48.442,1012.86,0.1351,103.078,1.8197,12.1316,1427.08,0
2026-10-05 03:19:30,26.306,49.238,1013.436,0.126,108.405,1.9008,12.1753,1429.61,0
2026-10-05 03:19:40,26.05,48.766,1012.965,0.1547,103.611,1.7826,12.2155,1417.85,0
2026-10-05 03:19:50,26.027,47.322,1012.676,0.133,107.005,1.8331,12.1863,1411.2,0
2026-10-05 03:20:00,26.044,49.091,1012.076,0.1343,103.993,1.824,12.2087,1423.05,0
2026-10-05 03:20:10,26.341,48.963,1011.952,0.1431,106.73,1.8459,12.1629,1388.06,0
2026-10-05 03:20:20,26.119,48.986,1010.835,0.1299,100.457,1.8291,12.1473,1426.21,0
2026-10-05 03:20:30,26.039,47.558,1012.438,0.1242,108.89,1.8541,12.2263,1432.66,0
2026-10-05 03:20:40,26.141,48.186,1012.134,0.1401,101.724,1.8237,12.1803,1428.61,0
2026-10-05 03:20:50,26.168,48.226,1011.931,0.1407,100.984,1.8423,12.1991,1409.83,0
2026-10-05 03:21:00,26.233,48.104,1012.409,0.1313,108.721,1.8316,12.2006,1388.02,0
2026-10-05 03:21:10,26.234,49.399,1012.47,0.1443,105.056,1.8148,12.2103,1428.22,0
2026-10-05 03:21:20,26.109,48.525,1011.986,0.1298,104.143,1.8108,12.1857,1406.25,0
2026-10-05 03:21:30,26.294,48.516,1013.563,0.1381,109.762,1.8532,12.1867,1398.46,0
2026-10-05 03:21:40,26.139,48.814,1012.949,0.143,107.25,1.8365,12.1907,1431.69,0
2026-10-05 03:21:50,26.201,48.826,1013.069,0.1318,103.706,1.8453,12.1622,1396.83,0
2026-10-05 03:22:00,26.306,46.877,1012.373,0.1349,104.649,1.8514,12.2044,1414.28,0
2026-10-05 03:22:10,26.151,48.225,1012.807,0.1397,108.272,1.8067,12.1639,1443.21,0
2026-10-05 03:22:20,26.163,47.845,1011.826,0.1287,102.158,1.8124,12.2058,1406.23,0
2026-10-05 03:22:30,26.307,48.755,1012.923,0.1253,109.377,1.8103,12.1979,1399.95,0
2026-10-05 03:22:40,26.137,48.413,1012.317,0.1427,103.714,1.8441,12.1229,1423.24,0
2026-10-05 03:22:50,26.197,48.569,1011.748,0.1347,102.428,1.8202,12.1982,1420.24,0
2026-10-05 03:23:00,26.314,47.525,1012.452,0.1284,108.301,1.8221,12.1838,1390.17,0
2026-10-05 03:23:10,26.498,48.412,1012.267,0.1334,107.242,1.7907,12.2113,1415.52,0
2026-10-05 03:23:20,26.328,49.128,1014.101,0.1369,99.707,1.8373,12.2212,1432.1,0
2026-10-05 03:23:30,26.316,49.278,1012.783,0.1205,104.714,1.8377,12.1806,1435.13,0
2026-10-05 03:23:40,26.327,48.936,1013.588,0.1389,101.717,1.8299,12.1867,1409.92,0
2026-10-05 03:23:50,26.139,47.912,1013.278,0.1367,107.426,1.8195,12.1457,1420.97,0
2026-10-05 03:24:00,26.285,49.212,1012.516,0.1468,110.188,1.8411,12.1735,1421.36,0
2026-10-05 03:24:10,26.272,48.948,1012.183,0.132,106.641,1.8134,12.2191,1428.06,0
2026-10-05 03:24:20,26.318,48.53,1011.279,0.145,102.747,1.8497,12.1777,1411.28,0
2026-10-05 03:24:30,26.297,47.579,1011.891,0.1338,107.695,1.8317,12.2008,1431.77,0
2026-10-05 03:24:40,26.333,49.071,1012.969,0.1354,104.872,1.7818,12.177,1401.1,0
2026-10-05 03:24:50,26.254,48.301,1012.297,0.1368,104.801,1.8096,12.1746,1423.46,0
2026-10-05 03:25:00,26.302,48.773,1012.775,0.1514,103.565,1.8207,12.1919,1396.43,0
2026-10-05 03:25:10,26.152,48.637,1011.095,0.125,105.333,1.7947,12.1046,1384.31,0
2026-10-05 03:25:20,26.265,49.375,1012.837,0.139,104.805,1.8387,12.1867,1420.06,0
2026-10-05 03:25:30,26.474,48.546,1013.291,0.1356,97.804,1.7619,12.1211,1454.91,0
2026-10-05 03:25:40,26.349,48.603,1011.284,0.1352,105.093,1.831,12.1753,1415.1,0
2026-10-05 03:25:50,26.313,49.403,1012.791,0.1403,104.601,1.8277,12.1564,1406.86,0
2026-10-05 03:26:00,26.547,48.287,1013.475,0.1446,106.054,1.7604,12.1484,1428.34,0
2026-10-05 03:26:10,26.16,49.026,1013.714,0.1402,98.992,1.8122,12.2141,1402.75,0
2026-10-05 03:26:20,26.194,48.522,1012.189,0.146,106.547,1.7983,12.2051,1382.66,0
2026-10-05 03:26:30,26.537,48.123,1013.092,0.1343,105.096,1.8442,12.1682,1422.98,0
2026-10-05 03:26:40,26.341,48.627,1013.55,0.1361,106.495,1.7874,12.2365,1431.88,0
2026-10-05 03:26:50,26.31,48.975,1012.834,0.1286,100.121,1.8279,12.2019,1410.2,0
2026-10-05 03:27:00,26.199,49.308,1013.456,0.1526,101.303,1.8325,12.173,1412.67,0
2026-10-05 03:27:10,26.401,49.371,1012.535,0.1355,99.382,1.7973,12.1297,1398.57,0
2026-10-05 03:27:20,26.417,48.489,1012.84,0.1347,105.445,1.8391,12.1744,1404.98,0
2026-10-05 03:27:30,26.224,48.145,1012.133,0.1421,103.97,1.7959,12.161,1410.47,0
2026-10-05 03:27:40,26.342,48.482,1012.456,0.1463,104.572,1.8392,12.1652,1407.53,0
2026-10-05 03:27:50,26.323,48.053,1012.879,0.1321,100.827,1.8706,12.1871,1407.11,0
2026-10-05 03:28:00,26.398,48.537,1012.092,0.1473,101.374,1.8283,12.161,1359.18,0
2026-10-05 03:28:10,26.237,48.477,1012.426,0.1355,97.514,1.8199,12.2097,1408.48,0
2026-10-05 03:28:20,26.525,49.014,1013.119,0.1495,100.966,1.7924,12.1633,1385.81,0
2026-10-05 03:28:30,26.489,47.549,1014.027,0.1339,103.052,1.8502,12.151,1412.58,0
2026-10-05 03:28:40,26.34,48.288,1011.159,0.1443,103.206,1.8256,12.1927,1421.03,0
2026-10-05 03:28:50,26.361,48.294,1013.981,0.1389,104.798,1.7914,12.1757,1413.3,0
2026-10-05 03:29:00,26.375,49.252,1012.42,0.1297,107.286,1.84,12.1978,1387.4,0
2026-10-05 03:29:10,26.302,48.104,1013.281,0.1275,102.934,1.8048,12.1806,1391.83,0
2026-10-05 03:29:20,26.346,48.776,1013.422,0.133,106.467,1.8186,12.1416,1403.07,0
2026-10-05 03:29:30,26.371,48.601,1013.708,0.1471,107.335,1.791,12.1838,1416.6,0
2026-10-05 03:29:40,26.6,49.188,1012.107,0.1237,108.45,1.7774,12.1535,1418.44,0
2026-10-05 03:29:50,26.524,48.966,1012.463,0.1421,106.469,1.7783,12.1798,1408.66,0
2026-10-05 03:30:00,26.527,48.731,1012.586,0.1415,105.22,1.7905,12.1611,1388.51,0
2026-10-05 03:30:10,26.463,48.395,1012.378,0.1262,101.76,1.8124,12.1709,1420.32,0
2026-10-05 03:30:20,26.289,47.748,1013.555,0.1334,105.818,1.7917,12.1771,1402.05,0
2026-10-05 03:30:30,26.422,48.799,1012.581,0.1336,103.871,1.779,12.1943,1396.2,0
2026-10-05 03:30:40,26.547,48.943,1011.506,0.1405,109.13,1.7745,12.1621,1394.6,0
2026-10-05 03:30:50,26.283,47.892,1012.2,0.152,105.274,1.8296,12.1061,1378.8,0
2026-10-05 03:31:00,26.515,48.064,1011.542,0.149,104.521,1.7944,12.1519,1417.86,0
2026-10-05 03:31:10,26.721,48.809,1012.49,0.1376,109.249,1.7481,12.1791,1399.22,0
2026-10-05 03:31:20,26.574,48.854,1013.125,0.134,103.554,1.7965,12.2052,1390.45,0
2026-10-05 03:31:30,26.62,48.191,1012.2,0.1283,104.992,1.7858,12.1831,1409.68,0
2026-10-05 03:31:40,26.48,48.401,1012.379,0.1378,111.03,1.8009,12.2004,1412.12,0
2026-10-05 03:31:50,26.574,47.771,1012.473,0.1338,105.801,1.7812,12.1794,1374.06,0
2026-10-05 03:32:00,26.376,49.379,1012.767,0.1408,108.379,1.8271,12.1809,1423.04,0
2026-10-05 03:32:10,26.561,48.042,1013.034,0.1412,109.515,1.7907,12.1693,1432.84,0
2026-10-05 03:32:20,26.548,48.965,1013.241,0.1375,103.349,1.7889,12.2016,1400.79,0
2026-10-05 03:32:30,26.508,48.678,1014.259,0.1378,107.731,1.7858,12.2164,1402.6,0
2026-10-05 03:32:40,26.635,49.341,1012.77,0.136,104.008,1.8051,12.1511,1434.65,0
2026-10-05 03:32:50,26.416,48.302,1013.203,0.1376,111.126,1.8028,12.1808,1382.1,0
2026-10-05 03:33:00,26.462,48.73,1011.58,0.1533,109.338,1.7827,12.1453,1390.41,0
2026-10-05 03:33:10,26.5,47.851,1012.43,0.1461,107.238,1.7926,12.2168,1406.7,0
2026-10-05 03:33:20,26.369,47.733,1012.51,0.1463,108.143,1.7853,12.1793,1414.94,0
2026-10-05 03:33:30,26.523,49.001,1011.991,0.1502,102.923,1.8125,12.1744,1398.04,0
2026-10-05 03:33:40,26.294,47.812,1012.331,0.1496,110.164,1.7586,12.1464,1385.02,0
2026-10-05 03:33:50,26.629,48.591,1012.635,0.1537,102.299,1.7819,12.1692,1416.29,0
2026-10-05 03:34:00,26.513,49.212,1012.361,0.1471,106.234,1.7851,12.1729,1396.6,0
2026-10-05 03:34:10,26.449,49.081,1014.539,0.1442,102.872,1.8244,12.1478,1396.49,0
2026-10-05 03:34:20,26.415,48.377,1013.08,0.1379,107.597,1.8185,12.1784,1410.17,0
2026-10-05 03:34:30,26.491,47.916,1014.126,0.1361,110.252,1.7985,12.1531,1418.56,0
2026-10-05 03:34:40,26.605,48.966,1013.774,0.1499,106.373,1.7634,12.1854,1399.32,0
2026-10-05 03:34:50,26.592,49.383,1012.285,0.142,105.964,1.7893,12.1498,1402.66,0
2026-10-05 03:35:00,26.445,48.382,1012.763,0.1321,104.68,1.8344,12.1783,1410.93,0
2026-10-05 03:35:10,26.432,48.312,1012.436,0.1263,105.323,1.7833,12.1695,1391.6,0
2026-10-05 03:35:20,26.616,48.452,1012.631,0.1603,104.016,1.7898,12.1818,1386.52,0
2026-10-05 03:35:30,26.454,49.001,1012.064,0.1354,109.925,1.7909,12.1783,1388.99,0
2026-10-05 03:35:40,26.552,49.331,1012.442,0.1378,107.408,1.7645,12.1765,1380.46,0
2026-10-05 03:35:50,26.563,48.098,1013.007,0.1532,103.986,1.7652,12.1556,1377.71,0
2026-10-05 03:36:00,26.589,47.969,1012.992,0.1338,105.211,1.7647,12.1879,1427.1,0
2026-10-05 03:36:10,26.658,49.889,1012.94,0.1478,113.779,1.7771,12.1811,1380.13,0
2026-10-05 03:36:20,26.407,48.631,1012.725,0.1582,105.849,1.7952,12.1898,1397.39,0
2026-10-05 03:36:30,26.333,48.847,1013.373,0.1606,109.394,1.788,12.1732,1391.79,0
2026-10-05 03:36:40,26.498,48.375,1012.594,0.1402,103.307,1.796,12.1693,1408.57,0
2026-10-05 03:36:50,26.786,48.967,1013.752,0.1437,106.459,1.8369,12.1483,1394.35,0
2026-10-05 03:37:00,26.816,49.202,1011.488,0.1407,103.167,1.8473,12.1571,1413.18,0
2026-10-05 03:37:10,26.796,48.873,1013.245,0.1438,103.436,1.7844,12.1617,1390.2,0
2026-10-05 03:37:20,26.557,49.594,1013.131,0.1544,107.425,1.8047,12.1975,1395.59,0
2026-10-05 03:37:30,26.37,48.561,1012.321,0.1329,102.359,1.7977,12.1423,1402.95,0
2026-10-05 03:37:40,26.306,48.593,1012.548,0.1493,101.472,1.8077,12.1399,1394.44,0
2026-10-05 03:37:50,26.517,48.841,1013.126,0.1427,107.106,1.8064,12.1715,1399.13,0
2026-10-05 03:38:00,26.57,48.958,1013.445,0.1552,103.588,1.7668,12.1541,1395.25,0
2026-10-05 03:38:10,26.754,48.84,1011.583,0.1548,104.215,1.8291,12.1636,1369.57,0
2026-10-05 03:38:20,26.705,48.084,1013.251,0.1411,99.654,1.8174,12.1621,1402.03,0
2026-10-05 03:38:30,26.632,48.883,1012.495,0.1435,101.251,1.8029,12.1572,1407.99,0
2026-10-05 03:38:40,26.501,48.54,1013.607,0.1516,105.724,1.7955,12.1539,1388.16,0
2026-10-05 03:38:50,26.496,48.436,1011.535,0.1524,104.363,1.7879,12.1496,1386.8,0
2026-10-05 03:39:00,26.645,48.743,1014.538,0.1248,107.794,1.7826,12.1636,1394.06,0
2026-10-05 03:39:10,26.701,48.247,1012.21,0.1517,102.37,1.7968,12.1362,1418.63,0
2026-10-05 03:39:20,26.668,48.16,1013.835,0.1578,104.573,1.783,12.1878,1384.95,0
2026-10-05 03:39:30,26.5,47.42,1012.79,0.1467,105.214,1.7857,12.1505,1398.34,0
2026-10-05 03:39:40,26.706,49.602,1012.269,0.1523,104.464,1.7765,12.1839,1386.16,0
2026-10-05 03:39:50,26.682,49.006,1013.031,0.155,106.872,1.7721,12.156,1397.54,0
2026-10-05 03:40:00,26.505,48.67,1013.57,0.1465,101.825,1.8229,12.1983,1369.22,0
2026-10-05 03:40:10,26.543,48.395,1011.766,0.1513,106.622,1.7799,12.1733,1415.08,0
2026-10-05 03:40:20,26.723,47.29,1013.348,0.1449,108.505,1.7671,12.1453,1393.44,0
2026-10-05 03:40:30,26.615,48.364,1012.852,0.1444,102.621,1.7811,12.2346,1383.54,0
2026-10-05 03:40:40,26.837,49.086,1013.268,0.1396,106.295,1.7463,12.1617,1383.74,0
2026-10-05 03:40:50,26.71,49.199,1012.876,0.1463,106.169,1.7997,12.1581,1391.48,0
2026-10-05 03:41:00,26.595,49.049,1012.472,0.16,106.866,1.776,12.1597,1417.14,0
2026-10-05 03:41:10,26.655,48.807,1012.096,0.1377,105.107,1.7671,12.1818,1410.09,0
2026-10-05 03:41:20,26.667,49.38,1013.35,0.1499,109.36,1.7642,12.1355,1382.65,0
2026-10-05 03:41:30,26.575,48.563,1013.35,0.1475,111.44,1.7351,12.1751,1387.89,0
2026-10-05 03:41:40,26.556,49.27,1013.351,0.1568,106.987,1.8198,12.1295,1388.44,0
2026-10-05 03:41:50,26.752,48.535,1013.19,0.1583,106.057,1.7787,12.1697,1356.8,0
2026-10-05 03:42:00,26.773,48.286,1013.556,0.1376,105.16,1.8186,12.1997,1382.42,0
2026-10-05 03:42:10,26.747,48.224,1013.882,0.1404,101.181,1.7666,12.1576,1388.83,0
2026-10-05 03:42:20,26.859,48.194,1011.589,0.1408,100.843,1.7841,12.1935,1371.86,0
2026-10-05 03:42:30,26.615,49.055,1011.267,0.1411,101.666,1.7907,12.1295,1411.18,0
2026-10-05 03:42:40,26.884,48.354,1014.112,0.1418,105.929,1.7841,12.1557,1368.19,0
2026-10-05 03:42:50,26.578,48.208,1011.975,0.1478,104.557,1.7602,12.1405,1369.66,0
2026-10-05 03:43:00,26.567,49.081,1012.157,0.1382,109.72,1.7268,12.2188,1395.07,0
2026-10-05 03:43:10,26.48,48.888,1012.72,0.1393,97.627,1.8271,12.1608,1388.68,0
2026-10-05 03:43:20,26.641,49.205,1011.767,0.1387,105.268,1.752,12.1546,1377.52,0
2026-10-05 03:43:30,26.637,48.979,1012.661,0.1489,106.45,1.8333,12.1644,1399.23,0
2026-10-05 03:43:40,26.763,48.346,1012.268,0.1444,107.846,1.7544,12.1709,1387.58,0
2026-10-05 03:43:50,26.732,48.76,1012.773,0.143,105.587,1.8035,12.1614,1411.48,0
2026-10-05 03:44:00,26.562,48.784,1013.136,0.1382,106.255,1.7833,12.1408,1356.88,0
2026-10-05 03:44:10,26.661,48.261,1012.703,0.1321,105.693,1.784,12.2042,1375.54,0
2026-10-05 03:44:20,26.666,48.168,1012.671,0.1579,106.488,1.7521,12.1976,1408.0,0
2026-10-05 03:44:30,26.5,48.379,1013.132,0.1425,105.115,1.7573,12.1787,1390.2,0
2026-10-05 03:44:40,26.598,49.737,1013.686,0.1665,111.525,1.7572,12.1773,1381.24,0
2026-10-05 03:44:50,26.626,48.512,1014.081,0.151,106.914,1.7702,12.1756,1376.58,0
2026-10-05 03:45:00,26.893,49.334,1012.809,0.1594,105.777,1.7608,12.1587,1387.7,0
2026-10-05 03:45:10,26.747,48.482,1014.243,0.1527,102.974,1.7524,12.1559,1365.1,0
2026-10-05 03:45:20,26.806,49.16,1013.584,0.146,104.166,1.7417,12.2098,1360.58,0
2026-10-05 03:45:30,26.549,49.166,1012.111,0.1399,109.728,1.7438,12.1855,1390.37,0
2026-10-05 03:45:40,26.875,49.19,1012.095,0.1368,97.746,1.7747,12.1365,1394.58,0
2026-10-05 03:45:50,26.89,48.907,1012.577,0.1536,105.376,1.7434,12.1584,1395.68,0
2026-10-05 03:46:00,26.496,49.401,1013.996,0.1467,105.135,1.7331,12.1818,1374.96,0
2026-10-05 03:46:10,26.654,48.9,1012.638,0.1494,106.715,1.7637,12.1787,1374.19,0
2026-10-05 03:46:20,26.8,49.567,1011.668,0.151,106.015,1.7052,12.1826,1381.01,0
2026-10-05 03:46:30,26.821,47.899,1012.836,0.1473,109.771,1.7592,12.1322,1365.98,0
