timestamp,temperature_c,humidity_pct,gas_raw,motion,distance_cm,known_anomaly
2026-10-01 08:00:00,24.9,49.96,19.22,0,27.45,0
2026-10-01 08:00:05,24.39,51.08,18.99,0,25.93,0
2026-10-01 08:00:10,25.02,50.21,14.72,0,18.2,0
2026-10-01 08:00:15,25.72,52.33,20.03,0,23.59,0
2026-10-01 08:00:20,24.31,55.59,12.78,0,24.52,0
2026-10-01 08:00:25,24.31,49.69,15.71,0,25.17,0
2026-10-01 08:00:30,25.76,55.0,11.0,0,20.38,0
2026-10-01 08:00:35,25.11,49.65,23.46,0,22.33,0
2026-10-01 08:00:40,24.12,49.46,17.19,0,22.82,0
2026-10-01 08:00:45,24.93,54.46,25.58,0,23.13,0
2026-10-01 08:00:50,24.13,54.77,20.81,0,23.18,0
2026-10-01 08:00:55,24.13,54.55,19.57,0,24.54,0
2026-10-01 08:01:00,24.69,48.05,15.95,0,26.08,0
2026-10-01 08:01:05,22.97,50.6,14.34,0,31.21,0
2026-10-01 08:01:10,23.12,54.47,19.83,0,28.05,0
2026-10-01 08:01:15,24.05,52.12,17.75,0,29.61,0
2026-10-01 08:01:20,23.69,48.78,13.31,0,23.32,0
2026-10-01 08:01:25,24.75,53.37,12.69,0,21.49,0
2026-10-01 08:01:30,23.77,49.86,14.64,0,27.8,0
2026-10-01 08:01:35,23.37,57.38,24.37,0,24.94,0
2026-10-01 08:01:40,25.67,56.63,25.75,0,27.56,0
2026-10-01 08:01:45,24.32,53.81,18.72,0,21.91,0
2026-10-01 08:01:50,24.55,56.08,18.52,0,27.27,0
2026-10-01 08:01:55,23.36,52.19,16.82,0,24.39,0
2026-10-01 08:02:00,24.06,54.3,14.73,0,23.39,0
2026-10-01 08:02:05,24.59,56.43,22.81,0,23.72,0
2026-10-01 08:02:10,23.58,52.74,24.56,0,26.72,0
2026-10-01 08:02:15,24.8,51.23,14.87,0,27.71,0
2026-10-01 08:02:20,24.02,46.89,17.71,0,23.72,0
2026-10-01 08:02:25,24.27,51.75,16.43,0,26.21,0
2026-10-01 08:02:30,24.02,54.47,16.53,0,26.19,0
2026-10-01 08:02:35,25.98,54.84,22.15,0,27.58,0
2026-10-01 08:02:40,24.49,53.51,13.41,0,28.45,0
2026-10-01 08:02:45,23.65,50.38,19.63,0,31.34,0
2026-10-01 08:02:50,25.16,46.07,20.55,0,23.37,0
2026-10-01 08:02:55,23.52,50.51,17.5,0,30.11,0
2026-10-01 08:03:00,24.67,51.09,21.13,0,25.41,0
2026-10-01 08:03:05,22.93,51.06,18.52,0,21.17,0
2026-10-01 08:03:10,23.44,53.86,22.26,0,22.72,0
2026-10-01 08:03:15,24.66,57.96,12.67,0,26.63,0
2026-10-01 08:03:20,25.09,52.37,16.78,1,27.53,0
2026-10-01 08:03:25,24.64,51.35,17.75,0,21.44,0
2026-10-01 08:03:30,24.41,51.22,8.65,0,22.33,0
2026-10-01 08:03:35,24.26,52.37,14.2,0,23.13,0
2026-10-01 08:03:40,23.32,49.52,15.15,0,21.98,0
2026-10-01 08:03:45,23.92,52.36,21.32,0,18.42,0
2026-10-01 08:03:50,24.13,53.35,15.53,0,17.23,0
2026-10-01 08:03:55,25.35,52.63,15.14,0,23.66,0
2026-10-01 08:04:00,24.77,53.37,20.86,0,25.88,0
2026-10-01 08:04:05,23.09,53.3,12.34,0,27.29,0
2026-10-01 08:04:10,24.76,46.68,10.75,1,20.23,0
2026-10-01 08:04:15,24.19,53.91,16.73,0,20.29,0
2026-10-01 08:04:20,23.96,49.99,12.93,0,23.15,0
2026-10-01 08:04:25,24.99,48.71,13.07,1,25.01,0
2026-10-01 08:04:30,25.32,48.69,20.01,0,28.53,0
2026-10-01 08:04:35,25.25,53.3,21.07,0,27.51,0
2026-10-01 08:04:40,23.83,51.33,20.76,0,23.71,0
2026-10-01 08:04:45,24.25,46.95,21.88,0,26.26,0
2026-10-01 08:04:50,24.77,53.43,22.34,0,22.05,0
2026-10-01 08:04:55,25.28,47.68,10.55,0,25.26,0
2026-10-01 08:05:00,24.12,52.42,19.58,0,24.78,0
2026-10-01 08:05:05,24.35,52.72,16.15,0,29.92,0
2026-10-01 08:05:10,23.61,54.66,15.38,0,26.73,0
2026-10-01 08:05:15,23.54,57.35,19.96,0,22.3,0
2026-10-01 08:05:20,25.15,47.91,11.94,0,22.34,0
2026-10-01 08:05:25,25.58,51.84,11.87,0,23.83,0
2026-10-01 08:05:30,24.44,51.17,20.22,0,19.52,0
2026-10-01 08:05:35,25.3,53.3,19.71,0,24.19,0
2026-10-01 08:05:40,24.79,52.65,18.48,0,24.5,0
2026-10-01 08:05:45,23.98,50.94,14.92,0,26.63,0
2026-10-01 08:05:50,24.79,50.68,20.6,0,27.14,0
2026-10-01 08:05:55,25.73,48.65,20.38,0,25.35,0
2026-10-01 08:06:00,24.47,54.96,18.3,0,19.3,0
2026-10-01 08:06:05,25.75,53.38,13.88,0,20.73,0
2026-10-01 08:06:10,22.4,54.75,16.51,0,22.88,0
2026-10-01 08:06:15,25.16,51.07,20.93,0,27.28,0
2026-10-01 08:06:20,24.57,50.03,22.65,1,27.16,0
2026-10-01 08:06:25,24.26,48.77,16.86,0,24.13,0
2026-10-01 08:06:30,24.57,53.08,17.13,1,33.26,0
2026-10-01 08:06:35,22.91,48.88,17.43,0,30.47,0
2026-10-01 08:06:40,24.32,57.55,18.96,0,29.34,0
2026-10-01 08:06:45,24.79,48.08,15.97,0,27.45,0
2026-10-01 08:06:50,25.68,52.82,8.0,0,26.6,0
2026-10-01 08:06:55,24.09,56.7,22.17,0,26.35,0
2026-10-01 08:07:00,23.85,53.8,24.28,0,18.68,0
2026-10-01 08:07:05,24.1,52.53,15.86,0,21.32,0
2026-10-01 08:07:10,25.23,49.09,14.27,0,24.22,0
2026-10-01 08:07:15,24.76,47.85,17.52,0,25.45,0
2026-10-01 08:07:20,24.08,54.31,17.34,0,24.56,0
2026-10-01 08:07:25,24.91,56.52,21.48,1,25.95,0
2026-10-01 08:07:30,24.58,50.68,18.19,0,17.64,0
2026-10-01 08:07:35,25.27,48.58,15.23,0,26.77,0
2026-10-01 08:07:40,23.94,44.63,13.39,0,25.22,0
2026-10-01 08:07:45,24.24,49.06,21.03,0,24.34,0
2026-10-01 08:07:50,24.19,51.66,20.1,0,28.25,0
2026-10-01 08:07:55,23.33,56.8,21.71,0,21.34,0
2026-10-01 08:08:00,24.74,54.02,14.61,0,24.17,0
2026-10-01 08:08:05,24.71,52.92,24.43,0,26.0,0
2026-10-01 08:08:10,24.5,50.8,11.9,0,22.01,0
2026-10-01 08:08:15,24.31,50.25,20.48,0,17.99,0
2026-10-01 08:08:20,23.37,56.22,11.32,0,20.96,0
2026-10-01 08:08:25,24.16,52.6,15.23,0,24.77,0
2026-10-01 08:08:30,24.23,45.69,23.46,0,24.13,0
2026-10-01 08:08:35,23.86,49.98,20.91,0,24.94,0
2026-10-01 08:08:40,24.37,49.43,16.09,0,22.69,0
2026-10-01 08:08:45,24.82,50.36,16.18,0,20.41,0
2026-10-01 08:08:50,26.01,53.69,18.35,0,25.48,0
2026-10-01 08:08:55,24.64,51.68,19.8,0,24.42,0
2026-10-01 08:09:00,24.71,51.77,22.38,0,27.23,0
2026-10-01 08:09:05,24.44,55.94,16.4,0,22.38,0
2026-10-01 08:09:10,22.96,49.91,12.36,0,17.93,0
2026-10-01 08:09:15,24.48,57.59,18.55,0,15.88,0
2026-10-01 08:09:20,24.55,49.99,16.4,0,23.59,0
2026-10-01 08:09:25,26.47,52.27,13.45,0,25.45,0
2026-10-01 08:09:30,24.35,51.16,19.04,0,24.19,0
2026-10-01 08:09:35,24.74,52.37,17.25,0,23.02,0
2026-10-01 08:09:40,24.47,53.33,19.07,0,19.43,0
2026-10-01 08:09:45,23.57,53.3,14.87,0,18.39,0
2026-10-01 08:09:50,25.41,49.74,19.7,0,26.29,0
2026-10-01 08:09:55,25.1,48.63,13.39,0,24.2,0
2026-10-01 08:10:00,25.13,59.51,15.1,0,23.73,0
2026-10-01 08:10:05,23.77,50.55,17.15,0,19.6,0
2026-10-01 08:10:10,25.62,54.1,24.1,0,21.62,0
2026-10-01 08:10:15,23.38,47.18,20.75,0,25.16,0
2026-10-01 08:10:20,24.97,51.16,21.77,1,26.0,0
2026-10-01 08:10:25,26.25,51.62,22.96,0,24.43,0
2026-10-01 08:10:30,23.71,53.42,30.0,0,29.83,0
2026-10-01 08:10:35,24.05,43.83,18.15,0,22.99,0
2026-10-01 08:10:40,24.58,52.5,22.97,0,29.5,0
2026-10-01 08:10:45,24.1,48.55,21.54,0,25.76,0
2026-10-01 08:10:50,23.26,52.97,21.49,0,25.38,0
2026-10-01 08:10:55,24.55,48.89,24.21,0,28.26,0
2026-10-01 08:11:00,23.65,49.43,16.53,0,22.82,0
2026-10-01 08:11:05,24.88,51.18,16.25,0,23.85,0
2026-10-01 08:11:10,23.76,48.84,19.12,0,20.72,0
2026-10-01 08:11:15,25.74,50.57,17.36,0,28.27,0
2026-10-01 08:11:20,23.87,48.42,19.11,0,26.17,0
2026-10-01 08:11:25,24.24,46.5,23.47,1,28.84,0
2026-10-01 08:11:30,25.15,55.05,16.33,1,25.72,0
2026-10-01 08:11:35,23.52,48.11,16.93,0,28.86,0
2026-10-01 08:11:40,24.68,51.46,18.61,0,22.38,0
2026-10-01 08:11:45,25.55,54.26,17.2,0,28.46,0
2026-10-01 08:11:50,23.21,50.16,11.3,0,23.61,0
2026-10-01 08:11:55,24.65,49.52,15.97,0,25.01,0
2026-10-01 08:12:00,24.71,52.68,20.41,0,27.55,0
2026-10-01 08:12:05,25.13,55.35,23.03,0,33.15,0
2026-10-01 08:12:10,23.51,48.49,13.96,0,27.87,0
2026-10-01 08:12:15,23.44,51.55,13.94,0,28.2,0
2026-10-01 08:12:20,24.92,46.8,18.11,0,23.09,0
2026-10-01 08:12:25,24.74,50.82,10.74,0,25.55,0
2026-10-01 08:12:30,24.7,52.1,16.44,0,24.66,0
2026-10-01 08:12:35,24.78,49.44,11.92,0,29.93,0
2026-10-01 08:12:40,23.96,50.63,22.79,1,24.49,0
2026-10-01 08:12:45,24.69,47.78,15.31,0,29.65,0
2026-10-01 08:12:50,24.73,52.23,23.78,0,20.44,0
2026-10-01 08:12:55,23.93,55.17,21.9,0,29.9,0
2026-10-01 08:13:00,25.99,48.71,15.74,0,21.99,0
2026-10-01 08:13:05,24.88,50.13,14.25,0,27.99,0
2026-10-01 08:13:10,23.55,53.51,17.32,0,21.97,0
2026-10-01 08:13:15,25.03,55.64,17.63,0,27.16,0
2026-10-01 08:13:20,23.72,47.52,19.21,0,21.63,0
2026-10-01 08:13:25,25.13,51.49,15.28,0,28.63,0
2026-10-01 08:13:30,25.43,52.85,20.61,0,27.96,0
2026-10-01 08:13:35,23.84,51.69,18.93,0,22.9,0
2026-10-01 08:13:40,25.27,44.57,16.81,0,27.02,0
2026-10-01 08:13:45,24.83,53.5,15.51,0,28.32,0
2026-10-01 08:13:50,25.16,56.56,17.35,0,21.77,0
2026-10-01 08:13:55,26.02,52.35,15.14,0,21.38,0
2026-10-01 08:14:00,24.3,48.91,18.2,0,21.25,0
2026-10-01 08:14:05,23.9,50.46,18.3,0,20.75,0
2026-10-01 08:14:10,23.79,57.31,18.92,1,21.23,0
2026-10-01 08:14:15,23.85,54.73,24.18,0,28.24,0
2026-10-01 08:14:20,24.44,53.92,17.54,0,26.95,0
2026-10-01 08:14:25,24.77,53.07,21.52,0,19.06,0
2026-10-01 08:14:30,24.72,50.02,18.8,0,23.21,0
2026-10-01 08:14:35,25.16,51.4,17.17,0,20.95,0
2026-10-01 08:14:40,24.51,51.77,17.58,0,28.02,0
2026-10-01 08:14:45,25.66,53.65,17.79,0,23.43,0
2026-10-01 08:14:50,24.29,56.53,18.98,0,19.59,0
2026-10-01 08:14:55,26.68,55.36,14.64,0,25.6,0
2026-10-01 08:15:00,25.0,47.74,12.87,0,27.12,0
2026-10-01 08:15:05,23.81,52.67,20.29,0,21.66,0
2026-10-01 08:15:10,23.64,54.21,21.14,1,24.07,0
2026-10-01 08:15:15,24.89,53.86,20.61,0,21.84,0
2026-10-01 08:15:20,24.32,50.11,18.54,0,29.35,0
2026-10-01 08:15:25,25.07,60.74,20.69,1,23.49,0
2026-10-01 08:15:30,24.88,48.17,20.5,0,22.47,0
2026-10-01 08:15:35,24.44,48.75,20.76,0,24.82,0
2026-10-01 08:15:40,23.82,52.7,14.99,0,24.27,0
2026-10-01 08:15:45,23.29,58.35,14.16,0,27.41,0
2026-10-01 08:15:50,24.14,49.49,16.64,0,29.26,0
2026-10-01 08:15:55,25.19,51.2,17.94,0,29.28,0
2026-10-01 08:16:00,24.67,55.23,17.15,1,23.66,0
2026-10-01 08:16:05,23.5,51.95,11.43,0,26.07,0
2026-10-01 08:16:10,24.64,51.0,24.03,0,30.21,0
2026-10-01 08:16:15,24.81,53.7,17.04,0,30.34,0
2026-10-01 08:16:20,23.79,52.82,18.6,0,21.93,0
2026-10-01 08:16:25,24.62,55.09,22.36,0,27.07,0
2026-10-01 08:16:30,24.55,55.87,9.79,1,26.48,0
2026-10-01 08:16:35,23.59,52.92,16.21,0,28.24,0
2026-10-01 08:16:40,24.79,52.88,16.65,0,29.35,0
2026-10-01 08:16:45,24.95,52.64,16.82,0,21.36,0
2026-10-01 08:16:50,25.37,53.47,17.39,0,22.58,0
2026-10-01 08:16:55,25.34,52.17,23.06,0,28.18,0
2026-10-01 08:17:00,23.4,52.0,20.36,0,25.52,0
2026-10-01 08:17:05,23.75,55.59,21.35,0,17.2,0
2026-10-01 08:17:10,24.91,56.55,18.16,0,19.17,0
2026-10-01 08:17:15,24.91,47.48,13.1,0,27.32,0
2026-10-01 08:17:20,24.91,52.03,10.72,0,27.94,0
2026-10-01 08:17:25,27.5,49.93,12.65,0,20.28,0
2026-10-01 08:17:30,24.96,51.07,19.26,0,28.85,0
2026-10-01 08:17:35,25.41,53.21,18.11,0,24.31,0
2026-10-01 08:17:40,25.26,54.01,17.26,0,21.42,0
2026-10-01 08:17:45,25.02,51.66,16.71,0,23.04,0
2026-10-01 08:17:50,24.25,46.26,25.04,0,20.72,0
2026-10-01 08:17:55,25.11,49.1,15.12,0,22.84,0
2026-10-01 08:18:00,23.88,54.69,21.25,0,18.46,0
2026-10-01 08:18:05,24.31,43.78,18.01,0,24.74,0
2026-10-01 08:18:10,24.11,55.56,17.79,1,27.05,0
2026-10-01 08:18:15,24.57,53.56,22.12,0,20.28,0
2026-10-01 08:18:20,26.35,55.95,23.12,0,25.06,0
2026-10-01 08:18:25,23.01,51.4,17.16,0,22.18,0
2026-10-01 08:18:30,25.05,45.82,20.8,0,27.34,0
2026-10-01 08:18:35,23.21,53.29,19.27,0,16.9,0
2026-10-01 08:18:40,24.12,55.82,18.03,0,27.49,0
2026-10-01 08:18:45,25.37,54.77,18.71,1,18.64,0
2026-10-01 08:18:50,24.55,50.01,15.59,0,24.27,0
2026-10-01 08:18:55,23.64,52.26,16.93,0,22.52,0
2026-10-01 08:19:00,23.93,50.4,15.97,0,23.74,0
2026-10-01 08:19:05,25.04,49.54,21.15,0,19.65,0
2026-10-01 08:19:10,23.92,54.87,17.67,0,30.81,0
2026-10-01 08:19:15,24.67,48.41,13.46,0,20.5,0
2026-10-01 08:19:20,24.54,49.32,15.47,0,20.77,0
2026-10-01 08:19:25,23.98,48.69,8.0,0,31.28,0
2026-10-01 08:19:30,26.22,47.53,16.27,0,26.13,0
2026-10-01 08:19:35,25.01,52.44,18.13,0,20.61,0
2026-10-01 08:19:40,22.88,55.48,17.52,0,24.55,0
2026-10-01 08:19:45,24.65,51.45,24.93,0,24.17,0
2026-10-01 08:19:50,23.97,47.48,20.01,0,19.09,0
2026-10-01 08:19:55,25.18,54.52,19.86,1,22.35,0
2026-10-01 08:20:00,23.87,57.06,12.25,0,24.91,0
2026-10-01 08:20:05,24.41,50.06,16.72,0,29.43,0
2026-10-01 08:20:10,24.9,50.56,16.3,0,24.34,0
2026-10-01 08:20:15,25.19,53.55,15.25,0,24.6,0
2026-10-01 08:20:20,23.54,56.87,15.2,0,22.15,0
2026-10-01 08:20:25,24.23,50.44,11.67,0,28.84,0
2026-10-01 08:20:30,24.12,48.0,13.53,0,28.16,0
2026-10-01 08:20:35,23.98,53.89,21.06,1,27.76,0
2026-10-01 08:20:40,25.91,54.4,17.5,0,25.39,0
2026-10-01 08:20:45,24.82,52.02,16.23,0,19.4,0
2026-10-01 08:20:50,23.49,50.33,17.98,1,28.8,0
2026-10-01 08:20:55,25.23,54.98,22.09,1,25.2,0
2026-10-01 08:21:00,26.2,53.58,18.01,0,23.92,0
2026-10-01 08:21:05,25.33,49.69,19.89,0,26.57,0
2026-10-01 08:21:10,23.28,52.15,15.04,0,25.78,0
2026-10-01 08:21:15,24.11,47.94,15.83,0,21.26,0
2026-10-01 08:21:20,25.51,54.06,19.24,0,23.88,0
2026-10-01 08:21:25,23.93,51.21,24.62,0,18.34,0
2026-10-01 08:21:30,24.86,50.69,23.0,0,25.3,0
2026-10-01 08:21:35,25.12,51.9,20.04,0,29.66,0
2026-10-01 08:21:40,23.76,52.12,18.53,0,18.72,0
2026-10-01 08:21:45,24.45,54.68,22.9,0,25.45,0
2026-10-01 08:21:50,22.0,53.77,20.78,1,27.34,0
2026-10-01 08:21:55,23.68,51.53,9.97,1,27.86,0
2026-10-01 08:22:00,24.3,54.29,14.31,0,22.39,0
2026-10-01 08:22:05,23.5,53.2,19.18,1,21.14,0
2026-10-01 08:22:10,25.81,50.72,11.75,0,22.95,0
2026-10-01 08:22:15,23.36,51.63,14.86,0,29.17,0
2026-10-01 08:22:20,24.15,51.56,15.55,0,19.02,0
2026-10-01 08:22:25,24.6,53.52,17.1,0,20.74,0
2026-10-01 08:22:30,25.65,50.9,16.99,0,23.39,0
2026-10-01 08:22:35,23.35,50.83,16.99,0,21.59,0
2026-10-01 08:22:40,25.43,57.91,20.89,0,24.85,0
2026-10-01 08:22:45,24.51,54.82,17.07,1,29.95,0
2026-10-01 08:22:50,23.71,49.72,16.65,0,20.79,0
2026-10-01 08:22:55,24.87,53.71,13.28,0,24.49,0
2026-10-01 08:23:00,24.66,52.36,21.59,0,24.97,0
2026-10-01 08:23:05,24.02,53.17,15.65,0,23.83,0
2026-10-01 08:23:10,24.56,52.41,14.2,0,19.48,0
2026-10-01 08:23:15,24.19,55.57,18.75,0,22.77,0
2026-10-01 08:23:20,24.59,53.04,15.32,0,22.78,0
2026-10-01 08:23:25,25.03,51.81,16.16,1,27.22,0
2026-10-01 08:23:30,25.77,55.13,18.9,0,26.47,0
2026-10-01 08:23:35,23.51,52.7,16.86,0,19.57,0
2026-10-01 08:23:40,26.21,52.36,26.09,0,23.65,0
2026-10-01 08:23:45,22.94,52.94,17.74,0,23.25,0
2026-10-01 08:23:50,24.38,51.72,20.16,0,31.84,0
2026-10-01 08:23:55,24.97,52.03,11.2,0,26.02,0
2026-10-01 08:24:00,24.72,50.24,14.99,0,21.23,0
2026-10-01 08:24:05,24.0,49.75,14.2,0,22.28,0
2026-10-01 08:24:10,24.33,49.0,14.66,0,23.68,0
2026-10-01 08:24:15,24.11,47.82,19.45,0,26.27,0
2026-10-01 08:24:20,24.03,49.36,21.62,0,26.7,0
2026-10-01 08:24:25,25.18,51.48,19.21,0,25.7,0
2026-10-01 08:24:30,24.79,52.31,17.21,0,24.27,0
2026-10-01 08:24:35,23.95,51.19,15.79,0,24.52,0
2026-10-01 08:24:40,25.22,44.93,21.9,0,24.55,0
2026-10-01 08:24:45,24.75,56.72,25.25,0,18.76,0
2026-10-01 08:24:50,25.15,55.26,18.47,0,24.79,0
2026-10-01 08:24:55,25.0,53.34,21.29,0,22.98,0
2026-10-01 08:25:00,23.84,57.72,19.2,0,19.22,0
2026-10-01 08:25:05,24.05,49.07,20.64,0,33.46,0
2026-10-01 08:25:10,25.1,57.66,13.92,0,26.09,0
2026-10-01 08:25:15,24.99,49.1,16.29,0,25.05,0
2026-10-01 08:25:20,24.48,52.72,19.38,0,23.7,0
2026-10-01 08:25:25,24.59,48.18,22.24,0,27.56,0
2026-10-01 08:25:30,25.52,52.04,15.14,0,20.93,0
2026-10-01 08:25:35,24.03,53.16,10.88,0,23.91,0
2026-10-01 08:25:40,24.94,51.54,16.26,0,21.67,0
2026-10-01 08:25:45,24.34,54.14,21.54,0,27.53,0
2026-10-01 08:25:50,24.33,52.3,12.46,0,22.11,0
2026-10-01 08:25:55,25.38,50.43,13.88,0,28.85,0
2026-10-01 08:26:00,25.16,50.3,18.55,0,24.65,0
2026-10-01 08:26:05,25.15,54.43,17.59,0,27.71,0
2026-10-01 08:26:10,25.54,50.04,20.08,0,26.4,0
2026-10-01 08:26:15,24.52,54.75,13.7,0,28.71,0
2026-10-01 08:26:20,25.05,55.67,16.86,0,21.73,0
2026-10-01 08:26:25,24.25,46.99,22.18,0,28.17,0
2026-10-01 08:26:30,24.76,55.4,13.82,0,18.48,0
2026-10-01 08:26:35,24.4,58.18,23.17,0,25.15,0
2026-10-01 08:26:40,24.58,52.76,14.26,0,23.09,0
2026-10-01 08:26:45,24.98,53.8,20.97,0,20.08,0
2026-10-01 08:26:50,23.85,55.11,16.69,1,21.87,0
2026-10-01 08:26:55,26.17,51.17,13.99,0,22.76,0
2026-10-01 08:27:00,23.7,52.55,16.26,1,24.31,0
2026-10-01 08:27:05,23.53,48.06,19.91,0,23.16,0
2026-10-01 08:27:10,25.43,52.42,17.98,0,25.28,0
2026-10-01 08:27:15,25.13,53.49,21.91,0,22.09,0
2026-10-01 08:27:20,25.0,53.55,23.03,1,23.33,0
2026-10-01 08:27:25,25.0,55.2,13.86,0,23.99,0
2026-10-01 08:27:30,24.49,49.68,13.6,0,25.64,0
2026-10-01 08:27:35,23.78,50.4,13.43,0,27.97,0
2026-10-01 08:27:40,24.56,57.69,14.85,0,27.99,0
2026-10-01 08:27:45,23.96,51.55,21.86,1,25.83,0
2026-10-01 08:27:50,25.28,52.6,19.96,0,26.51,0
2026-10-01 08:27:55,24.38,51.8,16.09,0,26.09,0
2026-10-01 08:28:00,23.84,49.53,17.96,0,23.9,0
2026-10-01 08:28:05,24.24,56.87,22.92,1,28.15,0
2026-10-01 08:28:10,24.83,50.42,24.68,0,21.8,0
2026-10-01 08:28:15,24.05,48.62,18.91,0,17.83,0
2026-10-01 08:28:20,23.84,50.65,8.69,0,21.35,0
2026-10-01 08:28:25,24.69,45.99,19.04,0,29.91,0
2026-10-01 08:28:30,24.7,50.05,21.27,0,23.97,0
2026-10-01 08:28:35,24.09,49.1,18.79,0,25.96,0
2026-10-01 08:28:40,24.12,53.85,20.54,0,24.04,0
2026-10-01 08:28:45,24.69,49.98,19.25,0,26.97,0
2026-10-01 08:28:50,23.34,54.66,13.68,0,25.25,0
2026-10-01 08:28:55,23.37,56.2,14.9,0,24.76,0
2026-10-01 08:29:00,23.93,54.34,16.88,1,27.15,0
2026-10-01 08:29:05,24.33,51.35,21.73,0,23.37,0
2026-10-01 08:29:10,24.75,52.42,15.32,0,26.3,0
2026-10-01 08:29:15,25.68,47.43,19.6,0,24.39,0
2026-10-01 08:29:20,25.19,51.6,19.06,0,24.62,0
2026-10-01 08:29:25,24.37,49.42,23.55,0,22.13,0
2026-10-01 08:29:30,24.48,54.08,17.85,0,24.24,0
2026-10-01 08:29:35,23.7,59.72,11.86,0,23.11,0
2026-10-01 08:29:40,24.49,53.5,20.26,0,28.95,0
2026-10-01 08:29:45,24.27,46.03,25.48,0,19.11,0
2026-10-01 08:29:50,24.76,50.92,20.49,1,28.11,0
2026-10-01 08:29:55,23.84,52.37,15.24,0,18.9,0
2026-10-01 08:30:00,24.92,52.26,14.21,0,26.88,0
2026-10-01 08:30:05,25.73,49.81,14.66,0,22.07,0
2026-10-01 08:30:10,24.41,52.74,25.01,0,26.98,0
2026-10-01 08:30:15,24.82,48.27,16.85,0,24.58,0
2026-10-01 08:30:20,25.05,49.17,15.68,0,19.99,0
2026-10-01 08:30:25,24.18,53.94,17.45,0,29.76,0
2026-10-01 08:30:30,24.68,48.95,16.89,0,27.72,0
2026-10-01 08:30:35,24.51,53.61,23.49,0,26.76,0
2026-10-01 08:30:40,24.58,47.89,14.45,0,22.76,0
2026-10-01 08:30:45,23.88,57.29,22.13,0,27.84,0
2026-10-01 08:30:50,24.52,49.68,18.43,0,20.51,0
2026-10-01 08:30:55,24.9,51.33,22.22,0,17.2,0
2026-10-01 08:31:00,25.66,52.99,23.54,0,19.53,0
2026-10-01 08:31:05,25.27,50.3,18.3,0,21.77,0
2026-10-01 08:31:10,26.22,52.43,16.9,0,22.36,0
2026-10-01 08:31:15,23.89,53.73,18.23,0,23.48,0
2026-10-01 08:31:20,25.2,54.88,17.67,0,23.63,0
2026-10-01 08:31:25,24.65,54.37,12.2,0,22.73,0
2026-10-01 08:31:30,26.25,51.48,23.43,0,17.59,0
2026-10-01 08:31:35,23.85,51.56,18.86,1,25.67,0
2026-10-01 08:31:40,23.83,59.05,13.93,0,24.07,0
2026-10-01 08:31:45,24.02,54.85,10.76,0,22.56,0
2026-10-01 08:31:50,22.8,49.23,9.85,0,29.89,0
2026-10-01 08:31:55,24.08,52.3,20.7,0,24.15,0
2026-10-01 08:32:00,23.89,50.99,15.83,0,25.2,0
2026-10-01 08:32:05,24.62,51.59,16.41,0,27.79,0
2026-10-01 08:32:10,24.77,48.31,19.71,0,19.79,0
2026-10-01 08:32:15,26.0,50.76,16.19,0,24.92,0
2026-10-01 08:32:20,25.26,57.43,19.91,0,27.77,0
2026-10-01 08:32:25,24.04,53.74,18.33,0,24.68,0
2026-10-01 08:32:30,23.78,44.53,17.71,0,20.44,0
2026-10-01 08:32:35,24.89,55.65,12.5,0,23.31,0
2026-10-01 08:32:40,23.44,55.27,15.13,0,25.66,0
2026-10-01 08:32:45,25.97,50.92,20.11,0,17.63,0
2026-10-01 08:32:50,25.44,54.15,15.61,0,20.27,0
2026-10-01 08:32:55,24.12,49.42,22.22,0,31.91,0
2026-10-01 08:33:00,23.13,50.59,26.21,0,26.7,0
2026-10-01 08:33:05,25.58,56.5,20.3,0,30.19,0
2026-10-01 08:33:10,24.41,51.18,23.22,0,28.03,0
2026-10-01 08:33:15,25.49,46.39,20.52,0,26.38,0
2026-10-01 08:33:20,23.22,51.81,16.13,0,23.92,0
2026-10-01 08:33:25,24.02,51.76,18.7,0,26.33,0
2026-10-01 08:33:30,24.5,55.6,25.05,0,30.07,0
2026-10-01 08:33:35,24.54,52.04,16.17,0,27.89,0
2026-10-01 08:33:40,24.14,50.74,14.36,0,25.58,0
2026-10-01 08:33:45,25.0,55.14,14.03,0,24.4,0
2026-10-01 08:33:50,23.65,52.36,17.24,0,26.74,0
2026-10-01 08:33:55,24.39,49.75,14.49,0,23.14,0
2026-10-01 08:34:00,24.6,55.46,23.86,0,26.74,0
2026-10-01 08:34:05,24.91,52.58,18.76,0,22.56,0
2026-10-01 08:34:10,25.07,52.01,21.4,0,23.76,0
2026-10-01 08:34:15,23.6,52.53,16.95,1,21.4,0
2026-10-01 08:34:20,23.27,48.79,14.01,0,23.46,0
2026-10-01 08:34:25,25.52,50.42,13.42,0,22.61,0
2026-10-01 08:34:30,24.77,52.01,14.82,0,30.92,0
2026-10-01 08:34:35,23.9,51.42,19.22,0,21.87,0
2026-10-01 08:34:40,25.74,55.82,19.82,0,26.35,0
2026-10-01 08:34:45,24.59,52.65,20.11,0,21.69,0
2026-10-01 08:34:50,25.44,54.56,12.79,1,25.16,0
2026-10-01 08:34:55,24.55,52.03,18.0,1,26.01,0
2026-10-01 08:35:00,26.15,55.17,14.41,0,18.52,0
2026-10-01 08:35:05,25.9,53.19,19.41,0,20.11,0
2026-10-01 08:35:10,24.3,52.04,19.68,0,21.66,0
2026-10-01 08:35:15,25.28,51.96,13.9,0,20.44,0
2026-10-01 08:35:20,25.02,49.14,21.39,0,25.29,0
2026-10-01 08:35:25,25.59,53.52,26.19,0,25.85,0
2026-10-01 08:35:30,23.73,51.88,20.92,0,21.28,0
2026-10-01 08:35:35,25.05,50.49,17.43,0,25.43,0
2026-10-01 08:35:40,25.35,55.32,16.89,0,23.52,0
2026-10-01 08:35:45,23.09,48.25,17.27,0,24.65,0
2026-10-01 08:35:50,23.55,50.73,15.34,0,22.8,0
2026-10-01 08:35:55,22.87,55.08,18.88,0,26.71,0
2026-10-01 08:36:00,24.28,52.95,14.02,0,30.72,0
2026-10-01 08:36:05,25.07,51.86,11.39,0,27.71,0
2026-10-01 08:36:10,25.7,52.75,18.77,0,29.88,0
2026-10-01 08:36:15,24.56,52.54,18.07,0,20.09,0
2026-10-01 08:36:20,25.8,47.45,16.0,0,22.64,0
2026-10-01 08:36:25,23.4,50.95,13.51,1,26.98,0
2026-10-01 08:36:30,23.14,56.85,19.01,0,30.28,0
2026-10-01 08:36:35,24.46,50.02,14.53,1,27.28,0
2026-10-01 08:36:40,24.81,51.05,17.51,0,21.41,0
2026-10-01 08:36:45,24.47,50.38,24.18,0,23.48,0
2026-10-01 08:36:50,22.85,51.74,20.28,0,26.17,0
2026-10-01 08:36:55,24.43,50.25,13.21,0,24.42,0
2026-10-01 08:37:00,23.46,53.46,13.54,0,22.2,0
2026-10-01 08:37:05,25.04,52.59,18.53,0,23.98,0
2026-10-01 08:37:10,24.79,54.32,13.19,0,24.95,0
2026-10-01 08:37:15,23.75,48.85,10.99,0,21.2,0
2026-10-01 08:37:20,24.09,50.98,19.86,0,28.45,0
2026-10-01 08:37:25,23.65,51.32,19.12,0,23.46,0
2026-10-01 08:37:30,24.45,53.37,19.58,0,24.75,0
2026-10-01 08:37:35,25.26,49.62,18.92,0,28.62,0
2026-10-01 08:37:40,23.71,54.75,17.77,0,24.56,0
2026-10-01 08:37:45,24.9,55.56,15.68,0,28.43,0
2026-10-01 08:37:50,24.08,49.03,19.81,0,21.4,0
2026-10-01 08:37:55,23.87,50.53,23.35,1,26.52,0
2026-10-01 08:38:00,24.41,50.4,16.25,0,27.94,0
2026-10-01 08:38:05,23.67,59.9,14.43,0,22.1,0
2026-10-01 08:38:10,24.06,50.71,14.03,0,24.38,0
2026-10-01 08:38:15,23.54,57.03,14.97,0,24.45,0
2026-10-01 08:38:20,26.07,48.2,18.71,1,25.73,0
2026-10-01 08:38:25,24.53,49.03,10.51,0,26.66,0
2026-10-01 08:38:30,23.94,49.94,19.54,0,21.81,0
2026-10-01 08:38:35,24.67,49.46,20.25,0,24.79,0
2026-10-01 08:38:40,24.41,51.2,11.71,0,30.57,0
2026-10-01 08:38:45,24.32,49.87,14.57,0,28.69,0
2026-10-01 08:38:50,24.99,49.54,18.28,1,27.78,0
2026-10-01 08:38:55,25.11,55.48,17.5,0,24.33,0
2026-10-01 08:39:00,24.08,55.67,19.82,0,32.45,0
2026-10-01 08:39:05,24.04,54.85,17.51,0,28.6,0
2026-10-01 08:39:10,24.28,53.57,22.43,0,25.13,0
2026-10-01 08:39:15,22.66,52.28,16.88,0,25.77,0
2026-10-01 08:39:20,23.29,50.51,14.56,0,23.39,0
2026-10-01 08:39:25,25.59,49.14,14.28,0,26.38,0
2026-10-01 08:39:30,25.82,53.09,20.57,0,27.08,0
2026-10-01 08:39:35,24.3,48.48,18.1,0,27.46,0
2026-10-01 08:39:40,24.96,49.02,20.22,0,24.37,0
2026-10-01 08:39:45,24.75,55.46,20.15,1,19.84,0
2026-10-01 08:39:50,26.96,57.7,10.93,0,25.85,0
2026-10-01 08:39:55,25.4,53.18,14.01,0,27.47,0
2026-10-01 08:40:00,24.4,55.32,14.43,0,21.58,0
2026-10-01 08:40:05,23.74,51.26,15.14,1,24.68,0
2026-10-01 08:40:10,23.21,47.99,16.53,0,29.7,0
2026-10-01 08:40:15,24.66,53.84,21.5,0,20.79,0
2026-10-01 08:40:20,23.89,53.71,22.19,0,24.01,0
2026-10-01 08:40:25,23.36,52.22,16.97,1,30.2,0
2026-10-01 08:40:30,23.98,51.27,17.12,0,25.55,0
2026-10-01 08:40:35,23.63,54.89,15.53,0,23.16,0
2026-10-01 08:40:40,25.85,49.04,18.31,0,24.98,0
2026-10-01 08:40:45,25.21,49.68,18.71,0,27.89,0
2026-10-01 08:40:50,24.49,48.98,20.82,0,24.29,0
2026-10-01 08:40:55,25.68,52.25,20.79,0,27.09,0
2026-10-01 08:41:00,24.56,48.74,9.94,0,25.82,0
2026-10-01 08:41:05,23.81,49.95,17.47,0,26.11,0
2026-10-01 08:41:10,25.72,49.88,22.84,0,27.32,0
2026-10-01 08:41:15,24.93,51.22,16.47,0,23.97,0
2026-10-01 08:41:20,23.67,47.54,21.99,1,21.69,0
2026-10-01 08:41:25,24.35,52.26,16.93,0,26.66,0
2026-10-01 08:41:30,23.8,55.74,18.61,0,24.54,0
2026-10-01 08:41:35,23.39,52.41,14.02,1,23.43,0
2026-10-01 08:41:40,25.24,56.62,14.15,0,26.84,0
2026-10-01 08:41:45,26.03,56.0,20.54,0,29.47,0
2026-10-01 08:41:50,23.38,54.33,21.09,0,24.46,0
2026-10-01 08:41:55,24.95,52.22,18.09,0,25.03,0
2026-10-01 08:42:00,23.98,52.07,13.7,0,20.86,0
2026-10-01 08:42:05,24.11,54.29,18.15,0,24.22,0
2026-10-01 08:42:10,24.03,50.82,22.4,0,25.77,0
2026-10-01 08:42:15,23.81,46.35,24.1,0,24.93,0
2026-10-01 08:42:20,24.54,53.48,16.89,0,23.73,0
2026-10-01 08:42:25,23.84,48.61,12.19,0,27.54,0
2026-10-01 08:42:30,24.72,49.11,20.94,0,25.2,0
2026-10-01 08:42:35,24.46,52.0,17.03,0,34.06,0
2026-10-01 08:42:40,24.31,51.71,21.3,0,25.73,0
2026-10-01 08:42:45,23.77,47.76,18.98,0,15.39,0
2026-10-01 08:42:50,24.04,52.5,14.91,0,21.11,0
2026-10-01 08:42:55,25.1,54.9,18.2,0,26.86,0
2026-10-01 08:43:00,24.9,48.61,22.58,0,22.75,0
2026-10-01 08:43:05,23.72,55.82,17.48,0,22.97,0
2026-10-01 08:43:10,24.58,47.32,14.38,0,20.66,0
2026-10-01 08:43:15,25.1,58.35,12.44,0,23.33,0
2026-10-01 08:43:20,23.16,50.77,15.3,0,25.68,0
2026-10-01 08:43:25,24.93,52.44,16.56,0,26.35,0
2026-10-01 08:43:30,23.97,46.32,20.87,0,21.43,0
2026-10-01 08:43:35,24.96,51.81,14.08,0,27.82,0
2026-10-01 08:43:40,23.89,52.69,23.44,0,20.83,0
2026-10-01 08:43:45,23.06,51.74,13.32,0,26.53,0
2026-10-01 08:43:50,23.2,50.31,26.16,1,26.18,0
2026-10-01 08:43:55,24.54,49.16,24.04,1,21.73,0
2026-10-01 08:44:00,24.71,55.39,18.49,0,21.31,0
2026-10-01 08:44:05,23.78,52.09,12.23,0,26.34,0
2026-10-01 08:44:10,25.01,56.62,17.81,0,23.04,0
2026-10-01 08:44:15,23.17,50.42,16.65,0,24.33,0
2026-10-01 08:44:20,24.45,50.7,13.54,0,27.41,0
2026-10-01 08:44:25,23.53,54.45,19.02,0,26.68,0
2026-10-01 08:44:30,23.98,47.13,15.12,0,21.79,0
2026-10-01 08:44:35,24.54,48.36,15.5,0,24.81,0
2026-10-01 08:44:40,23.81,55.29,17.29,0,21.73,0
2026-10-01 08:44:45,24.19,48.48,15.99,0,28.04,0
2026-10-01 08:44:50,25.31,46.54,25.27,0,30.38,0
2026-10-01 08:44:55,24.04,57.61,16.12,0,22.04,0
2026-10-01 08:45:00,25.17,47.82,19.54,0,24.89,0
2026-10-01 08:45:05,23.6,52.55,18.51,0,28.21,0
2026-10-01 08:45:10,24.92,52.21,19.23,0,25.08,0
2026-10-01 08:45:15,25.65,43.57,19.5,0,26.97,0
2026-10-01 08:45:20,22.52,51.2,21.08,0,25.18,0
2026-10-01 08:45:25,23.86,53.35,18.93,0,21.3,0
2026-10-01 08:45:30,24.96,53.06,18.79,0,25.42,0
2026-10-01 08:45:35,24.34,54.71,18.2,0,28.95,0
2026-10-01 08:45:40,24.8,50.84,17.52,0,26.1,0
2026-10-01 08:45:45,24.02,54.14,14.81,0,30.68,0
2026-10-01 08:45:50,24.57,49.93,17.79,0,18.8,0
2026-10-01 08:45:55,24.38,47.77,18.84,0,26.33,0
2026-10-01 08:46:00,25.43,48.11,19.41,0,22.73,0
2026-10-01 08:46:05,24.7,47.61,18.63,0,21.94,0
2026-10-01 08:46:10,24.77,55.03,17.18,1,29.67,0
2026-10-01 08:46:15,24.17,47.46,17.8,0,24.11,0
2026-10-01 08:46:20,24.11,52.82,16.06,0,23.77,0
2026-10-01 08:46:25,24.15,51.2,19.1,0,26.2,0
2026-10-01 08:46:30,24.82,51.69,17.23,0,17.47,0
2026-10-01 08:46:35,24.16,56.09,18.63,0,29.74,0
2026-10-01 08:46:40,24.73,50.68,21.5,0,31.67,0
2026-10-01 08:46:45,26.16,53.83,15.52,0,28.2,0
2026-10-01 08:46:50,25.2,52.11,20.09,0,26.44,0
2026-10-01 08:46:55,24.24,51.54,18.12,0,24.24,0
2026-10-01 08:47:00,25.46,58.9,25.07,0,21.24,0
2026-10-01 08:47:05,24.17,47.68,17.24,0,29.18,0
2026-10-01 08:47:10,22.87,55.87,20.43,0,28.21,0
2026-10-01 08:47:15,23.69,53.97,18.05,0,26.58,0
2026-10-01 08:47:20,23.0,50.56,13.14,0,26.17,0
2026-10-01 08:47:25,24.22,56.89,16.18,0,26.05,0
2026-10-01 08:47:30,24.51,46.46,21.08,0,23.16,0
2026-10-01 08:47:35,25.84,50.43,16.49,0,33.75,0
2026-10-01 08:47:40,24.76,48.37,10.23,0,24.0,0
2026-10-01 08:47:45,24.32,53.24,17.89,0,23.51,0
2026-10-01 08:47:50,25.16,48.66,14.18,0,28.92,0
2026-10-01 08:47:55,22.73,53.3,18.46,0,24.9,0
2026-10-01 08:48:00,24.69,51.44,23.43,0,24.93,0
2026-10-01 08:48:05,25.12,50.56,20.69,1,29.95,0
2026-10-01 08:48:10,23.32,53.17,23.38,0,27.38,0
2026-10-01 08:48:15,25.42,51.19,16.03,0,27.55,0
2026-10-01 08:48:20,24.77,48.73,17.5,0,20.04,0
2026-10-01 08:48:25,24.17,60.4,14.34,0,26.4,0
2026-10-01 08:48:30,25.01,50.54,15.61,0,21.48,0
2026-10-01 08:48:35,26.32,45.35,14.76,0,23.41,0
2026-10-01 08:48:40,24.65,49.47,13.43,0,25.61,0
2026-10-01 08:48:45,24.7,48.2,22.78,0,24.87,0
2026-10-01 08:48:50,24.13,54.48,10.68,0,27.29,0
2026-10-01 08:48:55,23.82,52.96,22.8,0,27.7,0
2026-10-01 08:49:00,25.16,53.2,22.36,0,27.96,0
2026-10-01 08:49:05,23.82,50.89,19.75,0,20.3,0
2026-10-01 08:49:10,24.56,51.16,14.1,1,33.27,0
2026-10-01 08:49:15,24.12,50.89,12.46,0,24.91,0
2026-10-01 08:49:20,24.88,51.76,16.08,0,29.25,0
2026-10-01 08:49:25,24.77,54.51,20.19,0,16.2,0
2026-10-01 08:49:30,25.33,53.01,18.01,0,24.07,0
2026-10-01 08:49:35,24.09,53.5,14.35,1,19.89,0
2026-10-01 08:49:40,24.28,53.5,22.02,0,21.99,0
2026-10-01 08:49:45,23.72,54.65,23.9,0,25.18,0
2026-10-01 08:49:50,24.14,52.86,17.21,0,23.83,0
2026-10-01 08:49:55,24.8,53.08,18.38,0,29.6,0
2026-10-01 08:50:00,25.11,55.57,12.72,0,31.19,0
2026-10-01 08:50:05,23.76,50.0,16.55,0,21.62,0
2026-10-01 08:50:10,25.2,49.43,19.79,0,23.29,0
2026-10-01 08:50:15,25.58,48.44,19.24,0,21.39,0
2026-10-01 08:50:20,24.83,52.55,16.22,0,29.05,0
2026-10-01 08:50:25,26.0,46.44,17.04,0,25.56,0
2026-10-01 08:50:30,23.88,53.39,16.43,0,25.11,0
2026-10-01 08:50:35,23.5,51.67,17.03,0,26.09,0
2026-10-01 08:50:40,23.08,55.4,19.48,0,23.91,0
2026-10-01 08:50:45,25.7,49.98,11.11,0,22.0,0
2026-10-01 08:50:50,25.02,51.39,17.74,0,25.18,0
2026-10-01 08:50:55,24.46,55.37,19.22,0,24.07,0
2026-10-01 08:51:00,24.72,56.15,16.0,0,26.21,0
2026-10-01 08:51:05,23.6,49.96,16.32,0,19.29,0
2026-10-01 08:51:10,26.46,52.55,16.42,0,25.65,0
2026-10-01 08:51:15,24.6,52.88,16.32,0,22.59,0
2026-10-01 08:51:20,24.59,53.12,18.02,0,25.53,0
2026-10-01 08:51:25,25.08,51.21,18.45,0,28.17,0
2026-10-01 08:51:30,24.88,55.84,10.65,0,23.05,0
2026-10-01 08:51:35,24.68,46.33,20.29,0,29.19,0
2026-10-01 08:51:40,23.87,50.74,16.99,0,18.91,0
2026-10-01 08:51:45,24.88,53.34,24.77,0,30.4,0
2026-10-01 08:51:50,26.01,53.37,13.83,0,29.33,0
2026-10-01 08:51:55,25.58,56.06,14.96,1,21.9,0
2026-10-01 08:52:00,25.77,55.59,17.29,0,21.93,0
2026-10-01 08:52:05,24.09,51.14,19.45,0,19.77,0
2026-10-01 08:52:10,23.71,55.9,11.17,0,28.22,0
2026-10-01 08:52:15,24.4,49.86,15.1,0,23.84,0
2026-10-01 08:52:20,24.54,54.79,20.07,0,23.59,0
2026-10-01 08:52:25,25.38,57.43,14.68,0,21.07,0
2026-10-01 08:52:30,23.15,55.64,22.8,0,31.34,0
2026-10-01 08:52:35,25.72,52.32,16.41,0,21.6,0
2026-10-01 08:52:40,24.37,51.0,14.85,0,25.08,0
2026-10-01 08:52:45,24.16,47.41,20.14,0,25.76,0
2026-10-01 08:52:50,23.69,52.93,23.63,0,23.6,0
2026-10-01 08:52:55,23.18,48.65,19.46,0,22.9,0
2026-10-01 08:53:00,25.16,49.62,22.41,0,23.71,0
2026-10-01 08:53:05,24.56,48.43,23.87,0,26.98,0
2026-10-01 08:53:10,23.47,50.62,14.77,0,23.79,0
2026-10-01 08:53:15,23.46,51.92,21.28,0,30.69,0
2026-10-01 08:53:20,24.23,52.82,12.67,0,22.28,0
2026-10-01 08:53:25,25.84,50.2,19.49,0,27.64,0
2026-10-01 08:53:30,24.29,55.21,17.75,0,18.85,0
2026-10-01 08:53:35,23.3,51.38,22.35,1,22.28,0
2026-10-01 08:53:40,24.3,49.64,22.1,0,22.14,0
2026-10-01 08:53:45,24.28,52.68,19.99,1,21.14,0
2026-10-01 08:53:50,22.34,57.89,19.04,0,25.99,0
2026-10-01 08:53:55,24.46,53.01,19.78,0,24.61,0
2026-10-01 08:54:00,24.32,50.91,18.22,0,17.02,0
2026-10-01 08:54:05,25.06,47.42,17.79,0,31.98,0
2026-10-01 08:54:10,25.98,51.34,23.05,0,25.62,0
2026-10-01 08:54:15,25.4,52.7,23.47,0,25.0,0
2026-10-01 08:54:20,24.28,50.84,17.5,0,29.59,0
2026-10-01 08:54:25,23.61,47.0,18.83,0,28.46,0
2026-10-01 08:54:30,26.56,49.45,18.29,0,23.96,0
2026-10-01 08:54:35,24.55,56.36,12.36,0,18.17,0
2026-10-01 08:54:40,24.51,56.3,16.82,0,26.98,0
2026-10-01 08:54:45,24.48,49.34,23.6,0,21.63,0
2026-10-01 08:54:50,24.66,54.02,15.38,0,29.34,0
2026-10-01 08:54:55,24.38,48.46,25.4,0,22.28,0
2026-10-01 08:55:00,24.04,56.21,22.1,0,23.42,0
2026-10-01 08:55:05,24.06,52.74,19.41,0,20.3,0
2026-10-01 08:55:10,24.47,54.85,19.96,0,20.58,0
2026-10-01 08:55:15,24.07,46.85,14.79,0,24.62,0
2026-10-01 08:55:20,23.93,54.03,17.07,0,24.29,0
2026-10-01 08:55:25,24.59,51.98,23.04,0,23.33,0
2026-10-01 08:55:30,24.3,54.56,15.85,0,32.19,0
2026-10-01 08:55:35,25.7,54.74,21.71,0,27.11,0
2026-10-01 08:55:40,22.38,52.2,13.18,0,25.04,0
2026-10-01 08:55:45,25.37,50.2,13.81,0,15.35,0
2026-10-01 08:55:50,25.5,54.34,24.65,0,27.89,0
2026-10-01 08:55:55,22.84,51.82,17.96,0,35.48,0
2026-10-01 08:56:00,24.23,49.38,16.12,1,24.34,0
2026-10-01 08:56:05,24.2,49.24,22.77,1,22.16,0
2026-10-01 08:56:10,23.37,47.57,22.36,0,25.57,0
2026-10-01 08:56:15,23.88,50.47,21.22,0,19.99,0
2026-10-01 08:56:20,23.61,55.31,16.01,0,26.62,0
2026-10-01 08:56:25,25.9,52.53,17.0,0,30.25,0
2026-10-01 08:56:30,25.25,50.41,19.09,0,22.65,0
2026-10-01 08:56:35,25.52,54.41,20.43,0,22.76,0
2026-10-01 08:56:40,25.08,49.5,16.22,0,24.72,0
2026-10-01 08:56:45,23.6,52.29,18.6,0,23.25,0
2026-10-01 08:56:50,24.08,51.46,18.94,0,19.71,0
2026-10-01 08:56:55,24.89,54.34,22.5,0,23.65,0
2026-10-01 08:57:00,23.52,47.27,20.64,0,22.95,0
2026-10-01 08:57:05,25.07,49.45,12.73,0,29.78,0
2026-10-01 08:57:10,24.31,47.09,17.25,0,29.04,0
2026-10-01 08:57:15,24.2,51.22,14.75,0,29.89,0
2026-10-01 08:57:20,25.07,55.63,19.99,0,27.81,0
2026-10-01 08:57:25,24.86,50.48,21.23,0,25.72,0
2026-10-01 08:57:30,24.21,50.47,18.36,0,21.94,0
2026-10-01 08:57:35,25.43,54.62,17.06,0,29.64,0
2026-10-01 08:57:40,23.64,55.21,18.24,0,26.22,0
2026-10-01 08:57:45,24.99,51.73,18.73,0,20.63,0
2026-10-01 08:57:50,24.97,54.05,15.76,0,21.8,0
2026-10-01 08:57:55,24.25,48.77,13.73,0,20.58,0
2026-10-01 08:58:00,24.76,56.13,10.82,0,17.82,0
2026-10-01 08:58:05,23.5,58.45,22.44,0,26.36,0
2026-10-01 08:58:10,25.24,53.56,19.74,0,20.67,0
2026-10-01 08:58:15,24.35,45.75,19.27,1,22.35,0
2026-10-01 08:58:20,24.08,50.33,22.43,0,25.14,0
2026-10-01 08:58:25,25.34,53.84,13.61,0,24.34,0
2026-10-01 08:58:30,23.94,50.74,11.93,0,22.5,0
2026-10-01 08:58:35,23.37,55.82,19.34,0,30.32,0
2026-10-01 08:58:40,23.25,53.76,19.03,1,19.66,0
2026-10-01 08:58:45,24.98,49.88,11.94,0,19.81,0
2026-10-01 08:58:50,23.48,52.1,19.26,0,26.6,0
2026-10-01 08:58:55,25.9,49.32,16.6,0,22.81,0
2026-10-01 08:59:00,22.83,51.45,15.18,0,22.67,0
2026-10-01 08:59:05,25.86,50.34,16.83,0,21.22,0
2026-10-01 08:59:10,24.67,55.52,9.45,0,26.18,0
2026-10-01 08:59:15,24.42,58.35,15.93,0,25.79,0
2026-10-01 08:59:20,24.06,47.71,15.53,0,25.42,0
2026-10-01 08:59:25,24.82,46.23,19.95,0,22.96,0
2026-10-01 08:59:30,24.47,51.26,17.45,0,22.37,0
2026-10-01 08:59:35,25.38,47.44,20.24,0,24.43,0
2026-10-01 08:59:40,24.59,52.14,9.08,0,28.38,0
2026-10-01 08:59:45,24.62,54.25,15.06,0,30.49,0
2026-10-01 08:59:50,24.21,56.48,19.95,0,28.89,0
2026-10-01 08:59:55,24.45,52.6,16.92,0,26.77,0
2026-10-01 09:00:00,24.75,51.42,20.96,0,28.44,0
2026-10-01 09:00:05,23.13,46.06,11.68,0,20.86,0
2026-10-01 09:00:10,23.42,52.08,20.56,0,22.5,0
2026-10-01 09:00:15,25.09,52.21,15.76,0,26.84,0
2026-10-01 09:00:20,24.64,53.92,15.42,1,24.59,0
2026-10-01 09:00:25,24.35,49.87,21.47,0,26.18,0
2026-10-01 09:00:30,24.51,50.69,22.07,0,28.43,0
2026-10-01 09:00:35,24.78,47.57,21.62,0,27.88,0
2026-10-01 09:00:40,24.07,45.13,25.14,0,21.18,0
2026-10-01 09:00:45,23.88,48.67,22.43,0,25.04,0
2026-10-01 09:00:50,24.66,47.29,15.22,0,21.78,0
2026-10-01 09:00:55,23.72,53.01,18.5,0,22.28,0
2026-10-01 09:01:00,24.83,50.45,16.74,1,19.01,0
2026-10-01 09:01:05,23.14,50.39,25.1,0,25.47,0
2026-10-01 09:01:10,25.32,49.05,21.87,0,18.75,0
2026-10-01 09:01:15,24.88,43.0,17.34,0,26.38,0
2026-10-01 09:01:20,24.7,56.52,21.07,0,29.75,0
2026-10-01 09:01:25,25.29,49.0,13.69,0,26.86,0
2026-10-01 09:01:30,25.83,50.76,18.88,0,25.18,0
2026-10-01 09:01:35,25.31,47.64,14.72,1,30.37,0
2026-10-01 09:01:40,23.03,54.92,12.09,0,26.15,0
2026-10-01 09:01:45,23.48,52.43,20.75,0,21.98,0
2026-10-01 09:01:50,24.0,49.52,21.18,0,25.44,0
2026-10-01 09:01:55,24.52,50.82,19.6,1,31.86,0
2026-10-01 09:02:00,24.91,57.03,17.36,0,21.18,0
2026-10-01 09:02:05,23.92,51.78,13.57,0,20.17,0
2026-10-01 09:02:10,24.65,51.45,13.94,0,27.15,0
2026-10-01 09:02:15,23.9,49.18,14.61,0,24.22,0
2026-10-01 09:02:20,24.01,46.32,17.18,0,23.14,0
2026-10-01 09:02:25,23.37,51.52,21.77,0,20.59,0
2026-10-01 09:02:30,23.76,52.98,21.71,0,18.17,0
2026-10-01 09:02:35,23.42,55.3,12.23,0,19.9,0
2026-10-01 09:02:40,23.72,45.25,15.57,0,30.65,0
2026-10-01 09:02:45,25.34,48.62,15.48,0,24.97,0
2026-10-01 09:02:50,23.74,50.26,9.14,0,18.13,0
2026-10-01 09:02:55,26.61,51.99,19.98,0,29.14,0
2026-10-01 09:03:00,24.89,51.56,17.14,0,29.32,0
2026-10-01 09:03:05,24.65,51.63,17.6,0,29.3,0
2026-10-01 09:03:10,23.81,53.22,22.71,0,23.52,0
2026-10-01 09:03:15,25.06,49.29,18.31,0,24.06,0
2026-10-01 09:03:20,24.04,54.8,16.49,0,25.48,0
2026-10-01 09:03:25,24.6,53.3,20.0,0,29.9,0
2026-10-01 09:03:30,26.55,51.04,21.71,0,23.06,0
2026-10-01 09:03:35,24.42,56.8,19.04,0,22.36,0
2026-10-01 09:03:40,25.42,56.67,20.41,0,27.43,0
2026-10-01 09:03:45,23.94,54.8,17.49,0,29.23,0
2026-10-01 09:03:50,24.47,43.0,17.71,0,24.82,0
2026-10-01 09:03:55,25.92,56.74,18.4,0,27.35,0
2026-10-01 09:04:00,24.0,54.38,15.36,0,25.39,0
2026-10-01 09:04:05,25.95,58.02,16.01,0,24.12,0
2026-10-01 09:04:10,25.07,55.71,22.82,0,22.1,0
2026-10-01 09:04:15,24.05,56.74,25.03,0,20.96,0
2026-10-01 09:04:20,25.01,54.64,23.57,0,22.85,0
2026-10-01 09:04:25,25.28,56.05,13.37,1,21.58,0
2026-10-01 09:04:30,25.0,57.98,13.03,0,25.99,0
2026-10-01 09:04:35,23.24,52.65,13.83,0,29.26,0
2026-10-01 09:04:40,23.92,47.28,18.47,0,25.71,0
2026-10-01 09:04:45,24.3,51.08,8.17,0,21.78,0
2026-10-01 09:04:50,24.44,53.17,15.94,0,27.99,0
2026-10-01 09:04:55,25.0,52.22,22.92,1,26.04,0
2026-10-01 09:05:00,24.64,48.26,21.44,0,26.73,0
2026-10-01 09:05:05,23.43,47.11,16.22,0,23.18,0
2026-10-01 09:05:10,24.8,49.78,16.48,0,28.97,0
2026-10-01 09:05:15,24.99,54.42,19.99,0,28.95,0
2026-10-01 09:05:20,24.95,56.74,21.27,0,24.36,0
2026-10-01 09:05:25,25.36,54.75,16.13,0,27.51,0
2026-10-01 09:05:30,25.17,55.17,17.18,0,28.86,0
2026-10-01 09:05:35,24.87,51.76,16.02,0,23.37,0
2026-10-01 09:05:40,24.44,46.77,13.34,0,24.72,0
2026-10-01 09:05:45,23.17,50.63,17.23,0,25.28,0
2026-10-01 09:05:50,24.84,51.22,16.96,0,21.16,0
2026-10-01 09:05:55,24.67,50.51,13.59,0,26.55,0
2026-10-01 09:06:00,24.72,52.16,20.26,1,28.58,0
2026-10-01 09:06:05,23.48,53.32,19.69,0,24.5,0
2026-10-01 09:06:10,23.64,54.56,20.44,0,26.19,0
2026-10-01 09:06:15,25.34,51.17,15.31,0,29.9,0
2026-10-01 09:06:20,24.47,46.29,11.06,0,23.58,0
2026-10-01 09:06:25,25.05,50.55,19.64,0,26.26,0
2026-10-01 09:06:30,24.52,52.13,15.68,0,23.01,0
2026-10-01 09:06:35,24.52,55.67,14.88,0,22.91,0
2026-10-01 09:06:40,25.25,50.3,13.6,0,26.2,0
2026-10-01 09:06:45,24.09,53.54,17.04,0,25.84,0
2026-10-01 09:06:50,24.58,52.87,23.52,0,26.94,0
2026-10-01 09:06:55,24.13,52.13,16.23,0,25.27,0
2026-10-01 09:07:00,24.15,54.79,14.19,0,26.63,0
2026-10-01 09:07:05,24.25,50.02,20.28,0,30.83,0
2026-10-01 09:07:10,24.68,50.27,18.6,0,28.71,0
2026-10-01 09:07:15,24.12,51.96,10.58,0,26.18,0
2026-10-01 09:07:20,25.5,50.08,20.32,0,26.77,0
2026-10-01 09:07:25,23.78,53.52,25.45,0,23.95,0
2026-10-01 09:07:30,24.35,49.86,8.9,0,24.44,0
2026-10-01 09:07:35,24.15,52.68,13.68,0,26.72,0
2026-10-01 09:07:40,25.66,51.7,8.03,0,25.31,0
2026-10-01 09:07:45,24.66,52.64,17.74,0,27.78,0
2026-10-01 09:07:50,25.33,50.62,21.47,0,29.43,0
2026-10-01 09:07:55,23.31,50.98,18.37,0,24.64,0
2026-10-01 09:08:00,24.71,52.29,22.87,0,17.97,0
2026-10-01 09:08:05,25.21,52.61,20.91,0,32.12,0
2026-10-01 09:08:10,24.57,51.99,23.96,0,22.72,0
2026-10-01 09:08:15,25.35,57.12,22.06,0,25.68,0
2026-10-01 09:08:20,24.09,49.03,16.59,0,27.55,0
2026-10-01 09:08:25,25.63,51.81,18.23,0,29.93,0
2026-10-01 09:08:30,26.34,47.28,14.96,0,31.32,0
2026-10-01 09:08:35,24.21,53.12,17.19,0,23.73,0
2026-10-01 09:08:40,24.14,48.65,18.22,0,29.16,0
2026-10-01 09:08:45,25.66,51.17,17.7,0,25.69,0
2026-10-01 09:08:50,25.76,50.88,22.7,0,34.6,0
2026-10-01 09:08:55,24.08,52.84,16.84,0,28.85,0
2026-10-01 09:09:00,24.16,50.34,14.74,0,24.38,0
2026-10-01 09:09:05,24.27,50.21,14.96,0,22.22,0
2026-10-01 09:09:10,23.42,56.31,20.29,0,15.81,0
2026-10-01 09:09:15,23.77,52.85,13.09,0,27.36,0
2026-10-01 09:09:20,23.7,50.32,17.3,0,28.53,0
2026-10-01 09:09:25,23.89,51.25,22.65,0,27.61,0
2026-10-01 09:09:30,24.47,56.94,19.02,0,16.76,0
2026-10-01 09:09:35,24.69,51.29,17.74,0,20.6,0
2026-10-01 09:09:40,25.74,49.93,17.87,0,26.68,0
2026-10-01 09:09:45,23.7,49.95,14.4,0,31.25,0
2026-10-01 09:09:50,25.29,50.35,15.0,0,24.81,0
2026-10-01 09:09:55,24.33,50.22,17.32,0,28.82,0
2026-10-01 09:10:00,24.46,48.16,18.95,0,21.38,0
2026-10-01 09:10:05,25.04,48.63,21.32,0,25.72,0
2026-10-01 09:10:10,23.6,49.51,18.32,0,24.04,0
2026-10-01 09:10:15,24.81,53.77,22.73,0,29.16,0
2026-10-01 09:10:20,24.63,50.86,23.62,0,23.11,0
2026-10-01 09:10:25,24.89,51.38,20.78,0,30.87,0
2026-10-01 09:10:30,24.73,55.81,22.29,0,23.92,0
2026-10-01 09:10:35,26.46,55.89,14.53,0,21.26,0
2026-10-01 09:10:40,23.99,51.15,13.98,0,21.37,0
2026-10-01 09:10:45,24.08,50.11,19.81,0,22.82,0
2026-10-01 09:10:50,24.0,49.41,13.31,0,26.3,0
2026-10-01 09:10:55,24.06,54.08,16.98,0,22.87,0
2026-10-01 09:11:00,23.99,51.39,20.7,0,22.13,0
2026-10-01 09:11:05,25.45,50.84,22.95,0,28.11,0
2026-10-01 09:11:10,25.64,49.56,17.11,0,15.0,0
2026-10-01 09:11:15,24.04,49.69,15.73,0,23.5,0
2026-10-01 09:11:20,23.83,52.96,19.12,1,20.33,0
2026-10-01 09:11:25,24.88,48.05,14.24,0,21.96,0
2026-10-01 09:11:30,24.06,54.98,17.39,1,25.85,0
2026-10-01 09:11:35,25.01,50.4,17.97,0,24.28,0
2026-10-01 09:11:40,24.66,51.55,17.9,0,23.97,0
2026-10-01 09:11:45,23.29,47.99,18.31,0,29.16,0
2026-10-01 09:11:50,25.74,51.96,15.08,0,24.95,0
2026-10-01 09:11:55,25.94,51.02,15.46,0,31.32,0
2026-10-01 09:12:00,24.01,51.85,15.39,0,27.49,0
2026-10-01 09:12:05,24.19,56.42,12.33,0,21.62,0
2026-10-01 09:12:10,24.73,52.53,19.2,0,31.77,0
2026-10-01 09:12:15,24.77,49.62,21.13,0,25.97,0
2026-10-01 09:12:20,25.03,49.87,20.79,0,31.55,0
2026-10-01 09:12:25,26.11,53.79,17.08,0,24.07,0
2026-10-01 09:12:30,24.36,55.9,15.16,0,25.95,0
2026-10-01 09:12:35,23.86,52.85,20.61,1,26.51,0
2026-10-01 09:12:40,23.4,54.07,20.24,0,24.41,0
2026-10-01 09:12:45,23.92,53.83,18.76,0,29.45,0
2026-10-01 09:12:50,24.47,56.26,24.11,0,31.76,0
2026-10-01 09:12:55,25.94,46.15,17.91,0,16.97,0
2026-10-01 09:13:00,24.09,54.0,17.1,0,27.85,0
2026-10-01 09:13:05,24.68,54.95,16.6,0,21.87,0
2026-10-01 09:13:10,24.49,47.98,12.54,1,15.93,0
2026-10-01 09:13:15,25.45,49.34,20.31,0,26.81,0
2026-10-01 09:13:20,26.52,49.45,17.63,0,26.82,0
2026-10-01 09:13:25,24.08,49.81,19.78,0,27.38,0
2026-10-01 09:13:30,24.11,50.55,24.45,0,26.3,0
2026-10-01 09:13:35,25.34,52.73,16.63,0,28.06,0
2026-10-01 09:13:40,25.05,54.6,9.82,0,22.89,0
2026-10-01 09:13:45,25.98,55.24,19.68,0,25.92,0
2026-10-01 09:13:50,24.97,49.49,18.58,0,27.44,0
2026-10-01 09:13:55,24.21,49.47,15.44,0,29.74,0
2026-10-01 09:14:00,24.97,55.95,19.39,0,25.15,0
2026-10-01 09:14:05,25.39,53.94,20.75,0,24.25,0
2026-10-01 09:14:10,25.16,52.25,14.69,0,24.81,0
2026-10-01 09:14:15,24.91,53.42,16.95,0,20.82,0
2026-10-01 09:14:20,25.35,51.91,23.17,0,27.69,0
2026-10-01 09:14:25,25.44,53.57,15.47,0,19.9,0
2026-10-01 09:14:30,25.61,50.99,18.23,0,26.37,0
2026-10-01 09:14:35,25.02,52.81,8.81,0,25.3,0
2026-10-01 09:14:40,24.37,47.47,12.81,0,19.57,0
2026-10-01 09:14:45,24.62,49.94,18.55,0,19.77,0
2026-10-01 09:14:50,25.47,49.97,22.3,0,22.01,0
2026-10-01 09:14:55,23.85,50.88,13.23,0,23.8,0
2026-10-01 09:15:00,24.79,49.22,18.26,0,30.18,0
2026-10-01 09:15:05,24.19,50.4,16.68,0,24.61,0
2026-10-01 09:15:10,24.52,47.46,21.34,0,26.91,0
2026-10-01 09:15:15,25.52,53.65,13.74,0,29.43,0
2026-10-01 09:15:20,24.65,51.75,19.51,0,28.76,0
2026-10-01 09:15:25,24.54,46.88,15.71,0,24.98,0
2026-10-01 09:15:30,23.41,49.5,18.78,0,22.53,0
2026-10-01 09:15:35,25.1,53.01,18.24,0,26.75,0
2026-10-01 09:15:40,25.02,50.37,17.12,0,22.6,0
2026-10-01 09:15:45,26.23,49.91,19.67,0,31.35,0
2026-10-01 09:15:50,24.25,51.78,18.15,0,28.04,0
2026-10-01 09:15:55,24.68,53.03,17.54,0,25.73,0
2026-10-01 09:16:00,24.7,47.69,16.75,0,26.79,0
2026-10-01 09:16:05,25.76,53.65,18.27,0,25.62,0
2026-10-01 09:16:10,24.42,49.6,18.78,0,23.71,0
2026-10-01 09:16:15,24.72,51.95,14.54,0,26.75,0
2026-10-01 09:16:20,24.99,51.89,16.78,0,24.15,0
2026-10-01 09:16:25,24.65,50.42,14.31,0,31.78,0
2026-10-01 09:16:30,24.14,48.93,17.86,0,22.58,0
2026-10-01 09:16:35,24.66,51.14,15.93,0,26.78,0
2026-10-01 09:16:40,25.36,56.88,20.7,0,22.26,0
2026-10-01 09:16:45,23.68,47.91,20.35,0,22.22,0
2026-10-01 09:16:50,24.61,57.08,14.77,1,18.75,0
2026-10-01 09:16:55,23.94,51.22,17.99,0,26.44,0
2026-10-01 09:17:00,25.46,52.11,20.23,0,23.14,0
2026-10-01 09:17:05,23.28,48.74,17.39,0,28.79,0
2026-10-01 09:17:10,24.05,49.69,15.45,1,26.45,0
2026-10-01 09:17:15,24.8,50.49,14.18,0,25.52,0
2026-10-01 09:17:20,25.75,48.86,20.99,0,20.06,0
2026-10-01 09:17:25,24.45,51.37,21.16,0,27.05,0
2026-10-01 09:17:30,24.06,50.78,17.27,0,22.68,0
2026-10-01 09:17:35,26.0,57.55,20.68,0,19.99,0
2026-10-01 09:17:40,23.34,48.5,8.0,0,26.51,0
2026-10-01 09:17:45,22.74,52.31,22.65,0,20.6,0
2026-10-01 09:17:50,24.85,52.74,17.45,0,17.68,0
2026-10-01 09:17:55,24.1,48.79,18.5,1,29.54,0
2026-10-01 09:18:00,23.68,54.06,16.88,0,23.04,0
2026-10-01 09:18:05,25.07,50.81,22.88,0,18.89,0
2026-10-01 09:18:10,24.7,44.52,14.29,0,21.63,0
2026-10-01 09:18:15,24.05,53.98,23.16,0,22.48,0
2026-10-01 09:18:20,23.48,48.65,19.39,0,29.0,0
2026-10-01 09:18:25,25.2,48.86,20.18,0,19.18,0
2026-10-01 09:18:30,25.02,54.06,16.85,0,20.31,0
2026-10-01 09:18:35,24.42,50.96,13.42,1,28.43,0
2026-10-01 09:18:40,25.98,54.75,21.26,0,23.43,0
2026-10-01 09:18:45,23.64,55.63,19.09,0,25.8,0
2026-10-01 09:18:50,23.28,50.07,22.77,0,23.28,0
2026-10-01 09:18:55,23.95,54.38,17.32,0,32.07,0
2026-10-01 09:19:00,24.46,49.73,16.53,0,20.49,0
2026-10-01 09:19:05,24.69,58.7,22.86,0,25.99,0
2026-10-01 09:19:10,24.31,49.92,24.69,0,30.26,0
2026-10-01 09:19:15,24.78,55.08,18.03,0,23.69,0
2026-10-01 09:19:20,23.5,54.53,15.37,0,22.36,0
2026-10-01 09:19:25,25.66,52.95,20.84,0,27.68,0
2026-10-01 09:19:30,24.43,49.99,17.11,0,28.51,0
2026-10-01 09:19:35,25.39,51.55,20.1,0,22.2,0
2026-10-01 09:19:40,24.77,45.54,17.09,0,30.12,0
2026-10-01 09:19:45,24.87,52.67,23.47,1,25.18,0
2026-10-01 09:19:50,24.96,53.05,15.55,0,26.78,0
2026-10-01 09:19:55,24.86,52.4,19.68,0,30.21,0
2026-10-01 09:20:00,25.01,43.08,16.29,0,27.69,0
2026-10-01 09:20:05,25.56,48.2,17.01,0,25.0,0
2026-10-01 09:20:10,24.66,49.76,16.56,0,22.65,0
2026-10-01 09:20:15,25.07,52.87,20.59,0,34.48,0
2026-10-01 09:20:20,24.43,52.87,21.21,0,22.24,0
2026-10-01 09:20:25,25.65,51.49,19.95,1,26.11,0
2026-10-01 09:20:30,23.96,53.91,17.62,0,26.78,0
2026-10-01 09:20:35,25.94,48.92,18.49,0,26.95,0
2026-10-01 09:20:40,24.47,53.83,21.14,0,32.45,0
2026-10-01 09:20:45,23.36,53.42,21.25,0,25.17,0
2026-10-01 09:20:50,24.6,53.13,8.58,0,24.67,0
2026-10-01 09:20:55,23.96,51.45,17.05,1,30.43,0
2026-10-01 09:21:00,25.17,57.49,17.22,0,24.52,0
2026-10-01 09:21:05,23.98,53.48,20.34,0,28.07,0
2026-10-01 09:21:10,24.14,49.09,17.77,0,25.68,0
2026-10-01 09:21:15,22.99,52.74,20.52,0,28.22,0
2026-10-01 09:21:20,24.14,54.26,14.22,0,27.54,0
2026-10-01 09:21:25,22.56,50.24,18.91,1,23.59,0
2026-10-01 09:21:30,23.23,55.27,21.15,0,18.55,0
2026-10-01 09:21:35,25.11,53.15,12.84,0,19.14,0
2026-10-01 09:21:40,25.13,44.97,26.8,1,18.56,0
2026-10-01 09:21:45,24.84,52.9,22.17,0,24.68,0
2026-10-01 09:21:50,23.73,50.78,18.0,0,16.77,0
2026-10-01 09:21:55,24.46,53.61,15.1,0,24.44,0
2026-10-01 09:22:00,24.5,54.83,17.39,0,25.47,0
2026-10-01 09:22:05,23.57,52.59,18.29,0,28.0,0
2026-10-01 09:22:10,25.7,57.0,19.54,1,26.77,0
2026-10-01 09:22:15,25.2,51.46,23.25,0,28.16,0
2026-10-01 09:22:20,24.32,53.87,16.33,0,26.45,0
2026-10-01 09:22:25,24.52,54.41,19.97,0,23.87,0
2026-10-01 09:22:30,24.67,51.71,13.48,0,24.63,0
2026-10-01 09:22:35,22.87,54.34,16.55,0,22.02,0
2026-10-01 09:22:40,24.3,50.22,19.32,0,25.8,0
2026-10-01 09:22:45,23.95,50.73,20.42,0,19.46,0
2026-10-01 09:22:50,23.7,48.06,15.36,1,28.73,0
2026-10-01 09:22:55,24.28,52.72,16.46,0,21.65,0
2026-10-01 09:23:00,25.94,52.98,23.11,0,25.54,0
2026-10-01 09:23:05,25.01,55.54,22.07,0,26.13,0
2026-10-01 09:23:10,24.04,54.37,18.73,0,29.07,0
2026-10-01 09:23:15,24.96,51.15,10.17,0,19.12,0
2026-10-01 09:23:20,25.62,48.47,26.79,1,23.86,0
2026-10-01 09:23:25,25.24,53.3,17.93,0,26.92,0
2026-10-01 09:23:30,24.55,55.33,16.91,0,31.13,0
2026-10-01 09:23:35,23.98,54.27,16.17,0,24.86,0
2026-10-01 09:23:40,25.06,55.25,19.32,0,22.92,0
2026-10-01 09:23:45,24.81,51.36,19.35,0,32.09,0
2026-10-01 09:23:50,25.22,50.6,21.33,0,27.81,0
2026-10-01 09:23:55,25.01,49.79,14.76,0,29.81,0
2026-10-01 09:24:00,25.34,51.83,16.91,0,20.77,0
2026-10-01 09:24:05,24.07,51.76,25.11,1,26.82,0
2026-10-01 09:24:10,25.55,52.62,18.79,0,21.21,0
2026-10-01 09:24:15,24.66,51.61,17.4,0,20.43,0
2026-10-01 09:24:20,26.16,51.6,14.7,0,27.04,0
2026-10-01 09:24:25,23.95,49.67,19.77,0,27.28,0
2026-10-01 09:24:30,25.89,54.82,21.61,1,23.31,0
2026-10-01 09:24:35,24.66,52.23,21.06,1,30.01,0
2026-10-01 09:24:40,23.98,51.48,17.09,0,23.71,0
2026-10-01 09:24:45,24.11,49.76,19.26,0,24.06,0
2026-10-01 09:24:50,24.24,48.0,23.85,0,24.87,0
2026-10-01 09:24:55,24.84,55.92,21.75,0,24.15,0
2026-10-01 09:25:00,24.92,53.66,15.26,1,29.47,0
2026-10-01 09:25:05,24.04,47.13,9.09,0,21.35,0
2026-10-01 09:25:10,24.48,54.29,19.04,0,22.36,0
2026-10-01 09:25:15,26.21,54.77,20.79,0,20.83,0
2026-10-01 09:25:20,25.88,52.37,14.19,0,31.59,0
2026-10-01 09:25:25,24.85,56.79,17.97,1,23.86,0
2026-10-01 09:25:30,24.53,52.65,17.08,0,22.31,0
2026-10-01 09:25:35,24.6,47.75,18.37,0,23.99,0
2026-10-01 09:25:40,24.99,53.1,16.09,0,27.97,0
2026-10-01 09:25:45,23.68,52.73,22.52,0,27.32,0
2026-10-01 09:25:50,24.29,50.19,18.52,0,22.99,0
2026-10-01 09:25:55,23.17,53.72,14.92,0,23.6,0
2026-10-01 09:26:00,24.82,47.0,21.21,0,19.91,0
2026-10-01 09:26:05,25.02,54.97,13.58,1,25.49,0
2026-10-01 09:26:10,24.11,49.37,22.5,0,29.49,0
2026-10-01 09:26:15,25.76,49.05,21.47,0,22.96,0
2026-10-01 09:26:20,23.52,51.66,22.86,1,27.23,0
2026-10-01 09:26:25,23.33,53.3,17.45,0,22.96,0
2026-10-01 09:26:30,24.68,52.49,16.26,0,21.17,0
2026-10-01 09:26:35,25.34,49.77,18.29,0,27.38,0
2026-10-01 09:26:40,25.85,50.48,17.7,0,33.22,0
2026-10-01 09:26:45,24.13,48.6,15.72,1,26.9,0
2026-10-01 09:26:50,25.36,51.33,16.06,0,23.55,0
2026-10-01 09:26:55,24.47,55.23,16.72,0,23.78,0
2026-10-01 09:27:00,24.36,51.99,13.9,0,31.68,0
2026-10-01 09:27:05,25.21,54.58,20.37,0,26.07,0
2026-10-01 09:27:10,25.02,56.37,17.82,0,22.32,0
2026-10-01 09:27:15,23.24,50.24,16.92,0,24.78,0
2026-10-01 09:27:20,25.68,51.44,14.11,0,25.75,0
2026-10-01 09:27:25,25.6,58.51,13.94,0,26.64,0
2026-10-01 09:27:30,24.0,56.33,24.78,0,30.29,0
2026-10-01 09:27:35,24.82,46.98,15.8,0,29.47,0
2026-10-01 09:27:40,24.9,53.16,20.14,0,25.69,0
2026-10-01 09:27:45,24.71,52.0,18.57,0,24.85,0
2026-10-01 09:27:50,24.06,54.48,8.29,0,26.39,0
2026-10-01 09:27:55,23.96,49.77,24.27,0,22.87,0
2026-10-01 09:28:00,24.48,49.48,20.39,0,28.43,0
2026-10-01 09:28:05,25.44,49.97,15.31,0,24.29,0
2026-10-01 09:28:10,24.93,50.28,17.9,0,26.72,0
2026-10-01 09:28:15,24.2,54.45,13.98,1,31.0,0
2026-10-01 09:28:20,25.12,48.46,24.39,0,26.93,0
2026-10-01 09:28:25,22.22,50.13,14.82,0,25.81,0
2026-10-01 09:28:30,25.42,46.63,16.17,0,23.19,0
2026-10-01 09:28:35,23.11,55.02,15.45,0,24.73,0
2026-10-01 09:28:40,24.21,55.81,18.28,0,21.02,0
2026-10-01 09:28:45,23.6,51.02,22.8,0,26.87,0
2026-10-01 09:28:50,23.46,51.11,24.26,0,17.53,0
2026-10-01 09:28:55,25.43,53.36,16.6,0,28.39,0
2026-10-01 09:29:00,24.13,56.42,19.32,0,27.56,0
2026-10-01 09:29:05,24.78,53.23,18.29,0,25.34,0
2026-10-01 09:29:10,24.46,49.91,14.56,0,23.13,0
2026-10-01 09:29:15,24.88,47.14,26.48,0,24.94,0
2026-10-01 09:29:20,24.56,48.65,22.77,0,18.79,0
2026-10-01 09:29:25,23.47,52.22,18.66,0,27.88,0
2026-10-01 09:29:30,25.3,50.03,23.54,0,24.43,0
2026-10-01 09:29:35,24.1,52.58,22.24,0,30.3,0
2026-10-01 09:29:40,23.25,50.34,18.29,0,26.37,0
2026-10-01 09:29:45,24.16,48.83,19.14,0,25.81,0
2026-10-01 09:29:50,25.7,48.47,23.29,0,26.4,0
2026-10-01 09:29:55,25.18,56.69,14.69,0,21.59,0
2026-10-01 09:30:00,24.22,54.67,23.86,0,23.42,0
2026-10-01 09:30:05,24.22,57.19,17.21,1,25.47,0
2026-10-01 09:30:10,24.24,53.62,23.34,0,23.94,0
2026-10-01 09:30:15,26.16,50.71,17.98,0,22.98,0
2026-10-01 09:30:20,24.81,55.97,19.18,0,24.01,0
2026-10-01 09:30:25,24.84,51.9,17.88,0,25.15,0
2026-10-01 09:30:30,25.32,52.66,16.14,0,33.12,0
2026-10-01 09:30:35,24.69,51.87,17.05,0,23.86,0
2026-10-01 09:30:40,24.29,43.16,22.83,1,22.63,0
2026-10-01 09:30:45,24.34,56.81,9.9,0,24.47,0
2026-10-01 09:30:50,24.44,53.47,13.66,0,30.26,0
2026-10-01 09:30:55,24.47,52.99,15.46,0,30.51,0
2026-10-01 09:31:00,25.08,51.81,14.23,0,31.82,0
2026-10-01 09:31:05,24.54,52.49,23.28,0,25.21,0
2026-10-01 09:31:10,25.09,50.21,22.4,0,27.25,0
2026-10-01 09:31:15,24.44,53.85,20.07,0,21.32,0
2026-10-01 09:31:20,24.56,48.08,15.77,0,23.76,0
2026-10-01 09:31:25,22.9,52.56,22.67,0,21.1,0
2026-10-01 09:31:30,25.23,53.68,12.44,0,26.66,0
2026-10-01 09:31:35,24.78,51.4,25.5,0,25.13,0
2026-10-01 09:31:40,25.3,53.11,15.6,0,25.79,0
2026-10-01 09:31:45,22.18,49.03,17.08,1,22.04,0
2026-10-01 09:31:50,26.17,49.1,16.5,0,27.98,0
2026-10-01 09:31:55,24.39,52.71,14.24,0,16.58,0
2026-10-01 09:32:00,25.39,54.04,24.74,0,24.12,0
2026-10-01 09:32:05,23.67,46.38,20.76,0,24.63,0
2026-10-01 09:32:10,24.99,53.57,22.25,0,17.92,0
2026-10-01 09:32:15,23.66,50.37,13.72,0,26.34,0
2026-10-01 09:32:20,24.0,51.42,18.63,0,24.39,0
2026-10-01 09:32:25,26.03,47.98,19.82,0,26.96,0
2026-10-01 09:32:30,24.35,49.45,18.95,0,32.0,0
2026-10-01 09:32:35,24.67,54.9,13.94,0,26.14,0
2026-10-01 09:32:40,25.2,52.1,21.76,0,28.4,0
2026-10-01 09:32:45,24.9,50.85,18.43,0,29.83,0
2026-10-01 09:32:50,24.62,51.65,14.66,0,26.72,0
2026-10-01 09:32:55,24.79,53.47,11.51,0,21.97,0
2026-10-01 09:33:00,26.42,53.32,20.12,0,19.26,0
2026-10-01 09:33:05,24.45,51.77,26.58,0,26.31,0
2026-10-01 09:33:10,24.66,55.28,14.45,0,23.6,0
2026-10-01 09:33:15,25.34,54.91,18.6,0,29.49,0
2026-10-01 09:33:20,25.38,53.24,21.89,0,23.34,0
2026-10-01 09:33:25,25.45,52.16,13.56,0,24.95,0
2026-10-01 09:33:30,25.01,53.97,16.32,0,20.94,0
2026-10-01 09:33:35,23.59,52.94,14.99,0,23.8,0
2026-10-01 09:33:40,25.81,55.18,21.45,0,21.7,0
2026-10-01 09:33:45,23.58,54.7,22.64,0,22.02,0
2026-10-01 09:33:50,24.74,48.95,18.56,0,24.82,0
2026-10-01 09:33:55,23.9,48.74,15.05,0,22.88,0
2026-10-01 09:34:00,24.45,49.9,16.45,0,34.2,0
2026-10-01 09:34:05,24.76,54.93,15.79,0,27.93,0
2026-10-01 09:34:10,24.76,47.27,14.58,0,28.8,0
2026-10-01 09:34:15,24.84,53.18,17.64,0,24.61,0
2026-10-01 09:34:20,25.79,53.09,20.01,0,25.37,0
2026-10-01 09:34:25,24.86,55.49,19.72,0,23.5,0
2026-10-01 09:34:30,24.3,52.54,17.97,0,34.19,0
2026-10-01 09:34:35,25.27,47.97,18.2,0,24.62,0
2026-10-01 09:34:40,25.45,49.12,17.71,0,22.89,0
2026-10-01 09:34:45,23.52,48.45,13.46,1,22.36,0
2026-10-01 09:34:50,24.98,50.39,18.56,0,26.17,0
2026-10-01 09:34:55,25.06,51.45,15.96,0,29.97,0
2026-10-01 09:35:00,24.26,48.5,13.28,0,28.8,0
2026-10-01 09:35:05,25.6,56.41,19.3,0,22.35,0
2026-10-01 09:35:10,24.38,48.02,15.86,0,22.27,0
2026-10-01 09:35:15,24.6,56.04,18.8,0,29.36,0
2026-10-01 09:35:20,24.36,55.56,20.97,0,32.35,0
2026-10-01 09:35:25,24.51,54.69,14.67,0,24.49,0
2026-10-01 09:35:30,23.62,49.92,18.32,0,29.22,0
2026-10-01 09:35:35,23.35,53.03,11.66,0,19.87,0
2026-10-01 09:35:40,25.78,48.17,23.36,0,22.05,0
2026-10-01 09:35:45,23.82,54.73,13.24,0,21.47,0
2026-10-01 09:35:50,23.71,51.78,16.2,0,26.44,0
2026-10-01 09:35:55,22.78,50.77,22.68,0,24.37,0
2026-10-01 09:36:00,23.99,48.33,17.18,0,25.83,0
2026-10-01 09:36:05,23.44,44.57,13.81,0,29.27,0
2026-10-01 09:36:10,25.81,48.88,20.5,1,22.71,0
2026-10-01 09:36:15,25.31,55.34,20.42,0,25.33,0
2026-10-01 09:36:20,23.95,50.79,15.78,0,20.32,0
2026-10-01 09:36:25,26.3,51.49,16.16,0,29.07,0
2026-10-01 09:36:30,25.29,53.97,16.48,0,28.84,0
2026-10-01 09:36:35,24.24,57.42,17.28,0,26.27,0
2026-10-01 09:36:40,22.5,55.98,11.37,0,25.42,0
2026-10-01 09:36:45,26.33,49.08,17.37,0,23.22,0
2026-10-01 09:36:50,23.39,46.17,24.24,0,20.12,0
2026-10-01 09:36:55,23.18,59.08,14.86,0,26.07,0
2026-10-01 09:37:00,25.32,58.81,15.96,0,27.65,0
2026-10-01 09:37:05,26.45,52.57,13.86,1,32.07,0
2026-10-01 09:37:10,25.61,48.19,20.14,0,23.62,0
2026-10-01 09:37:15,24.95,54.89,22.21,0,25.95,0
2026-10-01 09:37:20,24.98,51.68,22.13,0,28.9,0
2026-10-01 09:37:25,25.18,51.66,13.63,0,29.01,0
2026-10-01 09:37:30,25.11,54.68,19.75,0,22.82,0
2026-10-01 09:37:35,24.72,53.0,23.02,1,24.02,0
2026-10-01 09:37:40,24.58,48.44,19.78,0,23.16,0
2026-10-01 09:37:45,24.45,51.03,19.67,0,21.84,0
2026-10-01 09:37:50,23.9,53.98,16.35,0,30.15,0
2026-10-01 09:37:55,24.28,53.53,18.77,0,25.22,0
2026-10-01 09:38:00,23.15,52.79,22.33,0,24.74,0
2026-10-01 09:38:05,24.42,54.8,19.15,0,25.87,0
2026-10-01 09:38:10,23.71,50.91,13.63,0,25.19,0
2026-10-01 09:38:15,23.62,52.54,16.4,1,24.23,0
2026-10-01 09:38:20,24.64,43.0,22.23,1,22.33,0
2026-10-01 09:38:25,25.61,50.65,19.14,0,30.48,0
2026-10-01 09:38:30,25.23,54.29,18.42,0,23.0,0
2026-10-01 09:38:35,23.24,50.83,16.06,0,21.74,0
2026-10-01 09:38:40,23.71,50.6,22.16,0,24.72,0
2026-10-01 09:38:45,25.25,48.88,23.82,0,32.55,0
2026-10-01 09:38:50,23.71,55.01,22.42,0,22.12,0
2026-10-01 09:38:55,24.32,53.65,23.05,0,27.48,0
2026-10-01 09:39:00,24.94,54.48,16.74,0,24.14,0
2026-10-01 09:39:05,23.73,46.82,16.25,0,25.86,0
2026-10-01 09:39:10,24.58,51.52,17.45,0,28.23,0
2026-10-01 09:39:15,23.43,51.16,18.14,1,18.98,0
2026-10-01 09:39:20,24.02,51.16,23.01,1,21.86,0
2026-10-01 09:39:25,24.76,50.15,22.08,0,28.18,0
2026-10-01 09:39:30,23.23,50.96,19.88,0,25.34,0
2026-10-01 09:39:35,24.85,54.55,12.99,0,25.74,0
2026-10-01 09:39:40,24.48,46.26,12.09,0,27.49,0
2026-10-01 09:39:45,24.94,57.33,18.84,0,21.89,0
2026-10-01 09:39:50,24.68,53.45,21.08,0,28.69,0
2026-10-01 09:39:55,25.59,51.87,17.72,0,27.87,0
2026-10-01 09:40:00,24.6,54.72,24.7,0,25.83,0
2026-10-01 09:40:05,24.16,47.64,14.21,0,26.64,0
2026-10-01 09:40:10,24.6,50.01,13.77,0,29.08,0
2026-10-01 09:40:15,24.93,51.64,15.68,0,22.92,0
2026-10-01 09:40:20,24.54,56.1,15.54,0,27.31,0
2026-10-01 09:40:25,24.53,51.86,19.84,0,31.11,0
2026-10-01 09:40:30,23.94,53.35,16.52,0,27.24,0
2026-10-01 09:40:35,23.97,50.23,12.58,0,24.22,0
2026-10-01 09:40:40,23.38,53.46,21.12,0,33.11,0
2026-10-01 09:40:45,25.9,57.03,11.84,0,25.81,0
2026-10-01 09:40:50,23.5,54.99,14.25,0,29.9,0
2026-10-01 09:40:55,23.95,51.76,12.32,0,23.52,0
2026-10-01 09:41:00,23.93,54.03,18.72,0,28.74,0
2026-10-01 09:41:05,25.22,53.73,18.65,0,23.09,0
2026-10-01 09:41:10,24.26,53.52,24.71,0,26.13,0
2026-10-01 09:41:15,25.5,55.34,21.2,0,22.88,0
2026-10-01 09:41:20,23.96,55.31,23.05,0,31.65,0
2026-10-01 09:41:25,24.72,51.62,19.01,0,24.23,0
2026-10-01 09:41:30,23.83,53.93,14.58,0,21.12,0
2026-10-01 09:41:35,26.22,50.85,18.45,0,25.33,0
2026-10-01 09:41:40,23.55,49.23,20.07,0,26.88,0
2026-10-01 09:41:45,24.75,51.19,20.46,0,24.91,0
2026-10-01 09:41:50,25.01,51.77,16.35,0,22.15,0
2026-10-01 09:41:55,24.83,47.02,19.71,0,28.63,0
2026-10-01 09:42:00,24.35,54.58,14.73,0,29.41,0
2026-10-01 09:42:05,24.4,43.7,14.35,0,19.23,0
2026-10-01 09:42:10,24.54,60.14,14.09,0,21.93,0
2026-10-01 09:42:15,24.38,56.51,18.09,0,24.44,0
2026-10-01 09:42:20,25.27,51.22,13.88,0,23.14,0
2026-10-01 09:42:25,26.27,52.03,16.51,0,26.84,0
2026-10-01 09:42:30,24.05,52.91,21.16,0,31.44,0
2026-10-01 09:42:35,23.4,50.23,14.4,0,23.67,0
2026-10-01 09:42:40,24.43,52.58,16.23,0,30.52,0
2026-10-01 09:42:45,26.56,51.57,18.25,0,19.86,0
2026-10-01 09:42:50,23.86,51.72,18.86,0,26.6,0
2026-10-01 09:42:55,25.81,52.54,16.25,0,22.92,0
2026-10-01 09:43:00,25.84,48.06,20.75,0,26.67,0
2026-10-01 09:43:05,24.06,52.12,20.07,0,18.85,0
2026-10-01 09:43:10,24.96,52.49,21.99,0,20.5,0
2026-10-01 09:43:15,25.8,52.39,17.71,0,26.66,0
2026-10-01 09:43:20,24.2,51.35,16.21,0,22.79,0
2026-10-01 09:43:25,24.34,55.41,15.61,0,23.87,0
2026-10-01 09:43:30,24.03,50.94,19.07,0,31.43,0
2026-10-01 09:43:35,23.69,52.68,16.68,0,25.48,0
2026-10-01 09:43:40,23.98,55.89,16.01,0,28.16,0
2026-10-01 09:43:45,23.52,51.76,16.43,0,22.34,0
2026-10-01 09:43:50,24.53,52.64,15.61,0,20.31,0
2026-10-01 09:43:55,23.88,51.71,18.7,0,24.72,0
2026-10-01 09:44:00,24.69,55.71,13.06,0,19.78,0
2026-10-01 09:44:05,23.26,51.23,19.06,0,22.55,0
2026-10-01 09:44:10,24.76,55.85,20.37,0,25.83,0
2026-10-01 09:44:15,25.17,51.69,15.97,0,24.61,0
2026-10-01 09:44:20,22.91,49.42,24.73,1,26.17,0
2026-10-01 09:44:25,24.8,54.04,18.06,0,27.1,0
2026-10-01 09:44:30,25.48,51.09,12.54,0,20.81,0
2026-10-01 09:44:35,23.53,53.86,17.02,0,21.7,0
2026-10-01 09:44:40,25.84,43.81,18.22,0,17.37,0
2026-10-01 09:44:45,24.84,52.02,19.57,0,23.7,0
2026-10-01 09:44:50,23.94,50.62,17.1,0,27.58,0
2026-10-01 09:44:55,24.46,48.81,14.46,0,30.22,0
2026-10-01 09:45:00,24.95,50.34,14.17,0,25.67,0
2026-10-01 09:45:05,24.56,50.28,15.71,0,29.81,0
2026-10-01 09:45:10,24.93,51.86,16.05,0,26.34,0
2026-10-01 09:45:15,23.76,47.9,14.03,0,25.38,0
2026-10-01 09:45:20,24.64,52.95,15.44,0,22.86,0
2026-10-01 09:45:25,23.37,56.1,20.31,1,16.65,0
2026-10-01 09:45:30,24.41,52.84,23.77,0,29.28,0
2026-10-01 09:45:35,23.78,54.43,20.64,0,24.81,0
2026-10-01 09:45:40,23.91,55.28,22.57,0,29.86,0
2026-10-01 09:45:45,25.49,55.71,21.41,0,21.68,0
2026-10-01 09:45:50,25.37,57.61,20.92,1,33.5,0
2026-10-01 09:45:55,24.99,50.5,16.82,0,24.13,0
2026-10-01 09:46:00,23.63,49.84,18.49,0,22.58,0
2026-10-01 09:46:05,24.25,54.35,16.53,0,24.25,0
2026-10-01 09:46:10,25.47,54.12,17.23,1,25.6,0
2026-10-01 09:46:15,24.61,54.33,18.24,1,24.76,0
2026-10-01 09:46:20,26.36,57.67,20.5,0,23.2,0
2026-10-01 09:46:25,24.81,52.03,19.48,0,18.69,0
2026-10-01 09:46:30,24.65,53.28,17.43,0,22.18,0
2026-10-01 09:46:35,24.25,49.06,18.19,0,28.76,0
2026-10-01 09:46:40,24.61,58.41,19.52,1,21.92,0
2026-10-01 09:46:45,24.38,50.99,20.34,0,18.99,0
2026-10-01 09:46:50,25.07,51.08,12.68,0,21.31,0
2026-10-01 09:46:55,25.27,50.96,14.23,0,24.69,0
2026-10-01 09:47:00,23.87,50.07,21.88,0,22.34,0
2026-10-01 09:47:05,23.44,49.81,17.79,0,24.02,0
2026-10-01 09:47:10,23.03,50.43,16.52,0,22.21,0
2026-10-01 09:47:15,24.91,47.9,17.08,0,28.53,0
2026-10-01 09:47:20,23.62,49.64,17.08,0,26.72,0
2026-10-01 09:47:25,22.78,57.85,19.95,0,32.76,0
2026-10-01 09:47:30,24.81,54.21,14.12,0,23.66,0
2026-10-01 09:47:35,26.49,54.78,18.09,0,24.0,0
2026-10-01 09:47:40,24.5,55.53,18.86,0,29.14,0
2026-10-01 09:47:45,25.17,57.5,19.39,0,26.37,0
2026-10-01 09:47:50,24.57,46.69,18.78,0,21.7,0
2026-10-01 09:47:55,24.42,48.31,19.81,0,26.95,0
2026-10-01 09:48:00,25.24,49.59,16.0,0,26.39,0
2026-10-01 09:48:05,24.27,50.59,14.7,0,18.72,0
2026-10-01 09:48:10,24.71,51.1,26.6,0,22.72,0
2026-10-01 09:48:15,24.76,50.66,16.95,0,25.67,0
2026-10-01 09:48:20,23.97,52.66,17.35,0,30.06,0
2026-10-01 09:48:25,25.29,52.11,20.37,0,27.44,0
2026-10-01 09:48:30,24.36,49.83,23.59,0,23.03,0
2026-10-01 09:48:35,23.9,45.47,16.09,0,22.52,0
2026-10-01 09:48:40,24.93,49.02,14.5,0,27.79,0
2026-10-01 09:48:45,23.78,50.35,13.65,1,16.51,0
2026-10-01 09:48:50,24.52,51.26,23.58,0,22.17,0
2026-10-01 09:48:55,24.49,48.61,14.37,0,29.93,0
2026-10-01 09:49:00,25.37,50.53,17.9,0,26.04,0
2026-10-01 09:49:05,24.88,48.61,14.58,0,22.34,0
2026-10-01 09:49:10,24.48,51.62,12.93,0,20.79,0
2026-10-01 09:49:15,25.15,48.78,16.98,0,27.94,0
2026-10-01 09:49:20,25.61,49.45,14.72,0,25.27,0
2026-10-01 09:49:25,24.95,48.07,15.58,0,24.23,0
2026-10-01 09:49:30,24.51,51.54,25.02,0,26.31,0
2026-10-01 09:49:35,23.45,49.4,19.49,0,25.58,0
2026-10-01 09:49:40,23.65,54.72,21.26,0,25.31,0
2026-10-01 09:49:45,24.26,53.22,20.89,0,20.37,0
2026-10-01 09:49:50,24.01,51.79,17.65,0,21.41,0
2026-10-01 09:49:55,24.35,49.61,16.46,0,27.62,0
2026-10-01 09:50:00,24.55,53.14,18.87,1,26.96,0
2026-10-01 09:50:05,24.92,54.07,18.59,1,26.34,0
2026-10-01 09:50:10,24.44,52.43,16.01,0,22.95,0
2026-10-01 09:50:15,24.89,56.81,18.45,0,27.68,0
2026-10-01 09:50:20,24.55,53.38,15.53,0,23.7,0
2026-10-01 09:50:25,22.92,54.74,17.4,0,29.56,0
2026-10-01 09:50:30,23.75,52.4,16.83,0,22.39,0
2026-10-01 09:50:35,24.38,54.03,13.56,0,23.16,0
2026-10-01 09:50:40,23.53,49.61,9.77,0,24.47,0
2026-10-01 09:50:45,24.98,50.62,14.71,0,27.97,0
2026-10-01 09:50:50,25.72,53.05,24.31,0,24.88,0
2026-10-01 09:50:55,25.48,53.03,16.92,0,25.13,0
2026-10-01 09:51:00,24.33,53.52,20.72,0,23.63,0
2026-10-01 09:51:05,25.69,55.3,10.56,0,25.94,0
2026-10-01 09:51:10,24.62,47.73,14.47,0,24.75,0
2026-10-01 09:51:15,24.23,49.08,13.26,0,22.25,0
2026-10-01 09:51:20,24.01,52.69,17.29,0,25.45,0
2026-10-01 09:51:25,24.26,49.83,26.48,0,25.53,0
2026-10-01 09:51:30,24.19,61.0,19.61,0,33.22,0
2026-10-01 09:51:35,24.64,53.55,23.93,0,22.86,0
2026-10-01 09:51:40,24.63,51.77,17.11,0,22.06,0
2026-10-01 09:51:45,24.5,50.45,22.78,0,25.98,0
2026-10-01 09:51:50,24.85,50.56,25.26,0,21.53,0
2026-10-01 09:51:55,25.45,52.09,17.62,0,21.24,0
2026-10-01 09:52:00,25.26,52.34,16.11,0,19.97,0
2026-10-01 09:52:05,23.31,50.63,13.39,0,22.29,0
2026-10-01 09:52:10,22.46,51.18,16.92,0,22.38,0
2026-10-01 09:52:15,25.25,56.03,18.29,0,20.51,0
2026-10-01 09:52:20,23.41,56.15,25.11,0,24.12,0
2026-10-01 09:52:25,24.32,52.76,13.47,0,16.72,0
2026-10-01 09:52:30,23.56,47.98,18.21,0,26.72,0
2026-10-01 09:52:35,23.06,53.62,11.65,0,23.05,0
2026-10-01 09:52:40,24.93,56.66,16.51,0,23.57,0
2026-10-01 09:52:45,25.11,56.11,19.09,1,27.05,0
2026-10-01 09:52:50,24.04,54.2,19.79,0,26.3,0
2026-10-01 09:52:55,22.43,56.27,20.06,0,22.8,0
2026-10-01 09:53:00,24.06,52.16,19.39,0,26.58,0
2026-10-01 09:53:05,24.81,53.88,20.03,0,30.42,0
2026-10-01 09:53:10,23.32,49.96,18.16,0,21.46,0
2026-10-01 09:53:15,24.65,52.88,14.33,0,27.64,0
2026-10-01 09:53:20,24.49,55.99,11.52,0,21.1,0
2026-10-01 09:53:25,24.96,50.23,16.09,0,29.11,0
2026-10-01 09:53:30,24.6,49.42,17.53,1,22.51,0
2026-10-01 09:53:35,23.72,52.29,22.39,0,22.37,0
2026-10-01 09:53:40,25.46,51.32,17.65,0,29.02,0
2026-10-01 09:53:45,24.37,53.95,17.31,0,27.53,0
2026-10-01 09:53:50,24.48,50.64,19.35,0,22.62,0
2026-10-01 09:53:55,23.75,57.16,17.05,0,25.45,0
2026-10-01 09:54:00,24.15,48.13,20.84,0,22.52,0
2026-10-01 09:54:05,23.79,55.76,24.93,0,19.43,0
2026-10-01 09:54:10,24.36,49.71,25.67,0,25.66,0
2026-10-01 09:54:15,25.87,46.61,18.34,0,23.75,0
2026-10-01 09:54:20,23.4,52.71,19.18,0,21.69,0
2026-10-01 09:54:25,23.21,51.24,23.53,0,29.57,0
2026-10-01 09:54:30,25.68,48.67,17.48,0,21.81,0
2026-10-01 09:54:35,24.33,46.96,20.38,1,25.5,0
2026-10-01 09:54:40,23.96,51.97,14.03,0,28.78,0
2026-10-01 09:54:45,25.33,54.93,16.91,0,24.1,0
2026-10-01 09:54:50,24.02,53.75,22.05,0,22.43,0
2026-10-01 09:54:55,25.96,52.17,15.49,0,26.04,0
2026-10-01 09:55:00,25.04,53.44,17.55,0,26.59,0
2026-10-01 09:55:05,24.11,51.92,12.49,0,28.07,0
2026-10-01 09:55:10,26.23,47.71,25.02,0,31.55,0
2026-10-01 09:55:15,24.02,47.74,22.42,0,23.4,0
2026-10-01 09:55:20,25.09,51.39,18.66,0,25.69,0
2026-10-01 09:55:25,24.74,51.52,19.78,1,20.56,0
2026-10-01 09:55:30,25.54,54.55,19.39,0,27.33,0
2026-10-01 09:55:35,25.75,54.27,22.85,0,25.64,0
2026-10-01 09:55:40,24.53,53.82,16.18,0,24.37,0
2026-10-01 09:55:45,23.9,51.16,20.56,0,22.84,0
2026-10-01 09:55:50,24.87,47.86,21.77,0,23.78,0
2026-10-01 09:55:55,23.96,53.24,22.25,0,25.83,0
2026-10-01 09:56:00,26.11,53.58,10.09,0,21.62,0
2026-10-01 09:56:05,24.61,44.83,15.9,0,23.93,0
2026-10-01 09:56:10,24.21,49.5,14.43,0,25.06,0
2026-10-01 09:56:15,24.65,49.93,18.52,1,19.61,0
2026-10-01 09:56:20,23.42,52.36,10.94,0,21.32,0
2026-10-01 09:56:25,23.72,49.59,10.84,0,22.69,0
2026-10-01 09:56:30,25.46,51.89,25.6,0,30.49,0
2026-10-01 09:56:35,23.97,51.37,20.16,0,22.09,0
2026-10-01 09:56:40,23.66,51.52,18.42,0,24.8,0
2026-10-01 09:56:45,24.93,49.85,19.27,0,21.36,0
2026-10-01 09:56:50,25.45,50.08,18.51,0,22.28,0
2026-10-01 09:56:55,25.08,48.76,21.49,0,19.96,0
2026-10-01 09:57:00,25.3,53.14,15.79,0,27.35,0
2026-10-01 09:57:05,23.89,53.71,18.65,0,20.36,0
2026-10-01 09:57:10,23.36,49.69,18.8,0,28.17,0
2026-10-01 09:57:15,25.7,56.56,14.34,0,26.64,0
2026-10-01 09:57:20,24.24,51.06,22.47,0,24.74,0
2026-10-01 09:57:25,24.3,56.59,16.44,0,28.29,0
2026-10-01 09:57:30,25.56,50.07,21.56,0,35.86,0
2026-10-01 09:57:35,24.94,45.92,18.4,0,26.67,0
2026-10-01 09:57:40,24.86,53.21,23.72,0,21.08,0
2026-10-01 09:57:45,26.23,52.75,14.36,0,30.21,0
2026-10-01 09:57:50,23.99,52.1,14.2,0,25.65,0
2026-10-01 09:57:55,25.24,50.07,14.83,0,32.39,0
2026-10-01 09:58:00,24.55,51.9,18.47,0,23.23,0
2026-10-01 09:58:05,24.71,50.47,23.4,0,29.49,0
2026-10-01 09:58:10,25.72,51.09,23.58,0,25.0,0
2026-10-01 09:58:15,24.91,54.52,9.92,0,34.3,0
2026-10-01 09:58:20,24.93,52.55,18.87,0,24.01,0
2026-10-01 09:58:25,25.36,53.83,8.0,0,35.51,0
2026-10-01 09:58:30,24.21,51.3,20.78,0,26.54,0
2026-10-01 09:58:35,23.83,50.97,21.91,0,27.96,0
2026-10-01 09:58:40,23.66,48.54,17.86,0,30.95,0
2026-10-01 09:58:45,22.93,50.89,18.29,0,22.24,0
2026-10-01 09:58:50,26.14,43.0,18.26,0,28.39,0
2026-10-01 09:58:55,23.62,50.23,15.25,0,23.98,0
2026-10-01 09:59:00,24.32,51.75,19.51,1,25.53,0
2026-10-01 09:59:05,24.28,53.69,17.19,0,25.29,0
2026-10-01 09:59:10,24.75,51.19,21.26,0,27.0,0
2026-10-01 09:59:15,25.15,53.04,17.6,0,26.86,0
2026-10-01 09:59:20,25.19,45.46,14.99,0,22.99,0
2026-10-01 09:59:25,24.03,51.83,12.62,0,25.44,0
2026-10-01 09:59:30,24.37,46.96,11.48,0,16.83,0
2026-10-01 09:59:35,24.73,48.38,22.59,0,28.47,0
2026-10-01 09:59:40,24.3,51.44,16.4,0,30.93,0
2026-10-01 09:59:45,25.79,55.83,19.19,0,25.67,0
2026-10-01 09:59:50,24.89,53.11,24.24,0,19.38,0
2026-10-01 09:59:55,25.09,52.05,16.03,0,27.6,0
2026-10-01 10:00:00,25.03,51.94,15.8,0,22.33,0
2026-10-01 10:00:05,25.44,49.86,17.54,0,25.64,0
2026-10-01 10:00:10,24.64,50.37,18.1,0,27.4,0
2026-10-01 10:00:15,23.46,53.28,24.61,1,26.91,0
2026-10-01 10:00:20,24.82,47.84,23.48,0,28.78,0
2026-10-01 10:00:25,23.98,53.78,20.17,0,25.51,0
2026-10-01 10:00:30,24.08,50.83,23.07,0,25.61,0
2026-10-01 10:00:35,24.97,54.48,17.38,0,27.58,0
2026-10-01 10:00:40,25.49,54.88,19.05,0,24.75,0
2026-10-01 10:00:45,24.52,46.98,16.94,0,22.59,0
2026-10-01 10:00:50,24.75,50.26,13.48,0,26.58,0
2026-10-01 10:00:55,25.86,49.43,22.21,0,21.05,0
2026-10-01 10:01:00,24.69,46.56,19.86,0,24.72,0
2026-10-01 10:01:05,26.58,48.9,18.06,0,20.18,0
2026-10-01 10:01:10,24.95,59.32,17.99,0,23.06,0
2026-10-01 10:01:15,23.09,53.83,12.73,0,23.2,0
2026-10-01 10:01:20,25.1,57.75,14.58,0,21.56,0
2026-10-01 10:01:25,24.8,54.49,19.18,1,28.85,0
2026-10-01 10:01:30,25.53,49.77,16.15,0,28.56,0
2026-10-01 10:01:35,25.04,50.85,17.24,0,29.6,0
2026-10-01 10:01:40,24.39,53.77,17.63,0,24.34,0
2026-10-01 10:01:45,23.52,53.31,15.61,0,23.48,0
2026-10-01 10:01:50,24.33,50.27,14.61,0,27.81,0
2026-10-01 10:01:55,23.82,47.47,12.36,0,25.45,0
2026-10-01 10:02:00,24.04,61.0,17.49,0,25.43,0
2026-10-01 10:02:05,24.97,51.58,20.17,0,16.1,0
2026-10-01 10:02:10,25.84,51.02,12.25,0,27.65,0
2026-10-01 10:02:15,24.82,52.34,17.92,0,27.18,0
2026-10-01 10:02:20,23.54,51.27,18.98,0,24.98,0
2026-10-01 10:02:25,24.86,52.37,14.54,0,27.86,0
2026-10-01 10:02:30,25.46,55.86,22.98,0,27.11,0
2026-10-01 10:02:35,24.01,51.63,16.65,1,22.56,0
2026-10-01 10:02:40,24.39,48.51,17.65,0,24.23,0
2026-10-01 10:02:45,24.51,51.52,17.44,0,21.47,0
2026-10-01 10:02:50,23.87,50.61,11.8,0,30.12,0
2026-10-01 10:02:55,25.02,56.27,21.53,0,28.42,0
2026-10-01 10:03:00,24.4,55.51,14.66,0,22.15,0
2026-10-01 10:03:05,24.84,52.32,17.17,1,27.17,0
2026-10-01 10:03:10,23.79,48.16,20.09,0,25.98,0
2026-10-01 10:03:15,24.15,48.32,23.11,0,22.6,0
2026-10-01 10:03:20,25.08,52.05,14.22,0,25.44,0
2026-10-01 10:03:25,24.2,53.01,16.44,0,28.0,0
2026-10-01 10:03:30,25.88,50.88,22.84,1,28.29,0
2026-10-01 10:03:35,24.18,50.56,19.62,0,33.16,0
2026-10-01 10:03:40,24.68,50.22,20.35,0,25.33,0
2026-10-01 10:03:45,25.25,51.93,14.32,0,24.17,0
2026-10-01 10:03:50,23.37,44.85,16.67,0,26.97,0
2026-10-01 10:03:55,23.09,48.7,17.41,0,24.36,0
2026-10-01 10:04:00,23.28,50.12,15.0,0,22.95,0
2026-10-01 10:04:05,25.51,55.62,12.14,0,21.76,0
2026-10-01 10:04:10,24.06,49.56,16.21,0,15.0,0
2026-10-01 10:04:15,26.55,52.54,22.74,0,27.57,0
2026-10-01 10:04:20,24.05,52.68,18.21,0,19.27,0
2026-10-01 10:04:25,24.65,55.89,22.81,0,21.92,0
2026-10-01 10:04:30,25.73,55.79,18.63,0,26.02,0
2026-10-01 10:04:35,26.1,51.83,15.32,0,23.87,0
2026-10-01 10:04:40,26.15,50.57,22.47,0,32.52,0
2026-10-01 10:04:45,25.47,50.01,18.74,0,19.72,0
2026-10-01 10:04:50,25.32,51.28,21.37,0,32.84,0
2026-10-01 10:04:55,24.97,50.7,14.26,0,29.83,0
2026-10-01 10:05:00,25.12,53.66,21.64,0,28.18,0
2026-10-01 10:05:05,24.06,53.26,21.74,0,30.04,0
2026-10-01 10:05:10,23.85,53.78,19.01,0,26.42,0
2026-10-01 10:05:15,24.5,55.78,15.18,0,19.04,0
2026-10-01 10:05:20,24.36,57.59,17.84,0,26.8,0
2026-10-01 10:05:25,24.14,52.37,20.14,0,19.82,0
2026-10-01 10:05:30,25.06,55.3,18.82,0,23.15,0
2026-10-01 10:05:35,25.26,50.95,20.1,0,24.73,0
2026-10-01 10:05:40,24.57,55.56,21.54,0,21.81,0
2026-10-01 10:05:45,25.68,55.18,15.73,0,28.31,0
2026-10-01 10:05:50,23.59,55.03,13.96,1,24.25,0
2026-10-01 10:05:55,24.35,52.28,17.87,1,26.43,0
2026-10-01 10:06:00,23.93,49.99,16.85,0,24.97,0
2026-10-01 10:06:05,23.01,47.82,20.75,0,25.44,0
2026-10-01 10:06:10,24.43,51.88,14.24,0,21.9,0
2026-10-01 10:06:15,24.4,56.6,21.57,0,20.89,0
2026-10-01 10:06:20,25.71,51.07,22.74,1,24.46,0
2026-10-01 10:06:25,25.0,54.36,18.0,0,21.62,0
2026-10-01 10:06:30,23.68,54.53,18.21,1,29.88,0
2026-10-01 10:06:35,25.98,51.15,15.31,0,20.18,0
2026-10-01 10:06:40,25.48,55.95,16.1,0,33.18,0
2026-10-01 10:06:45,24.97,43.27,16.57,0,26.06,0
2026-10-01 10:06:50,24.32,48.33,23.05,0,25.24,0
2026-10-01 10:06:55,23.73,49.25,17.75,0,23.11,0
2026-10-01 10:07:00,24.2,49.54,13.37,1,27.3,0
2026-10-01 10:07:05,25.37,53.01,18.89,0,24.29,0
2026-10-01 10:07:10,26.01,52.87,20.89,0,26.05,0
2026-10-01 10:07:15,25.73,53.18,17.91,0,27.95,0
2026-10-01 10:07:20,24.11,53.79,23.14,0,27.34,0
2026-10-01 10:07:25,23.6,49.15,20.72,0,29.34,0
2026-10-01 10:07:30,24.61,48.35,14.33,0,26.88,0
2026-10-01 10:07:35,23.09,53.19,16.07,0,21.67,0
2026-10-01 10:07:40,24.76,50.11,18.79,0,17.72,0
2026-10-01 10:07:45,24.38,47.29,12.17,0,25.74,0
2026-10-01 10:07:50,24.13,54.91,19.18,0,25.79,0
2026-10-01 10:07:55,23.22,56.19,11.83,0,31.74,0
2026-10-01 10:08:00,24.91,56.67,21.58,0,24.59,0
2026-10-01 10:08:05,24.07,52.56,21.18,0,26.31,0
2026-10-01 10:08:10,23.56,53.88,19.77,0,27.72,0
2026-10-01 10:08:15,22.2,56.11,15.63,0,26.8,0
2026-10-01 10:08:20,24.48,50.08,18.6,0,27.95,0
2026-10-01 10:08:25,25.92,55.33,16.2,0,22.14,0
2026-10-01 10:08:30,25.83,52.83,14.39,1,21.58,0
2026-10-01 10:08:35,24.13,54.74,16.81,0,24.02,0
2026-10-01 10:08:40,24.02,52.56,20.44,0,17.39,0
2026-10-01 10:08:45,24.88,55.89,18.15,0,24.86,0
2026-10-01 10:08:50,23.7,52.67,23.08,1,22.69,0
2026-10-01 10:08:55,24.74,47.55,20.68,0,26.13,0
2026-10-01 10:09:00,25.11,56.36,20.31,0,24.07,0
2026-10-01 10:09:05,25.48,49.16,12.37,0,21.45,0
2026-10-01 10:09:10,24.42,55.76,17.0,1,29.59,0
2026-10-01 10:09:15,24.34,51.73,14.27,0,25.29,0
2026-10-01 10:09:20,23.8,55.53,17.36,0,28.02,0
2026-10-01 10:09:25,23.84,55.4,15.57,0,25.64,0
2026-10-01 10:09:30,24.32,53.29,16.68,0,26.62,0
2026-10-01 10:09:35,24.79,53.53,21.71,0,20.24,0
2026-10-01 10:09:40,25.23,53.27,19.66,0,29.47,0
2026-10-01 10:09:45,23.86,45.96,21.52,0,28.08,0
2026-10-01 10:09:50,25.69,52.35,12.4,0,24.93,0
2026-10-01 10:09:55,24.28,48.65,18.2,0,26.01,0
2026-10-01 10:10:00,24.48,52.51,21.38,1,28.51,0
2026-10-01 10:10:05,23.9,48.57,23.27,0,23.7,0
2026-10-01 10:10:10,22.56,48.45,12.58,0,19.46,0
2026-10-01 10:10:15,25.21,56.81,16.77,0,23.76,0
2026-10-01 10:10:20,25.09,55.21,21.62,1,25.53,0
2026-10-01 10:10:25,24.27,51.99,17.33,0,24.89,0
2026-10-01 10:10:30,24.55,52.55,14.81,0,29.61,0
2026-10-01 10:10:35,24.91,51.26,12.58,0,21.64,0
2026-10-01 10:10:40,23.25,53.71,14.68,0,22.08,0
2026-10-01 10:10:45,24.08,49.97,12.09,1,21.3,0
2026-10-01 10:10:50,25.14,54.98,18.2,0,26.5,0
2026-10-01 10:10:55,23.5,51.24,21.14,0,19.66,0
2026-10-01 10:11:00,24.73,50.74,13.59,0,27.6,0
2026-10-01 10:11:05,23.41,52.07,18.9,0,21.73,0
2026-10-01 10:11:10,24.87,50.23,20.96,0,22.29,0
2026-10-01 10:11:15,24.47,52.99,17.99,0,31.2,0
2026-10-01 10:11:20,23.21,50.39,12.36,1,29.31,0
2026-10-01 10:11:25,25.43,53.41,19.35,0,25.42,0
2026-10-01 10:11:30,23.91,55.65,17.81,0,20.41,0
2026-10-01 10:11:35,23.85,49.84,17.45,0,32.05,0
2026-10-01 10:11:40,24.66,51.61,16.09,0,24.31,0
2026-10-01 10:11:45,25.42,53.38,18.3,0,25.87,0
2026-10-01 10:11:50,23.69,50.69,19.78,0,28.19,0
2026-10-01 10:11:55,24.55,53.39,26.37,0,18.13,0
2026-10-01 10:12:00,24.84,53.67,18.39,0,22.76,0
2026-10-01 10:12:05,25.05,55.25,23.29,0,24.76,0
2026-10-01 10:12:10,24.64,50.18,19.25,1,25.46,0
2026-10-01 10:12:15,24.21,49.17,17.65,0,20.44,0
2026-10-01 10:12:20,23.84,51.08,18.52,0,26.14,0
2026-10-01 10:12:25,24.57,49.1,13.72,0,25.12,0
2026-10-01 10:12:30,23.64,53.69,19.07,0,30.84,0
2026-10-01 10:12:35,22.16,48.51,11.03,0,28.5,0
2026-10-01 10:12:40,24.85,59.0,14.98,0,24.06,0
2026-10-01 10:12:45,25.22,55.89,18.38,0,24.31,0
2026-10-01 10:12:50,22.61,52.04,22.18,0,28.55,0
2026-10-01 10:12:55,23.69,54.6,23.01,0,25.99,0
2026-10-01 10:13:00,25.0,47.09,17.17,0,20.2,0
2026-10-01 10:13:05,26.15,59.57,18.55,0,32.33,0
2026-10-01 10:13:10,24.52,50.23,21.45,0,21.54,0
2026-10-01 10:13:15,23.92,51.64,13.35,1,33.68,0
2026-10-01 10:13:20,24.35,46.43,19.42,1,26.5,0
2026-10-01 10:13:25,25.6,53.46,15.1,0,22.78,0
2026-10-01 10:13:30,23.98,48.68,17.4,0,16.72,0
2026-10-01 10:13:35,23.86,52.3,16.39,0,27.72,0
2026-10-01 10:13:40,24.11,50.37,19.52,0,19.57,0
2026-10-01 10:13:45,23.74,48.77,19.93,0,26.25,0
2026-10-01 10:13:50,24.6,49.59,21.12,0,31.77,0
2026-10-01 10:13:55,25.8,52.68,19.22,0,21.02,0
2026-10-01 10:14:00,24.76,48.16,18.6,0,27.58,0
2026-10-01 10:14:05,24.3,49.75,24.49,0,22.16,0
2026-10-01 10:14:10,24.27,53.99,12.66,0,28.97,0
2026-10-01 10:14:15,23.25,59.81,23.93,0,25.23,0
2026-10-01 10:14:20,25.21,53.43,16.99,0,24.93,0
2026-10-01 10:14:25,24.44,49.25,20.0,0,29.23,0
2026-10-01 10:14:30,24.36,50.9,16.86,0,27.19,0
2026-10-01 10:14:35,27.05,52.09,15.54,0,22.18,0
2026-10-01 10:14:40,24.74,50.95,19.7,1,31.25,0
2026-10-01 10:14:45,23.9,54.71,21.65,0,19.62,0
2026-10-01 10:14:50,24.16,52.65,19.66,1,25.96,0
2026-10-01 10:14:55,25.42,54.72,16.1,0,22.12,0
2026-10-01 10:15:00,24.59,51.06,30.0,0,19.79,0
2026-10-01 10:15:05,23.35,55.98,22.2,0,21.03,0
2026-10-01 10:15:10,25.24,51.5,21.27,0,24.83,0
2026-10-01 10:15:15,23.97,49.09,16.76,0,26.22,0
2026-10-01 10:15:20,26.0,58.53,15.81,1,28.71,0
2026-10-01 10:15:25,25.36,46.53,17.02,0,30.17,0
2026-10-01 10:15:30,24.14,49.78,21.78,0,25.97,0
2026-10-01 10:15:35,25.52,50.12,14.53,0,23.45,0
2026-10-01 10:15:40,24.55,59.52,14.26,0,28.64,0
2026-10-01 10:15:45,25.18,57.42,19.89,0,22.85,0
2026-10-01 10:15:50,24.89,56.48,19.12,0,19.42,0
2026-10-01 10:15:55,23.82,51.01,15.3,0,28.29,0
2026-10-01 10:16:00,23.99,59.28,14.18,0,29.63,0
2026-10-01 10:16:05,25.32,53.11,23.03,0,22.12,0
2026-10-01 10:16:10,24.23,54.93,19.25,0,31.86,0
2026-10-01 10:16:15,24.18,52.54,13.23,0,27.04,0
2026-10-01 10:16:20,23.74,51.85,13.47,0,26.52,0
2026-10-01 10:16:25,24.84,51.24,16.73,0,23.19,0
2026-10-01 10:16:30,26.15,51.37,20.56,0,28.56,0
2026-10-01 10:16:35,23.65,53.83,20.08,0,19.66,0
2026-10-01 10:16:40,24.52,53.1,21.96,0,23.81,0
2026-10-01 10:16:45,25.63,51.91,12.78,0,22.43,0
2026-10-01 10:16:50,24.44,56.53,18.78,1,20.42,0
2026-10-01 10:16:55,24.86,43.1,22.99,1,28.02,0
2026-10-01 10:17:00,23.65,53.53,22.66,0,26.19,0
2026-10-01 10:17:05,24.84,54.15,19.26,0,27.82,0
2026-10-01 10:17:10,24.35,55.44,26.22,0,24.03,0
2026-10-01 10:17:15,25.29,51.81,20.13,0,28.45,0
2026-10-01 10:17:20,25.45,52.62,21.65,0,25.27,0
2026-10-01 10:17:25,26.57,54.96,18.16,0,23.35,0
2026-10-01 10:17:30,24.96,56.47,15.27,0,22.76,0
2026-10-01 10:17:35,24.76,51.1,14.94,0,18.06,0
2026-10-01 10:17:40,24.66,52.8,18.64,1,29.08,0
2026-10-01 10:17:45,24.22,57.04,17.26,0,28.68,0
2026-10-01 10:17:50,24.77,45.63,11.81,0,35.25,0
2026-10-01 10:17:55,24.26,49.93,14.41,0,23.83,0
2026-10-01 10:18:00,24.63,56.4,16.89,0,22.67,0
2026-10-01 10:18:05,25.55,55.28,20.55,1,19.04,0
2026-10-01 10:18:10,23.69,53.57,17.94,0,28.36,0
2026-10-01 10:18:15,25.41,50.65,17.75,1,27.55,0
2026-10-01 10:18:20,25.55,49.35,14.55,1,30.43,0
2026-10-01 10:18:25,24.41,50.23,18.08,0,21.79,0
2026-10-01 10:18:30,22.8,56.64,22.62,0,27.51,0
2026-10-01 10:18:35,24.01,50.11,18.54,0,23.17,0
2026-10-01 10:18:40,25.54,52.3,12.72,0,29.7,0
2026-10-01 10:18:45,24.48,49.74,13.62,0,26.88,0
2026-10-01 10:18:50,23.7,54.53,20.06,0,19.56,0
2026-10-01 10:18:55,24.1,50.38,17.21,0,24.54,0
2026-10-01 10:19:00,25.17,51.71,17.74,0,18.18,0
2026-10-01 10:19:05,24.94,46.95,15.86,0,20.93,0
2026-10-01 10:19:10,24.31,47.16,19.76,0,21.14,0
2026-10-01 10:19:15,24.21,52.02,16.95,1,22.76,0
2026-10-01 10:19:20,24.19,48.02,17.35,0,24.08,0
2026-10-01 10:19:25,23.76,58.32,15.02,0,25.58,0
2026-10-01 10:19:30,25.79,45.82,21.23,0,25.4,0
2026-10-01 10:19:35,24.24,49.6,17.23,0,24.92,0
2026-10-01 10:19:40,25.47,52.05,20.13,0,26.16,0
2026-10-01 10:19:45,25.72,50.9,13.82,0,20.63,0
2026-10-01 10:19:50,25.3,48.69,24.07,0,25.26,0
2026-10-01 10:19:55,24.15,49.13,22.47,0,30.02,0
2026-10-01 10:20:00,24.82,49.03,11.32,0,24.42,0
2026-10-01 10:20:05,24.48,51.14,15.19,0,26.73,0
2026-10-01 10:20:10,23.78,57.86,19.67,0,26.41,0
2026-10-01 10:20:15,24.76,52.23,13.38,0,28.02,0
2026-10-01 10:20:20,23.56,55.55,17.54,0,26.0,0
2026-10-01 10:20:25,25.45,53.52,19.49,0,27.96,0
2026-10-01 10:20:30,24.13,55.34,17.35,0,26.78,0
2026-10-01 10:20:35,24.66,43.6,19.89,0,27.3,0
2026-10-01 10:20:40,24.73,51.09,15.57,0,26.55,0
2026-10-01 10:20:45,24.29,55.92,10.15,0,21.48,0
2026-10-01 10:20:50,24.97,50.28,21.44,0,20.9,0
2026-10-01 10:20:55,24.12,57.29,21.42,0,23.76,0
2026-10-01 10:21:00,25.2,56.45,26.76,0,30.43,0
2026-10-01 10:21:05,23.42,50.59,10.27,0,24.4,0
2026-10-01 10:21:10,24.6,50.49,20.63,0,26.08,0
2026-10-01 10:21:15,26.05,48.96,11.11,0,18.11,0
2026-10-01 10:21:20,23.7,50.11,24.15,0,25.68,0
2026-10-01 10:21:25,23.96,48.3,19.71,0,25.3,0
2026-10-01 10:21:30,24.91,53.29,14.67,0,15.64,0
2026-10-01 10:21:35,24.64,47.63,20.73,0,26.02,0
2026-10-01 10:21:40,24.78,53.81,16.06,0,19.22,0
2026-10-01 10:21:45,24.89,53.88,19.05,0,22.46,0
2026-10-01 10:21:50,25.01,47.02,18.72,1,28.48,0
2026-10-01 10:21:55,25.39,56.65,24.1,0,25.55,0
2026-10-01 10:22:00,24.83,53.54,24.35,0,23.43,0
2026-10-01 10:22:05,24.31,54.25,15.91,0,23.13,0
2026-10-01 10:22:10,25.04,49.72,21.7,0,23.54,0
2026-10-01 10:22:15,26.02,53.87,19.24,0,25.56,0
2026-10-01 10:22:20,24.39,55.38,13.06,1,20.8,0
2026-10-01 10:22:25,23.72,51.7,15.56,0,28.94,0
2026-10-01 10:22:30,25.39,58.01,26.18,0,20.98,0
2026-10-01 10:22:35,24.4,52.13,19.25,0,18.96,0
2026-10-01 10:22:40,22.76,55.42,21.5,0,28.47,0
2026-10-01 10:22:45,25.18,52.88,17.26,0,23.47,0
2026-10-01 10:22:50,24.07,53.76,16.11,0,25.25,0
2026-10-01 10:22:55,24.43,46.99,18.1,0,27.29,0
2026-10-01 10:23:00,24.77,53.11,17.07,0,22.48,0
2026-10-01 10:23:05,24.65,49.8,12.77,1,25.48,0
2026-10-01 10:23:10,25.07,49.46,14.49,0,27.27,0
2026-10-01 10:23:15,24.15,57.23,20.48,0,30.75,0
2026-10-01 10:23:20,24.91,51.36,16.67,0,23.21,0
2026-10-01 10:23:25,24.29,48.99,18.09,0,23.38,0
2026-10-01 10:23:30,25.09,50.92,18.82,0,26.97,0
2026-10-01 10:23:35,24.99,48.1,19.1,0,25.73,0
2026-10-01 10:23:40,23.75,56.3,22.01,1,24.52,0
2026-10-01 10:23:45,25.37,49.91,14.15,0,30.57,0
2026-10-01 10:23:50,24.07,53.59,20.0,0,19.11,0
2026-10-01 10:23:55,25.15,56.07,20.64,0,20.02,0
2026-10-01 10:24:00,24.79,50.5,21.45,0,19.15,0
2026-10-01 10:24:05,25.97,53.6,13.05,0,29.21,0
2026-10-01 10:24:10,24.32,48.91,18.89,0,26.8,0
2026-10-01 10:24:15,24.22,59.34,24.01,0,20.2,0
2026-10-01 10:24:20,24.48,54.81,17.65,0,24.57,0
2026-10-01 10:24:25,24.26,51.42,19.69,0,24.9,0
2026-10-01 10:24:30,25.14,49.68,20.73,0,17.27,0
2026-10-01 10:24:35,23.21,51.66,14.41,1,25.66,0
2026-10-01 10:24:40,23.66,50.98,24.42,0,20.88,0
2026-10-01 10:24:45,23.65,57.86,19.75,0,27.47,0
2026-10-01 10:24:50,25.26,48.32,19.82,0,20.99,0
2026-10-01 10:24:55,25.87,52.4,12.18,0,25.77,0
2026-10-01 10:25:00,24.42,51.94,20.78,0,29.53,0
2026-10-01 10:25:05,24.36,51.65,19.77,0,28.41,0
2026-10-01 10:25:10,24.56,51.67,23.68,0,26.78,0
2026-10-01 10:25:15,25.43,51.65,16.91,0,24.72,0
2026-10-01 10:25:20,23.76,54.62,14.54,0,19.75,0
2026-10-01 10:25:25,24.69,53.83,15.61,0,23.46,0
2026-10-01 10:25:30,25.28,53.26,16.23,0,24.21,0
2026-10-01 10:25:35,24.9,43.0,14.08,0,23.96,0
2026-10-01 10:25:40,24.65,52.9,22.52,0,19.63,0
2026-10-01 10:25:45,25.3,47.03,22.65,0,26.52,0
2026-10-01 10:25:50,22.34,53.94,17.31,0,20.87,0
2026-10-01 10:25:55,25.04,56.42,16.63,0,30.41,0
2026-10-01 10:26:00,23.98,49.22,11.65,0,25.52,0
2026-10-01 10:26:05,23.04,51.21,20.44,0,28.43,0
2026-10-01 10:26:10,24.91,50.2,23.79,0,28.36,0
2026-10-01 10:26:15,25.6,55.71,15.77,0,32.27,0
2026-10-01 10:26:20,24.39,52.29,17.59,0,25.64,0
2026-10-01 10:26:25,25.26,57.18,19.52,0,23.63,0
2026-10-01 10:26:30,25.79,53.24,24.04,0,23.7,0
2026-10-01 10:26:35,25.55,52.73,18.7,0,30.24,0
2026-10-01 10:26:40,25.81,52.2,18.68,0,20.38,0
2026-10-01 10:26:45,25.09,54.45,18.63,0,21.93,0
2026-10-01 10:26:50,24.56,46.79,13.01,0,25.83,0
2026-10-01 10:26:55,23.22,52.26,12.94,0,24.47,0
2026-10-01 10:27:00,24.3,51.79,15.17,0,28.39,0
2026-10-01 10:27:05,23.83,54.18,21.55,0,20.31,0
2026-10-01 10:27:10,26.24,51.44,16.83,0,24.77,0
2026-10-01 10:27:15,24.36,48.88,16.15,0,24.35,0
2026-10-01 10:27:20,24.6,52.02,16.08,0,21.25,0
2026-10-01 10:27:25,24.94,48.75,17.52,0,28.08,0
2026-10-01 10:27:30,24.53,46.22,23.96,0,24.68,0
2026-10-01 10:27:35,25.86,54.18,17.47,0,24.53,0
2026-10-01 10:27:40,24.0,53.74,15.25,0,22.11,0
2026-10-01 10:27:45,24.66,53.4,18.09,0,23.71,0
2026-10-01 10:27:50,23.91,55.91,24.14,0,21.42,0
2026-10-01 10:27:55,23.44,50.0,16.24,0,28.02,0
2026-10-01 10:28:00,24.01,47.71,13.87,0,28.61,0
2026-10-01 10:28:05,24.47,51.79,16.25,0,30.88,0
2026-10-01 10:28:10,24.16,50.96,18.45,0,26.52,0
2026-10-01 10:28:15,23.95,49.47,20.41,0,23.81,0
2026-10-01 10:28:20,23.37,51.76,21.52,0,23.36,0
2026-10-01 10:28:25,24.43,50.17,14.34,0,26.72,0
2026-10-01 10:28:30,23.3,46.49,14.67,0,25.7,0
2026-10-01 10:28:35,25.11,50.68,16.87,0,24.39,0
2026-10-01 10:28:40,24.57,48.59,20.4,0,24.08,0
2026-10-01 10:28:45,23.33,52.69,13.59,0,29.1,0
2026-10-01 10:28:50,24.25,50.03,15.87,0,23.49,0
2026-10-01 10:28:55,23.9,55.33,15.93,0,29.71,0
2026-10-01 10:29:00,24.76,56.81,21.3,0,25.64,0
2026-10-01 10:29:05,25.57,54.04,19.85,0,23.71,0
2026-10-01 10:29:10,23.0,47.35,21.16,0,22.25,0
2026-10-01 10:29:15,24.59,56.52,22.69,0,24.46,0
2026-10-01 10:29:20,24.37,56.73,16.93,0,26.76,0
2026-10-01 10:29:25,25.04,52.06,13.84,0,23.68,0
2026-10-01 10:29:30,24.67,55.97,13.87,1,27.98,0
2026-10-01 10:29:35,23.9,50.34,11.57,0,23.51,0
2026-10-01 10:29:40,24.24,46.4,16.39,0,24.56,0
2026-10-01 10:29:45,23.86,49.72,16.66,0,20.5,0
2026-10-01 10:29:50,25.36,57.19,20.76,0,26.96,0
2026-10-01 10:29:55,24.52,47.53,18.06,0,24.06,0
2026-10-01 10:30:00,26.02,52.0,16.28,0,30.53,0
2026-10-01 10:30:05,24.45,52.1,17.59,0,27.47,0
2026-10-01 10:30:10,23.93,50.46,14.36,1,25.3,0
2026-10-01 10:30:15,23.29,50.67,21.59,1,29.29,0
2026-10-01 10:30:20,23.06,52.22,15.25,0,26.42,0
2026-10-01 10:30:25,23.23,50.31,14.01,0,28.53,0
2026-10-01 10:30:30,24.71,47.73,20.86,0,21.98,0
2026-10-01 10:30:35,24.91,52.65,20.01,0,26.61,0
2026-10-01 10:30:40,23.24,55.22,11.97,0,26.76,0
2026-10-01 10:30:45,25.22,54.61,20.99,0,19.59,0
2026-10-01 10:30:50,24.11,49.57,15.4,0,30.27,0
2026-10-01 10:30:55,24.62,48.25,16.69,0,20.94,0
2026-10-01 10:31:00,25.79,51.15,18.65,0,20.45,0
2026-10-01 10:31:05,25.22,56.7,20.05,0,15.03,0
2026-10-01 10:31:10,24.29,53.94,19.56,0,26.66,0
2026-10-01 10:31:15,23.79,54.11,17.83,0,19.25,0
2026-10-01 10:31:20,22.78,54.67,16.51,0,23.19,0
2026-10-01 10:31:25,23.92,53.26,19.44,0,27.93,0
2026-10-01 10:31:30,24.33,52.36,17.59,0,25.67,0
2026-10-01 10:31:35,23.71,53.99,24.32,0,22.82,0
2026-10-01 10:31:40,24.39,50.36,20.05,1,19.43,0
2026-10-01 10:31:45,24.56,47.76,14.77,0,24.62,0
2026-10-01 10:31:50,24.32,54.17,16.33,0,27.99,0
2026-10-01 10:31:55,23.98,55.71,18.17,0,27.45,0
2026-10-01 10:32:00,24.63,48.65,22.55,0,31.25,0
2026-10-01 10:32:05,24.85,54.47,22.94,0,22.71,0
2026-10-01 10:32:10,23.63,57.04,16.61,0,20.39,0
2026-10-01 10:32:15,25.63,51.99,14.73,0,26.08,0
2026-10-01 10:32:20,24.42,49.55,14.28,1,25.74,0
2026-10-01 10:32:25,24.52,52.37,18.88,0,24.98,0
2026-10-01 10:32:30,25.07,50.35,26.06,0,22.39,0
2026-10-01 10:32:35,24.69,50.15,19.89,0,15.71,0
2026-10-01 10:32:40,25.26,53.3,12.42,0,21.48,0
2026-10-01 10:32:45,24.73,47.19,15.46,0,26.95,0
2026-10-01 10:32:50,24.01,47.67,15.82,0,25.99,0
2026-10-01 10:32:55,24.79,52.06,15.12,0,28.38,0
2026-10-01 10:33:00,23.59,51.93,16.64,0,26.21,0
2026-10-01 10:33:05,24.59,53.03,19.29,1,27.58,0
2026-10-01 10:33:10,24.47,57.63,20.39,0,27.68,0
2026-10-01 10:33:15,24.33,52.31,21.82,0,25.07,0
2026-10-01 10:33:20,24.4,53.79,19.83,0,25.1,0
2026-10-01 10:33:25,22.99,49.07,11.16,0,15.0,0
2026-10-01 10:33:30,24.06,54.3,14.3,0,22.7,0
2026-10-01 10:33:35,24.57,50.42,17.45,0,22.85,0
2026-10-01 10:33:40,24.63,52.21,18.52,0,24.62,0
2026-10-01 10:33:45,23.68,51.67,21.01,0,21.74,0
2026-10-01 10:33:50,25.51,55.1,18.15,0,28.28,0
2026-10-01 10:33:55,23.81,48.07,18.18,0,21.91,0
2026-10-01 10:34:00,25.28,45.15,18.83,0,28.86,0
2026-10-01 10:34:05,24.84,51.36,17.11,0,21.64,0
2026-10-01 10:34:10,23.98,53.41,18.3,0,22.89,0
2026-10-01 10:34:15,25.92,52.46,21.94,0,22.62,0
2026-10-01 10:34:20,23.55,55.7,17.71,0,23.26,0
2026-10-01 10:34:25,25.24,53.31,17.89,0,29.13,0
2026-10-01 10:34:30,25.3,50.31,17.88,0,23.86,0
2026-10-01 10:34:35,23.96,45.02,22.54,0,23.94,0
2026-10-01 10:34:40,25.61,51.29,14.12,1,22.4,0
2026-10-01 10:34:45,24.3,55.08,24.22,0,24.09,0
2026-10-01 10:34:50,24.73,50.82,13.88,0,25.76,0
2026-10-01 10:34:55,24.71,52.08,15.71,0,24.25,0
2026-10-01 10:35:00,24.39,53.26,20.61,0,24.47,0
2026-10-01 10:35:05,25.15,48.95,21.61,0,28.56,0
2026-10-01 10:35:10,25.13,53.87,13.09,0,25.96,0
2026-10-01 10:35:15,23.1,56.91,14.18,0,20.97,0
2026-10-01 10:35:20,25.54,51.48,18.97,0,24.7,0
2026-10-01 10:35:25,23.17,48.61,26.21,0,23.12,0
2026-10-01 10:35:30,25.33,51.8,22.36,0,26.82,0
2026-10-01 10:35:35,25.4,45.33,17.13,1,25.36,0
2026-10-01 10:35:40,23.63,53.01,9.53,0,28.96,0
2026-10-01 10:35:45,24.17,53.36,18.29,0,22.41,0
2026-10-01 10:35:50,23.62,57.03,19.27,0,24.33,0
2026-10-01 10:35:55,24.33,51.42,16.66,1,21.28,0
2026-10-01 10:36:00,24.25,53.23,15.02,0,24.85,0
2026-10-01 10:36:05,25.12,49.42,18.56,0,19.62,0
2026-10-01 10:36:10,25.55,50.93,14.7,0,26.13,0
2026-10-01 10:36:15,25.62,47.42,24.55,0,24.81,0
2026-10-01 10:36:20,24.05,51.42,23.31,0,25.54,0
2026-10-01 10:36:25,24.33,51.08,20.3,0,27.76,0
2026-10-01 10:36:30,23.15,52.9,18.31,0,25.79,0
2026-10-01 10:36:35,23.86,50.13,15.69,0,20.53,0
2026-10-01 10:36:40,25.27,52.25,17.93,0,23.05,0
2026-10-01 10:36:45,25.79,51.0,23.74,0,24.72,0
2026-10-01 10:36:50,23.51,51.01,21.04,0,23.85,0
2026-10-01 10:36:55,24.03,52.24,18.71,0,24.28,0
2026-10-01 10:37:00,24.48,52.12,21.23,0,30.68,0
2026-10-01 10:37:05,24.72,54.28,19.91,0,25.35,0
2026-10-01 10:37:10,23.85,51.64,19.39,0,26.34,0
2026-10-01 10:37:15,24.84,50.95,21.43,0,17.97,0
2026-10-01 10:37:20,24.12,51.46,19.81,0,27.61,0
2026-10-01 10:37:25,24.49,49.86,21.0,0,34.98,0
2026-10-01 10:37:30,24.94,50.92,18.56,0,29.71,0
2026-10-01 10:37:35,24.51,58.09,17.11,1,23.46,0
2026-10-01 10:37:40,24.15,49.26,16.08,1,32.98,0
2026-10-01 10:37:45,24.41,51.16,15.66,0,25.1,0
2026-10-01 10:37:50,24.43,50.84,12.38,0,26.07,0
2026-10-01 10:37:55,24.2,51.26,14.81,0,24.06,0
2026-10-01 10:38:00,24.29,51.01,14.71,0,23.97,0
2026-10-01 10:38:05,25.78,52.84,16.22,0,17.13,0
2026-10-01 10:38:10,24.95,46.87,23.47,0,27.76,0
2026-10-01 10:38:15,24.26,55.11,17.45,0,23.96,0
2026-10-01 10:38:20,25.06,53.9,18.85,0,24.34,0
2026-10-01 10:38:25,24.23,48.27,18.96,0,25.96,0
2026-10-01 10:38:30,25.44,45.19,23.56,0,23.55,0
2026-10-01 10:38:35,24.8,49.07,15.99,0,25.92,0
2026-10-01 10:38:40,24.41,51.27,17.22,0,29.21,0
2026-10-01 10:38:45,24.86,59.74,17.63,0,26.42,0
2026-10-01 10:38:50,23.24,53.63,21.98,0,24.46,0
2026-10-01 10:38:55,23.6,46.58,22.7,0,24.57,0
2026-10-01 10:39:00,23.54,49.93,19.66,0,25.7,0
2026-10-01 10:39:05,24.61,51.84,22.32,0,22.09,0
2026-10-01 10:39:10,25.89,52.76,18.62,0,25.73,0
2026-10-01 10:39:15,26.29,48.06,17.4,0,27.4,0
2026-10-01 10:39:20,25.01,51.6,22.13,0,25.31,0
2026-10-01 10:39:25,24.9,49.85,19.71,0,23.52,0
2026-10-01 10:39:30,23.06,48.69,15.43,0,24.0,0
2026-10-01 10:39:35,24.07,52.78,21.49,0,27.28,0
2026-10-01 10:39:40,23.87,54.32,17.27,0,21.15,0
2026-10-01 10:39:45,24.0,54.52,16.84,0,22.14,0
2026-10-01 10:39:50,24.37,53.72,21.13,0,19.38,0
2026-10-01 10:39:55,24.12,50.51,17.69,0,25.12,0
2026-10-01 10:40:00,22.92,54.14,19.36,0,28.02,0
2026-10-01 10:40:05,25.1,52.93,20.32,0,29.66,0
2026-10-01 10:40:10,23.64,52.4,15.26,0,30.42,0
2026-10-01 10:40:15,24.69,50.16,19.35,1,22.58,0
2026-10-01 10:40:20,26.16,50.51,22.72,1,25.88,0
2026-10-01 10:40:25,23.76,52.22,14.65,0,23.59,0
2026-10-01 10:40:30,22.48,59.32,19.57,0,30.77,0
2026-10-01 10:40:35,24.27,52.9,15.1,0,29.56,0
2026-10-01 10:40:40,25.38,50.17,21.57,0,25.59,0
2026-10-01 10:40:45,26.07,49.5,21.54,0,22.83,0
2026-10-01 10:40:50,23.52,50.52,16.76,0,15.0,0
2026-10-01 10:40:55,24.9,58.53,25.73,0,19.98,0
2026-10-01 10:41:00,24.13,50.8,21.87,0,18.52,0
2026-10-01 10:41:05,24.42,54.72,20.47,0,19.94,0
2026-10-01 10:41:10,26.62,50.87,20.28,0,31.58,0
2026-10-01 10:41:15,23.3,52.78,21.44,0,20.47,0
2026-10-01 10:41:20,24.7,54.38,14.52,0,21.29,0
2026-10-01 10:41:25,24.87,50.28,18.68,0,21.78,0
2026-10-01 10:41:30,25.37,50.08,19.34,0,34.09,0
2026-10-01 10:41:35,24.58,56.98,16.6,0,24.78,0
2026-10-01 10:41:40,24.75,54.95,19.63,1,28.48,0
2026-10-01 10:41:45,24.19,54.37,22.31,0,25.61,0
2026-10-01 10:41:50,24.72,54.36,16.52,0,18.05,0
2026-10-01 10:41:55,24.23,53.38,17.81,0,30.36,0
2026-10-01 10:42:00,25.0,58.05,15.13,0,26.4,0
2026-10-01 10:42:05,24.2,52.13,11.75,0,24.57,0
2026-10-01 10:42:10,24.8,53.73,20.73,0,31.16,0
2026-10-01 10:42:15,24.48,47.65,17.91,0,23.79,0
2026-10-01 10:42:20,25.4,49.53,18.17,0,24.49,0
2026-10-01 10:42:25,24.46,48.4,14.55,0,23.79,0
2026-10-01 10:42:30,23.08,55.82,17.35,0,28.77,0
2026-10-01 10:42:35,25.51,44.34,21.84,0,27.85,0
2026-10-01 10:42:40,23.78,50.79,18.0,0,25.98,0
2026-10-01 10:42:45,23.98,43.02,18.1,0,21.32,0
2026-10-01 10:42:50,24.02,49.51,18.73,0,23.7,0
2026-10-01 10:42:55,25.6,50.53,13.67,0,21.32,0
2026-10-01 10:43:00,22.79,56.15,20.19,0,29.06,0
2026-10-01 10:43:05,27.01,53.19,13.61,0,19.49,0
2026-10-01 10:43:10,25.34,49.5,14.71,0,30.58,0
2026-10-01 10:43:15,24.68,55.2,14.33,0,29.51,0
2026-10-01 10:43:20,24.46,52.05,17.39,0,21.79,0
2026-10-01 10:43:25,24.73,52.11,16.77,0,23.54,0
2026-10-01 10:43:30,24.92,48.39,18.0,0,22.51,0
2026-10-01 10:43:35,25.02,49.03,14.83,0,26.51,0
2026-10-01 10:43:40,24.94,49.52,21.52,0,29.94,0
2026-10-01 10:43:45,24.57,52.14,20.92,0,29.15,0
2026-10-01 10:43:50,24.34,52.23,17.39,0,23.48,0
2026-10-01 10:43:55,24.38,56.63,16.33,0,29.39,0
2026-10-01 10:44:00,24.34,53.16,15.97,0,29.1,0
2026-10-01 10:44:05,25.41,43.88,16.91,0,24.34,0
2026-10-01 10:44:10,24.97,52.79,13.1,1,24.97,0
2026-10-01 10:44:15,22.15,47.65,14.64,0,30.4,0
2026-10-01 10:44:20,25.02,49.1,21.01,0,28.7,0
2026-10-01 10:44:25,24.66,49.56,19.06,0,29.29,0
2026-10-01 10:44:30,24.49,50.01,23.72,0,34.05,0
2026-10-01 10:44:35,24.19,47.87,16.95,0,26.92,0
2026-10-01 10:44:40,25.4,52.61,16.73,0,26.14,0
2026-10-01 10:44:45,25.26,47.77,16.57,0,29.75,0
2026-10-01 10:44:50,23.88,53.07,16.88,0,31.96,0
2026-10-01 10:44:55,24.83,58.71,15.69,0,22.86,0
2026-10-01 10:45:00,23.72,48.01,18.95,1,24.29,0
2026-10-01 10:45:05,23.4,51.15,18.1,1,21.44,0
2026-10-01 10:45:10,24.0,44.43,16.22,0,26.2,0
2026-10-01 10:45:15,25.19,51.1,22.38,0,28.11,0
2026-10-01 10:45:20,25.26,53.93,24.64,0,21.68,0
2026-10-01 10:45:25,24.91,54.16,22.08,0,28.97,0
2026-10-01 10:45:30,25.08,52.23,19.95,1,23.41,0
2026-10-01 10:45:35,24.91,54.67,20.67,0,23.13,0
2026-10-01 10:45:40,23.99,59.64,24.5,0,28.95,0
2026-10-01 10:45:45,24.85,57.14,20.66,0,22.81,0
2026-10-01 10:45:50,25.14,50.43,15.95,0,20.09,0
2026-10-01 10:45:55,25.1,47.65,19.37,0,27.6,0
2026-10-01 10:46:00,25.45,50.78,20.19,0,24.54,0
2026-10-01 10:46:05,25.07,49.16,14.52,0,29.19,0
2026-10-01 10:46:10,24.78,53.35,17.0,0,27.92,0
2026-10-01 10:46:15,25.36,48.46,21.85,0,18.88,0
2026-10-01 10:46:20,24.48,51.78,11.62,0,29.6,0
2026-10-01 10:46:25,23.79,54.51,13.62,0,31.65,0
2026-10-01 10:46:30,24.37,51.7,17.38,0,28.62,0
2026-10-01 10:46:35,23.9,49.16,19.24,0,28.76,0
2026-10-01 10:46:40,23.96,55.52,13.25,0,24.13,0
2026-10-01 10:46:45,24.38,46.36,17.56,0,23.33,0
2026-10-01 10:46:50,23.87,51.02,22.04,0,25.74,0
2026-10-01 10:46:55,24.25,51.88,18.24,0,28.22,0
2026-10-01 10:47:00,22.99,52.05,21.29,0,28.13,0
2026-10-01 10:47:05,24.67,52.54,15.93,1,23.47,0
2026-10-01 10:47:10,24.5,53.83,15.17,0,23.11,0
2026-10-01 10:47:15,23.85,51.89,20.97,0,19.78,0
2026-10-01 10:47:20,25.03,50.9,19.29,0,27.26,0
2026-10-01 10:47:25,25.25,50.78,13.85,0,23.64,0
2026-10-01 10:47:30,23.21,50.17,15.2,0,23.95,0
2026-10-01 10:47:35,23.89,54.36,23.48,0,31.05,0
2026-10-01 10:47:40,23.88,50.06,14.76,0,27.09,0
2026-10-01 10:47:45,23.75,54.54,21.27,1,26.13,0
2026-10-01 10:47:50,25.16,52.06,16.33,0,27.91,0
2026-10-01 10:47:55,24.34,50.44,17.99,0,29.97,0
2026-10-01 10:48:00,24.29,53.86,19.03,0,19.34,0
2026-10-01 10:48:05,22.9,49.82,10.65,0,23.02,0
2026-10-01 10:48:10,25.01,53.91,12.88,0,24.19,0
2026-10-01 10:48:15,23.51,52.64,18.3,0,21.58,0
2026-10-01 10:48:20,24.55,50.21,15.46,0,24.07,0
2026-10-01 10:48:25,24.72,53.59,21.49,0,19.57,0
2026-10-01 10:48:30,25.59,53.64,12.38,0,28.23,0
2026-10-01 10:48:35,23.45,55.47,19.98,0,23.19,0
2026-10-01 10:48:40,22.08,54.9,13.18,0,25.7,0
2026-10-01 10:48:45,24.65,53.47,16.77,0,25.18,0
2026-10-01 10:48:50,25.94,48.62,14.27,0,26.95,0
2026-10-01 10:48:55,25.49,59.35,24.66,0,16.39,0
2026-10-01 10:49:00,24.67,47.79,13.31,0,26.58,0
2026-10-01 10:49:05,24.11,54.85,17.57,1,24.04,0
2026-10-01 10:49:10,25.15,53.29,11.96,0,26.42,0
2026-10-01 10:49:15,23.72,48.48,23.6,0,20.87,0
2026-10-01 10:49:20,24.88,51.63,19.4,0,26.45,0
2026-10-01 10:49:25,24.9,51.76,18.48,0,29.54,0
2026-10-01 10:49:30,25.35,55.92,23.16,0,25.66,0
2026-10-01 10:49:35,26.71,49.86,18.52,0,22.49,0
2026-10-01 10:49:40,24.81,51.21,18.77,0,22.64,0
2026-10-01 10:49:45,24.09,44.99,18.46,1,27.02,0
2026-10-01 10:49:50,24.48,57.2,19.97,0,26.99,0
2026-10-01 10:49:55,23.08,48.79,16.28,0,26.25,0
2026-10-01 10:50:00,23.94,52.98,17.25,0,24.87,0
2026-10-01 10:50:05,24.17,51.7,20.84,0,25.71,0
2026-10-01 10:50:10,24.08,51.71,18.97,0,24.77,0
2026-10-01 10:50:15,24.62,54.43,17.6,0,23.67,0
2026-10-01 10:50:20,23.84,57.01,13.1,1,27.65,0
2026-10-01 10:50:25,25.4,52.75,23.24,0,26.09,0
2026-10-01 10:50:30,24.5,53.97,15.68,0,29.52,0
2026-10-01 10:50:35,24.49,52.99,21.46,0,28.91,0
2026-10-01 10:50:40,24.24,55.05,18.62,0,25.97,0
2026-10-01 10:50:45,24.62,50.61,13.47,0,27.08,0
2026-10-01 10:50:50,25.16,55.23,22.38,0,21.65,0
2026-10-01 10:50:55,23.81,55.33,18.89,0,24.73,0
2026-10-01 10:51:00,23.97,55.25,22.67,0,26.2,0
2026-10-01 10:51:05,24.26,50.02,17.36,0,19.46,0
2026-10-01 10:51:10,23.42,51.49,20.46,0,26.5,0
2026-10-01 10:51:15,23.84,52.72,11.83,0,21.64,0
2026-10-01 10:51:20,24.12,47.89,16.25,0,22.03,0
2026-10-01 10:51:25,25.2,56.78,13.54,0,23.15,0
2026-10-01 10:51:30,24.71,51.96,16.69,0,24.89,0
2026-10-01 10:51:35,24.65,52.85,19.65,0,20.35,0
2026-10-01 10:51:40,25.18,50.27,15.88,0,28.0,0
2026-10-01 10:51:45,24.39,48.02,21.02,1,25.62,0
2026-10-01 10:51:50,24.81,50.19,15.0,0,31.74,0
2026-10-01 10:51:55,24.42,52.66,21.1,0,26.05,0
2026-10-01 10:52:00,24.71,54.02,22.58,1,27.0,0
2026-10-01 10:52:05,24.03,52.49,21.55,0,22.01,0
2026-10-01 10:52:10,22.55,53.04,16.8,0,20.86,0
2026-10-01 10:52:15,24.39,50.99,10.56,0,27.17,0
2026-10-01 10:52:20,25.64,53.49,20.04,0,21.17,0
2026-10-01 10:52:25,25.24,56.45,17.56,0,27.25,0
2026-10-01 10:52:30,25.27,54.11,14.58,0,30.97,0
2026-10-01 10:52:35,25.49,54.43,16.05,1,28.31,0
2026-10-01 10:52:40,24.57,52.88,23.02,0,27.0,0
2026-10-01 10:52:45,24.66,47.49,14.02,0,25.94,0
2026-10-01 10:52:50,24.01,48.87,19.64,0,23.66,0
2026-10-01 10:52:55,24.25,53.36,18.76,0,24.6,0
2026-10-01 10:53:00,24.99,51.97,16.75,0,23.02,0
2026-10-01 10:53:05,25.46,53.32,20.26,0,20.4,0
2026-10-01 10:53:10,24.39,57.03,23.71,0,25.12,0
2026-10-01 10:53:15,24.14,54.18,16.96,0,28.88,0
2026-10-01 10:53:20,24.5,55.78,17.15,0,20.49,0
2026-10-01 10:53:25,24.98,52.28,20.18,0,29.89,0
2026-10-01 10:53:30,23.34,49.58,21.21,0,29.26,0
2026-10-01 10:53:35,22.66,51.83,17.55,0,26.39,0
2026-10-01 10:53:40,24.06,49.59,16.93,0,26.42,0
2026-10-01 10:53:45,23.52,56.67,10.24,0,24.35,0
2026-10-01 10:53:50,24.09,54.37,15.28,0,25.15,0
2026-10-01 10:53:55,24.38,53.56,14.01,0,23.38,0
2026-10-01 10:54:00,24.14,55.71,20.4,0,25.11,0
2026-10-01 10:54:05,25.66,45.94,17.15,0,25.49,0
2026-10-01 10:54:10,24.76,53.76,17.01,0,31.58,0
2026-10-01 10:54:15,24.74,48.07,17.97,0,26.98,0
2026-10-01 10:54:20,25.0,51.98,14.95,0,24.27,0
2026-10-01 10:54:25,23.59,51.06,23.44,0,24.65,0
2026-10-01 10:54:30,25.33,53.99,22.54,0,22.5,0
2026-10-01 10:54:35,24.44,52.68,23.66,0,23.08,0
2026-10-01 10:54:40,25.04,56.04,20.39,0,28.19,0
2026-10-01 10:54:45,23.64,50.19,17.9,0,23.27,0
2026-10-01 10:54:50,23.26,54.13,23.65,0,22.84,0
2026-10-01 10:54:55,25.15,52.49,15.62,0,22.93,0
2026-10-01 10:55:00,24.8,47.09,14.95,0,22.45,0
2026-10-01 10:55:05,23.78,49.24,15.89,1,28.95,0
2026-10-01 10:55:10,23.8,51.55,19.83,0,25.5,0
2026-10-01 10:55:15,25.4,55.34,15.33,0,24.01,0
2026-10-01 10:55:20,23.55,53.39,17.46,0,25.1,0
2026-10-01 10:55:25,25.81,48.5,12.39,0,25.76,0
2026-10-01 10:55:30,23.78,51.58,19.68,0,22.38,0
2026-10-01 10:55:35,25.01,58.05,12.69,0,20.14,0
2026-10-01 10:55:40,24.24,52.33,14.74,1,29.68,0
2026-10-01 10:55:45,24.98,51.02,22.26,1,28.46,0
2026-10-01 10:55:50,24.06,53.48,22.13,0,26.32,0
2026-10-01 10:55:55,24.37,54.29,19.31,1,28.22,0
2026-10-01 10:56:00,24.53,50.63,18.96,0,31.7,0
2026-10-01 10:56:05,23.7,53.51,16.14,0,23.13,0
2026-10-01 10:56:10,25.09,51.01,15.29,0,21.08,0
2026-10-01 10:56:15,24.09,54.16,16.73,0,27.32,0
2026-10-01 10:56:20,24.32,52.51,12.7,1,19.87,0
2026-10-01 10:56:25,23.7,53.45,18.88,0,25.13,0
2026-10-01 10:56:30,22.45,49.72,18.17,0,23.96,0
2026-10-01 10:56:35,24.35,49.54,14.73,0,27.36,0
2026-10-01 10:56:40,26.43,54.84,23.49,1,23.31,0
2026-10-01 10:56:45,25.13,51.76,20.12,1,29.2,0
2026-10-01 10:56:50,24.48,52.86,20.42,0,22.39,0
2026-10-01 10:56:55,24.29,51.08,16.29,0,27.47,0
2026-10-01 10:57:00,24.52,54.7,18.0,0,22.67,0
2026-10-01 10:57:05,24.94,50.18,20.2,0,26.92,0
2026-10-01 10:57:10,23.56,51.59,18.53,1,21.45,0
2026-10-01 10:57:15,25.39,54.36,23.61,0,24.92,0
2026-10-01 10:57:20,25.07,55.52,17.29,0,29.63,0
2026-10-01 10:57:25,25.07,50.43,16.23,0,25.4,0
2026-10-01 10:57:30,24.85,57.88,20.22,0,29.14,0
2026-10-01 10:57:35,24.52,52.94,13.57,0,24.91,0
2026-10-01 10:57:40,25.04,48.87,21.24,0,23.23,0
2026-10-01 10:57:45,24.97,53.11,13.45,1,25.6,0
2026-10-01 10:57:50,24.22,50.85,20.24,1,27.16,0
2026-10-01 10:57:55,24.04,53.3,15.73,0,18.33,0
2026-10-01 10:58:00,24.58,51.87,19.67,0,26.83,0
2026-10-01 10:58:05,25.74,52.22,21.18,0,21.71,0
2026-10-01 10:58:10,23.51,49.27,18.54,0,20.84,0
2026-10-01 10:58:15,23.33,54.97,13.8,0,26.89,0
2026-10-01 10:58:20,24.63,48.53,14.86,1,29.68,0
2026-10-01 10:58:25,24.54,48.67,15.45,0,25.76,0
2026-10-01 10:58:30,24.64,53.1,11.37,0,20.26,0
2026-10-01 10:58:35,24.7,56.81,21.95,0,22.65,0
2026-10-01 10:58:40,24.32,50.94,18.39,0,23.54,0
2026-10-01 10:58:45,25.69,54.1,14.03,0,25.69,0
2026-10-01 10:58:50,23.22,55.22,23.09,1,24.75,0
2026-10-01 10:58:55,23.84,54.44,15.55,0,26.73,0
2026-10-01 10:59:00,24.42,51.07,18.88,0,28.5,0
2026-10-01 10:59:05,23.19,48.73,15.11,0,26.21,0
2026-10-01 10:59:10,24.36,45.38,10.94,0,28.14,0
2026-10-01 10:59:15,25.83,51.21,13.22,0,24.06,0
2026-10-01 10:59:20,24.52,55.53,16.43,0,36.54,0
2026-10-01 10:59:25,24.68,48.63,21.14,0,26.94,0
2026-10-01 10:59:30,23.49,54.1,19.21,0,27.39,0
2026-10-01 10:59:35,24.01,49.15,18.49,0,31.15,0
2026-10-01 10:59:40,24.2,52.32,10.96,0,25.31,0
2026-10-01 10:59:45,24.25,54.12,22.45,1,22.74,0
2026-10-01 10:59:50,25.53,50.02,18.78,0,29.57,0
2026-10-01 10:59:55,24.95,52.51,17.58,0,29.78,0
2026-10-01 11:00:00,23.61,50.75,21.96,0,25.54,0
2026-10-01 11:00:05,24.7,54.12,22.37,0,31.16,0
2026-10-01 11:00:10,24.9,52.71,22.04,0,24.71,0
2026-10-01 11:00:15,25.41,52.17,17.14,0,28.26,0
2026-10-01 11:00:20,25.76,56.68,14.49,0,30.3,0
2026-10-01 11:00:25,23.69,53.99,21.46,0,25.34,0
2026-10-01 11:00:30,23.85,49.93,13.22,0,26.6,0
2026-10-01 11:00:35,23.49,51.74,24.82,0,28.59,0
2026-10-01 11:00:40,24.31,51.77,18.1,0,23.72,0
2026-10-01 11:00:45,24.87,52.24,14.29,0,22.15,0
2026-10-01 11:00:50,25.29,59.57,13.69,0,29.67,0
2026-10-01 11:00:55,24.44,53.11,13.53,0,26.07,0
2026-10-01 11:01:00,24.24,45.89,18.49,0,23.23,0
2026-10-01 11:01:05,24.62,50.37,17.98,0,25.33,0
2026-10-01 11:01:10,23.83,46.2,13.67,0,26.78,0
2026-10-01 11:01:15,26.17,51.01,16.75,0,19.51,0
2026-10-01 11:01:20,23.21,46.04,13.21,0,27.51,0
2026-10-01 11:01:25,24.65,49.39,20.06,1,26.43,0
2026-10-01 11:01:30,26.12,47.44,17.81,0,30.79,0
2026-10-01 11:01:35,24.51,53.15,16.68,0,24.23,0
2026-10-01 11:01:40,24.35,52.0,13.49,0,29.82,0
2026-10-01 11:01:45,24.21,52.91,16.95,0,24.84,0
2026-10-01 11:01:50,24.36,51.69,16.55,0,25.49,0
2026-10-01 11:01:55,25.6,47.82,19.11,0,25.98,0
2026-10-01 11:02:00,22.73,53.54,18.58,0,32.33,0
2026-10-01 11:02:05,25.73,57.77,20.77,0,20.66,0
2026-10-01 11:02:10,23.36,53.23,16.3,1,26.73,0
2026-10-01 11:02:15,24.29,50.72,11.49,0,25.15,0
2026-10-01 11:02:20,24.16,47.72,21.47,0,24.9,0
2026-10-01 11:02:25,24.97,49.28,14.72,0,27.04,0
2026-10-01 11:02:30,23.22,53.36,14.13,0,28.87,0
2026-10-01 11:02:35,24.87,55.22,17.85,0,26.86,0
2026-10-01 11:02:40,26.12,52.78,19.06,0,29.32,0
2026-10-01 11:02:45,23.41,54.4,16.14,0,24.12,0
2026-10-01 11:02:50,24.65,54.12,16.11,1,24.83,0
2026-10-01 11:02:55,23.97,53.52,16.63,0,21.5,0
2026-10-01 11:03:00,24.84,50.02,22.96,0,31.94,0
2026-10-01 11:03:05,24.52,52.52,17.99,0,24.35,0
2026-10-01 11:03:10,23.99,49.45,14.61,0,23.96,0
2026-10-01 11:03:15,24.89,52.05,14.65,0,27.12,0
2026-10-01 11:03:20,25.94,52.99,17.12,1,28.87,0
2026-10-01 11:03:25,24.35,57.04,18.83,0,22.58,0
2026-10-01 11:03:30,25.08,48.07,19.69,0,29.15,0
2026-10-01 11:03:35,23.47,53.44,18.43,0,23.94,0
2026-10-01 11:03:40,23.73,56.44,15.05,1,30.01,0
2026-10-01 11:03:45,24.88,54.28,16.52,0,23.11,0
2026-10-01 11:03:50,25.69,54.5,20.57,0,27.57,0
2026-10-01 11:03:55,24.78,53.76,13.99,0,25.15,0
2026-10-01 11:04:00,24.25,55.9,16.37,0,21.06,0
2026-10-01 11:04:05,24.5,48.74,20.09,0,20.04,0
2026-10-01 11:04:10,23.5,47.84,21.06,0,22.4,0
2026-10-01 11:04:15,24.98,51.98,17.32,0,28.47,0
2026-10-01 11:04:20,25.21,45.52,16.56,0,18.2,0
2026-10-01 11:04:25,24.14,55.69,13.37,0,26.17,0
2026-10-01 11:04:30,24.12,55.66,19.84,0,25.86,0
2026-10-01 11:04:35,24.71,50.7,22.62,0,19.11,0
2026-10-01 11:04:40,24.15,50.89,26.98,0,22.21,0
2026-10-01 11:04:45,24.45,51.78,19.35,0,22.2,0
2026-10-01 11:04:50,26.18,52.16,17.82,0,25.18,0
2026-10-01 11:04:55,24.3,52.38,14.78,0,30.13,0
2026-10-01 11:05:00,24.21,53.67,11.42,0,28.76,0
2026-10-01 11:05:05,23.98,51.48,18.62,0,23.74,0
2026-10-01 11:05:10,25.1,54.83,26.23,0,22.1,0
2026-10-01 11:05:15,24.36,53.34,22.45,0,19.55,0
2026-10-01 11:05:20,23.98,50.18,21.91,0,23.67,0
2026-10-01 11:05:25,25.56,56.01,18.86,1,21.85,0
2026-10-01 11:05:30,25.64,47.93,19.26,1,24.87,0
2026-10-01 11:05:35,24.02,51.72,9.52,0,25.01,0
2026-10-01 11:05:40,23.01,54.9,20.67,0,23.34,0
2026-10-01 11:05:45,25.31,49.83,15.97,0,23.41,0
2026-10-01 11:05:50,23.95,52.93,15.54,1,22.57,0
2026-10-01 11:05:55,25.13,53.63,16.87,0,23.21,0
2026-10-01 11:06:00,22.92,49.42,16.75,0,30.03,0
2026-10-01 11:06:05,25.21,51.78,15.49,0,26.81,0
2026-10-01 11:06:10,23.53,51.53,18.05,0,26.86,0
2026-10-01 11:06:15,25.08,50.34,16.05,0,28.54,0
2026-10-01 11:06:20,24.51,58.91,18.35,0,28.23,0
2026-10-01 11:06:25,23.74,49.71,12.79,0,29.99,0
2026-10-01 11:06:30,24.17,55.01,17.25,0,27.06,0
2026-10-01 11:06:35,25.05,50.82,14.16,0,25.72,0
2026-10-01 11:06:40,24.58,48.74,15.75,0,22.93,0
2026-10-01 11:06:45,24.97,52.31,18.5,0,22.12,0
2026-10-01 11:06:50,26.08,53.95,12.39,0,28.09,0
2026-10-01 11:06:55,23.25,54.76,15.12,0,24.61,0
2026-10-01 11:07:00,25.79,56.69,19.99,0,20.24,0
2026-10-01 11:07:05,24.58,60.84,13.05,0,17.67,0
2026-10-01 11:07:10,23.78,52.75,24.22,0,32.52,0
2026-10-01 11:07:15,23.44,50.01,22.22,0,21.55,0
2026-10-01 11:07:20,24.35,53.36,16.27,0,22.6,0
2026-10-01 11:07:25,25.24,51.2,15.24,0,29.3,0
2026-10-01 11:07:30,24.4,54.78,18.71,0,20.77,0
2026-10-01 11:07:35,25.71,48.11,12.93,0,26.86,0
2026-10-01 11:07:40,23.34,59.11,10.99,0,31.38,0
2026-10-01 11:07:45,24.49,54.57,16.39,0,32.4,0
2026-10-01 11:07:50,23.5,46.95,17.53,0,23.43,0
2026-10-01 11:07:55,24.79,49.87,18.33,0,24.96,0
2026-10-01 11:08:00,25.21,54.45,15.85,0,23.61,0
2026-10-01 11:08:05,24.16,55.53,22.46,0,24.94,0
2026-10-01 11:08:10,22.42,48.18,12.77,0,29.54,0
2026-10-01 11:08:15,24.66,54.14,14.02,0,20.1,0
2026-10-01 11:08:20,24.85,46.16,19.7,0,27.27,0
2026-10-01 11:08:25,24.82,51.73,13.93,0,24.32,0
2026-10-01 11:08:30,25.49,55.34,13.8,0,29.79,0
2026-10-01 11:08:35,23.64,50.35,18.43,0,29.6,0
2026-10-01 11:08:40,25.04,47.48,14.31,0,23.58,0
2026-10-01 11:08:45,25.45,52.44,17.53,0,24.61,0
2026-10-01 11:08:50,23.08,50.19,15.55,0,28.12,0
2026-10-01 11:08:55,24.76,53.89,14.98,0,28.44,0
2026-10-01 11:09:00,24.1,49.34,10.64,0,16.35,0
2026-10-01 11:09:05,24.43,49.68,18.49,0,28.11,0
2026-10-01 11:09:10,24.78,45.94,13.63,0,30.76,0
2026-10-01 11:09:15,24.11,52.51,17.41,0,25.89,0
2026-10-01 11:09:20,23.96,51.52,16.21,0,28.33,0
2026-10-01 11:09:25,24.53,48.43,17.28,0,29.48,0
2026-10-01 11:09:30,23.63,52.58,17.48,0,25.78,0
2026-10-01 11:09:35,23.63,55.08,18.68,0,27.85,0
2026-10-01 11:09:40,25.04,51.35,15.45,0,25.04,0
2026-10-01 11:09:45,23.58,52.8,22.35,0,24.82,0
2026-10-01 11:09:50,25.03,52.82,11.53,0,22.68,0
2026-10-01 11:09:55,24.87,48.39,17.21,0,25.61,0
2026-10-01 11:10:00,23.12,58.17,20.93,0,31.6,0
2026-10-01 11:10:05,23.96,50.59,19.67,1,21.84,0
2026-10-01 11:10:10,25.46,53.97,14.59,0,27.16,0
2026-10-01 11:10:15,23.72,54.31,15.17,0,26.12,0
2026-10-01 11:10:20,24.13,51.58,14.48,0,30.16,0
2026-10-01 11:10:25,24.87,53.82,20.1,0,30.82,0
2026-10-01 11:10:30,25.13,52.74,15.41,0,21.77,0
2026-10-01 11:10:35,24.3,47.75,18.89,0,22.99,0
2026-10-01 11:10:40,24.02,51.0,18.93,0,23.18,0
2026-10-01 11:10:45,25.64,50.16,26.29,0,23.31,0
2026-10-01 11:10:50,25.89,50.61,19.1,0,23.61,0
2026-10-01 11:10:55,25.28,48.09,15.16,0,26.21,0
2026-10-01 11:11:00,24.57,55.38,12.89,0,22.02,0
2026-10-01 11:11:05,23.85,56.81,17.03,0,22.51,0
2026-10-01 11:11:10,23.84,54.93,17.58,0,22.23,0
2026-10-01 11:11:15,24.92,55.81,10.26,0,26.72,0
2026-10-01 11:11:20,24.83,50.97,15.5,0,24.78,0
2026-10-01 11:11:25,25.62,50.09,19.04,0,24.16,0
2026-10-01 11:11:30,25.02,49.66,16.14,0,22.05,0
2026-10-01 11:11:35,23.3,53.93,21.39,0,19.39,0
2026-10-01 11:11:40,25.34,52.68,12.55,1,30.71,0
2026-10-01 11:11:45,23.7,51.77,20.37,1,23.99,0
2026-10-01 11:11:50,24.19,55.89,21.2,0,34.49,0
2026-10-01 11:11:55,24.7,53.21,21.35,1,27.7,0
2026-10-01 11:12:00,26.1,49.48,12.52,0,31.4,0
2026-10-01 11:12:05,26.99,49.96,19.1,0,28.48,0
2026-10-01 11:12:10,24.99,54.05,15.66,0,25.55,0
2026-10-01 11:12:15,24.35,55.13,13.08,0,22.91,0
2026-10-01 11:12:20,24.93,53.66,16.55,0,21.58,0
2026-10-01 11:12:25,25.21,57.69,14.83,0,28.92,0
2026-10-01 11:12:30,24.24,56.91,21.22,0,25.93,0
2026-10-01 11:12:35,25.94,53.32,19.8,0,27.16,0
2026-10-01 11:12:40,24.68,49.48,13.97,0,27.85,0
2026-10-01 11:12:45,24.9,48.07,15.47,0,26.25,0
2026-10-01 11:12:50,25.03,50.84,16.67,1,23.35,0
2026-10-01 11:12:55,24.84,54.26,17.75,0,28.54,0
2026-10-01 11:13:00,25.17,57.48,21.52,0,24.31,0
2026-10-01 11:13:05,24.01,53.25,20.42,0,25.32,0
2026-10-01 11:13:10,24.05,55.51,18.18,0,27.51,0
2026-10-01 11:13:15,23.62,51.26,17.09,1,24.79,0
2026-10-01 11:13:20,24.85,53.87,11.79,0,18.64,0
2026-10-01 11:13:25,25.12,54.47,22.52,0,28.64,0
2026-10-01 11:13:30,24.87,46.06,16.44,0,29.39,0
2026-10-01 11:13:35,25.84,50.76,23.44,1,18.59,0
2026-10-01 11:13:40,24.5,54.85,18.69,1,21.35,0
2026-10-01 11:13:45,25.03,52.82,25.09,0,32.08,0
2026-10-01 11:13:50,23.63,48.41,20.12,0,25.81,0
2026-10-01 11:13:55,24.19,44.71,12.99,0,25.01,0
2026-10-01 11:14:00,25.06,50.9,15.85,0,23.51,0
2026-10-01 11:14:05,25.18,51.79,17.41,0,21.39,0
2026-10-01 11:14:10,24.26,49.35,14.94,0,24.32,0
2026-10-01 11:14:15,24.44,52.43,16.68,0,28.41,0
2026-10-01 11:14:20,23.29,53.52,13.22,1,24.95,0
2026-10-01 11:14:25,24.21,54.01,18.02,0,27.14,0
2026-10-01 11:14:30,25.21,44.93,18.83,1,31.18,0
2026-10-01 11:14:35,24.96,48.06,14.49,0,22.97,0
2026-10-01 11:14:40,24.9,51.09,24.79,0,26.06,0
2026-10-01 11:14:45,24.54,53.72,18.22,0,28.52,0
2026-10-01 11:14:50,24.51,53.47,15.14,1,21.73,0
2026-10-01 11:14:55,23.97,53.42,12.3,0,25.62,0
2026-10-01 11:15:00,25.06,50.85,18.21,0,31.55,0
2026-10-01 11:15:05,24.84,51.02,17.09,0,23.81,0
2026-10-01 11:15:10,24.89,49.82,20.74,0,28.74,0
2026-10-01 11:15:15,24.08,54.3,17.5,0,24.51,0
2026-10-01 11:15:20,22.78,49.24,13.82,0,31.3,0
2026-10-01 11:15:25,25.38,54.55,23.85,0,19.24,0
2026-10-01 11:15:30,24.12,52.62,19.52,0,25.23,0
2026-10-01 11:15:35,23.81,51.86,17.11,0,19.82,0
2026-10-01 11:15:40,25.05,50.03,18.58,1,22.55,0
2026-10-01 11:15:45,24.19,47.93,19.66,0,22.53,0
2026-10-01 11:15:50,25.35,50.06,13.0,0,24.07,0
2026-10-01 11:15:55,24.99,51.01,18.55,0,20.84,0
2026-10-01 11:16:00,25.05,44.89,16.42,0,24.75,0
2026-10-01 11:16:05,23.41,51.41,19.78,0,26.61,0
2026-10-01 11:16:10,25.47,54.77,15.41,0,19.64,0
2026-10-01 11:16:15,24.71,53.7,15.88,1,22.78,0
2026-10-01 11:16:20,24.2,50.51,23.82,1,33.89,0
2026-10-01 11:16:25,24.61,52.14,22.31,0,26.15,0
2026-10-01 11:16:30,23.08,50.33,8.0,0,18.64,0
2026-10-01 11:16:35,24.83,52.45,22.05,0,20.1,0
2026-10-01 11:16:40,23.68,56.62,17.74,0,25.79,0
2026-10-01 11:16:45,23.42,54.91,15.52,0,25.35,0
2026-10-01 11:16:50,23.28,53.56,14.47,0,22.94,0
2026-10-01 11:16:55,25.39,50.52,14.68,0,32.68,0
2026-10-01 11:17:00,24.0,54.25,15.62,0,34.17,0
2026-10-01 11:17:05,25.73,46.94,14.06,0,24.07,0
2026-10-01 11:17:10,24.07,51.24,13.26,0,28.06,0
2026-10-01 11:17:15,23.13,53.75,14.36,0,28.23,0
2026-10-01 11:17:20,23.61,54.22,19.13,0,28.7,0
2026-10-01 11:17:25,25.49,54.01,18.18,0,22.76,0
2026-10-01 11:17:30,24.38,52.88,19.95,0,31.79,0
2026-10-01 11:17:35,24.06,51.41,17.77,0,24.76,0
2026-10-01 11:17:40,24.63,53.61,13.43,0,26.48,0
2026-10-01 11:17:45,24.9,49.14,19.73,0,25.01,0
2026-10-01 11:17:50,25.39,49.47,14.48,0,24.51,0
2026-10-01 11:17:55,25.66,52.19,20.26,0,25.97,0
2026-10-01 11:18:00,24.21,52.52,13.92,0,20.85,0
2026-10-01 11:18:05,23.44,46.52,15.59,0,18.1,0
2026-10-01 11:18:10,24.17,53.37,16.74,0,24.25,0
2026-10-01 11:18:15,24.71,54.32,20.36,0,21.92,0
2026-10-01 11:18:20,23.73,51.77,18.62,0,26.92,0
2026-10-01 11:18:25,23.73,59.12,18.07,0,26.52,0
2026-10-01 11:18:30,24.78,49.95,24.6,0,25.05,0
2026-10-01 11:18:35,24.46,50.92,11.57,0,30.19,0
2026-10-01 11:18:40,24.53,50.81,14.37,0,24.98,0
2026-10-01 11:18:45,23.89,51.77,14.22,0,19.9,0
2026-10-01 11:18:50,24.32,51.01,11.8,0,24.22,0
2026-10-01 11:18:55,23.76,47.78,15.48,0,29.1,0
2026-10-01 11:19:00,25.21,50.36,20.41,0,18.41,0
2026-10-01 11:19:05,25.33,51.71,15.93,0,24.67,0
2026-10-01 11:19:10,23.02,55.69,16.83,0,27.01,0
2026-10-01 11:19:15,23.76,58.61,11.97,0,34.28,0
2026-10-01 11:19:20,23.3,56.01,15.21,0,29.23,0
2026-10-01 11:19:25,23.98,49.67,16.38,0,25.46,0
2026-10-01 11:19:30,24.43,49.91,20.25,1,26.82,0
2026-10-01 11:19:35,23.34,51.52,12.14,0,18.36,0
2026-10-01 11:19:40,23.76,57.35,16.41,0,21.33,0
2026-10-01 11:19:45,23.7,51.5,21.8,0,27.28,0
2026-10-01 11:19:50,24.67,48.02,16.44,0,25.56,0
2026-10-01 11:19:55,24.56,50.5,10.6,1,26.01,0
2026-10-01 11:20:00,23.92,54.27,22.48,0,25.12,0
2026-10-01 11:20:05,24.64,54.07,20.57,0,24.98,0
2026-10-01 11:20:10,24.06,51.4,21.04,0,25.36,0
2026-10-01 11:20:15,24.28,54.05,11.9,0,21.3,0
2026-10-01 11:20:20,25.84,45.18,23.29,1,24.2,0
2026-10-01 11:20:25,25.57,52.31,15.29,0,20.65,0
2026-10-01 11:20:30,23.46,54.58,16.22,0,22.83,0
2026-10-01 11:20:35,25.16,49.5,15.54,0,29.19,0
2026-10-01 11:20:40,25.15,49.49,21.31,0,24.37,0
2026-10-01 11:20:45,23.58,46.4,17.37,0,27.09,0
2026-10-01 11:20:50,25.16,56.77,19.69,0,25.4,0
2026-10-01 11:20:55,25.73,49.84,18.27,0,23.65,0
2026-10-01 11:21:00,23.6,52.72,17.67,0,21.47,0
2026-10-01 11:21:05,23.77,53.81,14.69,0,23.6,0
2026-10-01 11:21:10,25.31,56.54,24.34,0,25.64,0
2026-10-01 11:21:15,24.72,51.54,12.88,0,27.03,0
2026-10-01 11:21:20,24.94,50.38,19.44,0,25.43,0
2026-10-01 11:21:25,24.77,52.52,19.32,0,27.27,0
2026-10-01 11:21:30,24.81,55.85,22.04,0,19.68,0
2026-10-01 11:21:35,23.44,51.49,22.86,0,28.03,0
2026-10-01 11:21:40,25.34,49.14,17.52,0,21.05,0
2026-10-01 11:21:45,25.44,47.38,19.86,0,28.44,0
2026-10-01 11:21:50,24.32,48.34,24.18,0,26.76,0
2026-10-01 11:21:55,24.47,54.59,17.77,0,18.45,0
2026-10-01 11:22:00,23.28,51.04,14.27,0,27.58,0
2026-10-01 11:22:05,24.91,50.18,16.65,0,28.48,0
2026-10-01 11:22:10,24.96,49.85,13.43,0,29.4,0
2026-10-01 11:22:15,24.45,52.26,19.3,0,22.31,0
2026-10-01 11:22:20,25.4,51.28,21.73,0,25.63,0
2026-10-01 11:22:25,24.23,51.18,17.58,0,27.43,0
2026-10-01 11:22:30,24.95,56.05,12.33,1,27.58,0
2026-10-01 11:22:35,23.68,56.61,21.58,0,26.43,0
2026-10-01 11:22:40,24.48,47.17,11.78,0,23.51,0
2026-10-01 11:22:45,24.36,52.98,12.59,0,28.46,0
2026-10-01 11:22:50,24.68,49.67,17.38,0,28.48,0
2026-10-01 11:22:55,24.2,51.26,18.88,0,24.46,0
2026-10-01 11:23:00,24.39,52.93,19.48,0,22.26,0
2026-10-01 11:23:05,25.16,51.36,17.77,0,22.45,0
2026-10-01 11:23:10,24.15,52.69,24.16,0,29.78,0
2026-10-01 11:23:15,23.21,54.02,18.23,0,28.33,0
2026-10-01 11:23:20,25.9,52.88,21.62,1,24.93,0
2026-10-01 11:23:25,25.61,50.06,20.75,0,24.3,0
2026-10-01 11:23:30,23.47,50.11,13.47,0,18.81,0
2026-10-01 11:23:35,25.05,47.68,17.41,0,24.7,0
2026-10-01 11:23:40,24.1,49.44,25.43,0,20.83,0
2026-10-01 11:23:45,24.71,57.89,16.23,0,25.56,0
2026-10-01 11:23:50,24.74,49.62,15.64,0,29.15,0
2026-10-01 11:23:55,24.31,48.42,18.6,0,21.57,0
2026-10-01 11:24:00,23.87,52.96,16.36,0,25.84,0
2026-10-01 11:24:05,23.95,51.67,15.22,0,28.49,0
2026-10-01 11:24:10,23.77,51.41,16.31,0,25.77,0
2026-10-01 11:24:15,23.83,56.23,23.01,0,23.17,0
2026-10-01 11:24:20,24.45,53.65,17.52,0,25.04,0
2026-10-01 11:24:25,23.93,50.41,13.35,0,28.35,0
2026-10-01 11:24:30,25.05,50.73,12.71,0,25.92,0
2026-10-01 11:24:35,25.69,50.49,25.72,0,24.99,0
2026-10-01 11:24:40,24.04,54.62,17.22,0,29.05,0
2026-10-01 11:24:45,24.69,51.08,19.52,0,26.8,0
2026-10-01 11:24:50,24.9,46.62,15.3,0,20.79,0
2026-10-01 11:24:55,24.88,51.86,19.12,0,27.21,0
2026-10-01 11:25:00,24.56,47.39,23.11,0,28.32,0
2026-10-01 11:25:05,25.09,58.55,15.72,0,20.67,0
2026-10-01 11:25:10,24.89,49.1,19.61,0,17.06,0
2026-10-01 11:25:15,23.51,51.51,13.08,1,21.35,0
2026-10-01 11:25:20,25.2,52.77,25.08,0,24.64,0
2026-10-01 11:25:25,25.21,51.13,18.94,0,28.53,0
2026-10-01 11:25:30,23.89,51.13,16.56,0,21.88,0
2026-10-01 11:25:35,24.53,53.27,16.96,0,26.94,0
2026-10-01 11:25:40,25.05,56.58,16.21,0,15.0,0
2026-10-01 11:25:45,24.33,54.3,16.39,1,25.63,0
2026-10-01 11:25:50,25.36,56.44,9.43,0,23.58,0
2026-10-01 11:25:55,26.39,48.86,17.66,0,32.35,0
2026-10-01 11:26:00,23.87,52.95,17.51,0,18.38,0
2026-10-01 11:26:05,23.4,52.47,19.71,0,24.95,0
2026-10-01 11:26:10,24.74,53.05,16.17,0,18.36,0
2026-10-01 11:26:15,25.08,56.13,15.3,1,23.08,0
2026-10-01 11:26:20,24.32,51.34,17.97,0,19.05,0
2026-10-01 11:26:25,25.66,50.78,12.36,0,33.05,0
2026-10-01 11:26:30,23.43,53.6,18.5,0,23.76,0
2026-10-01 11:26:35,25.05,46.67,11.48,0,24.26,0
2026-10-01 11:26:40,24.02,51.29,21.92,0,24.85,0
2026-10-01 11:26:45,25.88,51.6,20.39,0,21.04,0
2026-10-01 11:26:50,26.09,49.24,14.76,0,28.69,0
2026-10-01 11:26:55,23.89,55.17,20.31,0,27.24,0
2026-10-01 11:27:00,24.06,48.81,18.39,0,28.21,0
2026-10-01 11:27:05,25.19,51.59,14.47,0,20.74,0
2026-10-01 11:27:10,24.19,52.88,10.92,0,28.97,0
2026-10-01 11:27:15,24.46,56.06,19.11,1,28.57,0
2026-10-01 11:27:20,24.52,51.97,15.22,0,24.19,0
2026-10-01 11:27:25,22.96,54.81,21.83,1,28.13,0
2026-10-01 11:27:30,24.49,54.1,18.05,0,25.95,0
2026-10-01 11:27:35,23.95,52.37,15.55,0,19.42,0
2026-10-01 11:27:40,24.11,48.73,24.29,1,24.36,0
2026-10-01 11:27:45,25.65,47.7,20.02,0,23.31,0
2026-10-01 11:27:50,23.49,52.32,8.0,0,25.3,0
2026-10-01 11:27:55,25.15,50.37,16.3,0,28.57,0
2026-10-01 11:28:00,24.28,54.76,13.16,0,19.26,0
2026-10-01 11:28:05,24.28,54.24,15.2,0,23.45,0
2026-10-01 11:28:10,25.13,51.45,17.49,0,22.12,0
2026-10-01 11:28:15,24.77,48.53,19.24,0,22.27,0
2026-10-01 11:28:20,24.96,53.53,18.91,0,22.12,0
2026-10-01 11:28:25,25.27,48.95,21.77,0,25.24,0
2026-10-01 11:28:30,24.23,49.72,20.23,0,26.83,0
2026-10-01 11:28:35,24.01,49.06,20.01,0,26.22,0
2026-10-01 11:28:40,23.63,51.58,18.71,0,25.65,0
2026-10-01 11:28:45,23.84,55.51,22.5,0,27.18,0
2026-10-01 11:28:50,26.86,51.98,16.89,0,33.33,0
2026-10-01 11:28:55,25.5,50.67,16.98,0,25.48,0
2026-10-01 11:29:00,23.42,47.42,11.33,1,28.57,0
2026-10-01 11:29:05,23.44,53.66,21.7,0,28.37,0
2026-10-01 11:29:10,24.89,49.66,17.73,0,31.22,0
2026-10-01 11:29:15,24.94,52.35,28.27,0,26.96,0
2026-10-01 11:29:20,24.94,50.94,16.58,0,22.04,0
2026-10-01 11:29:25,24.3,54.51,18.31,0,26.07,0
2026-10-01 11:29:30,24.4,51.53,19.91,0,25.88,0
2026-10-01 11:29:35,24.76,51.82,14.14,0,27.85,0
2026-10-01 11:29:40,24.57,53.46,19.25,0,21.94,0
2026-10-01 11:29:45,22.72,58.32,18.12,1,29.43,0
2026-10-01 11:29:50,24.32,54.67,16.94,0,25.02,0
2026-10-01 11:29:55,23.82,51.73,22.1,0,27.94,0
2026-10-01 11:30:00,24.64,52.01,14.84,0,26.08,0
2026-10-01 11:30:05,26.89,50.43,18.96,0,25.43,0
2026-10-01 11:30:10,24.79,49.15,23.09,0,25.82,0
2026-10-01 11:30:15,24.25,50.34,15.53,0,27.35,0
2026-10-01 11:30:20,25.24,49.68,16.96,0,31.86,0
2026-10-01 11:30:25,24.89,53.96,26.21,0,17.94,0
2026-10-01 11:30:30,24.84,48.79,19.66,0,26.89,0
2026-10-01 11:30:35,24.99,56.0,16.23,0,25.15,0
2026-10-01 11:30:40,26.15,54.26,20.81,0,24.38,0
2026-10-01 11:30:45,23.6,52.06,16.01,0,16.73,0
2026-10-01 11:30:50,24.88,52.0,12.52,0,27.03,0
2026-10-01 11:30:55,23.76,50.33,22.8,0,24.56,0
2026-10-01 11:31:00,24.94,52.81,14.14,0,22.08,0
2026-10-01 11:31:05,23.77,55.26,26.58,0,25.15,0
2026-10-01 11:31:10,24.17,49.89,16.29,0,23.98,0
2026-10-01 11:31:15,24.26,47.4,25.47,0,18.9,0
2026-10-01 11:31:20,25.28,54.11,13.21,0,25.31,0
2026-10-01 11:31:25,25.23,52.97,21.59,0,27.03,0
2026-10-01 11:31:30,23.5,48.64,19.75,0,23.08,0
2026-10-01 11:31:35,24.54,49.8,20.93,1,25.92,0
2026-10-01 11:31:40,23.93,49.42,21.39,1,25.38,0
2026-10-01 11:31:45,23.49,49.83,16.26,0,28.66,0
2026-10-01 11:31:50,24.33,51.03,13.42,0,24.64,0
2026-10-01 11:31:55,24.25,51.2,17.82,0,27.8,0
2026-10-01 11:32:00,26.44,50.05,18.78,0,23.9,0
2026-10-01 11:32:05,24.85,49.73,16.35,0,31.89,0
2026-10-01 11:32:10,23.4,51.31,18.97,0,23.47,0
2026-10-01 11:32:15,24.05,52.5,19.15,0,22.6,0
2026-10-01 11:32:20,25.32,51.05,14.81,0,24.65,0
2026-10-01 11:32:25,26.17,55.48,19.38,0,22.45,0
2026-10-01 11:32:30,23.23,53.52,17.06,1,20.63,0
2026-10-01 11:32:35,23.0,47.23,15.55,0,27.55,0
2026-10-01 11:32:40,26.0,53.57,20.76,0,15.0,0
2026-10-01 11:32:45,24.81,53.82,15.28,0,22.49,0
2026-10-01 11:32:50,23.81,50.7,16.4,0,20.3,0
2026-10-01 11:32:55,24.93,47.51,18.25,0,25.5,0
2026-10-01 11:33:00,22.39,52.02,22.81,0,17.34,0
2026-10-01 11:33:05,24.5,51.98,18.67,0,26.92,0
2026-10-01 11:33:10,24.76,48.64,19.85,0,27.3,0
2026-10-01 11:33:15,25.24,47.65,16.96,0,19.29,0
2026-10-01 11:33:20,23.69,51.74,17.73,0,25.67,0
2026-10-01 11:33:25,24.57,51.3,17.83,0,26.81,0
2026-10-01 11:33:30,23.76,50.75,19.03,0,28.29,0
2026-10-01 11:33:35,24.7,51.75,16.96,0,19.86,0
2026-10-01 11:33:40,23.78,48.69,22.69,0,19.37,0
2026-10-01 11:33:45,24.17,50.7,16.69,0,30.26,0
2026-10-01 11:33:50,23.7,53.6,12.02,0,22.12,0
2026-10-01 11:33:55,25.02,50.95,27.6,0,23.15,0
2026-10-01 11:34:00,25.19,46.98,16.85,0,27.22,0
2026-10-01 11:34:05,24.31,50.58,22.6,1,20.91,0
2026-10-01 11:34:10,24.53,48.79,22.92,0,24.07,0
2026-10-01 11:34:15,23.34,52.8,21.31,0,28.12,0
2026-10-01 11:34:20,24.26,52.96,17.31,0,20.03,0
2026-10-01 11:34:25,24.46,47.02,19.0,0,23.25,0
2026-10-01 11:34:30,26.6,54.28,13.54,0,21.06,0
2026-10-01 11:34:35,23.61,48.66,24.97,0,22.29,0
2026-10-01 11:34:40,25.67,56.68,15.02,0,29.15,0
2026-10-01 11:34:45,25.3,51.85,17.11,0,29.92,0
2026-10-01 11:34:50,24.72,48.26,18.35,0,25.9,0
2026-10-01 11:34:55,25.91,48.57,17.62,0,26.86,0
2026-10-01 11:35:00,24.8,53.04,15.7,0,26.77,0
2026-10-01 11:35:05,24.81,50.83,22.88,0,22.65,0
2026-10-01 11:35:10,24.46,51.71,21.33,0,25.83,0
2026-10-01 11:35:15,25.48,56.84,19.13,0,20.47,0
2026-10-01 11:35:20,25.38,49.9,16.6,0,21.65,0
2026-10-01 11:35:25,24.0,52.18,21.72,0,24.7,0
2026-10-01 11:35:30,23.44,56.26,16.37,0,21.29,0
2026-10-01 11:35:35,24.34,52.81,23.5,0,20.55,0
2026-10-01 11:35:40,23.86,47.18,18.39,0,22.51,0
2026-10-01 11:35:45,24.45,53.52,22.3,0,29.01,0
2026-10-01 11:35:50,25.49,48.51,17.6,0,30.45,0
2026-10-01 11:35:55,24.13,56.22,18.25,0,24.89,0
2026-10-01 11:36:00,24.47,49.53,22.29,0,27.04,0
2026-10-01 11:36:05,24.55,60.91,25.68,0,23.03,0
2026-10-01 11:36:10,25.18,56.4,23.46,0,17.77,0
2026-10-01 11:36:15,22.7,49.61,21.07,0,21.87,0
2026-10-01 11:36:20,24.01,52.06,20.06,0,23.92,0
2026-10-01 11:36:25,24.67,54.26,16.23,0,25.49,0
2026-10-01 11:36:30,25.46,54.35,19.03,0,24.65,0
2026-10-01 11:36:35,24.11,53.33,14.8,0,24.01,0
2026-10-01 11:36:40,23.0,55.76,19.32,0,22.99,0
2026-10-01 11:36:45,25.0,51.63,19.54,0,26.2,0
2026-10-01 11:36:50,23.99,50.9,11.14,0,20.23,0
2026-10-01 11:36:55,23.55,50.96,18.14,0,27.81,0
2026-10-01 11:37:00,24.0,54.58,19.45,0,22.95,0
2026-10-01 11:37:05,24.35,53.1,17.71,0,32.23,0
2026-10-01 11:37:10,24.02,52.87,19.25,0,23.9,0
2026-10-01 11:37:15,22.74,54.39,13.3,0,23.32,0
2026-10-01 11:37:20,25.22,45.85,15.28,0,23.03,0
2026-10-01 11:37:25,25.52,52.93,21.62,0,23.35,0
2026-10-01 11:37:30,25.02,52.66,18.0,0,27.13,0
2026-10-01 11:37:35,23.59,57.01,19.19,0,24.85,0
2026-10-01 11:37:40,24.34,47.41,16.09,0,28.45,0
2026-10-01 11:37:45,24.49,56.67,18.07,0,26.63,0
2026-10-01 11:37:50,24.98,52.23,9.94,0,25.11,0
2026-10-01 11:37:55,25.03,53.47,20.96,0,26.31,0
2026-10-01 11:38:00,23.91,57.03,24.33,0,29.19,0
2026-10-01 11:38:05,24.57,53.68,14.27,0,27.3,0
2026-10-01 11:38:10,24.87,53.2,14.71,0,25.98,0
2026-10-01 11:38:15,25.66,52.73,19.54,1,26.48,0
2026-10-01 11:38:20,25.06,50.55,23.16,0,20.97,0
2026-10-01 11:38:25,25.13,51.91,17.99,0,34.0,0
2026-10-01 11:38:30,24.57,49.85,13.7,0,26.85,0
2026-10-01 11:38:35,25.63,51.87,17.27,0,27.2,0
2026-10-01 11:38:40,24.83,44.99,14.4,0,24.9,0
2026-10-01 11:38:45,23.81,53.29,15.66,0,16.96,0
2026-10-01 11:38:50,25.62,51.63,16.94,0,24.07,0
2026-10-01 11:38:55,25.06,50.99,14.75,0,25.27,0
2026-10-01 11:39:00,24.15,52.66,15.28,0,22.12,0
2026-10-01 11:39:05,24.12,47.7,18.26,0,22.09,0
2026-10-01 11:39:10,24.74,57.79,18.75,0,23.81,0
2026-10-01 11:39:15,24.87,51.69,13.02,0,27.7,0
2026-10-01 11:39:20,24.66,51.56,19.39,0,29.4,0
2026-10-01 11:39:25,24.75,49.1,16.66,0,25.6,0
2026-10-01 11:39:30,25.86,52.07,20.52,0,23.01,0
2026-10-01 11:39:35,25.36,56.16,20.73,0,23.73,0
2026-10-01 11:39:40,24.65,55.11,16.09,0,25.35,0
2026-10-01 11:39:45,25.25,54.56,20.15,0,25.76,0
2026-10-01 11:39:50,23.67,53.64,15.07,0,26.52,0
2026-10-01 11:39:55,24.82,50.92,22.63,1,23.46,0
2026-10-01 11:40:00,25.95,47.65,15.2,0,26.85,0
2026-10-01 11:40:05,24.33,51.4,19.23,0,26.58,0
2026-10-01 11:40:10,23.82,51.29,17.34,1,23.62,0
2026-10-01 11:40:15,23.98,55.15,14.44,0,18.98,0
2026-10-01 11:40:20,23.63,52.93,21.15,0,21.9,0
2026-10-01 11:40:25,23.87,56.84,15.85,0,30.49,0
2026-10-01 11:40:30,24.2,55.59,12.05,0,19.07,0
2026-10-01 11:40:35,23.38,50.63,8.0,0,29.61,0
2026-10-01 11:40:40,24.51,46.61,14.94,0,18.95,0
2026-10-01 11:40:45,25.22,56.16,22.82,0,22.29,0
2026-10-01 11:40:50,23.77,56.08,22.4,0,23.69,0
2026-10-01 11:40:55,25.72,47.9,15.48,0,31.24,0
2026-10-01 11:41:00,24.91,56.53,16.69,0,25.09,0
2026-10-01 11:41:05,25.32,53.15,16.37,0,24.25,0
2026-10-01 11:41:10,23.97,52.48,13.33,0,21.73,0
2026-10-01 11:41:15,25.18,56.84,14.68,0,26.83,0
2026-10-01 11:41:20,23.63,56.03,21.43,0,23.21,0
2026-10-01 11:41:25,25.21,53.95,19.76,0,24.2,0
2026-10-01 11:41:30,24.64,53.42,18.96,0,23.75,0
2026-10-01 11:41:35,24.94,53.85,13.33,0,27.52,0
2026-10-01 11:41:40,23.56,50.8,18.35,0,27.67,0
2026-10-01 11:41:45,23.78,51.83,9.94,0,21.88,0
2026-10-01 11:41:50,24.98,49.29,20.95,0,22.8,0
2026-10-01 11:41:55,23.74,51.0,18.91,0,22.46,0
2026-10-01 11:42:00,24.87,50.9,13.29,1,25.64,0
2026-10-01 11:42:05,23.41,50.09,23.66,0,28.17,0
2026-10-01 11:42:10,25.18,52.41,11.71,0,25.69,0
2026-10-01 11:42:15,23.51,51.03,19.86,1,17.33,0
2026-10-01 11:42:20,24.94,53.51,19.94,0,27.66,0
2026-10-01 11:42:25,25.0,47.13,13.66,0,20.28,0
2026-10-01 11:42:30,23.94,51.66,17.87,0,22.5,0
2026-10-01 11:42:35,24.97,52.39,12.27,0,25.69,0
2026-10-01 11:42:40,24.71,51.07,8.04,1,24.71,0
2026-10-01 11:42:45,24.07,51.48,14.26,0,28.05,0
2026-10-01 11:42:50,23.69,47.24,15.84,0,22.86,0
2026-10-01 11:42:55,22.93,53.07,20.25,0,21.62,0
2026-10-01 11:43:00,24.78,53.94,18.24,0,23.91,0
2026-10-01 11:43:05,23.25,53.48,18.33,0,28.42,0
2026-10-01 11:43:10,24.58,55.12,14.45,0,27.2,0
2026-10-01 11:43:15,24.29,52.6,16.14,1,25.31,0
2026-10-01 11:43:20,25.04,53.44,14.75,0,29.64,0
2026-10-01 11:43:25,24.26,52.47,13.71,0,29.01,0
2026-10-01 11:43:30,24.24,54.06,15.92,0,27.76,0
2026-10-01 11:43:35,25.09,47.27,18.26,0,20.88,0
2026-10-01 11:43:40,24.77,49.32,16.0,0,27.74,0
2026-10-01 11:43:45,24.75,56.76,16.87,0,24.29,0
2026-10-01 11:43:50,24.88,44.62,20.43,0,23.62,0
2026-10-01 11:43:55,23.27,51.58,16.25,0,22.61,0
2026-10-01 11:44:00,25.11,55.52,13.33,0,24.4,0
2026-10-01 11:44:05,24.99,51.72,19.97,0,22.81,0
2026-10-01 11:44:10,23.69,50.78,18.93,0,25.59,0
2026-10-01 11:44:15,24.3,52.39,19.15,0,24.39,0
2026-10-01 11:44:20,24.47,50.94,20.19,0,25.77,0
2026-10-01 11:44:25,24.39,52.09,19.6,0,26.94,0
2026-10-01 11:44:30,24.77,49.95,18.1,1,23.97,0
2026-10-01 11:44:35,25.65,55.33,26.37,1,22.42,0
2026-10-01 11:44:40,25.37,56.27,13.5,0,17.98,0
2026-10-01 11:44:45,23.45,51.6,15.95,0,27.7,0
2026-10-01 11:44:50,25.0,47.84,21.39,0,25.28,0
2026-10-01 11:44:55,25.56,50.43,18.5,1,24.38,0
2026-10-01 11:45:00,24.81,51.45,20.65,0,29.1,0
2026-10-01 11:45:05,25.37,53.52,18.59,0,20.49,0
2026-10-01 11:45:10,26.11,48.98,22.81,0,25.2,0
2026-10-01 11:45:15,25.32,49.69,14.47,0,21.63,0
2026-10-01 11:45:20,24.7,53.53,22.7,0,27.3,0
2026-10-01 11:45:25,25.34,54.82,22.1,0,17.21,0
2026-10-01 11:45:30,24.62,50.14,13.76,0,27.81,0
2026-10-01 11:45:35,24.52,48.0,20.21,0,27.67,0
2026-10-01 11:45:40,24.22,61.0,17.85,0,21.77,0
2026-10-01 11:45:45,25.75,54.35,15.88,0,25.23,0
2026-10-01 11:45:50,23.85,51.2,11.39,0,21.84,0
2026-10-01 11:45:55,25.73,54.61,14.46,0,26.5,0
2026-10-01 11:46:00,24.9,51.63,20.48,0,27.87,0
2026-10-01 11:46:05,23.38,54.6,20.85,0,21.48,0
2026-10-01 11:46:10,24.79,52.48,17.26,0,20.46,0
2026-10-01 11:46:15,22.82,52.27,20.86,0,28.84,0
2026-10-01 11:46:20,25.0,51.66,21.31,1,31.79,0
2026-10-01 11:46:25,25.21,47.66,18.54,0,26.73,0
2026-10-01 11:46:30,24.03,57.81,15.47,0,26.99,0
2026-10-01 11:46:35,24.6,49.18,19.54,0,23.84,0
2026-10-01 11:46:40,26.06,47.92,19.7,0,25.63,0
2026-10-01 11:46:45,24.1,51.36,20.36,0,26.23,0
2026-10-01 11:46:50,23.65,49.12,21.03,0,24.36,0
2026-10-01 11:46:55,25.69,51.84,13.23,0,29.72,0
2026-10-01 11:47:00,26.07,54.06,16.22,0,25.62,0
2026-10-01 11:47:05,24.5,54.99,11.35,0,26.07,0
2026-10-01 11:47:10,25.31,54.44,20.61,0,24.43,0
2026-10-01 11:47:15,25.57,51.08,17.26,0,24.79,0
2026-10-01 11:47:20,23.91,52.15,19.51,0,29.27,0
2026-10-01 11:47:25,24.11,53.22,12.84,0,25.51,0
2026-10-01 11:47:30,25.48,46.73,22.9,0,25.59,0
2026-10-01 11:47:35,25.85,53.71,13.82,0,25.64,0
2026-10-01 11:47:40,24.95,47.63,20.71,0,23.72,0
2026-10-01 11:47:45,23.8,58.12,18.41,0,20.07,0
2026-10-01 11:47:50,26.09,50.79,17.34,0,30.5,0
2026-10-01 11:47:55,24.08,51.45,17.05,0,28.74,0
2026-10-01 11:48:00,24.23,49.69,15.77,0,29.37,0
2026-10-01 11:48:05,24.77,50.11,22.53,1,21.25,0
2026-10-01 11:48:10,25.74,58.82,18.04,1,30.06,0
2026-10-01 11:48:15,25.18,54.82,13.56,0,31.88,0
2026-10-01 11:48:20,24.83,47.35,16.66,0,28.66,0
2026-10-01 11:48:25,24.87,56.51,18.45,0,30.77,0
2026-10-01 11:48:30,24.53,55.58,21.14,0,27.79,0
2026-10-01 11:48:35,24.95,51.16,15.88,0,22.04,0
2026-10-01 11:48:40,22.48,52.92,16.12,0,26.78,0
2026-10-01 11:48:45,24.26,51.96,18.08,0,21.43,0
2026-10-01 11:48:50,24.69,57.92,21.06,0,22.91,0
2026-10-01 11:48:55,23.58,49.61,13.21,0,26.11,0
2026-10-01 11:49:00,24.81,52.44,19.77,1,25.64,0
2026-10-01 11:49:05,24.34,50.72,16.38,0,26.62,0
2026-10-01 11:49:10,25.9,47.7,16.86,0,18.73,0
2026-10-01 11:49:15,25.76,58.57,25.01,0,24.46,0
2026-10-01 11:49:20,24.13,48.46,17.31,0,26.92,0
2026-10-01 11:49:25,24.38,52.66,20.64,0,27.62,0
2026-10-01 11:49:30,24.44,46.78,20.52,1,27.85,0
2026-10-01 11:49:35,24.14,50.8,13.87,0,25.88,0
2026-10-01 11:49:40,24.66,53.27,11.54,0,23.67,0
2026-10-01 11:49:45,23.89,49.53,20.87,0,26.76,0
2026-10-01 11:49:50,23.6,53.76,14.21,0,23.95,0
2026-10-01 11:49:55,25.0,51.19,12.18,0,28.15,0
2026-10-01 11:50:00,25.0,55.48,21.59,0,26.5,0
2026-10-01 11:50:05,23.86,56.09,14.43,0,24.78,0
2026-10-01 11:50:10,25.22,50.24,15.3,0,22.31,0
2026-10-01 11:50:15,23.99,52.23,24.91,0,28.92,0
2026-10-01 11:50:20,24.7,52.55,12.19,1,26.96,0
2026-10-01 11:50:25,25.16,53.86,13.6,0,32.36,0
2026-10-01 11:50:30,24.47,52.04,16.39,0,26.84,0
2026-10-01 11:50:35,24.86,52.57,17.16,0,27.13,0
2026-10-01 11:50:40,24.09,51.27,14.87,0,19.87,0
2026-10-01 11:50:45,24.34,52.35,13.94,0,26.09,0
2026-10-01 11:50:50,24.34,55.89,23.28,0,23.89,0
2026-10-01 11:50:55,23.9,53.94,18.92,0,27.89,0
2026-10-01 11:51:00,24.36,54.1,20.05,0,26.17,0
2026-10-01 11:51:05,23.26,54.17,17.52,0,28.45,0
2026-10-01 11:51:10,24.11,51.54,19.01,0,32.46,0
2026-10-01 11:51:15,24.27,52.96,21.27,0,22.21,0
2026-10-01 11:51:20,24.3,48.74,14.51,0,28.31,0
2026-10-01 11:51:25,24.31,55.81,18.93,0,27.39,0
2026-10-01 11:51:30,24.45,43.65,20.44,0,31.93,0
2026-10-01 11:51:35,24.88,51.74,23.41,0,27.47,0
2026-10-01 11:51:40,25.2,55.42,24.82,0,27.1,0
2026-10-01 11:51:45,23.98,47.91,18.24,0,27.98,0
2026-10-01 11:51:50,23.54,53.2,21.99,0,28.22,0
2026-10-01 11:51:55,23.67,49.96,8.65,0,30.09,0
2026-10-01 11:52:00,24.11,50.89,23.43,0,22.13,0
2026-10-01 11:52:05,24.22,54.84,15.46,0,23.63,0
2026-10-01 11:52:10,23.88,52.59,17.16,1,31.07,0
2026-10-01 11:52:15,23.46,45.9,19.54,0,18.14,0
2026-10-01 11:52:20,24.14,49.07,17.46,0,24.7,0
2026-10-01 11:52:25,24.65,54.93,18.69,0,25.52,0
2026-10-01 11:52:30,24.98,53.35,23.56,0,24.38,0
2026-10-01 11:52:35,24.05,57.24,16.66,0,30.53,0
2026-10-01 11:52:40,24.17,57.05,14.2,0,26.67,0
2026-10-01 11:52:45,23.76,50.97,24.35,0,23.64,0
2026-10-01 11:52:50,24.47,59.51,19.84,0,22.78,0
2026-10-01 11:52:55,23.82,52.07,24.73,0,25.99,0
2026-10-01 11:53:00,24.96,49.11,21.02,0,29.08,0
2026-10-01 11:53:05,23.07,50.1,13.37,0,25.48,0
2026-10-01 11:53:10,24.21,45.23,20.26,0,24.53,0
2026-10-01 11:53:15,24.74,56.82,14.56,0,22.57,0
2026-10-01 11:53:20,24.65,56.78,18.03,0,26.31,0
2026-10-01 11:53:25,26.65,48.95,17.73,0,26.11,0
2026-10-01 11:53:30,24.78,51.32,12.34,0,22.47,0
2026-10-01 11:53:35,23.7,52.29,15.16,0,28.59,0
2026-10-01 11:53:40,24.42,49.12,25.72,0,30.97,0
2026-10-01 11:53:45,23.08,46.73,18.83,0,25.17,0
2026-10-01 11:53:50,24.44,51.37,17.39,0,26.06,0
2026-10-01 11:53:55,23.83,51.04,24.35,0,21.13,0
2026-10-01 11:54:00,25.23,50.83,16.61,0,27.58,0
2026-10-01 11:54:05,24.06,52.67,17.68,0,26.62,0
2026-10-01 11:54:10,24.41,56.29,21.47,0,23.86,0
2026-10-01 11:54:15,23.99,51.09,16.6,0,22.4,0
2026-10-01 11:54:20,25.89,52.51,15.39,0,31.47,0
2026-10-01 11:54:25,24.24,54.18,10.11,0,26.34,0
2026-10-01 11:54:30,25.97,53.66,14.72,0,21.79,0
2026-10-01 11:54:35,25.15,50.16,14.69,0,27.99,0
2026-10-01 11:54:40,24.89,52.29,18.55,0,25.8,0
2026-10-01 11:54:45,24.79,53.64,15.86,0,25.21,0
2026-10-01 11:54:50,24.82,48.61,25.55,0,28.42,0
2026-10-01 11:54:55,22.96,55.79,14.3,0,15.86,0
2026-10-01 11:55:00,24.28,56.29,22.9,0,18.68,0
2026-10-01 11:55:05,25.18,49.83,18.77,0,29.83,0
2026-10-01 11:55:10,24.46,52.58,20.82,0,24.55,0
2026-10-01 11:55:15,23.38,53.93,20.61,0,23.51,0
2026-10-01 11:55:20,24.46,50.36,10.24,1,20.32,0
2026-10-01 11:55:25,25.86,53.44,17.96,0,25.68,0
2026-10-01 11:55:30,25.5,52.49,17.08,0,26.11,0
2026-10-01 11:55:35,24.45,47.6,14.03,0,30.04,0
2026-10-01 11:55:40,25.26,53.38,19.61,0,26.3,0
2026-10-01 11:55:45,24.21,48.7,24.01,0,23.94,0
2026-10-01 11:55:50,23.14,54.82,8.64,0,26.42,0
2026-10-01 11:55:55,23.76,49.99,16.13,0,28.88,0
2026-10-01 11:56:00,25.75,51.52,13.64,0,28.12,0
2026-10-01 11:56:05,24.28,56.12,18.25,0,27.18,0
2026-10-01 11:56:10,24.31,53.49,16.86,0,25.96,0
2026-10-01 11:56:15,24.26,48.76,15.88,0,22.97,0
2026-10-01 11:56:20,26.02,48.96,20.41,0,21.39,0
2026-10-01 11:56:25,25.8,50.2,23.73,0,20.83,0
2026-10-01 11:56:30,26.28,53.18,27.31,0,26.38,0
2026-10-01 11:56:35,24.37,53.07,15.41,0,26.74,0
2026-10-01 11:56:40,24.74,49.47,11.63,0,28.83,0
2026-10-01 11:56:45,23.29,48.5,19.96,0,26.97,0
2026-10-01 11:56:50,25.68,52.84,23.64,0,28.68,0
2026-10-01 11:56:55,23.57,51.45,20.85,0,24.54,0
2026-10-01 11:57:00,24.67,58.47,23.62,0,27.7,0
2026-10-01 11:57:05,23.62,52.11,17.21,0,21.49,0
2026-10-01 11:57:10,24.03,57.44,15.87,0,24.79,0
2026-10-01 11:57:15,23.83,48.49,18.4,0,18.59,0
2026-10-01 11:57:20,24.01,47.28,16.84,0,25.11,0
2026-10-01 11:57:25,24.07,48.64,20.32,0,29.29,0
2026-10-01 11:57:30,24.06,55.57,21.39,0,25.25,0
2026-10-01 11:57:35,25.17,57.27,21.67,0,27.53,0
2026-10-01 11:57:40,23.62,49.65,19.79,0,25.96,0
2026-10-01 11:57:45,24.68,50.62,18.86,0,23.0,0
2026-10-01 11:57:50,25.47,48.49,20.78,0,24.35,0
2026-10-01 11:57:55,24.09,46.57,11.13,0,29.13,0
2026-10-01 11:58:00,23.93,54.16,18.74,0,27.51,0
2026-10-01 11:58:05,24.32,52.67,18.18,1,22.84,0
2026-10-01 11:58:10,25.44,52.03,18.75,0,20.14,0
2026-10-01 11:58:15,24.66,47.8,17.69,0,25.72,0
2026-10-01 11:58:20,24.08,56.92,19.51,0,22.96,0
2026-10-01 11:58:25,24.89,50.49,15.99,0,24.38,0
2026-10-01 11:58:30,23.62,53.6,21.95,0,19.91,0
2026-10-01 11:58:35,25.05,47.64,19.66,0,28.64,0
2026-10-01 11:58:40,24.83,51.43,18.53,0,24.66,0
2026-10-01 11:58:45,24.25,52.87,15.56,0,25.19,0
2026-10-01 11:58:50,23.83,52.98,20.85,0,22.08,0
2026-10-01 11:58:55,23.79,52.46,18.72,0,24.03,0
2026-10-01 11:59:00,24.93,53.48,15.36,0,25.43,0
2026-10-01 11:59:05,25.48,48.61,17.8,0,22.85,0
2026-10-01 11:59:10,23.99,52.59,20.2,0,24.24,0
2026-10-01 11:59:15,24.87,52.34,19.93,0,29.85,0
2026-10-01 11:59:20,22.83,52.7,19.7,1,18.87,0
2026-10-01 11:59:25,24.03,52.22,18.32,0,25.65,0
2026-10-01 11:59:30,24.48,48.18,21.59,0,22.25,0
2026-10-01 11:59:35,23.77,48.05,22.33,0,29.68,0
2026-10-01 11:59:40,23.75,45.36,20.58,0,24.37,0
2026-10-01 11:59:45,23.97,54.45,15.94,0,21.33,0
2026-10-01 11:59:50,24.73,54.48,14.3,0,24.25,0
2026-10-01 11:59:55,24.35,54.53,16.1,0,26.22,0
2026-10-01 12:00:00,22.71,52.92,24.84,0,34.71,0
2026-10-01 12:00:05,22.8,45.6,18.99,0,17.62,0
2026-10-01 12:00:10,24.01,48.92,25.44,0,20.8,0
2026-10-01 12:00:15,24.87,52.51,17.58,1,29.57,0
2026-10-01 12:00:20,22.3,52.41,17.09,0,19.72,0
2026-10-01 12:00:25,24.1,51.33,17.74,0,25.03,0
2026-10-01 12:00:30,24.08,53.11,17.68,0,23.31,0
2026-10-01 12:00:35,25.61,52.03,15.29,0,22.76,0
2026-10-01 12:00:40,24.19,52.36,13.98,1,24.4,0
2026-10-01 12:00:45,24.81,50.08,19.75,1,23.84,0
2026-10-01 12:00:50,24.61,54.95,21.69,0,28.7,0
2026-10-01 12:00:55,22.8,50.71,26.56,0,29.65,0
2026-10-01 12:01:00,25.11,48.01,16.48,0,26.49,0
2026-10-01 12:01:05,24.67,49.69,16.77,0,24.17,0
2026-10-01 12:01:10,24.91,50.95,15.3,0,25.9,0
2026-10-01 12:01:15,27.5,54.98,21.94,0,27.82,0
2026-10-01 12:01:20,22.83,51.87,20.85,0,28.51,0
2026-10-01 12:01:25,25.88,51.44,14.93,0,26.3,0
2026-10-01 12:01:30,24.27,48.25,14.84,0,30.35,0
2026-10-01 12:01:35,24.73,54.36,21.33,0,22.84,0
2026-10-01 12:01:40,24.46,50.04,19.34,0,28.99,0
2026-10-01 12:01:45,24.16,51.7,20.65,0,27.47,0
2026-10-01 12:01:50,24.04,56.44,14.91,0,22.86,0
2026-10-01 12:01:55,24.76,53.53,11.43,1,25.81,0
2026-10-01 12:02:00,23.29,47.12,14.94,0,26.06,0
2026-10-01 12:02:05,25.1,46.69,20.41,0,24.5,0
2026-10-01 12:02:10,24.17,51.81,25.39,0,24.46,0
2026-10-01 12:02:15,23.6,48.36,16.5,0,19.66,0
2026-10-01 12:02:20,24.14,53.95,25.97,0,22.59,0
2026-10-01 12:02:25,25.51,52.13,20.9,0,24.17,0
2026-10-01 12:02:30,24.07,52.5,13.12,0,23.0,0
2026-10-01 12:02:35,24.79,49.88,18.75,0,22.01,0
2026-10-01 12:02:40,23.92,57.22,21.02,0,28.71,0
2026-10-01 12:02:45,25.11,60.53,9.51,0,24.64,0
2026-10-01 12:02:50,25.05,51.16,20.26,0,32.58,0
2026-10-01 12:02:55,25.98,53.06,22.1,0,25.78,0
2026-10-01 12:03:00,24.36,52.29,19.4,0,28.64,0
2026-10-01 12:03:05,25.03,51.22,17.78,0,24.27,0
2026-10-01 12:03:10,24.58,49.5,17.39,0,22.68,0
2026-10-01 12:03:15,25.54,48.75,17.19,0,25.92,0
2026-10-01 12:03:20,23.92,48.59,13.88,1,29.53,0
2026-10-01 12:03:25,25.1,53.22,15.59,0,24.69,0
2026-10-01 12:03:30,24.34,50.44,16.54,0,26.56,0
2026-10-01 12:03:35,24.45,44.27,18.4,0,25.9,0
2026-10-01 12:03:40,24.57,53.33,16.05,0,24.66,0
2026-10-01 12:03:45,24.7,51.89,14.96,0,24.84,0
2026-10-01 12:03:50,24.41,56.04,20.66,0,21.51,0
2026-10-01 12:03:55,24.67,53.12,19.3,1,24.96,0
2026-10-01 12:04:00,25.76,47.56,16.11,0,27.29,0
2026-10-01 12:04:05,25.29,45.31,19.77,0,26.03,0
2026-10-01 12:04:10,25.2,49.84,16.41,0,25.64,0
2026-10-01 12:04:15,24.14,50.12,18.22,0,27.54,0
2026-10-01 12:04:20,23.79,54.83,21.41,0,25.68,0
2026-10-01 12:04:25,25.26,51.97,15.89,0,25.05,0
2026-10-01 12:04:30,25.2,55.4,13.9,0,27.57,0
2026-10-01 12:04:35,25.68,48.03,17.49,0,25.48,0
2026-10-01 12:04:40,24.02,54.9,13.23,0,24.17,0
2026-10-01 12:04:45,24.32,54.16,17.03,0,26.64,0
2026-10-01 12:04:50,23.19,45.95,17.02,0,24.88,0
2026-10-01 12:04:55,24.19,55.97,9.38,0,24.01,0
2026-10-01 12:05:00,25.3,52.28,19.86,0,25.54,0
2026-10-01 12:05:05,24.13,53.18,17.36,0,25.58,0
2026-10-01 12:05:10,25.01,49.41,22.14,0,21.14,0
2026-10-01 12:05:15,24.35,55.83,18.75,1,26.17,0
2026-10-01 12:05:20,24.76,48.44,20.57,0,31.46,0
2026-10-01 12:05:25,23.58,54.5,22.17,0,21.57,0
2026-10-01 12:05:30,24.57,54.46,17.54,1,23.24,0
2026-10-01 12:05:35,22.11,49.08,18.0,0,34.73,0
2026-10-01 12:05:40,24.35,57.95,12.49,0,22.12,0
2026-10-01 12:05:45,23.2,52.69,22.34,0,29.5,0
2026-10-01 12:05:50,25.46,53.96,17.49,0,24.2,0
2026-10-01 12:05:55,25.12,47.42,14.48,0,25.21,0
2026-10-01 12:06:00,24.87,58.35,20.59,0,24.54,0
2026-10-01 12:06:05,25.72,48.33,10.37,0,26.49,0
2026-10-01 12:06:10,23.74,55.07,16.5,0,19.47,0
2026-10-01 12:06:15,25.9,49.02,21.18,0,25.65,0
2026-10-01 12:06:20,25.25,50.14,16.47,0,23.59,0
2026-10-01 12:06:25,24.31,54.37,15.49,0,18.48,0
2026-10-01 12:06:30,25.41,55.08,16.54,0,28.92,0
2026-10-01 12:06:35,23.61,48.19,10.97,0,17.62,0
2026-10-01 12:06:40,23.84,55.27,20.5,1,32.52,0
2026-10-01 12:06:45,24.01,55.13,17.57,0,27.16,0
2026-10-01 12:06:50,24.08,49.19,17.05,0,20.24,0
2026-10-01 12:06:55,23.65,56.8,17.06,0,29.68,0
2026-10-01 12:07:00,25.48,47.63,18.05,0,22.37,0
2026-10-01 12:07:05,24.29,50.13,20.29,0,22.53,0
2026-10-01 12:07:10,24.78,53.44,17.82,0,18.7,0
2026-10-01 12:07:15,24.04,49.44,13.23,0,21.98,0
2026-10-01 12:07:20,23.04,52.79,20.01,0,22.39,0
2026-10-01 12:07:25,24.72,52.72,19.74,0,27.86,0
2026-10-01 12:07:30,22.97,51.44,18.72,0,29.09,0
2026-10-01 12:07:35,24.45,54.5,21.76,0,20.66,0
2026-10-01 12:07:40,23.41,51.31,18.11,0,25.95,0
2026-10-01 12:07:45,26.09,52.69,21.89,0,18.56,0
2026-10-01 12:07:50,25.23,55.44,22.93,0,25.96,0
2026-10-01 12:07:55,24.58,54.37,20.04,0,32.57,0
2026-10-01 12:08:00,25.51,54.36,15.38,0,18.77,0
2026-10-01 12:08:05,23.82,48.55,17.54,0,21.45,0
2026-10-01 12:08:10,24.93,53.57,22.34,0,27.55,0
2026-10-01 12:08:15,24.66,49.36,12.76,0,27.96,0
2026-10-01 12:08:20,24.71,48.16,16.63,0,21.71,0
2026-10-01 12:08:25,25.52,51.78,16.8,0,30.16,0
2026-10-01 12:08:30,25.09,49.29,14.97,0,22.15,0
2026-10-01 12:08:35,24.73,54.37,21.06,0,30.86,0
2026-10-01 12:08:40,23.18,54.44,19.32,1,26.64,0
2026-10-01 12:08:45,23.73,46.29,15.51,0,29.45,0
2026-10-01 12:08:50,24.4,49.52,20.12,1,26.3,0
2026-10-01 12:08:55,24.57,47.62,17.45,0,27.3,0
2026-10-01 12:09:00,23.6,50.61,14.88,0,27.49,0
2026-10-01 12:09:05,26.43,53.37,15.5,0,29.01,0
2026-10-01 12:09:10,25.71,51.27,19.53,0,24.89,0
2026-10-01 12:09:15,24.98,50.23,21.29,0,21.85,0
2026-10-01 12:09:20,24.56,55.9,16.3,1,24.72,0
2026-10-01 12:09:25,24.33,45.09,19.91,0,22.66,0
2026-10-01 12:09:30,23.74,55.71,23.54,0,22.89,0
2026-10-01 12:09:35,24.56,50.37,13.59,0,30.79,0
2026-10-01 12:09:40,24.71,51.77,19.24,0,27.18,0
2026-10-01 12:09:45,23.51,50.42,20.91,0,27.02,0
2026-10-01 12:09:50,24.77,56.63,17.67,0,28.75,0
2026-10-01 12:09:55,24.38,48.31,22.33,0,27.16,0
2026-10-01 12:10:00,22.97,52.04,25.7,0,31.53,0
2026-10-01 12:10:05,23.81,53.58,19.2,0,17.67,0
2026-10-01 12:10:10,24.17,47.17,17.18,0,21.51,0
2026-10-01 12:10:15,26.01,49.24,21.42,0,22.55,0
2026-10-01 12:10:20,24.95,51.56,20.95,0,20.18,0
2026-10-01 12:10:25,23.43,49.34,9.18,1,25.4,0
2026-10-01 12:10:30,24.89,49.55,17.99,0,25.56,0
2026-10-01 12:10:35,23.26,50.95,16.62,0,31.91,0
2026-10-01 12:10:40,25.37,53.95,19.39,0,28.16,0
2026-10-01 12:10:45,24.12,50.97,17.32,0,23.22,0
2026-10-01 12:10:50,24.43,55.24,17.7,0,26.73,0
2026-10-01 12:10:55,25.56,49.01,14.98,0,18.61,0
2026-10-01 12:11:00,23.47,48.24,20.57,0,25.5,0
2026-10-01 12:11:05,23.38,57.78,23.79,1,25.31,0
2026-10-01 12:11:10,24.03,50.03,15.03,0,21.84,0
2026-10-01 12:11:15,25.33,48.07,13.11,0,24.3,0
2026-10-01 12:11:20,23.28,46.77,18.07,1,22.58,0
2026-10-01 12:11:25,22.23,55.23,17.9,0,21.74,0
2026-10-01 12:11:30,24.14,50.98,22.1,0,27.36,0
2026-10-01 12:11:35,24.94,51.24,13.7,0,28.62,0
2026-10-01 12:11:40,25.46,51.52,16.12,1,26.78,0
2026-10-01 12:11:45,24.13,55.04,10.48,0,23.47,0
2026-10-01 12:11:50,24.17,51.46,22.81,0,22.68,0
2026-10-01 12:11:55,25.42,59.03,18.88,0,23.58,0
2026-10-01 12:12:00,23.0,52.4,16.38,0,24.23,0
2026-10-01 12:12:05,24.19,55.19,13.37,1,21.95,0
2026-10-01 12:12:10,24.65,54.42,13.69,0,28.69,0
2026-10-01 12:12:15,24.86,51.89,19.45,0,24.29,0
2026-10-01 12:12:20,24.09,50.24,14.12,0,27.68,0
2026-10-01 12:12:25,24.53,53.0,18.36,0,20.1,0
2026-10-01 12:12:30,22.51,53.53,25.15,0,22.59,0
2026-10-01 12:12:35,23.97,50.28,16.78,0,28.01,0
2026-10-01 12:12:40,24.86,52.5,14.63,0,28.06,0
2026-10-01 12:12:45,23.71,55.71,19.34,1,20.79,0
2026-10-01 12:12:50,24.55,58.21,13.71,0,26.06,0
2026-10-01 12:12:55,24.86,54.56,24.02,0,26.15,0
2026-10-01 12:13:00,24.23,57.59,22.91,0,22.52,0
2026-10-01 12:13:05,24.64,50.11,17.43,0,26.25,0
2026-10-01 12:13:10,23.73,54.11,14.86,0,19.47,0
2026-10-01 12:13:15,24.33,56.02,16.51,0,21.76,0
2026-10-01 12:13:20,24.99,49.31,16.97,1,27.1,0
2026-10-01 12:13:25,24.63,50.54,19.34,1,25.1,0
2026-10-01 12:13:30,24.03,57.21,21.64,0,25.28,0
2026-10-01 12:13:35,24.68,49.07,14.37,0,24.39,0
2026-10-01 12:13:40,25.07,47.98,21.54,1,26.88,0
2026-10-01 12:13:45,22.86,56.58,20.16,0,27.05,0
2026-10-01 12:13:50,25.43,55.59,16.22,0,27.77,0
2026-10-01 12:13:55,24.23,53.3,14.2,0,25.44,0
2026-10-01 12:14:00,24.84,51.86,18.41,0,23.64,0
2026-10-01 12:14:05,25.46,50.68,14.29,0,23.05,0
2026-10-01 12:14:10,23.4,52.85,21.58,0,21.3,0
2026-10-01 12:14:15,23.93,56.74,14.07,1,23.59,0
2026-10-01 12:14:20,24.27,52.72,19.92,0,22.88,0
2026-10-01 12:14:25,23.87,58.5,17.72,0,30.61,0
2026-10-01 12:14:30,25.89,49.31,16.04,1,21.34,0
2026-10-01 12:14:35,23.81,51.94,17.64,0,28.63,0
2026-10-01 12:14:40,24.06,50.88,21.78,0,24.06,0
2026-10-01 12:14:45,24.66,48.74,13.83,0,24.28,0
2026-10-01 12:14:50,23.54,51.54,16.56,0,26.4,0
2026-10-01 12:14:55,24.18,53.25,15.37,0,20.04,0
2026-10-01 12:15:00,24.75,53.57,17.86,0,22.2,0
2026-10-01 12:15:05,24.23,58.51,15.6,1,20.66,0
2026-10-01 12:15:10,24.43,53.39,11.81,1,23.67,0
2026-10-01 12:15:15,24.08,55.45,14.31,0,21.82,0
2026-10-01 12:15:20,23.29,52.2,23.73,0,29.61,0
2026-10-01 12:15:25,24.76,57.03,18.86,0,22.96,0
2026-10-01 12:15:30,25.9,59.2,18.74,0,16.68,0
2026-10-01 12:15:35,24.51,53.59,17.01,0,23.83,0
2026-10-01 12:15:40,24.68,49.02,17.82,0,27.83,0
2026-10-01 12:15:45,25.05,50.35,16.5,0,30.71,0
2026-10-01 12:15:50,23.48,52.85,19.84,0,24.2,0
2026-10-01 12:15:55,25.86,53.37,18.35,0,23.19,0
2026-10-01 12:16:00,24.66,54.1,13.9,0,24.95,0
2026-10-01 12:16:05,25.81,53.38,18.89,0,26.45,0
2026-10-01 12:16:10,23.91,52.02,9.39,0,21.05,0
2026-10-01 12:16:15,25.95,50.09,19.45,0,24.14,0
2026-10-01 12:16:20,25.12,53.2,13.07,0,24.83,0
2026-10-01 12:16:25,24.94,57.56,17.66,0,25.16,0
2026-10-01 12:16:30,24.69,55.06,13.82,0,24.49,0
2026-10-01 12:16:35,24.3,53.6,18.01,0,21.72,0
2026-10-01 12:16:40,25.46,55.09,20.02,0,26.19,0
2026-10-01 12:16:45,24.61,50.89,23.26,0,24.84,0
2026-10-01 12:16:50,22.93,50.48,12.61,0,24.84,0
2026-10-01 12:16:55,23.61,49.76,21.41,0,21.21,0
2026-10-01 12:17:00,24.35,51.62,18.46,0,27.24,0
2026-10-01 12:17:05,24.75,50.73,16.42,0,21.68,0
2026-10-01 12:17:10,24.45,55.62,20.66,0,30.66,0
2026-10-01 12:17:15,25.48,50.57,17.17,1,20.87,0
2026-10-01 12:17:20,22.94,49.59,20.51,0,27.67,0
2026-10-01 12:17:25,24.61,57.83,14.53,0,18.32,0
2026-10-01 12:17:30,23.05,50.65,15.78,0,17.1,0
2026-10-01 12:17:35,25.11,52.46,21.3,0,23.06,0
2026-10-01 12:17:40,24.42,53.35,23.2,0,17.09,0
2026-10-01 12:17:45,24.84,48.59,17.88,0,27.55,0
2026-10-01 12:17:50,23.81,55.71,8.24,0,24.92,0
2026-10-01 12:17:55,25.52,53.91,17.3,0,29.9,0
2026-10-01 12:18:00,25.33,56.68,18.11,0,24.41,0
2026-10-01 12:18:05,24.97,49.96,17.19,0,25.85,0
2026-10-01 12:18:10,24.4,52.3,19.18,1,24.06,0
2026-10-01 12:18:15,24.96,52.12,16.33,0,21.94,0
2026-10-01 12:18:20,23.93,52.79,20.94,0,23.58,0
2026-10-01 12:18:25,25.18,47.64,13.92,0,20.79,0
2026-10-01 12:18:30,25.82,52.33,22.33,0,26.36,0
2026-10-01 12:18:35,25.36,47.72,23.43,0,23.92,0
2026-10-01 12:18:40,23.92,53.08,14.8,0,24.65,0
2026-10-01 12:18:45,24.79,45.61,14.8,0,34.88,0
2026-10-01 12:18:50,23.47,46.45,19.44,0,23.59,0
2026-10-01 12:18:55,24.96,54.46,13.84,0,26.1,0
2026-10-01 12:19:00,24.86,50.36,16.28,0,24.81,0
2026-10-01 12:19:05,23.0,49.04,21.86,0,29.05,0
2026-10-01 12:19:10,23.57,55.81,20.58,0,25.83,0
2026-10-01 12:19:15,24.27,52.98,24.93,0,24.05,0
2026-10-01 12:19:20,24.26,54.62,18.6,0,33.02,0
2026-10-01 12:19:25,23.53,51.5,15.86,0,21.99,0
2026-10-01 12:19:30,24.81,60.04,18.18,0,24.32,0
2026-10-01 12:19:35,24.7,50.19,17.47,0,28.21,0
2026-10-01 12:19:40,24.34,57.23,17.52,0,22.14,0
2026-10-01 12:19:45,23.9,51.82,17.92,0,27.68,0
2026-10-01 12:19:50,25.34,47.04,14.74,0,23.32,0
2026-10-01 12:19:55,25.82,53.45,18.99,0,28.51,0
2026-10-01 12:20:00,24.11,52.94,13.07,0,28.42,0
2026-10-01 12:20:05,24.01,48.85,15.49,0,24.68,0
2026-10-01 12:20:10,24.89,49.23,17.58,1,21.5,0
2026-10-01 12:20:15,24.21,51.93,10.09,0,23.63,0
2026-10-01 12:20:20,24.39,53.05,20.69,0,24.95,0
2026-10-01 12:20:25,25.09,44.59,10.81,0,28.11,0
2026-10-01 12:20:30,22.97,55.16,20.34,0,26.12,0
2026-10-01 12:20:35,25.55,50.52,13.48,0,26.88,0
2026-10-01 12:20:40,24.56,48.0,16.58,0,26.22,0
2026-10-01 12:20:45,24.17,54.82,19.82,0,27.96,0
2026-10-01 12:20:50,24.43,51.93,25.69,0,24.3,0
2026-10-01 12:20:55,24.47,55.65,18.41,0,25.58,0
2026-10-01 12:21:00,23.12,53.31,11.06,0,25.1,0
2026-10-01 12:21:05,25.7,52.0,21.34,0,23.47,0
2026-10-01 12:21:10,24.53,51.54,17.19,0,28.54,0
2026-10-01 12:21:15,24.85,53.45,18.24,0,28.47,0
2026-10-01 12:21:20,25.26,50.76,19.95,0,29.22,0
2026-10-01 12:21:25,23.68,49.44,10.21,0,22.33,0
2026-10-01 12:21:30,24.88,53.83,18.02,0,26.23,0
2026-10-01 12:21:35,24.29,51.57,16.57,0,28.82,0
2026-10-01 12:21:40,25.18,52.1,22.28,0,30.26,0
2026-10-01 12:21:45,22.8,55.27,20.54,0,19.72,0
2026-10-01 12:21:50,24.42,51.66,12.31,0,24.99,0
2026-10-01 12:21:55,24.02,52.05,22.42,0,24.34,0
2026-10-01 12:22:00,24.85,50.2,19.57,0,30.57,0
2026-10-01 12:22:05,24.88,53.29,12.58,1,17.27,0
2026-10-01 12:22:10,23.93,53.05,18.2,0,21.33,0
2026-10-01 12:22:15,23.93,54.7,21.62,0,30.02,0
2026-10-01 12:22:20,24.41,50.26,13.75,0,23.36,0
2026-10-01 12:22:25,23.78,50.63,22.82,0,20.44,0
2026-10-01 12:22:30,25.17,54.38,12.71,0,30.29,0
2026-10-01 12:22:35,24.2,52.76,15.23,0,19.99,0
2026-10-01 12:22:40,22.17,49.28,14.7,0,28.58,0
2026-10-01 12:22:45,24.2,55.92,22.82,0,19.54,0
2026-10-01 12:22:50,23.67,46.9,16.28,0,19.95,0
2026-10-01 12:22:55,23.19,54.35,13.93,0,25.7,0
2026-10-01 12:23:00,23.51,48.2,19.56,0,22.03,0
2026-10-01 12:23:05,24.59,57.66,20.31,0,25.95,0
2026-10-01 12:23:10,25.56,47.37,20.34,0,31.31,0
2026-10-01 12:23:15,24.75,55.46,17.05,0,24.46,0
2026-10-01 12:23:20,24.01,51.76,18.89,0,30.7,0
2026-10-01 12:23:25,24.86,50.9,15.72,0,26.14,0
2026-10-01 12:23:30,24.13,52.56,23.86,0,28.35,0
2026-10-01 12:23:35,23.94,53.9,22.0,0,16.76,0
2026-10-01 12:23:40,23.58,49.29,21.79,0,27.23,0
2026-10-01 12:23:45,23.1,49.55,20.78,0,26.69,0
2026-10-01 12:23:50,24.19,53.95,19.82,0,23.74,0
2026-10-01 12:23:55,24.63,46.88,13.64,1,31.63,0
2026-10-01 12:24:00,24.42,50.25,20.22,0,23.27,0
2026-10-01 12:24:05,24.17,61.0,18.4,0,19.37,0
2026-10-01 12:24:10,23.74,49.1,22.42,0,27.74,0
2026-10-01 12:24:15,24.99,55.44,20.83,0,20.02,0
2026-10-01 12:24:20,23.45,50.24,19.93,0,25.27,0
2026-10-01 12:24:25,25.12,53.53,12.11,0,29.69,0
2026-10-01 12:24:30,23.7,53.96,17.69,0,26.74,0
2026-10-01 12:24:35,23.9,55.39,16.05,0,24.13,0
2026-10-01 12:24:40,23.33,51.4,18.88,0,23.77,0
2026-10-01 12:24:45,24.1,57.97,16.55,0,29.43,0
2026-10-01 12:24:50,25.28,50.23,17.03,0,20.73,0
2026-10-01 12:24:55,24.91,52.7,19.61,0,27.71,0
2026-10-01 12:25:00,25.28,52.74,16.49,0,32.68,0
2026-10-01 12:25:05,24.92,48.63,18.43,0,26.9,0
2026-10-01 12:25:10,23.62,51.14,12.68,0,24.17,0
2026-10-01 12:25:15,24.24,52.48,15.09,0,24.44,0
2026-10-01 12:25:20,23.88,50.7,20.3,0,23.32,0
2026-10-01 12:25:25,25.56,59.32,13.69,1,22.72,0
2026-10-01 12:25:30,23.54,49.48,22.36,0,25.41,0
2026-10-01 12:25:35,25.21,55.54,21.41,0,27.38,0
2026-10-01 12:25:40,25.21,54.57,17.06,0,30.64,0
2026-10-01 12:25:45,25.96,51.96,28.5,0,18.15,0
2026-10-01 12:25:50,24.17,49.4,22.35,0,16.46,0
2026-10-01 12:25:55,25.07,49.7,14.68,0,30.71,0
2026-10-01 12:26:00,26.33,50.45,20.61,0,25.2,0
2026-10-01 12:26:05,24.01,46.64,18.23,0,25.38,0
2026-10-01 12:26:10,23.27,48.99,15.28,0,26.75,0
2026-10-01 12:26:15,23.0,47.55,14.26,0,24.35,0
2026-10-01 12:26:20,25.07,56.04,21.48,0,31.91,0
2026-10-01 12:26:25,22.99,53.86,15.91,0,26.72,0
2026-10-01 12:26:30,24.2,54.36,17.64,0,23.43,0
2026-10-01 12:26:35,24.85,53.77,14.78,0,23.75,0
2026-10-01 12:26:40,24.65,52.5,15.38,0,24.5,0
2026-10-01 12:26:45,24.84,56.38,17.56,0,22.28,0
2026-10-01 12:26:50,24.68,50.17,19.36,1,30.91,0
2026-10-01 12:26:55,25.52,52.32,8.94,0,25.43,0
2026-10-01 12:27:00,23.74,54.24,18.06,1,20.9,0
2026-10-01 12:27:05,23.96,48.04,15.39,0,26.42,0
2026-10-01 12:27:10,23.88,61.0,22.91,0,30.04,0
2026-10-01 12:27:15,25.16,52.09,28.3,0,28.71,0
2026-10-01 12:27:20,25.22,52.43,16.74,0,22.34,0
2026-10-01 12:27:25,24.86,55.77,11.97,0,21.12,0
2026-10-01 12:27:30,25.45,54.74,18.41,0,30.0,0
2026-10-01 12:27:35,23.56,52.11,17.28,1,19.31,0
2026-10-01 12:27:40,25.83,52.39,24.9,0,26.3,0
2026-10-01 12:27:45,25.72,47.49,23.83,0,23.01,0
2026-10-01 12:27:50,25.09,50.33,21.03,0,29.6,0
2026-10-01 12:27:55,25.93,53.55,15.95,0,21.31,0
2026-10-01 12:28:00,23.17,53.33,20.37,0,22.21,0
2026-10-01 12:28:05,24.08,55.66,18.93,0,27.16,0
2026-10-01 12:28:10,23.91,51.64,18.84,0,27.78,0
2026-10-01 12:28:15,25.08,47.84,12.55,0,29.76,0
2026-10-01 12:28:20,23.66,55.17,21.72,0,26.66,0
2026-10-01 12:28:25,25.11,56.31,18.38,0,26.22,0
2026-10-01 12:28:30,25.6,54.69,17.65,0,28.67,0
2026-10-01 12:28:35,25.06,51.51,15.9,0,20.2,0
2026-10-01 12:28:40,24.73,55.13,15.22,0,21.92,0
2026-10-01 12:28:45,23.71,61.0,19.11,0,20.5,0
2026-10-01 12:28:50,23.82,52.35,11.88,0,15.6,0
2026-10-01 12:28:55,25.5,48.06,20.76,0,27.95,0
2026-10-01 12:29:00,25.12,50.24,14.31,0,30.0,0
2026-10-01 12:29:05,24.47,53.88,10.79,0,26.95,0
2026-10-01 12:29:10,24.17,47.19,24.38,0,26.33,0
2026-10-01 12:29:15,22.88,52.51,15.0,0,25.3,0
2026-10-01 12:29:20,23.64,53.14,15.47,0,25.19,0
2026-10-01 12:29:25,26.03,56.61,21.97,0,30.93,0
2026-10-01 12:29:30,23.48,55.93,24.49,1,30.42,0
2026-10-01 12:29:35,24.65,54.59,12.63,1,22.95,0
2026-10-01 12:29:40,25.31,45.51,14.65,0,28.88,0
2026-10-01 12:29:45,23.5,54.76,14.91,0,29.3,0
2026-10-01 12:29:50,24.65,54.12,21.27,0,27.28,0
2026-10-01 12:29:55,25.25,52.77,23.74,0,26.36,0
2026-10-01 12:30:00,24.51,46.81,14.22,1,26.24,0
2026-10-01 12:30:05,26.79,49.67,22.95,0,19.81,0
2026-10-01 12:30:10,23.17,48.5,15.52,0,19.5,0
2026-10-01 12:30:15,25.35,45.95,19.18,1,27.74,0
2026-10-01 12:30:20,24.36,51.99,13.55,0,21.15,0
2026-10-01 12:30:25,25.12,49.61,17.57,0,20.14,0
2026-10-01 12:30:30,24.85,59.88,17.61,0,17.74,0
2026-10-01 12:30:35,23.91,51.49,16.9,0,23.34,0
2026-10-01 12:30:40,24.68,55.88,19.35,0,26.31,0
2026-10-01 12:30:45,23.01,47.29,14.48,0,26.59,0
2026-10-01 12:30:50,24.98,50.41,14.91,0,27.98,0
2026-10-01 12:30:55,24.74,52.29,19.53,0,23.63,0
2026-10-01 12:31:00,25.01,49.28,22.7,0,25.38,0
2026-10-01 12:31:05,25.35,50.73,17.92,0,27.96,0
2026-10-01 12:31:10,24.79,51.35,19.76,0,26.62,0
2026-10-01 12:31:15,24.62,51.3,20.65,0,22.95,0
2026-10-01 12:31:20,23.8,57.57,20.91,0,26.05,0
2026-10-01 12:31:25,23.93,53.13,14.66,0,18.06,0
2026-10-01 12:31:30,25.45,53.44,15.28,0,25.0,0
2026-10-01 12:31:35,25.65,53.62,15.58,0,22.84,0
2026-10-01 12:31:40,24.31,53.84,24.75,0,30.32,0
2026-10-01 12:31:45,24.54,51.75,19.78,0,21.58,0
2026-10-01 12:31:50,23.78,51.04,19.62,0,25.41,0
2026-10-01 12:31:55,25.44,52.5,19.28,0,23.5,0
2026-10-01 12:32:00,25.03,55.47,13.38,0,23.05,0
2026-10-01 12:32:05,26.05,55.38,24.78,0,26.32,0
2026-10-01 12:32:10,23.8,51.28,19.68,1,23.54,0
2026-10-01 12:32:15,24.2,54.3,20.53,0,31.48,0
2026-10-01 12:32:20,24.69,51.42,11.82,0,18.09,0
2026-10-01 12:32:25,25.02,52.1,20.73,0,27.21,0
2026-10-01 12:32:30,24.33,50.58,16.75,0,24.7,0
2026-10-01 12:32:35,23.8,51.46,13.37,0,24.82,0
2026-10-01 12:32:40,25.21,56.02,14.66,1,26.06,0
2026-10-01 12:32:45,25.08,52.28,13.57,0,28.49,0
2026-10-01 12:32:50,23.77,52.41,13.51,0,25.93,0
2026-10-01 12:32:55,25.58,47.66,18.21,0,28.5,0
2026-10-01 12:33:00,25.44,51.07,16.65,1,25.16,0
2026-10-01 12:33:05,24.61,51.28,19.17,0,21.38,0
2026-10-01 12:33:10,24.56,49.51,23.87,0,24.69,0
2026-10-01 12:33:15,24.94,52.06,17.55,0,29.04,0
2026-10-01 12:33:20,23.81,50.71,10.14,0,23.56,0
2026-10-01 12:33:25,24.52,52.24,17.15,1,21.21,0
2026-10-01 12:33:30,22.78,52.36,22.18,0,27.17,0
2026-10-01 12:33:35,25.2,49.13,17.7,0,26.18,0
2026-10-01 12:33:40,23.25,50.8,23.35,0,22.3,0
2026-10-01 12:33:45,25.7,52.23,19.59,0,24.18,0
2026-10-01 12:33:50,24.24,55.55,11.57,0,24.36,0
2026-10-01 12:33:55,24.33,52.77,18.38,0,25.02,0
2026-10-01 12:34:00,24.0,50.01,19.04,0,27.26,0
2026-10-01 12:34:05,24.27,53.2,21.78,0,23.58,0
2026-10-01 12:34:10,25.63,57.12,24.37,0,27.44,0
2026-10-01 12:34:15,22.51,54.75,21.18,0,23.13,0
2026-10-01 12:34:20,25.52,53.64,19.54,0,30.83,0
2026-10-01 12:34:25,24.77,54.18,20.37,0,30.91,0
2026-10-01 12:34:30,23.53,56.32,17.41,1,22.0,0
2026-10-01 12:34:35,23.64,55.23,12.88,0,20.71,0
2026-10-01 12:34:40,25.84,53.7,18.15,0,28.42,0
2026-10-01 12:34:45,23.74,55.21,19.28,0,25.9,0
2026-10-01 12:34:50,23.58,48.76,13.79,0,26.93,0
2026-10-01 12:34:55,25.41,47.49,22.64,0,22.71,0
2026-10-01 12:35:00,24.77,52.47,21.52,0,24.54,0
2026-10-01 12:35:05,23.75,52.21,13.2,0,23.79,0
2026-10-01 12:35:10,24.67,50.37,22.78,0,26.06,0
2026-10-01 12:35:15,23.68,54.48,16.92,0,20.64,0
2026-10-01 12:35:20,25.38,46.41,15.28,0,24.65,0
2026-10-01 12:35:25,25.35,50.4,21.78,0,20.6,0
2026-10-01 12:35:30,24.93,50.55,17.82,0,23.2,0
2026-10-01 12:35:35,24.79,47.09,24.65,0,24.66,0
2026-10-01 12:35:40,25.91,56.48,15.01,1,26.78,0
2026-10-01 12:35:45,24.5,47.92,11.94,0,27.07,0
2026-10-01 12:35:50,23.55,50.23,17.02,0,27.66,0
2026-10-01 12:35:55,24.86,54.72,20.76,0,19.81,0
2026-10-01 12:36:00,26.17,53.94,14.75,0,29.42,0
2026-10-01 12:36:05,23.69,48.68,13.34,0,22.74,0
2026-10-01 12:36:10,24.21,54.05,18.8,1,23.0,0
2026-10-01 12:36:15,24.83,52.87,12.88,0,25.94,0
2026-10-01 12:36:20,24.46,59.0,19.07,0,23.82,0
2026-10-01 12:36:25,23.71,53.21,16.81,1,26.27,0
2026-10-01 12:36:30,25.4,51.58,19.73,0,26.92,0
2026-10-01 12:36:35,26.36,49.43,13.16,0,22.33,0
2026-10-01 12:36:40,24.66,49.77,22.54,0,24.36,0
2026-10-01 12:36:45,23.78,49.52,17.36,0,24.46,0
2026-10-01 12:36:50,23.26,56.11,20.67,0,28.35,0
2026-10-01 12:36:55,24.71,52.05,21.36,0,23.37,0
2026-10-01 12:37:00,25.38,53.7,13.95,0,23.22,0
2026-10-01 12:37:05,24.88,56.54,21.09,1,21.42,0
2026-10-01 12:37:10,24.5,44.92,13.01,1,21.82,0
2026-10-01 12:37:15,24.03,55.84,13.2,0,20.27,0
2026-10-01 12:37:20,23.63,52.17,24.87,0,22.54,0
2026-10-01 12:37:25,25.17,53.31,21.89,0,30.58,0
2026-10-01 12:37:30,25.23,49.51,25.26,0,27.42,0
2026-10-01 12:37:35,23.26,49.73,16.7,0,29.47,0
2026-10-01 12:37:40,25.77,53.47,18.36,1,21.67,0
2026-10-01 12:37:45,24.96,59.15,19.85,0,18.18,0
2026-10-01 12:37:50,25.62,55.01,17.96,0,26.11,0
2026-10-01 12:37:55,23.43,55.8,15.39,0,31.49,0
2026-10-01 12:38:00,23.41,51.42,14.86,0,23.3,0
2026-10-01 12:38:05,24.38,50.2,18.75,0,25.36,0
2026-10-01 12:38:10,24.9,49.66,14.27,0,19.51,0
2026-10-01 12:38:15,25.94,50.54,14.17,0,25.1,0
2026-10-01 12:38:20,25.06,45.84,19.38,0,24.56,0
2026-10-01 12:38:25,24.31,49.83,17.67,0,17.67,0
2026-10-01 12:38:30,23.68,50.32,21.28,1,21.37,0
2026-10-01 12:38:35,25.48,51.47,16.51,0,21.09,0
2026-10-01 12:38:40,23.73,52.4,15.97,0,19.47,0
2026-10-01 12:38:45,25.8,53.09,19.48,0,22.46,0
2026-10-01 12:38:50,24.27,51.96,15.16,0,26.78,0
2026-10-01 12:38:55,25.77,50.26,15.7,1,22.78,0
2026-10-01 12:39:00,25.04,46.11,15.84,0,29.02,0
2026-10-01 12:39:05,24.39,50.27,17.27,0,23.73,0
2026-10-01 12:39:10,24.08,49.08,24.2,0,26.14,0
2026-10-01 12:39:15,24.23,53.4,13.18,0,26.74,0
2026-10-01 12:39:20,24.84,54.73,22.53,0,30.37,0
2026-10-01 12:39:25,24.56,54.82,20.58,1,22.49,0
2026-10-01 12:39:30,24.02,54.27,23.48,0,26.55,0
2026-10-01 12:39:35,24.37,51.6,28.98,0,21.69,0
2026-10-01 12:39:40,24.56,50.43,23.01,0,31.03,0
2026-10-01 12:39:45,22.8,49.76,21.24,0,21.36,0
2026-10-01 12:39:50,24.87,47.48,13.41,0,26.34,0
2026-10-01 12:39:55,23.72,54.98,13.85,0,30.46,0
2026-10-01 12:40:00,23.58,51.48,19.26,0,20.81,0
2026-10-01 12:40:05,23.15,48.26,12.06,0,27.08,0
2026-10-01 12:40:10,23.06,49.52,20.15,0,21.53,0
2026-10-01 12:40:15,23.42,49.4,10.53,0,33.15,0
2026-10-01 12:40:20,23.93,52.13,22.03,0,18.38,0
2026-10-01 12:40:25,26.06,55.2,16.87,0,19.69,0
2026-10-01 12:40:30,24.08,50.96,18.44,0,21.07,0
2026-10-01 12:40:35,24.64,45.24,15.38,0,21.19,0
2026-10-01 12:40:40,24.82,51.43,11.36,0,26.82,0
2026-10-01 12:40:45,24.6,51.53,22.32,0,31.3,0
2026-10-01 12:40:50,24.44,51.33,22.67,1,29.04,0
2026-10-01 12:40:55,23.54,50.12,16.77,0,25.82,0
2026-10-01 12:41:00,25.66,52.65,20.32,0,25.03,0
2026-10-01 12:41:05,25.95,52.2,16.63,0,22.88,0
2026-10-01 12:41:10,23.15,51.93,19.01,0,26.37,0
2026-10-01 12:41:15,23.68,53.24,20.66,0,24.27,0
2026-10-01 12:41:20,24.28,50.71,19.94,0,25.66,0
2026-10-01 12:41:25,23.73,50.54,22.69,1,22.41,0
2026-10-01 12:41:30,24.9,56.14,19.82,0,20.79,0
2026-10-01 12:41:35,23.92,53.68,18.1,0,25.09,0
2026-10-01 12:41:40,26.23,54.48,15.34,0,25.01,0
2026-10-01 12:41:45,25.45,55.68,16.33,0,22.91,0
2026-10-01 12:41:50,24.67,53.58,20.84,0,22.32,0
2026-10-01 12:41:55,25.32,54.79,12.74,0,26.95,0
2026-10-01 12:42:00,25.38,47.26,21.87,0,26.59,0
2026-10-01 12:42:05,24.05,52.61,17.02,0,31.57,0
2026-10-01 12:42:10,23.85,51.45,15.13,0,29.83,0
2026-10-01 12:42:15,24.56,57.03,14.15,0,20.82,0
2026-10-01 12:42:20,25.19,54.78,20.36,0,24.33,0
2026-10-01 12:42:25,24.61,50.11,17.95,0,20.22,0
2026-10-01 12:42:30,23.24,53.12,23.56,0,18.56,0
2026-10-01 12:42:35,23.86,52.5,13.58,0,32.68,0
2026-10-01 12:42:40,24.44,53.36,15.98,0,30.18,0
2026-10-01 12:42:45,24.44,48.94,17.68,0,22.8,0
2026-10-01 12:42:50,26.08,53.08,15.37,0,29.35,0
2026-10-01 12:42:55,23.39,51.32,18.02,0,29.87,0
2026-10-01 12:43:00,24.9,52.85,19.12,0,18.28,0
2026-10-01 12:43:05,25.69,49.83,19.7,1,27.98,0
2026-10-01 12:43:10,26.32,50.24,23.27,0,23.28,0
2026-10-01 12:43:15,24.18,55.52,13.44,0,26.34,0
2026-10-01 12:43:20,24.89,48.85,19.18,0,35.53,0
2026-10-01 12:43:25,24.96,49.07,15.74,0,30.55,0
2026-10-01 12:43:30,24.66,51.85,19.51,0,24.55,0
2026-10-01 12:43:35,24.42,49.68,19.51,0,29.98,0
2026-10-01 12:43:40,24.85,49.34,14.55,0,18.27,0
2026-10-01 12:43:45,22.47,52.32,14.85,0,26.76,0
2026-10-01 12:43:50,25.05,47.48,19.79,0,26.85,0
2026-10-01 12:43:55,24.6,48.98,18.08,0,27.47,0
2026-10-01 12:44:00,24.32,58.16,17.23,0,23.22,0
2026-10-01 12:44:05,26.14,53.38,20.3,0,26.34,0
2026-10-01 12:44:10,23.96,49.76,20.56,0,28.0,0
2026-10-01 12:44:15,24.18,53.25,16.15,0,16.87,0
2026-10-01 12:44:20,26.09,53.7,15.02,0,23.89,0
2026-10-01 12:44:25,23.83,54.98,13.58,0,21.84,0
2026-10-01 12:44:30,24.06,51.62,18.12,0,27.32,0
2026-10-01 12:44:35,24.38,54.93,13.02,1,29.82,0
2026-10-01 12:44:40,25.17,45.88,18.35,0,22.86,0
2026-10-01 12:44:45,24.67,48.83,22.26,0,21.19,0
2026-10-01 12:44:50,23.47,52.49,16.76,0,25.41,0
2026-10-01 12:44:55,24.07,52.99,16.12,0,20.96,0
2026-10-01 12:45:00,24.01,49.26,24.99,0,24.21,0
2026-10-01 12:45:05,24.44,52.78,23.28,0,23.84,0
2026-10-01 12:45:10,24.84,50.13,15.32,0,27.03,0
2026-10-01 12:45:15,24.83,51.17,18.49,0,26.1,0
2026-10-01 12:45:20,23.08,55.07,19.15,0,25.56,0
2026-10-01 12:45:25,25.35,54.73,18.71,1,30.73,0
2026-10-01 12:45:30,24.7,49.01,24.35,0,25.94,0
2026-10-01 12:45:35,25.61,48.83,18.31,0,23.54,0
2026-10-01 12:45:40,24.86,50.77,18.83,0,23.97,0
2026-10-01 12:45:45,25.38,51.92,20.41,0,22.32,0
2026-10-01 12:45:50,24.87,50.03,22.16,0,21.43,0
2026-10-01 12:45:55,25.58,55.12,21.28,0,20.14,0
2026-10-01 12:46:00,24.92,53.04,19.88,0,28.97,0
2026-10-01 12:46:05,24.42,53.22,12.54,0,22.49,0
2026-10-01 12:46:10,26.32,48.2,16.29,0,26.11,0
2026-10-01 12:46:15,25.21,55.5,20.87,0,23.95,0
2026-10-01 12:46:20,24.96,43.54,18.88,0,24.9,0
2026-10-01 12:46:25,23.48,54.5,20.89,0,29.04,0
2026-10-01 12:46:30,23.47,54.8,24.61,0,25.62,0
2026-10-01 12:46:35,24.73,50.7,13.88,0,21.77,0
2026-10-01 12:46:40,24.62,55.82,21.98,0,23.03,0
2026-10-01 12:46:45,24.01,51.81,16.84,0,28.01,0
2026-10-01 12:46:50,24.61,52.19,21.27,0,26.69,0
2026-10-01 12:46:55,25.77,53.02,17.86,0,28.23,0
2026-10-01 12:47:00,25.06,61.0,25.44,0,24.17,0
2026-10-01 12:47:05,23.59,56.03,18.46,1,20.11,0
2026-10-01 12:47:10,24.41,54.1,15.76,1,26.77,0
2026-10-01 12:47:15,23.86,49.26,19.47,0,25.88,0
2026-10-01 12:47:20,24.19,52.43,19.13,0,25.98,0
2026-10-01 12:47:25,24.17,49.56,21.98,0,20.16,0
2026-10-01 12:47:30,24.12,54.47,19.57,0,22.76,0
2026-10-01 12:47:35,23.5,52.42,26.66,0,21.72,0
2026-10-01 12:47:40,24.4,48.63,17.61,0,26.4,0
2026-10-01 12:47:45,24.05,52.24,17.65,0,26.52,0
2026-10-01 12:47:50,22.16,49.45,15.89,0,24.85,0
2026-10-01 12:47:55,26.14,52.45,18.3,0,28.39,0
2026-10-01 12:48:00,25.37,49.42,18.81,0,30.22,0
2026-10-01 12:48:05,24.2,52.08,18.98,0,26.24,0
2026-10-01 12:48:10,24.52,54.25,18.24,0,27.35,0
2026-10-01 12:48:15,23.56,51.84,15.87,0,23.1,0
2026-10-01 12:48:20,25.86,50.83,14.91,0,22.46,0
2026-10-01 12:48:25,26.02,52.61,16.69,0,28.53,0
2026-10-01 12:48:30,24.63,54.09,22.0,0,21.94,0
2026-10-01 12:48:35,25.32,48.68,22.75,0,27.44,0
2026-10-01 12:48:40,24.64,52.78,17.73,0,31.02,0
2026-10-01 12:48:45,23.43,55.95,14.7,0,27.29,0
2026-10-01 12:48:50,24.17,53.72,17.72,0,24.72,0
2026-10-01 12:48:55,24.61,52.17,25.32,0,20.31,0
2026-10-01 12:49:00,24.14,53.92,21.5,0,25.57,0
2026-10-01 12:49:05,24.33,53.36,19.93,0,28.53,0
2026-10-01 12:49:10,24.43,54.26,21.37,0,24.37,0
2026-10-01 12:49:15,24.44,45.93,23.39,0,28.58,0
2026-10-01 12:49:20,24.54,47.34,13.96,0,26.28,0
2026-10-01 12:49:25,23.65,55.01,16.63,0,26.02,0
2026-10-01 12:49:30,23.93,47.48,16.15,0,23.89,0
2026-10-01 12:49:35,23.47,53.2,20.05,1,19.9,0
2026-10-01 12:49:40,25.28,50.94,18.56,0,23.51,0
2026-10-01 12:49:45,22.82,49.01,20.65,0,23.48,0
2026-10-01 12:49:50,25.42,53.05,16.23,0,27.01,0
2026-10-01 12:49:55,25.61,52.6,22.8,0,24.95,0
2026-10-01 12:50:00,24.26,58.33,17.76,0,28.79,0
2026-10-01 12:50:05,22.42,50.13,20.43,0,25.98,0
2026-10-01 12:50:10,24.21,56.32,22.18,0,23.23,0
2026-10-01 12:50:15,24.45,53.06,21.9,0,22.15,0
2026-10-01 12:50:20,23.69,50.02,19.26,0,22.89,0
2026-10-01 12:50:25,24.09,54.4,20.87,0,25.56,0
2026-10-01 12:50:30,25.72,53.7,24.1,0,23.7,0
2026-10-01 12:50:35,25.03,52.11,19.8,0,21.23,0
2026-10-01 12:50:40,23.76,52.8,15.45,0,28.52,0
2026-10-01 12:50:45,23.22,50.21,20.04,0,25.53,0
2026-10-01 12:50:50,24.24,49.52,17.87,0,25.96,0
2026-10-01 12:50:55,24.33,54.28,9.78,0,22.12,0
2026-10-01 12:51:00,24.9,51.33,19.62,0,21.35,0
2026-10-01 12:51:05,24.07,51.76,18.41,0,24.43,0
2026-10-01 12:51:10,24.91,52.84,22.05,0,17.9,0
2026-10-01 12:51:15,26.05,52.8,15.37,0,27.73,0
2026-10-01 12:51:20,25.15,47.71,12.73,0,22.54,0
2026-10-01 12:51:25,24.46,55.86,18.59,0,24.06,0
2026-10-01 12:51:30,24.35,52.36,19.33,0,26.49,0
2026-10-01 12:51:35,24.21,51.39,18.33,0,24.21,0
2026-10-01 12:51:40,25.44,53.29,18.07,0,20.91,0
2026-10-01 12:51:45,24.0,52.71,14.26,0,30.27,0
2026-10-01 12:51:50,24.54,54.3,17.51,0,19.64,0
2026-10-01 12:51:55,24.54,53.61,16.78,0,17.17,0
2026-10-01 12:52:00,24.1,54.15,21.75,0,28.06,0
2026-10-01 12:52:05,23.4,56.05,19.33,0,19.89,0
2026-10-01 12:52:10,24.76,54.65,17.03,0,29.38,0
2026-10-01 12:52:15,24.45,51.52,24.03,0,26.32,0
2026-10-01 12:52:20,24.9,48.63,17.06,0,25.99,0
2026-10-01 12:52:25,24.07,57.0,19.95,0,23.01,0
2026-10-01 12:52:30,25.48,51.29,17.42,0,22.11,0
2026-10-01 12:52:35,23.8,50.58,23.71,0,23.68,0
2026-10-01 12:52:40,25.87,46.79,18.3,1,21.93,0
2026-10-01 12:52:45,23.1,53.02,18.41,0,29.23,0
2026-10-01 12:52:50,24.85,52.45,17.51,0,22.4,0
2026-10-01 12:52:55,24.88,47.45,18.69,0,26.77,0
2026-10-01 12:53:00,23.86,53.36,22.2,0,28.52,0
2026-10-01 12:53:05,24.84,50.51,20.96,0,21.92,0
2026-10-01 12:53:10,25.52,60.07,18.1,0,26.32,0
2026-10-01 12:53:15,22.73,50.29,23.95,0,21.87,0
2026-10-01 12:53:20,24.9,50.69,21.06,0,24.39,0
2026-10-01 12:53:25,22.51,49.38,16.47,0,23.39,0
2026-10-01 12:53:30,23.73,55.83,13.17,0,22.57,0
2026-10-01 12:53:35,25.8,50.88,16.55,0,25.55,0
2026-10-01 12:53:40,24.03,49.83,19.45,0,20.75,0
2026-10-01 12:53:45,23.56,54.12,20.09,0,28.25,0
2026-10-01 12:53:50,24.34,47.86,22.76,0,21.21,0
2026-10-01 12:53:55,26.15,53.88,14.17,0,20.57,0
2026-10-01 12:54:00,23.03,57.34,16.46,0,24.12,0
2026-10-01 12:54:05,23.66,53.7,13.88,0,23.7,0
2026-10-01 12:54:10,25.7,53.91,13.31,0,26.24,0
2026-10-01 12:54:15,25.99,54.61,15.8,0,25.3,0
2026-10-01 12:54:20,24.42,57.13,19.28,0,19.3,0
2026-10-01 12:54:25,23.51,55.63,20.7,0,28.45,0
2026-10-01 12:54:30,26.18,53.32,14.68,0,24.03,0
2026-10-01 12:54:35,25.78,54.71,15.17,0,25.85,0
2026-10-01 12:54:40,25.04,49.34,11.77,0,32.71,0
2026-10-01 12:54:45,23.85,54.33,18.75,0,29.5,0
2026-10-01 12:54:50,24.46,48.98,15.44,0,25.74,0
2026-10-01 12:54:55,24.37,50.9,23.82,0,20.19,0
2026-10-01 12:55:00,24.76,43.0,19.43,0,20.25,0
2026-10-01 12:55:05,25.66,53.2,17.4,0,29.07,0
2026-10-01 12:55:10,25.2,50.07,15.76,0,23.59,0
2026-10-01 12:55:15,23.64,55.33,12.77,0,24.41,0
2026-10-01 12:55:20,25.6,53.17,13.21,0,20.99,0
2026-10-01 12:55:25,24.75,55.37,15.82,0,26.56,0
2026-10-01 12:55:30,25.05,48.75,15.55,0,28.99,0
2026-10-01 12:55:35,25.67,55.12,14.5,0,30.33,0
2026-10-01 12:55:40,23.61,58.32,19.32,0,23.43,0
2026-10-01 12:55:45,24.47,54.29,19.8,0,27.26,0
2026-10-01 12:55:50,24.07,54.37,16.39,0,24.67,0
2026-10-01 12:55:55,23.25,52.51,24.77,0,28.08,0
2026-10-01 12:56:00,24.78,50.43,11.89,0,24.99,0
2026-10-01 12:56:05,26.51,54.28,18.2,0,22.12,0
2026-10-01 12:56:10,23.03,47.48,17.23,0,29.62,0
2026-10-01 12:56:15,24.47,50.75,16.07,0,25.34,0
2026-10-01 12:56:20,25.01,46.69,15.56,0,23.77,0
2026-10-01 12:56:25,24.6,49.89,17.98,0,25.62,0
2026-10-01 12:56:30,24.41,53.93,17.21,0,22.42,0
2026-10-01 12:56:35,23.46,53.52,16.63,0,26.45,0
2026-10-01 12:56:40,24.69,52.15,13.45,1,24.31,0
2026-10-01 12:56:45,23.89,52.51,12.34,0,22.22,0
2026-10-01 12:56:50,22.75,46.34,16.99,0,33.32,0
2026-10-01 12:56:55,25.46,50.88,16.59,0,21.47,0
2026-10-01 12:57:00,25.27,49.96,17.31,0,26.24,0
2026-10-01 12:57:05,24.54,50.02,17.62,0,25.2,0
2026-10-01 12:57:10,24.68,53.8,16.17,0,21.41,0
2026-10-01 12:57:15,25.36,49.42,17.26,0,23.82,0
2026-10-01 12:57:20,24.68,50.19,15.01,0,20.3,0
2026-10-01 12:57:25,25.22,45.74,23.33,0,32.23,0
2026-10-01 12:57:30,24.26,51.12,15.2,0,24.06,0
2026-10-01 12:57:35,25.55,48.74,16.7,0,24.36,0
2026-10-01 12:57:40,24.76,52.24,15.47,0,31.81,0
2026-10-01 12:57:45,24.66,49.15,15.41,0,22.12,0
2026-10-01 12:57:50,23.48,52.31,18.09,1,29.53,0
2026-10-01 12:57:55,24.73,51.57,17.64,0,27.07,0
2026-10-01 12:58:00,23.83,57.02,16.39,0,18.07,0
2026-10-01 12:58:05,23.99,53.49,17.01,0,23.7,0
2026-10-01 12:58:10,23.85,46.48,15.48,0,26.53,0
2026-10-01 12:58:15,23.65,48.21,19.41,0,25.12,0
2026-10-01 12:58:20,26.2,52.17,25.19,0,25.13,0
2026-10-01 12:58:25,25.57,49.21,14.94,0,22.87,0
2026-10-01 12:58:30,26.04,43.09,19.38,0,22.5,0
2026-10-01 12:58:35,23.52,56.05,18.16,0,23.92,0
2026-10-01 12:58:40,24.56,54.16,20.34,0,31.86,0
2026-10-01 12:58:45,23.47,53.56,20.44,0,21.82,0
2026-10-01 12:58:50,23.94,50.18,18.72,0,23.31,0
2026-10-01 12:58:55,23.77,53.28,17.86,0,25.1,0
2026-10-01 12:59:00,25.49,49.89,16.48,0,19.88,0
2026-10-01 12:59:05,24.18,52.61,15.32,1,26.51,0
2026-10-01 12:59:10,25.35,49.24,17.66,0,20.49,0
2026-10-01 12:59:15,24.98,56.55,13.5,0,21.19,0
2026-10-01 12:59:20,26.34,47.29,15.92,0,21.03,0
2026-10-01 12:59:25,23.32,55.7,21.87,0,19.26,0
2026-10-01 12:59:30,25.51,52.12,18.34,0,29.44,0
2026-10-01 12:59:35,25.42,50.53,21.12,1,26.83,0
2026-10-01 12:59:40,23.72,52.5,23.14,0,28.23,0
2026-10-01 12:59:45,25.31,54.2,17.38,0,27.91,0
2026-10-01 12:59:50,24.77,56.1,18.73,0,24.41,0
2026-10-01 12:59:55,24.32,52.94,16.94,0,24.9,0
2026-10-01 13:00:00,23.84,49.33,15.16,0,28.55,0
2026-10-01 13:00:05,23.92,52.17,14.66,0,30.73,0
2026-10-01 13:00:10,26.14,57.45,20.95,0,20.6,0
2026-10-01 13:00:15,24.5,56.04,18.73,0,33.82,0
2026-10-01 13:00:20,25.13,54.73,24.46,0,20.4,0
2026-10-01 13:00:25,23.87,54.39,21.4,0,23.38,0
2026-10-01 13:00:30,23.88,54.1,15.44,0,25.26,0
2026-10-01 13:00:35,25.37,55.48,20.94,0,25.58,0
2026-10-01 13:00:40,23.42,50.63,16.93,0,31.87,0
2026-10-01 13:00:45,24.17,47.93,22.26,0,28.54,0
2026-10-01 13:00:50,24.53,52.21,16.3,0,26.44,0
2026-10-01 13:00:55,24.59,49.55,14.32,0,28.62,0
2026-10-01 13:01:00,24.36,48.83,15.21,1,26.21,0
2026-10-01 13:01:05,24.82,49.84,15.39,0,22.64,0
2026-10-01 13:01:10,25.05,59.46,15.06,0,26.7,0
2026-10-01 13:01:15,25.09,52.41,16.0,0,25.24,0
2026-10-01 13:01:20,23.71,53.09,21.0,0,22.05,0
2026-10-01 13:01:25,24.27,48.33,24.29,0,29.42,0
2026-10-01 13:01:30,25.46,46.47,13.34,0,24.81,0
2026-10-01 13:01:35,25.22,49.54,22.42,0,21.08,0
2026-10-01 13:01:40,23.4,56.31,16.33,0,21.63,0
2026-10-01 13:01:45,24.78,53.0,19.22,0,26.87,0
2026-10-01 13:01:50,22.92,53.8,12.21,0,28.67,0
2026-10-01 13:01:55,24.54,54.22,19.83,0,26.69,0
2026-10-01 13:02:00,26.02,50.23,10.98,0,26.7,0
2026-10-01 13:02:05,23.74,56.16,19.1,0,22.16,0
2026-10-01 13:02:10,23.83,50.1,18.9,0,25.33,0
2026-10-01 13:02:15,25.11,56.22,18.67,0,23.84,0
2026-10-01 13:02:20,23.27,53.33,15.43,0,24.32,0
2026-10-01 13:02:25,23.99,46.63,19.92,0,24.61,0
2026-10-01 13:02:30,24.98,49.76,19.37,0,22.69,0
2026-10-01 13:02:35,23.99,46.65,17.27,0,27.63,0
2026-10-01 13:02:40,24.31,55.49,20.35,0,21.47,0
2026-10-01 13:02:45,25.1,51.93,17.67,0,20.45,0
2026-10-01 13:02:50,24.84,45.31,19.85,0,22.25,0
2026-10-01 13:02:55,24.71,53.13,17.56,0,28.09,0
2026-10-01 13:03:00,24.23,50.39,18.76,0,26.19,0
2026-10-01 13:03:05,24.8,47.55,20.01,0,18.76,0
2026-10-01 13:03:10,24.4,57.03,16.61,0,27.09,0
2026-10-01 13:03:15,24.87,52.32,13.68,0,24.83,0
2026-10-01 13:03:20,24.1,51.12,18.97,0,23.54,0
2026-10-01 13:03:25,24.35,50.8,22.16,0,24.15,0
2026-10-01 13:03:30,23.71,47.46,19.05,0,20.33,0
2026-10-01 13:03:35,24.47,48.09,19.11,0,25.61,0
2026-10-01 13:03:40,23.85,55.85,17.85,0,20.56,0
2026-10-01 13:03:45,23.61,50.58,20.59,0,23.77,0
2026-10-01 13:03:50,24.71,52.07,17.35,0,23.78,0
2026-10-01 13:03:55,24.67,45.87,16.41,0,27.69,0
2026-10-01 13:04:00,25.13,48.05,21.87,0,25.14,0
2026-10-01 13:04:05,24.16,53.83,16.14,0,27.47,0
2026-10-01 13:04:10,24.83,53.13,21.11,0,20.81,0
2026-10-01 13:04:15,24.94,57.26,21.87,0,24.62,0
2026-10-01 13:04:20,24.86,56.03,19.98,0,26.86,0
2026-10-01 13:04:25,23.84,51.31,13.63,0,29.35,0
2026-10-01 13:04:30,24.62,53.42,18.1,0,21.01,0
2026-10-01 13:04:35,24.79,51.05,17.29,0,22.06,0
2026-10-01 13:04:40,24.51,58.16,16.26,0,26.77,0
2026-10-01 13:04:45,22.83,55.45,18.5,0,30.64,0
2026-10-01 13:04:50,24.63,52.51,20.69,0,26.0,0
2026-10-01 13:04:55,26.27,52.6,16.4,0,21.12,0
2026-10-01 13:05:00,24.21,56.33,17.4,0,21.18,0
2026-10-01 13:05:05,23.92,53.74,17.16,0,25.47,0
2026-10-01 13:05:10,24.8,56.68,22.07,0,26.25,0
2026-10-01 13:05:15,24.75,45.42,17.1,0,24.23,0
2026-10-01 13:05:20,25.45,53.38,13.68,0,21.22,0
2026-10-01 13:05:25,23.49,50.45,12.49,0,28.85,0
2026-10-01 13:05:30,25.09,57.27,19.27,0,23.78,0
2026-10-01 13:05:35,24.97,56.64,15.34,0,26.84,0
2026-10-01 13:05:40,24.39,52.1,20.34,0,18.79,0
2026-10-01 13:05:45,24.77,56.61,13.34,0,29.2,0
2026-10-01 13:05:50,25.32,57.35,16.11,0,22.6,0
2026-10-01 13:05:55,25.2,52.22,13.34,0,29.71,0
2026-10-01 13:06:00,23.59,59.42,19.52,0,27.14,0
2026-10-01 13:06:05,25.16,51.91,20.27,1,20.0,0
2026-10-01 13:06:10,24.45,51.36,19.19,0,25.86,0
2026-10-01 13:06:15,24.56,54.6,14.2,0,30.8,0
2026-10-01 13:06:20,24.56,50.94,15.39,0,22.91,0
2026-10-01 13:06:25,24.38,52.26,18.82,0,30.8,0
2026-10-01 13:06:30,25.45,56.23,12.09,0,26.35,0
2026-10-01 13:06:35,24.43,52.06,17.16,0,29.69,0
2026-10-01 13:06:40,23.6,46.91,23.31,0,25.56,0
2026-10-01 13:06:45,24.19,53.1,17.37,0,24.57,0
2026-10-01 13:06:50,24.64,49.91,12.79,0,31.43,0
2026-10-01 13:06:55,25.48,54.6,15.87,0,27.52,0
2026-10-01 13:07:00,24.98,54.09,15.79,0,24.18,0
2026-10-01 13:07:05,23.82,56.41,25.49,0,26.48,0
2026-10-01 13:07:10,26.49,54.72,23.83,1,23.02,0
2026-10-01 13:07:15,24.71,55.27,20.56,0,25.38,0
2026-10-01 13:07:20,25.52,49.99,16.8,0,29.18,0
2026-10-01 13:07:25,24.38,54.41,22.2,0,24.43,0
2026-10-01 13:07:30,24.93,57.91,14.03,0,21.94,0
2026-10-01 13:07:35,25.17,49.93,21.77,0,21.62,0
2026-10-01 13:07:40,25.47,57.4,21.25,0,25.26,0
2026-10-01 13:07:45,25.35,50.35,17.47,1,22.17,0
2026-10-01 13:07:50,25.2,49.44,21.99,0,19.99,0
2026-10-01 13:07:55,24.25,52.89,16.43,0,20.8,0
2026-10-01 13:08:00,24.04,54.15,13.57,0,29.11,0
2026-10-01 13:08:05,24.77,54.74,21.42,0,24.5,0
2026-10-01 13:08:10,25.25,49.11,17.7,0,25.2,0
2026-10-01 13:08:15,24.32,53.3,20.11,0,21.62,0
2026-10-01 13:08:20,25.35,49.94,24.37,0,22.96,0
2026-10-01 13:08:25,25.66,47.53,15.47,0,22.85,0
2026-10-01 13:08:30,23.77,49.21,17.5,0,24.03,0
2026-10-01 13:08:35,23.83,49.75,23.49,1,19.2,0
2026-10-01 13:08:40,24.39,53.56,20.34,0,28.81,0
2026-10-01 13:08:45,24.75,55.46,15.55,0,24.94,0
2026-10-01 13:08:50,24.08,47.58,14.66,0,25.71,0
2026-10-01 13:08:55,25.58,53.06,16.15,0,28.2,0
2026-10-01 13:09:00,24.84,48.47,15.42,0,27.93,0
2026-10-01 13:09:05,24.53,53.89,18.83,0,22.99,0
2026-10-01 13:09:10,23.35,50.13,18.27,0,27.12,0
2026-10-01 13:09:15,23.45,48.85,18.98,0,27.08,0
2026-10-01 13:09:20,24.72,54.4,15.06,0,26.11,0
2026-10-01 13:09:25,22.79,50.24,17.75,0,28.71,0
2026-10-01 13:09:30,25.31,51.05,10.81,0,27.8,0
2026-10-01 13:09:35,24.37,45.34,18.51,0,27.55,0
2026-10-01 13:09:40,27.09,54.84,22.11,0,29.78,0
2026-10-01 13:09:45,26.35,54.46,13.01,0,25.1,0
2026-10-01 13:09:50,24.35,52.02,19.69,0,25.2,0
2026-10-01 13:09:55,24.41,47.42,15.86,0,27.87,0
2026-10-01 13:10:00,25.3,55.63,20.81,0,24.38,0
2026-10-01 13:10:05,25.86,50.0,18.56,0,26.69,0
2026-10-01 13:10:10,23.19,50.64,19.42,1,23.04,0
2026-10-01 13:10:15,23.07,58.94,18.23,0,17.02,0
2026-10-01 13:10:20,24.0,49.89,22.65,0,27.09,0
2026-10-01 13:10:25,24.97,54.23,19.22,0,19.58,0
2026-10-01 13:10:30,24.9,53.69,15.53,0,22.55,0
2026-10-01 13:10:35,25.36,53.17,18.35,0,27.87,0
2026-10-01 13:10:40,23.54,52.85,16.71,0,27.91,0
2026-10-01 13:10:45,22.65,53.13,18.57,0,29.11,0
2026-10-01 13:10:50,25.19,52.82,16.53,0,17.93,0
2026-10-01 13:10:55,23.84,51.84,15.63,0,26.04,0
2026-10-01 13:11:00,22.89,56.53,18.7,1,24.1,0
2026-10-01 13:11:05,24.62,48.06,18.2,0,28.46,0
2026-10-01 13:11:10,25.13,55.06,21.72,0,30.17,0
2026-10-01 13:11:15,24.4,54.47,16.55,0,20.42,0
2026-10-01 13:11:20,24.13,54.1,11.07,0,25.06,0
2026-10-01 13:11:25,24.37,55.35,16.73,0,27.91,0
2026-10-01 13:11:30,24.2,51.72,12.31,1,23.82,0
2026-10-01 13:11:35,23.42,46.39,19.45,0,31.11,0
2026-10-01 13:11:40,23.93,51.78,12.14,0,23.59,0
2026-10-01 13:11:45,24.92,49.03,14.54,0,23.95,0
2026-10-01 13:11:50,24.76,49.8,16.73,0,21.24,0
2026-10-01 13:11:55,24.63,48.27,23.4,0,25.54,0
2026-10-01 13:12:00,23.7,50.57,14.24,0,15.0,0
2026-10-01 13:12:05,24.35,50.21,18.04,0,24.13,0
2026-10-01 13:12:10,22.76,44.87,20.03,0,29.44,0
2026-10-01 13:12:15,24.64,54.1,23.19,0,20.11,0
2026-10-01 13:12:20,25.64,58.66,20.72,0,19.34,0
2026-10-01 13:12:25,23.32,53.82,21.83,0,28.91,0
2026-10-01 13:12:30,24.03,51.39,21.03,0,29.38,0
2026-10-01 13:12:35,24.76,51.84,13.77,0,20.26,0
2026-10-01 13:12:40,25.5,50.74,19.26,0,31.06,0
2026-10-01 13:12:45,24.14,52.27,20.97,0,26.51,0
2026-10-01 13:12:50,23.95,51.89,14.65,0,28.67,0
2026-10-01 13:12:55,22.92,49.48,15.97,0,22.23,0
2026-10-01 13:13:00,24.58,57.05,15.19,0,30.21,0
2026-10-01 13:13:05,26.13,47.54,20.7,1,24.06,0
2026-10-01 13:13:10,24.72,54.15,17.76,0,23.91,0
2026-10-01 13:13:15,24.48,51.7,16.88,0,26.69,0
2026-10-01 13:13:20,24.76,57.7,13.51,1,23.63,0
2026-10-01 13:13:25,24.49,53.02,17.76,0,19.68,0
2026-10-01 13:13:30,23.85,50.92,16.01,0,25.46,0
2026-10-01 13:13:35,25.16,51.26,18.85,0,23.89,0
2026-10-01 13:13:40,24.68,52.12,14.0,0,22.31,0
2026-10-01 13:13:45,24.51,48.57,18.62,0,29.34,0
2026-10-01 13:13:50,23.72,49.7,16.46,0,33.37,0
2026-10-01 13:13:55,25.54,46.65,13.63,0,21.78,0
2026-10-01 13:14:00,25.03,49.23,13.35,1,25.69,0
2026-10-01 13:14:05,24.06,52.28,13.88,0,23.61,0
2026-10-01 13:14:10,25.3,52.9,17.28,0,33.01,0
2026-10-01 13:14:15,24.1,46.06,18.42,0,26.72,0
2026-10-01 13:14:20,23.87,51.59,18.94,0,28.24,0
2026-10-01 13:14:25,23.89,53.69,19.08,1,29.14,0
2026-10-01 13:14:30,23.08,51.51,15.35,0,25.46,0
2026-10-01 13:14:35,24.88,50.1,21.7,0,24.35,0
2026-10-01 13:14:40,23.04,50.76,16.45,0,30.32,0
2026-10-01 13:14:45,23.52,50.38,19.58,0,27.72,0
2026-10-01 13:14:50,22.84,50.09,17.43,0,22.04,0
2026-10-01 13:14:55,24.43,52.52,19.31,0,22.47,0
2026-10-01 13:15:00,24.38,58.92,17.25,0,23.64,0
2026-10-01 13:15:05,24.24,49.77,19.38,0,29.06,0
2026-10-01 13:15:10,23.67,51.05,17.97,0,30.16,0
2026-10-01 13:15:15,23.56,51.84,20.85,0,32.53,0
2026-10-01 13:15:20,24.87,49.94,15.13,0,22.52,0
2026-10-01 13:15:25,24.06,55.29,11.81,1,25.49,0
2026-10-01 13:15:30,24.75,44.89,14.59,1,23.6,0
2026-10-01 13:15:35,23.79,50.41,21.74,0,24.36,0
2026-10-01 13:15:40,24.64,54.45,17.46,0,28.25,0
2026-10-01 13:15:45,25.54,51.12,18.32,0,24.84,0
2026-10-01 13:15:50,24.97,49.54,14.31,0,29.61,0
2026-10-01 13:15:55,24.17,53.32,18.23,0,23.19,0
2026-10-01 13:16:00,24.71,54.72,14.42,0,27.59,0
2026-10-01 13:16:05,24.31,52.63,14.93,0,23.45,0
2026-10-01 13:16:10,24.51,49.6,16.59,0,18.57,0
2026-10-01 13:16:15,24.24,53.37,19.56,0,21.42,0
2026-10-01 13:16:20,24.37,50.79,19.93,0,25.43,0
2026-10-01 13:16:25,24.67,54.24,20.03,0,31.73,0
2026-10-01 13:16:30,23.71,56.45,12.44,0,23.39,0
2026-10-01 13:16:35,23.69,44.18,17.98,0,24.41,0
2026-10-01 13:16:40,23.39,52.33,17.31,0,26.71,0
2026-10-01 13:16:45,23.22,46.79,12.64,0,22.9,0
2026-10-01 13:16:50,23.53,59.33,18.06,0,23.31,0
2026-10-01 13:16:55,24.63,50.6,17.12,0,25.25,0
2026-10-01 13:17:00,23.79,54.24,19.79,0,23.47,0
2026-10-01 13:17:05,24.91,51.89,18.28,0,18.76,0
2026-10-01 13:17:10,24.53,49.59,16.08,0,22.72,0
2026-10-01 13:17:15,22.93,49.23,21.24,0,27.15,0
2026-10-01 13:17:20,25.02,56.76,10.23,1,27.26,0
2026-10-01 13:17:25,25.15,54.87,17.78,0,29.68,0
2026-10-01 13:17:30,23.7,57.83,11.83,0,29.39,0
2026-10-01 13:17:35,24.84,52.17,14.81,0,21.85,0
2026-10-01 13:17:40,23.81,52.86,19.84,0,22.39,0
2026-10-01 13:17:45,24.58,51.2,13.54,0,22.55,0
2026-10-01 13:17:50,23.49,51.14,13.02,0,24.47,0
2026-10-01 13:17:55,23.07,48.87,26.34,0,22.82,0
2026-10-01 13:18:00,24.19,52.25,13.24,0,24.39,0
2026-10-01 13:18:05,24.4,49.63,23.78,0,21.95,0
2026-10-01 13:18:10,24.18,53.33,17.4,0,27.75,0
2026-10-01 13:18:15,23.55,52.51,16.16,0,21.68,0
2026-10-01 13:18:20,24.18,52.86,19.98,0,21.51,0
2026-10-01 13:18:25,24.72,57.03,22.68,0,26.82,0
2026-10-01 13:18:30,24.46,51.89,13.99,0,27.53,0
2026-10-01 13:18:35,24.65,54.27,16.21,1,24.21,0
2026-10-01 13:18:40,23.96,58.15,20.96,0,28.04,0
2026-10-01 13:18:45,25.44,55.92,19.01,0,27.79,0
2026-10-01 13:18:50,23.56,55.46,21.86,0,31.65,0
2026-10-01 13:18:55,24.89,51.08,19.8,0,27.57,0
2026-10-01 13:19:00,25.45,52.69,24.33,0,30.98,0
2026-10-01 13:19:05,24.88,48.05,18.63,0,25.22,0
2026-10-01 13:19:10,24.34,53.5,18.78,0,29.9,0
2026-10-01 13:19:15,24.08,52.82,19.13,0,29.97,0
2026-10-01 13:19:20,25.33,52.07,17.5,0,24.5,0
2026-10-01 13:19:25,23.36,55.08,20.97,0,22.59,0
2026-10-01 13:19:30,23.72,48.38,18.83,0,23.21,0
2026-10-01 13:19:35,24.18,56.9,20.76,0,26.45,0
2026-10-01 13:19:40,25.49,54.71,21.31,1,20.98,0
2026-10-01 13:19:45,24.8,51.79,19.5,0,23.41,0
2026-10-01 13:19:50,23.73,51.55,19.76,0,29.19,0
2026-10-01 13:19:55,24.25,53.44,14.46,0,27.33,0
2026-10-01 13:20:00,24.01,56.56,16.07,0,16.77,0
2026-10-01 13:20:05,23.93,52.3,20.95,0,20.34,0
2026-10-01 13:20:10,25.28,52.43,22.98,0,32.56,0
2026-10-01 13:20:15,23.4,52.05,11.21,0,29.13,0
2026-10-01 13:20:20,25.79,57.35,16.01,0,22.96,0
2026-10-01 13:20:25,25.16,50.89,18.08,0,19.79,0
2026-10-01 13:20:30,25.37,51.91,14.92,1,20.63,0
2026-10-01 13:20:35,24.13,56.39,15.12,0,26.78,0
2026-10-01 13:20:40,24.38,52.44,19.66,0,31.92,0
2026-10-01 13:20:45,23.35,55.41,23.53,0,31.7,0
2026-10-01 13:20:50,24.08,49.27,10.89,0,19.49,0
2026-10-01 13:20:55,24.89,51.38,17.4,0,23.96,0
2026-10-01 13:21:00,25.54,56.45,19.62,0,22.0,0
2026-10-01 13:21:05,23.61,49.97,20.73,0,25.48,0
2026-10-01 13:21:10,24.21,51.55,19.12,0,20.34,0
2026-10-01 13:21:15,24.38,52.77,24.16,0,23.09,0
2026-10-01 13:21:20,23.38,49.03,18.1,0,21.96,0
2026-10-01 13:21:25,24.97,50.76,22.59,0,26.83,0
2026-10-01 13:21:30,23.92,52.34,15.74,0,23.2,0
2026-10-01 13:21:35,24.34,52.14,18.2,0,23.7,0
2026-10-01 13:21:40,24.14,55.84,13.76,0,26.79,0
2026-10-01 13:21:45,23.87,56.62,21.15,0,30.75,0
2026-10-01 13:21:50,24.49,49.43,17.58,0,32.41,0
2026-10-01 13:21:55,24.33,52.33,19.25,0,26.6,0
2026-10-01 13:22:00,24.2,54.02,16.9,0,24.69,0
2026-10-01 13:22:05,23.92,56.55,20.05,0,29.61,0
2026-10-01 13:22:10,24.76,54.16,19.39,0,29.09,0
2026-10-01 13:22:15,25.82,52.87,14.52,1,28.09,0
2026-10-01 13:22:20,24.61,54.0,14.72,0,19.47,0
2026-10-01 13:22:25,25.3,54.02,17.9,0,29.23,0
2026-10-01 13:22:30,23.39,49.22,20.31,0,26.25,0
2026-10-01 13:22:35,24.63,52.58,24.52,0,21.87,0
2026-10-01 13:22:40,23.62,56.38,19.06,0,22.65,0
2026-10-01 13:22:45,23.32,51.38,21.53,0,27.04,0
2026-10-01 13:22:50,23.91,52.39,12.36,0,16.21,0
2026-10-01 13:22:55,25.45,51.27,25.05,0,24.56,0
2026-10-01 13:23:00,25.26,45.06,20.12,0,22.71,0
2026-10-01 13:23:05,24.69,52.06,17.83,0,22.35,0
2026-10-01 13:23:10,23.27,52.91,17.42,0,23.4,0
2026-10-01 13:23:15,24.34,50.46,14.12,0,19.82,0
2026-10-01 13:23:20,24.74,48.54,15.13,0,28.68,0
2026-10-01 13:23:25,24.64,49.36,24.69,1,17.55,0
2026-10-01 13:23:30,23.02,54.29,14.54,0,25.59,0
2026-10-01 13:23:35,23.79,57.92,14.47,0,22.03,0
2026-10-01 13:23:40,24.45,56.15,15.54,0,31.94,0
2026-10-01 13:23:45,24.93,47.97,13.81,0,25.08,0
2026-10-01 13:23:50,22.74,54.56,18.05,0,17.57,0
2026-10-01 13:23:55,24.37,50.01,21.81,0,26.91,0
2026-10-01 13:24:00,24.61,50.25,15.86,0,21.18,0
2026-10-01 13:24:05,25.18,50.61,13.19,0,28.45,0
2026-10-01 13:24:10,25.05,54.12,19.02,0,27.16,0
2026-10-01 13:24:15,24.97,54.88,17.8,0,30.15,0
2026-10-01 13:24:20,23.86,51.71,21.51,0,25.65,0
2026-10-01 13:24:25,22.97,51.76,16.41,0,27.87,0
2026-10-01 13:24:30,24.19,53.39,17.09,0,25.15,0
2026-10-01 13:24:35,25.3,53.7,17.48,0,22.94,0
2026-10-01 13:24:40,25.61,55.53,18.31,0,28.73,0
2026-10-01 13:24:45,25.07,48.15,16.63,0,20.69,0
2026-10-01 13:24:50,24.84,52.06,16.06,0,24.87,0
2026-10-01 13:24:55,24.8,48.8,11.52,0,23.01,0
2026-10-01 13:25:00,24.06,51.85,16.02,0,27.95,0
2026-10-01 13:25:05,24.4,51.32,20.5,0,21.69,0
2026-10-01 13:25:10,25.84,51.86,20.98,0,23.57,0
2026-10-01 13:25:15,23.75,49.6,16.35,0,25.15,0
2026-10-01 13:25:20,25.79,47.54,22.55,0,30.21,0
2026-10-01 13:25:25,24.24,45.72,17.9,0,23.14,0
2026-10-01 13:25:30,25.56,51.61,13.32,0,23.6,0
2026-10-01 13:25:35,23.37,50.71,12.22,0,20.28,0
2026-10-01 13:25:40,24.97,49.97,22.26,0,21.56,0
2026-10-01 13:25:45,23.91,55.97,16.69,0,26.45,0
2026-10-01 13:25:50,23.37,49.42,13.75,0,25.11,0
2026-10-01 13:25:55,24.67,56.25,10.09,0,25.17,0
2026-10-01 13:26:00,25.31,56.87,16.61,0,31.09,0
2026-10-01 13:26:05,23.82,46.15,19.42,0,19.15,0
2026-10-01 13:26:10,23.3,52.28,15.56,0,33.11,0
2026-10-01 13:26:15,24.43,50.8,14.31,0,29.12,0
2026-10-01 13:26:20,24.43,43.26,16.08,0,23.86,0
2026-10-01 13:26:25,24.94,47.67,22.35,0,26.37,0
2026-10-01 13:26:30,25.26,54.32,13.12,0,22.61,0
2026-10-01 13:26:35,24.45,58.06,15.75,0,26.12,0
2026-10-01 13:26:40,25.98,54.71,22.24,0,32.52,0
2026-10-01 13:26:45,24.68,52.97,19.73,0,22.74,0
2026-10-01 13:26:50,24.22,51.94,18.63,0,24.19,0
2026-10-01 13:26:55,23.21,57.05,15.73,0,22.35,0
2026-10-01 13:27:00,24.29,58.44,18.11,0,22.91,0
2026-10-01 13:27:05,24.23,50.24,16.12,0,23.59,0
2026-10-01 13:27:10,25.27,46.0,14.99,0,21.17,0
2026-10-01 13:27:15,24.87,45.71,14.22,0,24.08,0
2026-10-01 13:27:20,23.56,55.97,20.74,0,25.19,0
2026-10-01 13:27:25,24.64,51.86,17.79,0,23.59,0
2026-10-01 13:27:30,25.04,52.55,19.1,0,16.95,0
2026-10-01 13:27:35,25.72,46.63,18.53,0,24.46,0
2026-10-01 13:27:40,25.21,49.74,19.54,0,24.83,0
2026-10-01 13:27:45,25.11,51.11,17.11,0,31.64,0
2026-10-01 13:27:50,24.55,52.62,16.31,0,25.09,0
2026-10-01 13:27:55,24.81,50.8,15.15,1,28.27,0
2026-10-01 13:28:00,25.5,48.89,13.05,0,23.51,0
2026-10-01 13:28:05,23.43,49.65,14.07,0,29.54,0
2026-10-01 13:28:10,24.22,55.62,16.72,0,21.69,0
2026-10-01 13:28:15,23.88,52.73,12.39,0,26.77,0
2026-10-01 13:28:20,24.8,53.84,13.16,0,27.94,0
2026-10-01 13:28:25,25.48,49.3,21.65,0,27.43,0
2026-10-01 13:28:30,24.02,43.14,18.78,0,32.57,0
2026-10-01 13:28:35,22.59,50.43,16.42,0,22.95,0
2026-10-01 13:28:40,24.17,49.4,25.95,0,29.95,0
2026-10-01 13:28:45,25.23,53.05,12.23,0,29.04,0
2026-10-01 13:28:50,24.93,61.0,21.41,0,25.17,0
2026-10-01 13:28:55,24.84,54.09,17.61,0,31.44,0
2026-10-01 13:29:00,24.28,60.21,20.75,0,24.49,0
2026-10-01 13:29:05,23.48,53.71,18.38,0,25.08,0
2026-10-01 13:29:10,24.91,50.11,11.45,0,24.98,0
2026-10-01 13:29:15,23.83,53.04,18.33,0,20.54,0
2026-10-01 13:29:20,26.25,57.34,19.17,0,27.67,0
2026-10-01 13:29:25,24.96,57.49,10.33,0,27.12,0
2026-10-01 13:29:30,24.04,50.27,24.8,0,24.63,0
2026-10-01 13:29:35,24.01,52.76,19.09,0,31.17,0
2026-10-01 13:29:40,24.43,47.71,20.35,0,23.47,0
2026-10-01 13:29:45,24.31,54.47,13.92,0,18.95,0
2026-10-01 13:29:50,25.39,56.66,20.42,0,31.66,0
2026-10-01 13:29:55,24.65,52.12,21.81,0,28.54,0
2026-10-01 13:30:00,23.91,50.0,18.89,0,27.19,0
2026-10-01 13:30:05,26.01,53.08,17.97,0,23.81,0
2026-10-01 13:30:10,24.54,53.25,14.87,0,26.2,0
2026-10-01 13:30:15,25.12,52.24,17.24,0,20.59,0
2026-10-01 13:30:20,24.01,52.54,16.21,0,24.21,0
2026-10-01 13:30:25,24.79,51.48,20.0,1,21.84,0
2026-10-01 13:30:30,24.75,54.99,15.03,0,25.92,0
2026-10-01 13:30:35,22.99,54.21,19.98,0,28.23,0
2026-10-01 13:30:40,26.11,49.05,15.06,0,21.33,0
2026-10-01 13:30:45,25.53,48.97,17.08,1,27.54,0
2026-10-01 13:30:50,24.18,51.24,20.16,0,25.7,0
2026-10-01 13:30:55,23.62,54.21,15.54,0,27.39,0
2026-10-01 13:31:00,24.78,52.44,20.28,0,24.15,0
2026-10-01 13:31:05,24.57,50.07,19.94,0,27.46,0
2026-10-01 13:31:10,24.78,52.78,17.05,0,22.56,0
2026-10-01 13:31:15,24.65,51.01,22.07,0,19.11,0
2026-10-01 13:31:20,24.9,54.64,18.27,0,19.91,0
2026-10-01 13:31:25,25.66,53.0,21.86,0,23.24,0
2026-10-01 13:31:30,24.95,51.05,24.28,0,19.36,0
2026-10-01 13:31:35,23.66,52.69,17.16,0,30.43,0
2026-10-01 13:31:40,25.59,55.95,20.26,0,24.71,0
2026-10-01 13:31:45,25.81,50.29,15.77,0,28.22,0
2026-10-01 13:31:50,27.02,53.21,14.39,0,27.75,0
2026-10-01 13:31:55,23.6,51.79,17.32,0,25.02,0
2026-10-01 13:32:00,24.69,53.28,13.23,0,37.38,0
2026-10-01 13:32:05,22.83,50.04,14.72,0,35.25,0
2026-10-01 13:32:10,24.94,52.33,20.07,0,29.87,0
2026-10-01 13:32:15,24.06,55.32,16.2,0,21.83,0
2026-10-01 13:32:20,26.04,49.19,20.49,0,30.02,0
2026-10-01 13:32:25,23.88,48.01,19.05,0,18.88,0
2026-10-01 13:32:30,23.15,48.13,24.48,0,29.89,0
2026-10-01 13:32:35,24.12,48.49,19.84,0,16.05,0
2026-10-01 13:32:40,22.92,53.79,21.9,1,23.88,0
2026-10-01 13:32:45,25.1,47.78,19.41,0,29.23,0
2026-10-01 13:32:50,22.85,51.11,19.09,0,26.35,0
2026-10-01 13:32:55,24.52,53.85,22.08,0,19.82,0
2026-10-01 13:33:00,22.84,53.25,20.34,1,25.6,0
2026-10-01 13:33:05,24.24,50.84,18.74,0,26.35,0
2026-10-01 13:33:10,25.81,52.57,18.72,1,25.72,0
2026-10-01 13:33:15,24.79,52.32,19.88,0,23.57,0
2026-10-01 13:33:20,23.81,51.33,15.65,0,27.99,0
2026-10-01 13:33:25,24.48,51.37,15.5,0,29.01,0
2026-10-01 13:33:30,24.51,58.71,22.99,0,24.46,0
2026-10-01 13:33:35,24.88,54.43,24.53,0,30.32,0
2026-10-01 13:33:40,23.41,59.44,14.75,0,24.45,0
2026-10-01 13:33:45,24.97,50.51,15.66,0,23.29,0
2026-10-01 13:33:50,22.34,51.75,22.0,1,29.75,0
2026-10-01 13:33:55,24.0,48.0,19.87,0,29.62,0
2026-10-01 13:34:00,24.11,49.57,20.37,0,22.83,0
2026-10-01 13:34:05,25.01,57.71,21.14,0,22.32,0
2026-10-01 13:34:10,24.52,50.43,17.16,0,31.18,0
2026-10-01 13:34:15,23.38,57.76,19.15,0,24.64,0
2026-10-01 13:34:20,23.71,48.27,18.88,0,25.01,0
2026-10-01 13:34:25,24.66,48.84,15.0,0,24.12,0
2026-10-01 13:34:30,24.44,50.98,19.1,0,29.63,0
2026-10-01 13:34:35,24.04,51.81,22.33,0,32.5,0
2026-10-01 13:34:40,24.12,54.77,16.83,0,25.24,0
2026-10-01 13:34:45,25.06,53.35,18.53,0,33.46,0
2026-10-01 13:34:50,24.09,50.75,18.72,0,23.06,0
2026-10-01 13:34:55,24.43,51.6,17.0,0,24.01,0
2026-10-01 13:35:00,26.24,51.04,20.37,0,27.36,0
2026-10-01 13:35:05,23.36,49.26,15.62,0,22.14,0
2026-10-01 13:35:10,23.02,49.34,22.66,1,27.31,0
2026-10-01 13:35:15,25.13,55.08,20.19,0,23.19,0
2026-10-01 13:35:20,23.96,46.52,14.72,0,19.6,0
2026-10-01 13:35:25,24.25,56.85,23.94,0,18.9,0
2026-10-01 13:35:30,23.88,50.97,18.59,0,23.87,0
2026-10-01 13:35:35,24.29,49.68,15.47,1,26.46,0
2026-10-01 13:35:40,25.78,54.22,21.87,0,20.24,0
2026-10-01 13:35:45,25.14,56.46,19.73,0,25.63,0
2026-10-01 13:35:50,25.19,55.35,11.8,0,25.63,0
2026-10-01 13:35:55,23.37,53.51,16.16,0,24.41,0
2026-10-01 13:36:00,23.58,55.26,18.98,0,21.76,0
2026-10-01 13:36:05,22.23,46.85,10.44,0,25.84,0
2026-10-01 13:36:10,23.85,50.43,18.3,0,24.5,0
2026-10-01 13:36:15,25.27,49.27,18.55,0,28.44,0
2026-10-01 13:36:20,24.91,55.67,13.86,0,20.48,0
2026-10-01 13:36:25,24.32,50.85,18.95,0,25.4,0
2026-10-01 13:36:30,24.48,54.54,18.03,0,20.55,0
2026-10-01 13:36:35,23.95,53.61,13.83,1,24.17,0
2026-10-01 13:36:40,24.66,49.41,21.22,0,21.17,0
2026-10-01 13:36:45,25.11,50.24,20.93,1,21.79,0
2026-10-01 13:36:50,23.21,55.88,16.99,0,24.99,0
2026-10-01 13:36:55,24.74,49.67,17.3,0,23.02,0
2026-10-01 13:37:00,25.25,52.37,20.54,0,30.13,0
2026-10-01 13:37:05,24.17,49.65,17.3,0,29.13,0
2026-10-01 13:37:10,25.06,51.06,11.24,0,27.82,0
2026-10-01 13:37:15,26.75,51.86,19.7,0,27.75,0
2026-10-01 13:37:20,24.42,49.65,15.15,0,25.46,0
2026-10-01 13:37:25,24.81,49.12,16.64,0,29.57,0
2026-10-01 13:37:30,23.91,52.86,23.1,0,23.97,0
2026-10-01 13:37:35,24.65,49.47,17.53,0,32.42,0
2026-10-01 13:37:40,24.87,49.57,18.01,1,21.7,0
2026-10-01 13:37:45,24.66,49.18,19.78,0,21.05,0
2026-10-01 13:37:50,23.68,51.77,19.77,0,20.12,0
2026-10-01 13:37:55,24.67,54.83,14.78,0,20.73,0
2026-10-01 13:38:00,25.67,56.52,17.79,0,19.3,0
2026-10-01 13:38:05,24.86,49.82,18.13,0,25.75,0
2026-10-01 13:38:10,25.27,58.45,18.95,0,27.99,0
2026-10-01 13:38:15,24.31,48.99,19.01,0,25.12,0
2026-10-01 13:38:20,25.1,55.25,27.06,0,20.15,0
2026-10-01 13:38:25,24.72,49.83,13.88,0,23.36,0
2026-10-01 13:38:30,23.74,49.39,21.43,0,27.95,0
2026-10-01 13:38:35,24.75,49.77,22.14,0,23.8,0
2026-10-01 13:38:40,23.71,51.84,19.72,0,22.21,0
2026-10-01 13:38:45,23.99,53.74,15.72,0,19.7,0
2026-10-01 13:38:50,24.65,54.01,23.83,0,23.52,0
2026-10-01 13:38:55,24.74,49.17,10.33,0,22.54,0
2026-10-01 13:39:00,23.55,49.03,15.61,0,24.7,0
2026-10-01 13:39:05,25.34,49.25,22.1,0,26.67,0
2026-10-01 13:39:10,24.96,51.67,16.7,0,24.01,0
2026-10-01 13:39:15,23.94,51.37,23.59,0,25.65,0
2026-10-01 13:39:20,23.27,49.15,12.71,0,26.65,0
2026-10-01 13:39:25,24.38,52.81,14.11,0,20.7,0
2026-10-01 13:39:30,24.14,58.79,16.14,1,31.6,0
2026-10-01 13:39:35,24.59,50.49,19.46,0,22.41,0
2026-10-01 13:39:40,24.21,50.7,17.22,0,26.81,0
2026-10-01 13:39:45,22.89,53.68,16.28,0,21.02,0
2026-10-01 13:39:50,24.19,50.32,22.97,0,25.39,0
2026-10-01 13:39:55,24.26,54.01,23.3,0,25.51,0
2026-10-01 13:40:00,25.01,49.84,16.55,0,30.81,0
2026-10-01 13:40:05,23.94,57.5,12.02,1,24.19,0
2026-10-01 13:40:10,25.84,53.03,10.45,0,29.55,0
2026-10-01 13:40:15,22.97,50.14,18.84,1,26.02,0
2026-10-01 13:40:20,25.55,50.23,20.3,0,31.48,0
2026-10-01 13:40:25,24.32,50.46,18.22,0,18.77,0
2026-10-01 13:40:30,25.19,56.12,17.75,1,26.69,0
2026-10-01 13:40:35,24.56,48.19,15.18,0,15.64,0
2026-10-01 13:40:40,25.41,50.0,20.29,0,24.8,0
2026-10-01 13:40:45,24.19,50.32,23.87,0,28.57,0
2026-10-01 13:40:50,23.62,51.95,10.24,0,30.06,0
2026-10-01 13:40:55,25.64,51.19,17.73,0,27.59,0
2026-10-01 13:41:00,24.41,47.53,14.6,0,23.98,0
2026-10-01 13:41:05,24.68,50.8,12.78,0,26.91,0
2026-10-01 13:41:10,25.49,51.7,14.05,0,33.81,0
2026-10-01 13:41:15,23.67,50.12,19.33,0,25.26,0
2026-10-01 13:41:20,24.98,54.06,19.42,0,28.36,0
2026-10-01 13:41:25,24.03,54.76,23.11,0,23.5,0
2026-10-01 13:41:30,24.39,51.76,18.03,0,28.75,0
2026-10-01 13:41:35,24.56,52.69,11.85,0,28.17,0
2026-10-01 13:41:40,23.3,45.52,17.17,0,22.86,0
2026-10-01 13:41:45,23.88,50.74,13.15,0,27.72,0
2026-10-01 13:41:50,25.58,55.01,13.78,0,27.89,0
2026-10-01 13:41:55,25.21,50.73,20.03,0,27.59,0
2026-10-01 13:42:00,24.45,49.79,18.68,0,24.86,0
2026-10-01 13:42:05,24.69,58.83,20.06,0,29.3,0
2026-10-01 13:42:10,24.26,57.46,16.75,0,21.73,0
2026-10-01 13:42:15,25.59,53.4,20.77,0,25.03,0
2026-10-01 13:42:20,24.34,55.42,16.55,0,25.39,0
2026-10-01 13:42:25,24.69,45.32,21.91,0,29.1,0
2026-10-01 13:42:30,25.42,49.64,19.21,1,21.62,0
2026-10-01 13:42:35,23.88,50.59,17.28,0,25.84,0
2026-10-01 13:42:40,25.75,51.29,18.74,0,23.28,0
2026-10-01 13:42:45,23.28,50.53,17.94,0,25.38,0
2026-10-01 13:42:50,25.8,44.35,23.59,0,26.37,0
2026-10-01 13:42:55,24.2,53.16,18.86,0,20.53,0
2026-10-01 13:43:00,24.31,53.63,17.99,0,29.42,0
2026-10-01 13:43:05,22.99,56.81,17.17,0,26.5,0
2026-10-01 13:43:10,24.14,49.64,20.95,0,21.99,0
2026-10-01 13:43:15,23.67,49.39,20.48,0,23.81,0
2026-10-01 13:43:20,24.01,43.96,17.04,0,30.23,0
2026-10-01 13:43:25,24.39,51.12,13.96,0,26.46,0
2026-10-01 13:43:30,25.27,54.7,14.84,0,21.62,0
2026-10-01 13:43:35,24.67,50.16,17.36,0,22.26,0
2026-10-01 13:43:40,24.75,58.43,22.72,0,27.19,0
2026-10-01 13:43:45,23.62,51.23,17.12,0,27.61,0
2026-10-01 13:43:50,23.8,52.44,15.92,0,26.27,0
2026-10-01 13:43:55,25.94,47.91,11.84,0,23.98,0
2026-10-01 13:44:00,23.91,52.86,23.3,0,27.83,0
2026-10-01 13:44:05,25.82,46.06,19.99,0,23.91,0
2026-10-01 13:44:10,24.31,54.08,20.79,1,22.01,0
2026-10-01 13:44:15,24.5,54.17,21.37,0,30.55,0
2026-10-01 13:44:20,25.36,56.08,17.42,1,26.71,0
2026-10-01 13:44:25,25.52,48.94,18.3,0,22.25,0
2026-10-01 13:44:30,24.41,52.48,23.21,0,25.47,0
2026-10-01 13:44:35,24.19,53.69,18.63,0,25.1,0
2026-10-01 13:44:40,24.46,53.33,20.06,0,23.78,0
2026-10-01 13:44:45,24.77,49.4,21.05,0,25.82,0
2026-10-01 13:44:50,25.21,44.82,20.25,0,21.75,0
2026-10-01 13:44:55,24.5,53.04,17.55,1,28.06,0
2026-10-01 13:45:00,25.0,51.54,17.88,0,24.98,0
2026-10-01 13:45:05,25.81,50.3,20.72,0,19.37,0
2026-10-01 13:45:10,24.81,54.29,20.72,0,24.2,0
2026-10-01 13:45:15,24.75,51.87,22.09,0,22.84,0
2026-10-01 13:45:20,23.28,48.04,19.93,0,15.0,0
2026-10-01 13:45:25,22.4,46.21,20.09,1,24.45,0
2026-10-01 13:45:30,24.81,48.61,16.44,0,28.63,0
2026-10-01 13:45:35,24.42,59.18,15.97,0,24.62,0
2026-10-01 13:45:40,24.09,54.17,20.73,0,27.48,0
2026-10-01 13:45:45,24.69,52.57,15.99,0,25.03,0
2026-10-01 13:45:50,24.45,51.46,17.93,0,23.4,0
2026-10-01 13:45:55,25.4,51.26,22.83,0,22.44,0
2026-10-01 13:46:00,24.57,55.5,22.27,0,20.51,0
2026-10-01 13:46:05,23.9,50.53,19.06,0,28.24,0
2026-10-01 13:46:10,25.29,53.73,16.96,1,27.56,0
2026-10-01 13:46:15,24.33,50.95,17.57,0,24.03,0
2026-10-01 13:46:20,24.92,57.82,21.04,0,17.92,0
2026-10-01 13:46:25,24.12,54.23,17.87,0,26.65,0
2026-10-01 13:46:30,23.98,55.74,16.05,0,21.83,0
2026-10-01 13:46:35,24.57,50.25,22.26,0,25.5,0
2026-10-01 13:46:40,24.51,55.17,18.64,0,19.61,0
2026-10-01 13:46:45,24.88,51.06,15.98,0,25.32,0
2026-10-01 13:46:50,24.29,52.33,19.68,0,24.54,0
2026-10-01 13:46:55,23.03,56.91,21.4,0,16.57,0
2026-10-01 13:47:00,24.15,48.87,14.47,0,30.66,0
2026-10-01 13:47:05,25.14,52.61,17.3,0,23.86,0
2026-10-01 13:47:10,24.26,53.31,17.14,0,24.09,0
2026-10-01 13:47:15,24.3,53.56,19.58,0,26.87,0
2026-10-01 13:47:20,25.29,50.65,20.21,0,24.82,0
2026-10-01 13:47:25,23.93,58.26,16.07,0,26.27,0
2026-10-01 13:47:30,23.27,48.12,12.78,0,20.99,0
2026-10-01 13:47:35,24.37,56.38,21.61,0,24.5,0
2026-10-01 13:47:40,24.11,55.65,14.08,0,18.32,0
2026-10-01 13:47:45,23.73,57.7,18.95,0,24.17,0
2026-10-01 13:47:50,24.36,47.24,17.54,0,30.06,0
2026-10-01 13:47:55,24.89,49.39,18.57,0,19.73,0
2026-10-01 13:48:00,24.49,56.48,23.78,0,23.77,0
2026-10-01 13:48:05,24.75,46.37,28.63,0,17.57,0
2026-10-01 13:48:10,25.95,47.18,12.28,0,25.03,0
2026-10-01 13:48:15,24.23,50.54,21.44,0,26.63,0
2026-10-01 13:48:20,24.72,52.58,17.45,0,26.34,0
2026-10-01 13:48:25,24.09,56.78,21.67,0,22.89,0
2026-10-01 13:48:30,23.82,51.44,21.35,1,17.5,0
2026-10-01 13:48:35,24.03,50.18,22.93,0,20.65,0
2026-10-01 13:48:40,24.12,52.93,19.0,0,29.4,0
2026-10-01 13:48:45,24.79,53.41,14.89,0,28.08,0
2026-10-01 13:48:50,26.38,53.32,21.25,0,24.68,0
2026-10-01 13:48:55,23.93,51.47,18.41,0,25.57,0
2026-10-01 13:49:00,24.17,46.13,17.18,0,21.4,0
2026-10-01 13:49:05,24.45,49.25,16.33,0,29.52,0
2026-10-01 13:49:10,24.82,56.26,21.52,1,22.48,0
2026-10-01 13:49:15,24.71,52.56,23.61,0,26.53,0
2026-10-01 13:49:20,25.53,51.03,13.82,1,20.35,0
2026-10-01 13:49:25,22.56,55.35,20.18,0,24.38,0
2026-10-01 13:49:30,22.59,48.61,16.7,0,29.37,0
2026-10-01 13:49:35,24.1,51.32,12.86,0,21.69,0
2026-10-01 13:49:40,25.38,52.41,18.52,0,27.62,0
2026-10-01 13:49:45,23.25,50.68,15.08,0,21.22,0
2026-10-01 13:49:50,22.09,52.3,12.48,0,21.84,0
2026-10-01 13:49:55,24.96,51.44,15.26,0,24.97,0
2026-10-01 13:50:00,24.69,47.8,14.4,0,28.4,0
2026-10-01 13:50:05,23.63,52.54,15.74,0,23.96,0
2026-10-01 13:50:10,23.71,48.01,13.36,0,27.17,0
2026-10-01 13:50:15,23.72,52.5,16.62,0,29.0,0
2026-10-01 13:50:20,24.59,56.12,15.5,0,22.3,0
2026-10-01 13:50:25,24.0,51.16,19.31,1,19.66,0
2026-10-01 13:50:30,24.9,48.49,20.08,0,23.76,0
2026-10-01 13:50:35,22.22,51.62,18.91,0,29.46,0
2026-10-01 13:50:40,23.81,49.5,17.18,0,22.16,0
2026-10-01 13:50:45,23.6,53.78,17.08,0,28.55,0
2026-10-01 13:50:50,24.29,51.56,15.07,0,24.08,0
2026-10-01 13:50:55,24.07,57.13,15.15,1,31.15,0
2026-10-01 13:51:00,25.14,55.49,20.46,0,32.86,0
2026-10-01 13:51:05,23.01,51.54,11.84,0,28.61,0
2026-10-01 13:51:10,24.54,54.15,17.72,0,19.24,0
2026-10-01 13:51:15,24.95,50.82,16.87,0,16.59,0
2026-10-01 13:51:20,25.99,52.1,20.1,0,25.21,0
2026-10-01 13:51:25,24.11,50.92,13.01,0,28.17,0
2026-10-01 13:51:30,24.76,54.3,18.04,0,26.75,0
2026-10-01 13:51:35,23.06,56.3,19.2,0,22.47,0
2026-10-01 13:51:40,22.59,54.4,11.33,1,19.8,0
2026-10-01 13:51:45,25.18,54.77,14.24,0,28.25,0
2026-10-01 13:51:50,24.5,54.77,17.68,0,31.51,0
2026-10-01 13:51:55,25.44,53.65,19.8,0,22.65,0
2026-10-01 13:52:00,23.4,48.58,18.64,0,27.89,0
2026-10-01 13:52:05,24.92,57.1,19.96,0,34.11,0
2026-10-01 13:52:10,26.0,57.41,14.22,0,24.34,0
2026-10-01 13:52:15,24.84,51.3,12.44,0,24.41,0
2026-10-01 13:52:20,24.72,50.89,18.3,0,26.96,0
2026-10-01 13:52:25,24.51,53.84,13.7,0,24.0,0
2026-10-01 13:52:30,23.24,53.65,14.97,0,29.69,0
2026-10-01 13:52:35,25.58,51.39,21.26,1,23.59,0
2026-10-01 13:52:40,24.01,48.25,18.66,0,24.89,0
2026-10-01 13:52:45,24.9,52.92,16.01,0,19.95,0
2026-10-01 13:52:50,23.25,53.65,15.56,0,24.18,0
2026-10-01 13:52:55,23.56,54.18,20.17,0,21.47,0
2026-10-01 13:53:00,25.65,53.05,18.74,0,26.21,0
2026-10-01 13:53:05,24.22,51.19,13.75,0,19.18,0
2026-10-01 13:53:10,25.66,54.98,11.18,0,28.43,0
2026-10-01 13:53:15,24.44,52.2,24.59,0,21.95,0
2026-10-01 13:53:20,23.03,50.61,13.72,0,31.24,0
2026-10-01 13:53:25,25.21,51.46,19.85,0,29.8,0
2026-10-01 13:53:30,24.03,46.76,23.29,0,26.87,0
2026-10-01 13:53:35,25.06,51.45,18.52,0,19.62,0
2026-10-01 13:53:40,24.52,54.07,15.9,0,22.8,0
2026-10-01 13:53:45,23.27,53.02,13.01,0,21.86,0
2026-10-01 13:53:50,24.63,56.56,12.96,0,22.3,0
2026-10-01 13:53:55,26.26,51.21,19.32,0,30.52,0
2026-10-01 13:54:00,24.89,53.46,23.08,0,24.47,0
2026-10-01 13:54:05,24.45,54.38,16.62,0,22.7,0
2026-10-01 13:54:10,25.36,59.03,16.05,0,22.38,0
2026-10-01 13:54:15,24.67,52.43,20.44,0,23.14,0
2026-10-01 13:54:20,24.67,48.87,15.6,0,26.86,0
2026-10-01 13:54:25,23.63,54.54,18.96,0,19.31,0
2026-10-01 13:54:30,24.69,57.6,18.15,0,25.34,0
2026-10-01 13:54:35,25.33,51.03,16.57,1,26.48,0
2026-10-01 13:54:40,23.83,54.52,17.95,0,18.93,0
2026-10-01 13:54:45,25.64,55.69,24.17,0,20.04,0
2026-10-01 13:54:50,24.43,55.05,20.12,0,24.83,0
2026-10-01 13:54:55,23.79,52.38,21.82,0,30.04,0
2026-10-01 13:55:00,25.3,49.9,14.78,0,29.21,0
2026-10-01 13:55:05,24.27,51.76,21.84,0,22.87,0
2026-10-01 13:55:10,25.11,53.38,20.24,0,29.93,0
2026-10-01 13:55:15,24.27,54.72,12.75,0,23.88,0
2026-10-01 13:55:20,24.45,53.0,19.89,0,23.85,0
2026-10-01 13:55:25,24.89,50.86,16.2,0,25.33,0
2026-10-01 13:55:30,24.73,53.67,12.59,0,27.94,0
2026-10-01 13:55:35,22.9,54.58,18.45,0,22.87,0
2026-10-01 13:55:40,23.6,53.14,19.89,0,23.61,0
2026-10-01 13:55:45,25.24,49.49,18.53,0,20.63,0
2026-10-01 13:55:50,24.39,51.46,17.62,0,26.23,0
2026-10-01 13:55:55,24.08,54.84,16.84,0,28.27,0
2026-10-01 13:56:00,23.41,47.85,26.63,0,28.48,0
2026-10-01 13:56:05,23.64,45.72,13.86,0,20.22,0
2026-10-01 13:56:10,22.88,56.52,21.06,0,23.66,0
2026-10-01 13:56:15,24.42,53.53,18.05,0,29.36,0
2026-10-01 13:56:20,24.02,53.82,15.01,0,25.81,0
2026-10-01 13:56:25,23.73,48.77,17.83,0,25.12,0
2026-10-01 13:56:30,24.45,54.21,13.12,0,25.04,0
2026-10-01 13:56:35,24.79,52.83,15.92,0,26.9,0
2026-10-01 13:56:40,26.17,47.25,17.84,0,26.0,0
2026-10-01 13:56:45,23.29,56.27,12.57,0,22.99,0
2026-10-01 13:56:50,25.43,52.48,19.77,0,28.08,0
2026-10-01 13:56:55,25.28,50.81,14.63,0,20.79,0
2026-10-01 13:57:00,23.88,50.87,12.92,0,29.63,0
2026-10-01 13:57:05,24.66,45.95,14.22,0,21.86,0
2026-10-01 13:57:10,24.13,53.78,25.62,0,26.92,0
2026-10-01 13:57:15,24.65,52.79,11.08,0,24.42,0
2026-10-01 13:57:20,25.71,51.42,19.53,0,23.33,0
2026-10-01 13:57:25,24.98,55.84,15.37,0,29.75,0
2026-10-01 13:57:30,24.91,47.85,16.77,0,27.6,0
2026-10-01 13:57:35,24.16,50.21,20.11,0,24.79,0
2026-10-01 13:57:40,23.31,49.45,19.94,0,31.11,0
2026-10-01 13:57:45,24.33,51.16,15.62,0,28.43,0
2026-10-01 13:57:50,25.47,52.2,13.25,0,22.18,0
2026-10-01 13:57:55,23.28,53.29,20.18,0,17.09,0
2026-10-01 13:58:00,23.66,50.96,19.93,0,25.37,0
2026-10-01 13:58:05,24.6,49.37,17.0,0,29.84,0
2026-10-01 13:58:10,23.71,57.06,19.55,0,27.14,0
2026-10-01 13:58:15,23.87,59.23,16.44,0,30.51,0
2026-10-01 13:58:20,24.16,52.43,15.11,0,22.91,0
2026-10-01 13:58:25,23.41,49.73,18.01,1,24.59,0
2026-10-01 13:58:30,23.72,56.43,19.82,0,24.67,0
2026-10-01 13:58:35,25.06,47.66,19.08,0,25.84,0
2026-10-01 13:58:40,23.45,51.0,19.78,0,27.69,0
2026-10-01 13:58:45,23.22,49.91,15.34,0,30.71,0
2026-10-01 13:58:50,24.0,48.52,23.54,0,31.45,0
2026-10-01 13:58:55,25.09,51.16,16.8,0,30.83,0
2026-10-01 13:59:00,24.34,49.41,17.58,0,27.34,0
2026-10-01 13:59:05,24.13,52.04,13.38,0,23.8,0
2026-10-01 13:59:10,24.54,52.08,17.32,0,25.79,0
2026-10-01 13:59:15,23.1,50.14,19.86,0,27.29,0
2026-10-01 13:59:20,24.9,50.89,20.67,0,25.47,0
2026-10-01 13:59:25,24.81,51.31,23.47,0,21.8,0
2026-10-01 13:59:30,24.17,54.43,19.82,0,23.38,0
2026-10-01 13:59:35,25.3,51.55,18.97,0,28.04,0
2026-10-01 13:59:40,23.6,54.47,16.44,0,24.14,0
2026-10-01 13:59:45,25.4,53.76,15.68,0,25.08,0
2026-10-01 13:59:50,24.62,53.71,21.4,0,24.73,0
2026-10-01 13:59:55,24.23,56.16,21.33,0,21.88,0
2026-10-01 14:00:00,24.48,48.64,14.23,0,24.4,0
2026-10-01 14:00:05,24.41,50.58,20.53,0,23.4,0
2026-10-01 14:00:10,25.48,57.29,20.28,0,22.58,0
2026-10-01 14:00:15,23.64,51.23,14.1,0,21.3,0
2026-10-01 14:00:20,23.89,43.55,19.89,0,24.65,0
2026-10-01 14:00:25,25.33,51.39,14.33,0,27.16,0
2026-10-01 14:00:30,24.02,52.4,9.5,0,28.92,0
2026-10-01 14:00:35,25.22,44.15,17.44,0,20.12,0
2026-10-01 14:00:40,25.86,56.0,18.9,0,30.62,0
2026-10-01 14:00:45,24.18,49.86,17.6,0,26.03,0
2026-10-01 14:00:50,25.05,52.99,28.03,0,21.06,0
2026-10-01 14:00:55,23.58,51.32,19.33,0,23.59,0
2026-10-01 14:01:00,25.1,48.13,18.51,0,18.43,0
2026-10-01 14:01:05,24.66,48.79,19.5,0,19.32,0
2026-10-01 14:01:10,24.88,49.19,16.46,1,31.02,0
2026-10-01 14:01:15,23.98,55.26,21.25,0,22.55,0
2026-10-01 14:01:20,23.17,51.56,19.26,0,26.88,0
2026-10-01 14:01:25,24.9,50.43,19.1,0,24.61,0
2026-10-01 14:01:30,22.85,49.2,15.82,0,25.06,0
2026-10-01 14:01:35,24.25,55.59,12.52,0,26.29,0
2026-10-01 14:01:40,25.25,56.39,16.25,0,17.71,0
2026-10-01 14:01:45,24.65,55.55,18.99,0,29.61,0
2026-10-01 14:01:50,26.06,53.48,16.44,0,24.65,0
2026-10-01 14:01:55,25.32,52.87,19.02,0,23.24,0
2026-10-01 14:02:00,23.98,48.35,17.19,0,26.64,0
2026-10-01 14:02:05,24.52,51.26,19.51,0,22.48,0
2026-10-01 14:02:10,24.46,49.95,14.58,0,25.73,0
2026-10-01 14:02:15,23.23,46.52,18.68,0,24.42,0
2026-10-01 14:02:20,23.75,55.17,15.76,0,27.49,0
2026-10-01 14:02:25,24.05,49.91,12.62,0,24.25,0
2026-10-01 14:02:30,22.87,55.59,17.42,0,21.39,0
2026-10-01 14:02:35,24.54,54.65,23.38,0,26.27,0
2026-10-01 14:02:40,24.3,53.67,12.89,0,24.05,0
2026-10-01 14:02:45,23.16,53.84,18.42,0,18.63,0
2026-10-01 14:02:50,24.82,50.15,20.79,0,25.69,0
2026-10-01 14:02:55,25.07,57.57,26.05,1,23.12,0
2026-10-01 14:03:00,24.68,52.13,16.27,0,26.21,0
2026-10-01 14:03:05,24.24,52.91,15.79,0,22.01,0
2026-10-01 14:03:10,24.97,50.05,13.92,0,20.78,0
2026-10-01 14:03:15,25.04,49.21,21.99,0,29.13,0
2026-10-01 14:03:20,24.75,53.43,14.96,0,27.95,0
2026-10-01 14:03:25,23.84,52.65,16.7,0,24.98,0
2026-10-01 14:03:30,24.72,49.63,11.53,0,26.53,0
2026-10-01 14:03:35,25.46,47.68,21.09,0,27.84,0
2026-10-01 14:03:40,24.02,48.19,22.05,0,24.96,0
2026-10-01 14:03:45,26.18,55.59,20.96,0,20.77,0
2026-10-01 14:03:50,24.08,50.16,12.38,0,26.05,0
2026-10-01 14:03:55,24.53,50.98,20.13,0,28.51,0
2026-10-01 14:04:00,23.96,56.35,12.15,1,27.08,0
2026-10-01 14:04:05,24.68,48.63,18.2,0,25.21,0
2026-10-01 14:04:10,23.11,49.82,18.72,0,26.98,0
2026-10-01 14:04:15,24.06,49.69,19.09,0,24.22,0
2026-10-01 14:04:20,23.63,56.85,19.87,0,28.65,0
2026-10-01 14:04:25,24.61,57.98,17.97,0,29.72,0
2026-10-01 14:04:30,25.3,54.25,11.13,0,20.46,0
2026-10-01 14:04:35,25.02,54.35,19.87,0,28.91,0
2026-10-01 14:04:40,22.6,50.26,18.34,0,32.83,0
2026-10-01 14:04:45,26.13,57.84,14.84,0,26.84,0
2026-10-01 14:04:50,24.74,52.8,12.51,0,28.44,0
2026-10-01 14:04:55,23.88,54.56,23.39,0,22.74,0
2026-10-01 14:05:00,24.63,51.68,22.31,0,23.24,0
2026-10-01 14:05:05,24.64,51.2,20.47,0,24.27,0
2026-10-01 14:05:10,23.97,56.99,15.63,0,23.59,0
2026-10-01 14:05:15,24.66,53.62,9.19,0,20.41,0
2026-10-01 14:05:20,24.01,56.35,20.68,0,24.4,0
2026-10-01 14:05:25,24.18,52.77,19.28,0,27.93,0
2026-10-01 14:05:30,23.95,49.45,16.69,0,20.46,0
2026-10-01 14:05:35,23.35,50.25,21.94,0,25.63,0
2026-10-01 14:05:40,24.62,52.31,20.97,0,25.52,0
2026-10-01 14:05:45,24.97,50.12,18.62,0,23.95,0
2026-10-01 14:05:50,24.91,48.68,18.12,0,26.74,0
2026-10-01 14:05:55,25.16,55.6,18.18,0,26.41,0
2026-10-01 14:06:00,24.76,50.37,20.38,0,23.7,0
2026-10-01 14:06:05,24.07,52.41,15.0,0,28.71,0
2026-10-01 14:06:10,25.17,52.89,19.49,0,26.96,0
2026-10-01 14:06:15,23.41,50.24,14.78,0,30.51,0
2026-10-01 14:06:20,23.78,56.35,22.68,0,24.77,0
2026-10-01 14:06:25,23.73,48.65,19.86,0,23.87,0
2026-10-01 14:06:30,25.36,52.78,15.59,0,24.27,0
2026-10-01 14:06:35,25.25,52.74,18.28,1,29.12,0
2026-10-01 14:06:40,24.89,51.84,15.01,0,24.48,0
2026-10-01 14:06:45,25.36,48.11,23.26,0,24.69,0
2026-10-01 14:06:50,23.8,54.61,23.68,0,31.86,0
2026-10-01 14:06:55,24.78,54.23,20.44,0,20.29,0
2026-10-01 14:07:00,24.4,49.97,23.45,0,26.25,0
2026-10-01 14:07:05,25.18,54.12,18.53,0,24.78,0
2026-10-01 14:07:10,24.41,53.12,20.67,0,24.12,0
2026-10-01 14:07:15,24.19,48.16,22.29,0,21.66,0
2026-10-01 14:07:20,24.93,49.44,17.98,0,22.68,0
2026-10-01 14:07:25,25.2,55.41,18.25,0,23.57,0
2026-10-01 14:07:30,23.97,52.93,21.27,0,26.74,0
2026-10-01 14:07:35,24.45,50.31,20.26,0,27.98,0
2026-10-01 14:07:40,23.65,49.42,15.36,0,18.77,0
2026-10-01 14:07:45,22.5,50.45,10.35,0,20.79,0
2026-10-01 14:07:50,24.66,50.67,17.39,0,26.92,0
2026-10-01 14:07:55,24.99,49.46,10.66,0,27.21,0
2026-10-01 14:08:00,24.71,46.77,14.53,0,19.88,0
2026-10-01 14:08:05,22.94,55.42,14.94,0,28.06,0
2026-10-01 14:08:10,24.22,54.91,16.01,0,24.95,0
2026-10-01 14:08:15,22.73,48.18,20.87,0,27.61,0
2026-10-01 14:08:20,25.6,52.41,21.63,0,22.02,0
2026-10-01 14:08:25,23.63,49.29,19.78,1,20.13,0
2026-10-01 14:08:30,25.5,51.22,20.21,0,23.92,0
2026-10-01 14:08:35,25.26,50.97,20.3,0,24.08,0
2026-10-01 14:08:40,23.78,50.72,9.26,0,23.88,0
2026-10-01 14:08:45,23.59,58.01,18.04,0,23.63,0
2026-10-01 14:08:50,24.78,50.68,11.71,0,30.93,0
2026-10-01 14:08:55,23.82,49.58,19.78,0,19.05,0
2026-10-01 14:09:00,24.58,49.71,10.67,0,22.04,0
2026-10-01 14:09:05,24.11,55.13,17.37,0,23.53,0
2026-10-01 14:09:10,23.08,47.04,19.92,0,25.08,0
2026-10-01 14:09:15,22.72,49.71,14.09,0,27.49,0
2026-10-01 14:09:20,24.68,56.34,21.37,0,28.03,0
2026-10-01 14:09:25,24.05,52.73,19.77,0,28.77,0
2026-10-01 14:09:30,24.06,52.58,19.33,0,26.69,0
2026-10-01 14:09:35,25.06,58.4,20.44,1,18.94,0
2026-10-01 14:09:40,25.44,52.74,16.74,0,19.17,0
2026-10-01 14:09:45,24.28,49.88,18.53,1,29.02,0
2026-10-01 14:09:50,24.23,51.15,18.04,0,28.79,0
2026-10-01 14:09:55,24.9,48.59,17.96,0,27.23,0
2026-10-01 14:10:00,23.41,55.77,15.65,0,22.13,0
2026-10-01 14:10:05,24.68,53.72,13.65,0,23.87,0
2026-10-01 14:10:10,24.94,55.37,16.82,0,23.6,0
2026-10-01 14:10:15,25.04,55.64,16.63,1,21.41,0
2026-10-01 14:10:20,22.95,50.76,15.42,0,25.91,0
2026-10-01 14:10:25,23.89,49.17,20.98,0,32.54,0
2026-10-01 14:10:30,23.8,51.84,13.9,0,23.27,0
2026-10-01 14:10:35,24.58,49.38,17.4,0,29.54,0
2026-10-01 14:10:40,24.88,52.49,22.08,1,21.9,0
2026-10-01 14:10:45,25.7,55.4,21.18,0,19.62,0
2026-10-01 14:10:50,24.1,51.5,22.26,0,28.46,0
2026-10-01 14:10:55,24.1,52.45,15.93,0,24.23,0
2026-10-01 14:11:00,25.42,51.72,20.75,0,29.45,0
2026-10-01 14:11:05,24.74,54.41,14.28,0,30.15,0
2026-10-01 14:11:10,25.51,50.0,17.03,0,24.03,0
2026-10-01 14:11:15,24.73,45.41,17.36,0,29.7,0
2026-10-01 14:11:20,23.57,53.41,15.98,0,21.93,0
2026-10-01 14:11:25,23.43,54.96,16.73,0,21.88,0
2026-10-01 14:11:30,23.26,53.34,16.27,0,28.75,0
2026-10-01 14:11:35,25.03,50.08,14.56,0,19.58,0
2026-10-01 14:11:40,25.45,48.59,21.0,0,24.99,0
2026-10-01 14:11:45,25.98,53.48,17.36,0,29.37,0
2026-10-01 14:11:50,25.17,52.42,18.71,0,29.61,0
2026-10-01 14:11:55,25.43,51.62,18.57,0,23.49,0
2026-10-01 14:12:00,24.04,57.47,18.19,1,28.53,0
2026-10-01 14:12:05,23.57,49.16,18.32,0,21.07,0
2026-10-01 14:12:10,25.18,57.33,16.93,0,22.66,0
2026-10-01 14:12:15,24.83,52.1,22.96,0,25.81,0
2026-10-01 14:12:20,24.59,46.49,20.66,0,26.32,0
2026-10-01 14:12:25,24.81,51.46,18.06,0,21.33,0
2026-10-01 14:12:30,24.76,54.88,16.44,0,31.52,0
2026-10-01 14:12:35,25.53,50.9,17.58,0,18.43,0
2026-10-01 14:12:40,25.54,47.58,19.46,1,25.19,0
2026-10-01 14:12:45,24.94,51.51,23.25,0,25.69,0
2026-10-01 14:12:50,25.18,49.43,13.19,0,18.89,0
2026-10-01 14:12:55,24.91,53.48,20.31,0,29.63,0
2026-10-01 14:13:00,24.13,54.32,21.94,0,22.41,0
2026-10-01 14:13:05,25.11,48.83,12.8,0,25.34,0
2026-10-01 14:13:10,23.38,49.88,17.37,1,26.15,0
2026-10-01 14:13:15,25.34,54.27,14.27,0,19.91,0
2026-10-01 14:13:20,23.54,49.42,19.51,0,21.25,0
2026-10-01 14:13:25,24.73,48.75,16.75,0,30.47,0
2026-10-01 14:13:30,23.82,48.46,17.54,0,24.77,0
2026-10-01 14:13:35,24.94,53.06,16.56,0,15.56,0
2026-10-01 14:13:40,24.47,52.93,20.52,0,23.94,0
2026-10-01 14:13:45,23.22,49.95,18.8,0,24.88,0
2026-10-01 14:13:50,24.84,52.02,18.81,0,25.77,0
2026-10-01 14:13:55,24.04,56.58,18.56,0,18.0,0
2026-10-01 14:14:00,25.2,49.08,20.0,0,24.9,0
2026-10-01 14:14:05,24.5,46.14,17.08,0,22.09,0
2026-10-01 14:14:10,24.82,53.37,23.95,0,25.77,0
2026-10-01 14:14:15,23.73,51.67,13.68,0,26.77,0
2026-10-01 14:14:20,24.03,49.87,11.96,0,26.4,0
2026-10-01 14:14:25,24.13,53.96,11.67,0,29.91,0
2026-10-01 14:14:30,25.19,54.52,10.72,1,32.67,0
2026-10-01 14:14:35,25.84,45.38,20.36,0,21.03,0
2026-10-01 14:14:40,23.86,50.04,19.93,0,23.66,0
2026-10-01 14:14:45,25.36,58.95,22.23,0,27.6,0
2026-10-01 14:14:50,22.76,53.75,14.3,0,24.56,0
2026-10-01 14:14:55,23.54,54.03,20.61,0,15.47,0
2026-10-01 14:15:00,23.73,55.52,18.2,0,24.33,0
2026-10-01 14:15:05,23.42,52.05,18.58,0,29.32,0
2026-10-01 14:15:10,23.23,54.39,20.19,0,20.12,0
2026-10-01 14:15:15,24.83,54.15,15.35,0,25.77,0
2026-10-01 14:15:20,24.33,53.62,27.06,0,18.32,0
2026-10-01 14:15:25,24.8,51.03,22.66,0,28.05,0
2026-10-01 14:15:30,25.05,52.52,16.14,1,25.85,0
2026-10-01 14:15:35,24.71,50.23,14.18,1,23.01,0
2026-10-01 14:15:40,25.03,52.04,17.69,1,23.54,0
2026-10-01 14:15:45,24.44,48.49,18.64,0,19.75,0
2026-10-01 14:15:50,23.55,49.63,21.73,0,28.53,0
2026-10-01 14:15:55,25.35,51.15,13.91,0,22.2,0
2026-10-01 14:16:00,24.03,49.17,19.0,0,26.75,0
2026-10-01 14:16:05,23.75,50.48,12.65,0,21.63,0
2026-10-01 14:16:10,24.36,51.51,19.53,0,32.69,0
2026-10-01 14:16:15,23.77,53.21,17.62,0,30.46,0
2026-10-01 14:16:20,24.17,54.85,24.78,0,32.26,0
2026-10-01 14:16:25,24.78,50.61,12.59,0,32.67,0
2026-10-01 14:16:30,24.78,56.01,22.8,1,22.78,0
2026-10-01 14:16:35,23.78,54.82,12.04,0,21.91,0
2026-10-01 14:16:40,24.11,53.51,13.35,0,32.09,0
2026-10-01 14:16:45,25.36,52.46,12.13,0,24.51,0
2026-10-01 14:16:50,24.9,52.96,18.88,0,27.92,0
2026-10-01 14:16:55,26.16,55.56,13.89,1,22.83,0
2026-10-01 14:17:00,25.44,55.67,13.28,0,22.89,0
2026-10-01 14:17:05,25.42,56.0,18.71,0,27.9,0
2026-10-01 14:17:10,23.39,52.12,19.58,0,18.11,0
2026-10-01 14:17:15,25.11,53.66,18.14,0,27.74,0
2026-10-01 14:17:20,24.46,56.03,17.43,0,26.84,0
2026-10-01 14:17:25,24.06,50.13,24.4,1,23.14,0
2026-10-01 14:17:30,24.63,51.04,18.51,0,25.08,0
2026-10-01 14:17:35,25.26,52.05,20.82,0,25.63,0
2026-10-01 14:17:40,24.9,54.7,18.5,0,25.83,0
2026-10-01 14:17:45,23.8,54.75,14.16,0,27.42,0
2026-10-01 14:17:50,25.09,51.31,19.92,0,22.15,0
2026-10-01 14:17:55,23.99,47.47,15.7,0,34.44,0
2026-10-01 14:18:00,24.67,52.74,17.68,0,24.28,0
2026-10-01 14:18:05,24.26,49.25,19.07,0,24.54,0
2026-10-01 14:18:10,24.32,47.53,11.21,0,31.81,0
2026-10-01 14:18:15,25.11,48.21,12.37,0,18.6,0
2026-10-01 14:18:20,23.67,52.98,21.18,0,31.77,0
2026-10-01 14:18:25,26.06,56.08,15.68,0,25.33,0
2026-10-01 14:18:30,23.04,52.12,15.84,0,23.14,0
2026-10-01 14:18:35,24.02,52.63,18.58,1,21.08,0
2026-10-01 14:18:40,24.8,55.55,16.65,0,20.56,0
2026-10-01 14:18:45,24.97,47.37,19.46,0,23.8,0
2026-10-01 14:18:50,24.42,53.56,17.82,0,25.97,0
2026-10-01 14:18:55,24.45,51.97,18.7,0,27.18,0
2026-10-01 14:19:00,24.83,53.7,15.54,1,25.93,0
2026-10-01 14:19:05,24.32,50.55,18.68,0,23.21,0
2026-10-01 14:19:10,25.61,49.55,21.87,0,29.69,0
2026-10-01 14:19:15,25.17,52.42,16.01,0,34.36,0
2026-10-01 14:19:20,25.2,56.95,21.2,0,30.23,0
2026-10-01 14:19:25,23.73,54.58,17.82,0,23.74,0
2026-10-01 14:19:30,24.44,50.48,20.57,0,26.76,0
2026-10-01 14:19:35,24.26,47.98,18.45,0,26.98,0
2026-10-01 14:19:40,23.7,46.95,17.88,0,30.61,0
2026-10-01 14:19:45,24.79,55.95,19.22,0,23.82,0
2026-10-01 14:19:50,24.07,49.13,22.25,0,21.62,0
2026-10-01 14:19:55,25.02,51.02,18.83,1,28.97,0
2026-10-01 14:20:00,23.64,55.96,19.67,0,26.42,0
2026-10-01 14:20:05,25.88,47.16,16.71,1,21.12,0
2026-10-01 14:20:10,23.78,56.48,23.5,0,27.47,0
2026-10-01 14:20:15,24.68,51.24,20.24,0,31.43,0
2026-10-01 14:20:20,25.13,48.55,18.27,0,22.57,0
2026-10-01 14:20:25,24.04,51.26,17.57,0,21.88,0
2026-10-01 14:20:30,25.18,49.83,21.42,0,25.11,0
2026-10-01 14:20:35,23.52,53.32,15.88,0,27.38,0
2026-10-01 14:20:40,25.66,50.06,11.76,0,24.74,0
2026-10-01 14:20:45,24.51,46.27,18.25,1,28.97,0
2026-10-01 14:20:50,24.02,51.34,22.17,0,25.91,0
2026-10-01 14:20:55,24.26,47.93,23.57,0,28.54,0
2026-10-01 14:21:00,25.15,52.61,17.62,0,22.48,0
2026-10-01 14:21:05,24.03,48.44,18.15,1,20.7,0
2026-10-01 14:21:10,23.9,50.54,19.82,1,23.81,0
2026-10-01 14:21:15,24.32,52.55,17.07,0,20.29,0
2026-10-01 14:21:20,23.56,51.36,19.81,0,26.43,0
2026-10-01 14:21:25,25.96,52.75,17.7,0,17.94,0
2026-10-01 14:21:30,24.05,54.04,21.54,0,23.42,0
2026-10-01 14:21:35,25.17,48.53,20.53,0,24.0,0
2026-10-01 14:21:40,24.67,51.81,20.84,0,21.34,0
2026-10-01 14:21:45,23.71,43.0,17.28,0,23.93,0
2026-10-01 14:21:50,24.5,52.74,24.74,0,25.01,0
2026-10-01 14:21:55,25.13,51.1,19.69,0,29.44,0
2026-10-01 14:22:00,24.35,49.05,18.87,0,21.36,0
2026-10-01 14:22:05,25.45,52.95,15.34,0,26.25,0
2026-10-01 14:22:10,25.32,55.52,17.66,0,26.95,0
2026-10-01 14:22:15,25.24,50.57,18.4,0,24.93,0
2026-10-01 14:22:20,24.13,49.17,15.24,1,23.26,0
2026-10-01 14:22:25,23.64,52.5,16.98,0,21.01,0
2026-10-01 14:22:30,24.01,47.99,17.42,0,31.64,0
2026-10-01 14:22:35,24.66,50.02,18.2,0,25.25,0
2026-10-01 14:22:40,24.94,55.67,11.83,1,23.9,0
2026-10-01 14:22:45,22.76,52.19,17.53,0,32.43,0
2026-10-01 14:22:50,24.49,46.36,16.68,1,25.78,0
2026-10-01 14:22:55,24.63,46.61,17.93,0,33.9,0
2026-10-01 14:23:00,24.28,52.49,21.62,0,20.04,0
2026-10-01 14:23:05,25.53,54.59,25.18,0,24.17,0
2026-10-01 14:23:10,24.84,47.15,20.37,0,20.2,0
2026-10-01 14:23:15,25.55,53.35,13.68,0,24.57,0
2026-10-01 14:23:20,24.33,55.99,16.79,0,24.56,0
2026-10-01 14:23:25,25.25,57.66,20.09,0,23.4,0
2026-10-01 14:23:30,25.81,52.99,19.69,0,25.19,0
2026-10-01 14:23:35,25.55,53.52,21.46,0,23.57,0
2026-10-01 14:23:40,23.63,45.6,17.66,0,24.61,0
2026-10-01 14:23:45,24.3,58.3,16.73,0,22.35,0
2026-10-01 14:23:50,24.22,50.27,24.13,1,30.05,0
2026-10-01 14:23:55,24.89,49.2,18.21,0,21.12,0
2026-10-01 14:24:00,25.05,51.23,14.44,0,25.74,0
2026-10-01 14:24:05,23.83,56.54,23.16,0,20.83,0
2026-10-01 14:24:10,24.55,58.62,12.76,0,22.08,0
2026-10-01 14:24:15,22.88,52.38,8.0,0,22.45,0
2026-10-01 14:24:20,25.65,54.99,20.69,0,24.54,0
2026-10-01 14:24:25,24.09,52.13,21.19,0,25.61,0
2026-10-01 14:24:30,24.54,48.89,19.45,0,21.13,0
2026-10-01 14:24:35,24.25,56.43,13.44,0,23.55,0
2026-10-01 14:24:40,25.42,50.13,17.79,0,21.53,0
2026-10-01 14:24:45,22.23,56.61,17.03,1,21.38,0
2026-10-01 14:24:50,24.49,55.9,16.12,0,28.97,0
2026-10-01 14:24:55,24.42,53.84,22.94,0,20.13,0
2026-10-01 14:25:00,24.14,57.49,14.34,1,25.26,0
2026-10-01 14:25:05,25.88,58.7,19.11,1,30.94,0
2026-10-01 14:25:10,23.79,51.47,22.18,0,29.22,0
2026-10-01 14:25:15,25.12,49.57,19.34,0,26.49,0
2026-10-01 14:25:20,24.79,46.41,22.34,0,24.94,0
2026-10-01 14:25:25,25.51,58.73,19.97,0,27.58,0
2026-10-01 14:25:30,23.97,50.68,19.5,0,26.29,0
2026-10-01 14:25:35,23.91,55.41,19.28,1,29.98,0
2026-10-01 14:25:40,25.38,49.78,20.15,0,24.53,0
2026-10-01 14:25:45,24.84,56.61,16.65,0,28.5,0
2026-10-01 14:25:50,23.26,49.9,13.44,0,23.86,0
2026-10-01 14:25:55,24.07,48.42,21.34,0,31.63,0
2026-10-01 14:26:00,24.81,51.37,22.07,0,24.43,0
2026-10-01 14:26:05,25.17,50.4,18.88,0,19.33,0
2026-10-01 14:26:10,23.96,53.79,16.08,0,25.27,0
2026-10-01 14:26:15,22.17,51.85,12.55,0,27.68,0
2026-10-01 14:26:20,24.92,53.88,18.3,0,30.7,0
2026-10-01 14:26:25,23.52,51.13,13.28,0,21.51,0
2026-10-01 14:26:30,22.89,50.0,12.79,0,18.89,0
2026-10-01 14:26:35,22.23,50.25,17.93,1,26.74,0
2026-10-01 14:26:40,25.15,58.13,15.33,0,26.63,0
2026-10-01 14:26:45,24.6,52.68,19.21,0,20.06,0
2026-10-01 14:26:50,24.32,46.05,17.44,0,23.85,0
2026-10-01 14:26:55,25.61,50.44,15.88,0,24.0,0
2026-10-01 14:27:00,25.01,52.29,12.03,0,27.88,0
2026-10-01 14:27:05,25.79,57.54,15.01,0,23.55,0
2026-10-01 14:27:10,23.39,55.09,15.14,0,23.48,0
2026-10-01 14:27:15,24.47,49.23,13.71,0,25.4,0
2026-10-01 14:27:20,23.21,59.26,16.85,0,20.18,0
2026-10-01 14:27:25,24.32,51.91,13.98,0,31.65,0
2026-10-01 14:27:30,24.3,55.74,17.43,0,28.27,0
2026-10-01 14:27:35,25.0,48.53,18.84,0,22.54,0
2026-10-01 14:27:40,24.54,44.81,15.11,0,21.09,0
2026-10-01 14:27:45,25.0,47.77,19.49,0,21.36,0
2026-10-01 14:27:50,25.06,43.0,13.24,0,27.05,0
2026-10-01 14:27:55,26.22,58.34,14.11,0,21.46,0
2026-10-01 14:28:00,24.25,52.64,17.6,0,24.13,0
2026-10-01 14:28:05,23.75,49.23,20.4,0,19.08,0
2026-10-01 14:28:10,24.7,53.36,21.04,0,26.89,0
2026-10-01 14:28:15,23.86,52.57,23.64,1,27.03,0
2026-10-01 14:28:20,25.69,53.86,16.68,0,24.35,0
2026-10-01 14:28:25,24.27,55.63,17.55,0,25.68,0
2026-10-01 14:28:30,24.05,51.13,14.39,0,27.79,0
2026-10-01 14:28:35,24.12,49.36,13.61,0,25.58,0
2026-10-01 14:28:40,25.07,54.48,18.8,0,27.73,0
2026-10-01 14:28:45,24.37,54.41,15.28,0,20.91,0
2026-10-01 14:28:50,23.99,52.3,22.31,0,26.33,0
2026-10-01 14:28:55,25.83,58.53,12.88,0,25.68,0
2026-10-01 14:29:00,23.82,50.69,19.7,0,29.21,0
2026-10-01 14:29:05,24.53,49.3,14.48,0,25.11,0
2026-10-01 14:29:10,25.02,53.25,15.13,0,24.66,0
2026-10-01 14:29:15,23.19,49.98,19.89,0,23.05,0
2026-10-01 14:29:20,24.88,53.49,15.63,0,30.22,0
2026-10-01 14:29:25,23.66,49.5,16.19,0,16.75,0
2026-10-01 14:29:30,25.16,50.8,15.16,0,26.79,0
2026-10-01 14:29:35,23.73,57.67,24.25,1,24.93,0
2026-10-01 14:29:40,25.05,50.78,15.84,0,24.36,0
2026-10-01 14:29:45,25.38,49.6,18.18,0,23.85,0
2026-10-01 14:29:50,25.19,55.51,17.29,0,24.8,0
2026-10-01 14:29:55,24.7,48.85,18.77,0,26.67,0
2026-10-01 14:30:00,24.31,49.92,15.85,0,22.22,0
2026-10-01 14:30:05,24.04,53.73,17.3,0,25.47,0
2026-10-01 14:30:10,25.68,54.82,19.38,0,26.23,0
2026-10-01 14:30:15,23.94,55.66,14.98,0,21.66,0
2026-10-01 14:30:20,23.67,49.76,21.81,0,26.76,0
2026-10-01 14:30:25,25.03,53.79,22.15,0,26.26,0
2026-10-01 14:30:30,23.86,50.6,20.12,0,22.2,0
2026-10-01 14:30:35,23.74,50.18,18.24,0,20.84,0
2026-10-01 14:30:40,23.35,55.61,8.0,0,22.16,0
2026-10-01 14:30:45,24.11,50.35,19.49,0,25.47,0
2026-10-01 14:30:50,24.43,52.83,16.63,0,24.73,0
2026-10-01 14:30:55,24.69,52.47,17.14,0,29.88,0
2026-10-01 14:31:00,25.26,48.79,11.36,0,23.72,0
2026-10-01 14:31:05,24.92,54.9,19.73,0,21.89,0
2026-10-01 14:31:10,24.35,53.68,12.93,0,27.3,0
2026-10-01 14:31:15,24.34,46.04,18.41,0,21.57,0
2026-10-01 14:31:20,24.91,52.83,21.17,0,22.23,0
2026-10-01 14:31:25,25.52,49.68,16.36,0,22.28,0
2026-10-01 14:31:30,24.6,55.29,22.26,0,15.0,0
2026-10-01 14:31:35,24.12,47.66,15.39,0,26.98,0
2026-10-01 14:31:40,23.71,50.93,20.1,0,28.29,0
2026-10-01 14:31:45,23.34,53.09,13.43,0,28.21,0
2026-10-01 14:31:50,25.03,52.16,21.61,0,31.6,0
2026-10-01 14:31:55,24.96,54.29,21.07,1,30.27,0
2026-10-01 14:32:00,24.96,47.44,19.64,0,23.83,0
2026-10-01 14:32:05,24.4,56.96,16.62,0,28.88,0
2026-10-01 14:32:10,25.63,53.58,13.09,0,24.66,0
2026-10-01 14:32:15,24.11,56.08,16.63,0,23.51,0
2026-10-01 14:32:20,25.26,54.62,21.89,0,22.36,0
2026-10-01 14:32:25,24.47,51.97,18.45,0,24.06,0
2026-10-01 14:32:30,24.01,48.15,12.56,0,26.15,0
2026-10-01 14:32:35,24.97,50.31,14.06,0,30.53,0
2026-10-01 14:32:40,24.83,56.77,22.39,0,27.55,0
2026-10-01 14:32:45,24.79,56.16,19.71,0,22.3,0
2026-10-01 14:32:50,24.57,50.14,13.68,0,21.35,0
2026-10-01 14:32:55,24.47,43.55,11.82,0,26.99,0
2026-10-01 14:33:00,26.41,51.36,15.81,0,28.16,0
2026-10-01 14:33:05,25.45,51.14,11.52,0,29.3,0
2026-10-01 14:33:10,25.08,51.25,17.45,0,24.06,0
2026-10-01 14:33:15,24.59,53.59,26.58,0,26.64,0
2026-10-01 14:33:20,25.31,54.63,12.41,0,28.0,0
2026-10-01 14:33:25,24.91,54.97,17.35,0,20.27,0
2026-10-01 14:33:30,24.52,53.34,22.59,0,25.97,0
2026-10-01 14:33:35,24.26,46.6,20.62,0,28.17,0
2026-10-01 14:33:40,24.44,50.98,17.48,0,26.79,0
2026-10-01 14:33:45,22.0,58.91,17.49,0,24.72,0
2026-10-01 14:33:50,24.67,53.12,13.95,0,34.13,0
2026-10-01 14:33:55,24.11,53.1,17.06,0,31.76,0
2026-10-01 14:34:00,25.77,53.08,18.85,0,25.03,0
2026-10-01 14:34:05,24.52,53.25,21.87,0,24.34,0
2026-10-01 14:34:10,23.55,44.85,15.83,0,27.45,0
2026-10-01 14:34:15,24.46,51.28,17.34,0,24.8,0
2026-10-01 14:34:20,23.66,51.89,14.68,0,29.45,0
2026-10-01 14:34:25,24.88,55.84,18.79,0,20.56,0
2026-10-01 14:34:30,24.73,52.14,20.74,0,24.16,0
2026-10-01 14:34:35,25.27,47.06,20.2,0,27.4,0
2026-10-01 14:34:40,23.87,53.29,13.9,0,28.51,0
2026-10-01 14:34:45,24.53,49.59,18.51,0,19.82,0
2026-10-01 14:34:50,23.41,48.35,15.63,0,21.66,0
2026-10-01 14:34:55,25.06,49.5,21.54,0,19.13,0
2026-10-01 14:35:00,24.92,53.63,17.44,0,21.94,0
2026-10-01 14:35:05,24.9,55.78,12.68,0,20.53,0
2026-10-01 14:35:10,24.5,53.45,17.23,1,26.89,0
2026-10-01 14:35:15,24.83,53.9,19.6,0,25.8,0
2026-10-01 14:35:20,25.78,53.42,18.85,0,24.46,0
2026-10-01 14:35:25,24.27,52.3,16.21,0,25.09,0
2026-10-01 14:35:30,24.61,54.09,15.95,0,29.18,0
2026-10-01 14:35:35,23.63,44.74,14.54,1,21.35,0
2026-10-01 14:35:40,23.81,52.33,16.62,0,18.24,0
2026-10-01 14:35:45,24.58,48.87,15.01,0,27.49,0
2026-10-01 14:35:50,25.38,55.49,21.4,0,23.63,0
2026-10-01 14:35:55,24.29,51.56,14.85,0,21.44,0
2026-10-01 14:36:00,24.31,52.09,18.43,0,26.94,0
2026-10-01 14:36:05,24.17,47.48,18.19,0,18.11,0
2026-10-01 14:36:10,24.07,55.05,21.31,0,22.0,0
2026-10-01 14:36:15,24.74,53.88,21.81,0,16.64,0
2026-10-01 14:36:20,23.3,53.67,20.44,0,25.91,0
2026-10-01 14:36:25,25.52,49.56,19.24,0,30.51,0
2026-10-01 14:36:30,23.97,49.68,14.33,0,22.99,0
2026-10-01 14:36:35,25.08,52.67,14.26,0,22.23,0
2026-10-01 14:36:40,23.48,49.92,15.04,0,31.25,0
2026-10-01 14:36:45,25.04,53.3,20.63,0,27.2,0
2026-10-01 14:36:50,25.04,45.52,18.26,0,33.33,0
2026-10-01 14:36:55,24.81,50.54,21.04,0,25.56,0
2026-10-01 14:37:00,23.7,57.39,21.51,0,25.79,0
2026-10-01 14:37:05,24.7,53.32,15.46,0,30.06,0
2026-10-01 14:37:10,23.55,52.5,18.11,1,24.48,0
2026-10-01 14:37:15,24.3,57.96,17.95,0,25.87,0
2026-10-01 14:37:20,25.32,44.99,16.85,0,16.53,0
2026-10-01 14:37:25,25.14,49.55,16.13,0,31.08,0
2026-10-01 14:37:30,24.51,50.8,22.15,0,26.37,0
2026-10-01 14:37:35,23.72,54.58,18.18,0,24.62,0
2026-10-01 14:37:40,25.02,54.63,18.05,0,28.18,0
2026-10-01 14:37:45,24.52,49.4,15.19,0,20.86,0
2026-10-01 14:37:50,22.64,54.99,20.36,0,23.07,0
2026-10-01 14:37:55,25.13,50.79,14.48,0,26.94,0
2026-10-01 14:38:00,24.48,55.63,19.59,0,25.15,0
2026-10-01 14:38:05,25.46,48.9,19.69,0,26.56,0
2026-10-01 14:38:10,23.62,51.63,16.56,0,25.87,0
2026-10-01 14:38:15,22.0,50.53,19.11,0,27.21,0
2026-10-01 14:38:20,24.72,55.17,18.65,0,20.38,0
2026-10-01 14:38:25,24.73,50.43,17.86,1,29.47,0
2026-10-01 14:38:30,23.15,51.87,18.05,0,23.31,0
2026-10-01 14:38:35,23.72,53.52,18.22,0,25.2,0
2026-10-01 14:38:40,26.7,53.64,18.45,1,22.9,0
2026-10-01 14:38:45,24.26,54.66,18.21,0,23.99,0
2026-10-01 14:38:50,25.08,52.63,14.14,0,25.8,0
2026-10-01 14:38:55,23.98,50.75,17.47,1,27.57,0
2026-10-01 14:39:00,22.83,50.95,18.93,1,28.15,0
2026-10-01 14:39:05,24.36,52.08,18.34,0,26.51,0
2026-10-01 14:39:10,24.29,52.75,21.34,0,22.91,0
2026-10-01 14:39:15,24.18,51.56,20.17,0,26.29,0
2026-10-01 14:39:20,24.41,52.06,14.95,0,25.84,0
2026-10-01 14:39:25,24.71,47.45,17.42,0,25.21,0
2026-10-01 14:39:30,24.38,54.0,16.91,0,26.87,0
2026-10-01 14:39:35,23.49,52.54,17.98,0,20.53,0
2026-10-01 14:39:40,24.89,55.01,17.99,0,17.91,0
2026-10-01 14:39:45,22.94,52.0,20.14,0,29.16,0
2026-10-01 14:39:50,22.86,46.78,18.62,0,24.54,0
2026-10-01 14:39:55,25.09,50.92,22.31,0,26.46,0
2026-10-01 14:40:00,24.91,51.4,18.84,0,21.96,0
2026-10-01 14:40:05,24.45,54.23,15.09,0,29.42,0
2026-10-01 14:40:10,23.38,45.79,16.36,0,26.23,0
2026-10-01 14:40:15,23.93,52.12,20.11,0,24.37,0
2026-10-01 14:40:20,24.29,53.54,12.35,0,26.0,0
2026-10-01 14:40:25,23.22,50.02,13.29,0,18.9,0
2026-10-01 14:40:30,23.91,52.22,18.04,0,26.31,0
2026-10-01 14:40:35,25.02,50.12,21.33,0,30.2,0
2026-10-01 14:40:40,25.64,49.81,22.57,0,26.1,0
2026-10-01 14:40:45,24.16,50.77,17.24,0,25.65,0
2026-10-01 14:40:50,25.11,49.87,21.71,0,23.89,0
2026-10-01 14:40:55,22.97,54.05,18.25,0,28.79,0
2026-10-01 14:41:00,25.03,49.8,12.64,0,29.31,0
2026-10-01 14:41:05,23.86,49.29,17.97,0,23.49,0
2026-10-01 14:41:10,24.75,57.3,15.83,0,26.26,0
2026-10-01 14:41:15,24.3,54.88,21.21,0,25.81,0
2026-10-01 14:41:20,25.56,46.42,17.91,0,26.41,0
2026-10-01 14:41:25,23.8,49.71,13.53,0,22.3,0
2026-10-01 14:41:30,25.0,52.73,12.75,0,29.0,0
2026-10-01 14:41:35,24.28,52.97,17.93,0,26.98,0
2026-10-01 14:41:40,24.37,47.53,9.53,0,29.21,0
2026-10-01 14:41:45,24.35,55.48,16.19,0,21.1,0
2026-10-01 14:41:50,23.82,54.48,18.81,0,21.3,0
2026-10-01 14:41:55,24.49,53.45,14.3,0,32.21,0
2026-10-01 14:42:00,24.45,56.07,21.48,0,29.01,0
2026-10-01 14:42:05,24.69,53.36,22.17,0,22.15,0
2026-10-01 14:42:10,24.57,53.35,14.44,0,28.04,0
2026-10-01 14:42:15,25.14,56.67,16.96,0,23.37,0
2026-10-01 14:42:20,25.24,55.3,21.48,0,19.05,0
2026-10-01 14:42:25,23.66,49.48,18.0,0,17.65,0
2026-10-01 14:42:30,25.2,53.9,13.12,0,24.92,0
2026-10-01 14:42:35,23.55,50.01,17.5,0,30.46,0
2026-10-01 14:42:40,24.97,53.51,15.01,0,30.32,0
2026-10-01 14:42:45,25.0,53.43,21.88,0,29.41,0
2026-10-01 14:42:50,22.97,47.85,20.12,0,27.91,0
2026-10-01 14:42:55,24.57,51.63,16.9,0,26.11,0
2026-10-01 14:43:00,24.13,52.8,18.5,0,29.03,0
2026-10-01 14:43:05,23.89,50.69,13.42,1,17.96,0
2026-10-01 14:43:10,25.58,52.94,15.36,0,28.46,0
2026-10-01 14:43:15,23.98,54.42,23.44,0,21.08,0
2026-10-01 14:43:20,23.85,51.91,18.19,0,21.81,0
2026-10-01 14:43:25,24.56,52.67,21.26,0,27.44,0
2026-10-01 14:43:30,25.05,56.15,18.81,0,28.25,0
2026-10-01 14:43:35,24.39,53.42,22.6,0,22.87,0
2026-10-01 14:43:40,25.43,52.6,11.0,0,27.26,0
2026-10-01 14:43:45,24.92,49.13,17.34,0,26.97,0
2026-10-01 14:43:50,22.76,54.01,23.76,0,23.91,0
2026-10-01 14:43:55,24.08,52.99,21.35,0,25.54,0
2026-10-01 14:44:00,24.05,55.85,22.64,0,32.28,0
2026-10-01 14:44:05,24.88,52.14,17.98,0,24.01,0
2026-10-01 14:44:10,22.4,46.55,16.12,0,24.14,0
2026-10-01 14:44:15,26.54,46.9,14.4,0,25.53,0
2026-10-01 14:44:20,24.92,54.21,14.16,0,24.36,0
2026-10-01 14:44:25,24.62,50.29,20.82,0,27.77,0
2026-10-01 14:44:30,25.45,53.31,19.8,0,30.14,0
2026-10-01 14:44:35,26.37,52.34,17.77,0,24.14,0
2026-10-01 14:44:40,25.2,51.5,19.78,0,22.0,0
2026-10-01 14:44:45,25.26,51.71,18.5,0,31.91,0
2026-10-01 14:44:50,24.6,49.4,21.37,0,25.42,0
2026-10-01 14:44:55,24.39,51.95,21.33,0,19.03,0
2026-10-01 14:45:00,24.12,50.25,14.27,1,31.52,0
2026-10-01 14:45:05,23.84,50.88,18.96,0,28.94,0
2026-10-01 14:45:10,23.95,51.03,12.16,0,30.6,0
2026-10-01 14:45:15,23.42,51.32,18.47,0,30.02,0
2026-10-01 14:45:20,24.44,54.77,20.12,0,34.26,0
2026-10-01 14:45:25,23.15,51.61,13.4,1,21.37,0
2026-10-01 14:45:30,24.65,55.07,16.54,0,22.22,0
2026-10-01 14:45:35,24.47,56.61,18.03,0,23.28,0
2026-10-01 14:45:40,24.62,54.56,18.82,0,23.18,0
2026-10-01 14:45:45,24.08,53.6,17.02,0,25.43,0
2026-10-01 14:45:50,26.96,52.98,13.9,0,23.29,0
2026-10-01 14:45:55,25.59,54.6,17.81,0,20.84,0
2026-10-01 14:46:00,23.5,52.27,12.22,0,21.94,0
2026-10-01 14:46:05,24.69,54.95,17.19,0,23.97,0
2026-10-01 14:46:10,24.01,53.84,16.46,0,29.01,0
2026-10-01 14:46:15,23.69,50.92,17.53,0,22.99,0
2026-10-01 14:46:20,23.43,54.69,16.04,0,27.83,0
2026-10-01 14:46:25,24.85,52.27,12.72,1,20.38,0
2026-10-01 14:46:30,23.95,51.68,16.72,0,15.0,0
2026-10-01 14:46:35,25.27,50.57,21.26,0,24.53,0
2026-10-01 14:46:40,25.3,52.5,22.42,0,22.86,0
2026-10-01 14:46:45,25.6,54.99,26.54,0,21.91,0
2026-10-01 14:46:50,23.82,54.67,23.92,0,21.5,0
2026-10-01 14:46:55,24.88,53.06,13.81,0,22.52,0
2026-10-01 14:47:00,25.01,53.8,16.57,0,21.54,0
2026-10-01 14:47:05,24.12,55.82,17.92,0,21.86,0
2026-10-01 14:47:10,23.88,51.55,17.7,0,20.24,0
2026-10-01 14:47:15,25.79,48.65,18.24,0,17.55,0
2026-10-01 14:47:20,24.68,55.9,26.43,0,17.27,0
2026-10-01 14:47:25,25.01,50.41,14.21,0,33.61,0
2026-10-01 14:47:30,23.84,49.93,15.5,0,24.78,0
2026-10-01 14:47:35,23.52,46.61,23.75,0,30.34,0
2026-10-01 14:47:40,24.04,53.71,15.84,0,24.38,0
2026-10-01 14:47:45,24.4,47.14,19.38,0,24.5,0
2026-10-01 14:47:50,23.65,49.75,21.62,0,26.07,0
2026-10-01 14:47:55,24.49,53.76,19.7,0,27.24,0
2026-10-01 14:48:00,23.15,54.17,18.67,0,20.64,0
2026-10-01 14:48:05,23.6,50.04,21.29,0,23.67,0
2026-10-01 14:48:10,25.04,51.6,14.87,0,26.07,0
2026-10-01 14:48:15,24.98,49.38,16.26,0,18.23,0
2026-10-01 14:48:20,24.19,50.35,19.87,0,29.54,0
2026-10-01 14:48:25,23.69,52.8,10.76,0,28.72,0
2026-10-01 14:48:30,23.68,50.5,22.96,0,17.64,0
2026-10-01 14:48:35,24.2,51.27,19.06,0,21.92,0
2026-10-01 14:48:40,25.02,47.61,18.54,0,25.37,0
2026-10-01 14:48:45,25.24,55.4,12.29,0,27.95,0
2026-10-01 14:48:50,24.1,53.53,13.5,0,30.34,0
2026-10-01 14:48:55,23.58,54.38,16.6,0,22.77,0
2026-10-01 14:49:00,24.71,55.87,20.83,0,33.18,0
2026-10-01 14:49:05,23.84,49.52,10.73,0,24.83,0
2026-10-01 14:49:10,24.09,50.92,20.76,0,24.22,0
2026-10-01 14:49:15,25.56,46.32,16.74,0,26.97,0
2026-10-01 14:49:20,25.16,61.0,17.22,0,26.09,0
2026-10-01 14:49:25,24.63,51.55,18.89,0,25.89,0
2026-10-01 14:49:30,23.48,55.12,18.94,0,31.99,0
2026-10-01 14:49:35,24.67,48.29,15.51,0,25.87,0
2026-10-01 14:49:40,25.35,54.99,20.19,0,21.56,0
2026-10-01 14:49:45,24.2,57.57,9.88,0,22.06,0
2026-10-01 14:49:50,25.58,51.82,16.42,0,30.15,0
2026-10-01 14:49:55,25.53,48.97,18.54,0,27.39,0
2026-10-01 14:50:00,25.83,51.58,16.79,0,19.55,0
2026-10-01 14:50:05,24.74,45.32,11.61,0,19.38,0
2026-10-01 14:50:10,24.97,51.89,20.65,0,25.09,0
2026-10-01 14:50:15,25.63,54.46,13.63,0,27.16,0
2026-10-01 14:50:20,24.86,51.89,17.76,0,22.63,0
2026-10-01 14:50:25,24.1,51.15,18.54,0,19.12,0
2026-10-01 14:50:30,24.14,53.58,18.07,0,21.06,0
2026-10-01 14:50:35,24.69,53.81,22.09,0,30.76,0
2026-10-01 14:50:40,23.47,47.02,17.81,0,26.74,0
2026-10-01 14:50:45,24.39,52.27,19.5,0,28.5,0
2026-10-01 14:50:50,25.38,59.31,17.8,0,29.08,0
2026-10-01 14:50:55,22.75,47.99,20.15,0,22.81,0
2026-10-01 14:51:00,25.73,51.74,22.88,0,23.69,0
2026-10-01 14:51:05,25.4,57.83,18.48,0,24.41,0
2026-10-01 14:51:10,24.13,55.31,20.74,1,26.46,0
2026-10-01 14:51:15,24.93,50.46,23.09,1,28.81,0
2026-10-01 14:51:20,24.5,52.62,22.75,0,31.54,0
2026-10-01 14:51:25,25.48,51.99,16.65,1,27.85,0
2026-10-01 14:51:30,25.29,49.76,21.63,0,27.88,0
2026-10-01 14:51:35,23.38,51.78,18.87,0,31.74,0
2026-10-01 14:51:40,24.97,51.16,21.91,0,24.28,0
2026-10-01 14:51:45,24.34,52.34,19.99,0,29.16,0
2026-10-01 14:51:50,24.57,49.75,18.96,0,27.02,0
2026-10-01 14:51:55,23.92,48.17,19.52,0,27.15,0
2026-10-01 14:52:00,25.9,51.88,18.89,1,24.25,0
2026-10-01 14:52:05,25.33,57.15,19.03,0,20.12,0
2026-10-01 14:52:10,23.91,52.25,17.44,0,26.21,0
2026-10-01 14:52:15,23.43,51.01,17.12,0,26.22,0
2026-10-01 14:52:20,24.19,54.26,24.17,0,22.99,0
2026-10-01 14:52:25,24.85,51.53,19.67,0,24.66,0
2026-10-01 14:52:30,24.69,57.6,15.99,0,21.91,0
2026-10-01 14:52:35,25.5,51.99,17.03,1,21.94,0
2026-10-01 14:52:40,25.13,54.1,21.7,1,23.32,0
2026-10-01 14:52:45,25.28,49.74,15.42,0,20.35,0
2026-10-01 14:52:50,24.76,53.51,12.81,0,22.96,0
2026-10-01 14:52:55,23.39,52.83,13.07,0,27.5,0
2026-10-01 14:53:00,24.34,51.83,11.95,0,30.1,0
2026-10-01 14:53:05,25.35,50.49,13.45,0,32.26,0
2026-10-01 14:53:10,24.46,50.09,13.87,0,23.6,0
2026-10-01 14:53:15,24.9,52.85,22.85,0,29.2,0
2026-10-01 14:53:20,24.25,53.89,17.84,0,26.18,0
2026-10-01 14:53:25,23.68,51.62,16.73,0,24.17,0
2026-10-01 14:53:30,24.4,52.86,12.95,0,26.41,0
2026-10-01 14:53:35,24.75,51.89,17.5,0,28.86,0
2026-10-01 14:53:40,23.98,52.3,11.92,0,23.26,0
2026-10-01 14:53:45,24.31,51.4,16.71,0,23.18,0
2026-10-01 14:53:50,23.75,52.05,25.23,0,23.57,0
2026-10-01 14:53:55,25.4,60.09,20.32,0,22.81,0
2026-10-01 14:54:00,24.26,52.93,17.27,0,29.2,0
2026-10-01 14:54:05,25.66,53.94,20.44,0,22.33,0
2026-10-01 14:54:10,25.72,53.31,16.17,0,22.94,0
2026-10-01 14:54:15,24.44,51.21,15.2,0,26.09,0
2026-10-01 14:54:20,23.69,55.88,23.96,0,25.81,0
2026-10-01 14:54:25,22.83,51.13,14.0,0,23.57,0
2026-10-01 14:54:30,23.32,55.17,16.76,0,30.89,0
2026-10-01 14:54:35,23.4,51.0,19.07,0,22.79,0
2026-10-01 14:54:40,25.6,49.12,14.72,0,24.4,0
2026-10-01 14:54:45,24.59,53.1,20.28,0,18.26,0
2026-10-01 14:54:50,24.81,48.69,16.93,0,23.93,0
2026-10-01 14:54:55,22.72,53.61,20.32,0,20.37,0
2026-10-01 14:55:00,23.54,48.42,20.05,0,21.79,0
2026-10-01 14:55:05,25.21,51.04,17.15,0,18.15,0
2026-10-01 14:55:10,24.73,47.7,23.99,0,21.88,0
2026-10-01 14:55:15,24.38,60.47,15.67,0,24.74,0
2026-10-01 14:55:20,24.95,47.04,22.72,0,24.15,0
2026-10-01 14:55:25,25.81,52.03,22.11,0,23.55,0
2026-10-01 14:55:30,24.32,55.43,24.2,0,23.86,0
2026-10-01 14:55:35,24.56,55.11,18.61,0,23.23,0
2026-10-01 14:55:40,24.65,54.55,15.24,0,24.88,0
2026-10-01 14:55:45,26.41,51.05,25.27,0,24.61,0
2026-10-01 14:55:50,22.82,56.05,16.83,0,25.96,0
2026-10-01 14:55:55,25.05,54.74,15.15,0,24.3,0
2026-10-01 14:56:00,24.41,52.64,17.34,0,23.48,0
2026-10-01 14:56:05,24.95,52.72,14.56,0,27.72,0
2026-10-01 14:56:10,23.97,51.09,19.84,0,27.11,0
2026-10-01 14:56:15,24.46,49.27,15.88,0,24.89,0
2026-10-01 14:56:20,25.07,55.71,16.99,0,29.18,0
2026-10-01 14:56:25,26.99,55.94,21.39,1,25.29,0
2026-10-01 14:56:30,25.15,49.35,20.18,0,24.44,0
2026-10-01 14:56:35,23.82,51.54,18.05,0,24.76,0
2026-10-01 14:56:40,24.16,51.57,18.6,0,25.58,0
2026-10-01 14:56:45,24.14,51.9,18.04,0,21.79,0
2026-10-01 14:56:50,23.06,52.19,16.49,0,18.44,0
2026-10-01 14:56:55,24.24,54.84,17.99,0,25.99,0
2026-10-01 14:57:00,25.09,49.76,19.72,0,27.92,0
2026-10-01 14:57:05,23.48,49.46,17.56,0,21.5,0
2026-10-01 14:57:10,25.34,55.71,19.47,0,28.76,0
2026-10-01 14:57:15,24.89,50.61,15.07,1,19.24,0
2026-10-01 14:57:20,23.91,48.21,15.89,1,23.04,0
2026-10-01 14:57:25,24.39,50.54,15.43,0,30.97,0
2026-10-01 14:57:30,25.78,51.01,16.02,0,26.25,0
2026-10-01 14:57:35,25.09,56.66,22.51,0,23.94,0
2026-10-01 14:57:40,24.51,54.77,20.54,0,25.88,0
2026-10-01 14:57:45,24.31,55.44,14.23,0,29.19,0
2026-10-01 14:57:50,24.56,54.46,19.53,0,19.94,0
2026-10-01 14:57:55,24.09,54.84,16.63,0,29.61,0
2026-10-01 14:58:00,22.82,49.94,15.61,0,23.28,0
2026-10-01 14:58:05,26.13,51.4,12.8,0,27.48,0
2026-10-01 14:58:10,24.62,49.03,21.4,0,22.85,0
2026-10-01 14:58:15,24.82,51.37,13.23,0,30.89,0
2026-10-01 14:58:20,24.45,54.05,17.82,0,24.89,0
2026-10-01 14:58:25,23.91,52.4,14.69,0,20.35,0
2026-10-01 14:58:30,24.35,55.93,20.72,0,26.65,0
2026-10-01 14:58:35,23.22,48.58,16.83,0,29.55,0
2026-10-01 14:58:40,26.32,53.5,17.53,0,29.16,0
2026-10-01 14:58:45,23.51,48.26,17.65,0,25.33,0
2026-10-01 14:58:50,23.67,52.28,19.06,0,27.84,0
2026-10-01 14:58:55,24.15,54.22,18.05,0,23.52,0
2026-10-01 14:59:00,25.53,51.36,17.85,0,27.07,0
2026-10-01 14:59:05,24.51,53.65,16.19,0,26.27,0
2026-10-01 14:59:10,23.51,49.12,12.49,0,15.0,0
2026-10-01 14:59:15,25.5,47.01,14.09,0,21.5,0
2026-10-01 14:59:20,25.08,53.67,20.51,0,25.73,0
2026-10-01 14:59:25,24.93,57.23,16.93,0,25.58,0
2026-10-01 14:59:30,25.07,49.01,15.68,0,24.9,0
2026-10-01 14:59:35,26.42,55.67,13.08,0,25.31,0
2026-10-01 14:59:40,26.25,52.13,11.98,0,29.23,0
2026-10-01 14:59:45,23.95,47.99,15.54,0,26.24,0
2026-10-01 14:59:50,25.8,48.61,21.11,0,16.84,0
2026-10-01 14:59:55,24.81,52.05,16.05,1,31.82,0
2026-10-01 15:00:00,24.9,50.79,19.4,0,18.33,0
2026-10-01 15:00:05,23.15,48.06,15.89,0,28.35,0
2026-10-01 15:00:10,24.36,46.92,20.24,0,19.52,0
2026-10-01 15:00:15,23.85,49.46,16.77,0,29.98,0
2026-10-01 15:00:20,25.16,52.58,13.69,0,24.03,0
2026-10-01 15:00:25,25.36,51.98,17.06,0,26.34,0
2026-10-01 15:00:30,22.84,50.5,24.42,0,18.05,0
2026-10-01 15:00:35,24.48,52.61,24.26,0,27.55,0
2026-10-01 15:00:40,25.4,55.12,19.7,0,26.46,0
2026-10-01 15:00:45,24.35,53.18,17.52,0,27.16,0
2026-10-01 15:00:50,25.08,51.64,19.06,0,28.32,0
2026-10-01 15:00:55,24.78,54.78,19.11,0,25.62,0
2026-10-01 15:01:00,24.77,49.12,17.86,0,24.26,0
2026-10-01 15:01:05,24.28,51.33,19.54,0,22.16,0
2026-10-01 15:01:10,23.53,51.4,18.73,0,23.45,0
2026-10-01 15:01:15,23.6,48.29,16.89,0,29.22,0
2026-10-01 15:01:20,25.07,50.74,13.82,0,22.07,0
2026-10-01 15:01:25,24.52,45.78,16.39,0,18.55,0
2026-10-01 15:01:30,24.39,57.74,20.8,0,21.54,0
2026-10-01 15:01:35,24.16,49.19,17.89,0,27.12,0
2026-10-01 15:01:40,24.26,56.76,19.05,0,23.94,0
2026-10-01 15:01:45,25.34,52.11,17.01,0,27.12,0
2026-10-01 15:01:50,24.23,53.69,14.29,0,18.0,0
2026-10-01 15:01:55,23.43,50.53,17.16,0,15.0,0
2026-10-01 15:02:00,25.09,52.62,14.42,0,25.92,0
2026-10-01 15:02:05,24.34,53.95,14.2,0,28.52,0
2026-10-01 15:02:10,24.53,53.99,22.22,0,19.01,0
2026-10-01 15:02:15,25.79,54.32,16.53,0,26.84,0
2026-10-01 15:02:20,24.48,50.9,15.4,1,29.17,0
2026-10-01 15:02:25,24.73,50.56,23.66,0,24.98,0
2026-10-01 15:02:30,23.56,47.22,20.85,0,28.15,0
2026-10-01 15:02:35,24.32,53.57,16.7,0,25.67,0
2026-10-01 15:02:40,24.99,55.25,19.5,0,24.08,0
2026-10-01 15:02:45,23.26,56.85,17.17,0,27.87,0
2026-10-01 15:02:50,24.66,52.92,15.58,0,31.69,0
2026-10-01 15:02:55,24.58,49.7,19.66,0,23.05,0
2026-10-01 15:03:00,24.53,46.91,16.86,1,24.69,0
2026-10-01 15:03:05,25.33,55.13,18.26,0,21.53,0
2026-10-01 15:03:10,24.77,46.61,21.57,1,25.54,0
2026-10-01 15:03:15,25.68,50.98,21.19,0,24.45,0
2026-10-01 15:03:20,23.71,51.33,16.07,0,29.05,0
2026-10-01 15:03:25,24.61,51.79,19.7,0,29.97,0
2026-10-01 15:03:30,24.57,52.11,14.05,0,27.76,0
2026-10-01 15:03:35,23.64,52.41,19.58,0,28.66,0
2026-10-01 15:03:40,25.27,44.75,18.52,0,22.53,0
2026-10-01 15:03:45,26.36,52.04,19.33,0,21.66,0
2026-10-01 15:03:50,24.49,45.31,16.96,1,26.53,0
2026-10-01 15:03:55,24.9,54.2,25.29,0,25.07,0
2026-10-01 15:04:00,24.57,50.33,14.85,0,32.0,0
2026-10-01 15:04:05,23.93,45.53,21.4,0,18.27,0
2026-10-01 15:04:10,23.04,49.56,14.39,0,27.17,0
2026-10-01 15:04:15,23.94,50.29,19.77,0,27.11,0
2026-10-01 15:04:20,23.39,55.57,20.02,0,22.33,0
2026-10-01 15:04:25,25.86,52.59,18.19,0,21.61,0
2026-10-01 15:04:30,24.41,53.03,16.27,0,23.81,0
2026-10-01 15:04:35,24.22,55.54,18.49,0,19.25,0
2026-10-01 15:04:40,25.21,51.71,18.93,0,30.1,0
2026-10-01 15:04:45,23.6,54.26,24.26,0,34.45,0
2026-10-01 15:04:50,23.89,54.05,14.95,0,23.81,0
2026-10-01 15:04:55,24.55,48.14,16.05,0,22.76,0
2026-10-01 15:05:00,25.32,56.42,19.0,0,20.41,0
2026-10-01 15:05:05,24.9,47.74,17.1,0,21.16,0
2026-10-01 15:05:10,24.7,54.75,17.65,1,22.94,0
2026-10-01 15:05:15,24.56,47.45,21.75,0,29.23,0
2026-10-01 15:05:20,24.82,53.8,8.13,0,36.18,0
2026-10-01 15:05:25,24.66,57.59,15.91,0,22.47,0
2026-10-01 15:05:30,23.68,51.36,11.9,0,21.84,0
2026-10-01 15:05:35,24.54,51.23,13.81,0,20.91,0
2026-10-01 15:05:40,23.64,53.83,26.42,1,26.58,0
2026-10-01 15:05:45,24.56,51.01,20.09,0,26.2,0
2026-10-01 15:05:50,24.12,57.45,21.33,1,25.35,0
2026-10-01 15:05:55,26.53,52.58,17.72,0,23.44,0
2026-10-01 15:06:00,24.47,51.04,20.66,0,29.76,0
2026-10-01 15:06:05,23.38,50.38,11.82,0,27.67,0
2026-10-01 15:06:10,24.39,49.2,21.63,0,27.52,0
2026-10-01 15:06:15,24.92,50.12,15.13,0,26.3,0
2026-10-01 15:06:20,25.84,50.95,16.14,0,24.34,0
2026-10-01 15:06:25,24.03,50.54,19.77,0,22.5,0
2026-10-01 15:06:30,23.23,50.03,19.11,0,26.82,0
2026-10-01 15:06:35,25.15,58.3,18.3,0,26.48,0
2026-10-01 15:06:40,23.4,48.91,13.23,1,26.99,0
2026-10-01 15:06:45,24.15,52.44,18.35,0,19.52,0
2026-10-01 15:06:50,24.29,53.78,21.36,0,26.19,0
2026-10-01 15:06:55,24.44,53.89,16.14,0,23.92,0
2026-10-01 15:07:00,25.05,51.82,22.6,0,21.92,0
2026-10-01 15:07:05,23.95,51.28,14.95,0,27.55,0
2026-10-01 15:07:10,24.28,53.35,18.02,0,25.62,0
2026-10-01 15:07:15,24.49,52.8,23.37,0,33.24,0
2026-10-01 15:07:20,24.62,51.22,15.62,0,26.7,0
2026-10-01 15:07:25,24.58,47.31,21.69,0,23.96,0
2026-10-01 15:07:30,24.85,50.6,24.91,0,24.62,0
2026-10-01 15:07:35,25.18,48.56,18.6,0,20.9,0
2026-10-01 15:07:40,24.81,50.0,16.16,0,29.31,0
2026-10-01 15:07:45,24.86,52.1,15.3,0,26.1,0
2026-10-01 15:07:50,23.23,53.08,22.57,0,26.16,0
2026-10-01 15:07:55,24.54,57.34,22.47,0,21.28,0
2026-10-01 15:08:00,24.88,50.39,23.07,0,27.73,0
2026-10-01 15:08:05,25.08,54.32,17.89,0,21.73,0
2026-10-01 15:08:10,23.95,52.92,21.63,0,23.06,0
2026-10-01 15:08:15,23.97,55.89,17.83,0,25.44,0
2026-10-01 15:08:20,24.04,53.73,14.91,0,22.97,0
2026-10-01 15:08:25,24.93,48.97,21.93,0,22.23,0
2026-10-01 15:08:30,25.33,46.83,23.72,0,24.82,0
2026-10-01 15:08:35,24.17,52.93,14.43,0,28.54,0
2026-10-01 15:08:40,25.23,50.41,14.36,0,28.13,0
2026-10-01 15:08:45,24.6,49.06,18.14,1,27.48,0
2026-10-01 15:08:50,24.4,48.2,21.35,0,26.7,0
2026-10-01 15:08:55,24.33,52.48,14.03,1,23.34,0
2026-10-01 15:09:00,25.1,56.52,18.79,0,28.92,0
2026-10-01 15:09:05,24.76,50.77,15.93,0,18.92,0
2026-10-01 15:09:10,26.32,53.77,20.45,0,26.52,0
2026-10-01 15:09:15,23.82,51.69,15.21,0,27.94,0
2026-10-01 15:09:20,24.91,48.13,20.7,0,24.68,0
2026-10-01 15:09:25,24.08,54.2,17.45,0,22.47,0
2026-10-01 15:09:30,23.8,48.72,14.72,0,24.87,0
2026-10-01 15:09:35,24.49,52.06,18.22,0,22.35,0
2026-10-01 15:09:40,24.61,50.98,11.22,0,26.8,0
2026-10-01 15:09:45,26.83,54.68,16.04,0,28.31,0
2026-10-01 15:09:50,24.35,48.83,19.18,0,26.56,0
2026-10-01 15:09:55,23.6,53.17,11.8,0,26.35,0
2026-10-01 15:10:00,24.72,49.48,9.0,0,27.66,0
2026-10-01 15:10:05,22.84,50.47,9.81,0,28.07,0
2026-10-01 15:10:10,24.43,43.0,22.64,0,22.28,0
2026-10-01 15:10:15,24.51,58.28,17.73,0,19.62,0
2026-10-01 15:10:20,25.14,53.65,16.14,0,25.97,0
2026-10-01 15:10:25,25.28,49.7,21.31,1,28.24,0
2026-10-01 15:10:30,24.1,48.63,16.58,0,19.47,0
2026-10-01 15:10:35,24.38,50.51,18.94,0,25.24,0
2026-10-01 15:10:40,23.89,54.15,18.09,0,28.95,0
2026-10-01 15:10:45,23.6,46.32,16.35,0,24.59,0
2026-10-01 15:10:50,24.75,51.58,19.03,0,30.32,0
2026-10-01 15:10:55,23.48,57.31,20.71,0,29.67,0
2026-10-01 15:11:00,24.17,48.6,17.35,0,24.36,0
2026-10-01 15:11:05,23.7,52.24,16.39,0,23.71,0
2026-10-01 15:11:10,24.94,58.61,16.8,0,23.78,0
2026-10-01 15:11:15,25.94,53.9,9.96,0,25.47,0
2026-10-01 15:11:20,23.46,52.38,18.99,0,20.89,0
2026-10-01 15:11:25,23.02,53.52,13.77,0,20.25,0
2026-10-01 15:11:30,24.4,50.8,20.2,0,17.05,0
2026-10-01 15:11:35,24.51,55.9,17.68,0,24.93,0
2026-10-01 15:11:40,24.67,50.8,18.37,0,32.14,0
2026-10-01 15:11:45,24.14,46.12,20.45,0,18.03,0
2026-10-01 15:11:50,24.34,50.83,14.76,0,24.36,0
2026-10-01 15:11:55,24.79,49.1,19.29,0,24.25,0
2026-10-01 15:12:00,25.33,51.16,18.94,0,24.47,0
2026-10-01 15:12:05,22.94,51.22,17.35,0,29.4,0
2026-10-01 15:12:10,24.2,55.59,14.75,0,21.89,0
2026-10-01 15:12:15,24.67,54.09,20.08,0,18.19,0
2026-10-01 15:12:20,23.77,52.79,20.46,0,23.13,0
2026-10-01 15:12:25,25.88,51.99,18.4,0,22.66,0
2026-10-01 15:12:30,23.99,48.82,14.25,1,17.19,0
2026-10-01 15:12:35,24.47,45.46,16.15,0,25.86,0
2026-10-01 15:12:40,24.94,52.34,17.79,0,20.85,0
2026-10-01 15:12:45,24.03,54.38,20.41,0,24.71,0
2026-10-01 15:12:50,23.02,51.67,12.46,0,23.73,0
2026-10-01 15:12:55,24.16,50.4,16.03,1,21.24,0
2026-10-01 15:13:00,25.32,53.39,16.59,0,28.12,0
2026-10-01 15:13:05,24.23,51.75,17.71,0,24.01,0
2026-10-01 15:13:10,23.82,57.06,13.45,0,25.19,0
2026-10-01 15:13:15,25.24,55.7,17.24,0,27.05,0
2026-10-01 15:13:20,24.24,54.88,16.91,0,26.01,0
2026-10-01 15:13:25,24.09,54.27,14.37,0,25.51,0
2026-10-01 15:13:30,24.62,48.13,17.59,1,22.12,0
2026-10-01 15:13:35,25.12,53.99,16.11,0,21.11,0
2026-10-01 15:13:40,26.41,53.13,19.73,0,25.55,0
2026-10-01 15:13:45,25.16,53.82,14.9,0,21.63,0
2026-10-01 15:13:50,25.43,53.48,18.31,0,27.78,0
2026-10-01 15:13:55,24.1,53.36,15.17,1,24.55,0
2026-10-01 15:14:00,23.68,60.1,15.9,0,27.27,0
2026-10-01 15:14:05,24.55,51.77,19.04,0,21.55,0
2026-10-01 15:14:10,24.59,54.81,18.82,0,21.01,0
2026-10-01 15:14:15,23.64,50.59,16.54,0,30.88,0
2026-10-01 15:14:20,24.36,54.37,17.06,0,24.48,0
2026-10-01 15:14:25,24.82,54.82,12.91,0,28.2,0
2026-10-01 15:14:30,24.79,53.09,22.91,0,20.06,0
2026-10-01 15:14:35,24.9,57.01,20.41,0,24.01,0
2026-10-01 15:14:40,24.73,49.35,20.28,0,29.56,0
2026-10-01 15:14:45,24.09,50.54,12.42,0,19.52,0
2026-10-01 15:14:50,24.09,52.64,15.92,0,32.96,0
2026-10-01 15:14:55,23.54,54.64,16.83,0,25.71,0
2026-10-01 15:15:00,25.93,52.54,11.24,0,22.13,0
2026-10-01 15:15:05,24.51,55.86,21.11,0,26.23,0
2026-10-01 15:15:10,24.32,50.01,23.09,0,28.88,0
2026-10-01 15:15:15,23.76,48.58,25.22,0,22.11,0
2026-10-01 15:15:20,26.85,52.92,14.34,0,22.61,0
2026-10-01 15:15:25,23.64,51.77,18.41,0,25.87,0
2026-10-01 15:15:30,24.16,53.63,22.63,0,26.62,0
2026-10-01 15:15:35,24.83,51.92,17.11,0,24.31,0
2026-10-01 15:15:40,24.98,50.98,16.02,0,26.41,0
2026-10-01 15:15:45,25.27,51.78,11.47,0,27.99,0
2026-10-01 15:15:50,25.95,52.09,21.96,0,25.61,0
2026-10-01 15:15:55,24.9,51.09,17.93,0,22.58,0
2026-10-01 15:16:00,23.66,51.39,15.45,0,24.93,0
2026-10-01 15:16:05,24.29,50.79,18.99,0,31.15,0
2026-10-01 15:16:10,24.75,54.57,18.54,1,26.17,0
2026-10-01 15:16:15,26.15,52.58,18.59,0,29.34,0
2026-10-01 15:16:20,23.38,58.77,17.24,0,23.2,0
2026-10-01 15:16:25,25.46,52.48,23.68,0,25.92,0
2026-10-01 15:16:30,24.64,50.35,17.53,0,27.78,0
2026-10-01 15:16:35,25.17,60.01,23.67,0,30.24,0
2026-10-01 15:16:40,24.42,53.24,19.97,0,29.3,0
2026-10-01 15:16:45,23.83,54.97,19.23,0,21.08,0
2026-10-01 15:16:50,25.1,53.78,17.6,1,29.03,0
2026-10-01 15:16:55,25.02,53.87,21.41,1,30.9,0
2026-10-01 15:17:00,25.28,53.61,18.4,0,22.99,0
2026-10-01 15:17:05,24.49,48.69,14.74,1,21.87,0
2026-10-01 15:17:10,24.02,53.1,14.62,0,24.91,0
2026-10-01 15:17:15,23.25,48.03,19.48,0,25.63,0
2026-10-01 15:17:20,25.16,51.48,14.82,0,23.77,0
2026-10-01 15:17:25,24.84,49.82,17.78,0,20.85,0
2026-10-01 15:17:30,23.73,53.07,21.7,0,30.15,0
2026-10-01 15:17:35,24.07,53.0,19.06,0,21.99,0
2026-10-01 15:17:40,24.13,53.44,15.47,1,23.23,0
2026-10-01 15:17:45,23.31,52.86,22.93,0,25.38,0
2026-10-01 15:17:50,23.85,50.18,19.92,1,19.85,0
2026-10-01 15:17:55,23.59,51.22,21.56,0,19.58,0
2026-10-01 15:18:00,24.17,54.76,10.06,0,23.49,0
2026-10-01 15:18:05,23.91,55.2,19.16,0,27.89,0
2026-10-01 15:18:10,23.2,48.56,20.95,0,25.66,0
2026-10-01 15:18:15,26.12,47.41,23.95,0,17.79,0
2026-10-01 15:18:20,25.5,49.82,12.88,0,29.86,0
2026-10-01 15:18:25,23.88,55.14,22.22,0,27.79,0
2026-10-01 15:18:30,24.72,55.64,23.76,0,25.67,0
2026-10-01 15:18:35,24.83,49.23,10.94,0,25.57,0
2026-10-01 15:18:40,25.45,52.92,19.68,0,27.36,0
2026-10-01 15:18:45,23.85,57.5,20.16,0,33.14,0
2026-10-01 15:18:50,25.37,53.25,16.86,1,28.08,0
2026-10-01 15:18:55,24.06,56.26,16.28,0,26.04,0
2026-10-01 15:19:00,23.43,55.0,20.34,0,20.71,0
2026-10-01 15:19:05,25.08,49.27,15.85,0,25.58,0
2026-10-01 15:19:10,25.53,51.43,17.24,0,27.71,0
2026-10-01 15:19:15,26.57,52.1,20.84,0,24.6,0
2026-10-01 15:19:20,23.54,52.31,24.14,0,23.17,0
2026-10-01 15:19:25,25.06,54.75,19.88,0,26.94,0
2026-10-01 15:19:30,24.17,53.23,18.47,0,21.54,0
2026-10-01 15:19:35,25.13,43.19,16.19,0,28.04,0
2026-10-01 15:19:40,23.32,48.06,14.46,0,23.48,0
2026-10-01 15:19:45,23.49,45.44,21.88,0,17.57,0
2026-10-01 15:19:50,23.88,52.53,17.46,0,23.41,0
2026-10-01 15:19:55,24.56,52.72,22.03,0,24.8,0
2026-10-01 15:20:00,23.99,52.85,16.85,0,26.93,0
2026-10-01 15:20:05,25.03,49.12,15.73,0,26.53,0
2026-10-01 15:20:10,25.32,54.02,19.47,0,20.48,0
2026-10-01 15:20:15,24.98,54.15,17.73,0,25.43,0
2026-10-01 15:20:20,25.8,48.23,13.78,0,23.13,0
2026-10-01 15:20:25,24.83,47.6,24.36,0,23.74,0
2026-10-01 15:20:30,23.53,52.0,15.81,0,21.51,0
2026-10-01 15:20:35,25.59,57.38,21.25,0,24.82,0
2026-10-01 15:20:40,24.02,57.1,20.95,0,35.96,0
2026-10-01 15:20:45,25.23,53.69,13.59,0,31.5,0
2026-10-01 15:20:50,25.76,49.81,14.49,0,21.5,0
2026-10-01 15:20:55,24.87,54.66,16.94,0,25.23,0
2026-10-01 15:21:00,23.3,50.64,14.97,0,23.9,0
2026-10-01 15:21:05,23.77,49.7,24.04,0,25.5,0
2026-10-01 15:21:10,25.56,45.57,17.3,0,28.21,0
2026-10-01 15:21:15,24.36,52.31,21.11,0,24.55,0
2026-10-01 15:21:20,24.56,50.11,19.8,1,22.51,0
2026-10-01 15:21:25,25.11,52.29,18.92,0,29.05,0
2026-10-01 15:21:30,25.06,45.1,18.14,0,20.68,0
2026-10-01 15:21:35,24.72,52.51,22.33,0,25.66,0
2026-10-01 15:21:40,24.33,44.71,15.11,0,19.8,0
2026-10-01 15:21:45,24.25,55.26,24.04,0,21.41,0
2026-10-01 15:21:50,25.19,53.57,13.49,0,27.61,0
2026-10-01 15:21:55,24.94,51.16,20.74,0,22.62,0
2026-10-01 15:22:00,24.29,53.69,13.08,0,18.43,0
2026-10-01 15:22:05,25.37,49.07,16.9,0,22.47,0
2026-10-01 15:22:10,24.4,52.22,18.33,0,22.1,0
2026-10-01 15:22:15,23.82,54.38,16.3,0,20.58,0
2026-10-01 15:22:20,23.89,43.0,17.36,0,26.93,0
2026-10-01 15:22:25,23.72,50.66,13.15,0,19.59,0
2026-10-01 15:22:30,24.28,51.93,14.54,0,22.94,0
2026-10-01 15:22:35,25.49,51.41,19.74,0,25.47,0
2026-10-01 15:22:40,23.86,56.37,18.1,0,23.8,0
2026-10-01 15:22:45,24.65,48.63,15.58,0,23.59,0
2026-10-01 15:22:50,23.97,50.14,22.63,0,22.47,0
2026-10-01 15:22:55,24.29,46.25,13.73,0,20.73,0
2026-10-01 15:23:00,23.29,56.53,16.73,0,22.77,0
2026-10-01 15:23:05,24.32,51.26,16.23,0,27.3,0
2026-10-01 15:23:10,24.35,50.68,20.15,0,23.48,0
2026-10-01 15:23:15,24.93,51.84,18.17,0,25.58,0
2026-10-01 15:23:20,24.68,53.91,17.62,0,28.91,0
2026-10-01 15:23:25,23.54,53.04,11.55,0,27.1,0
2026-10-01 15:23:30,25.37,59.94,21.03,1,20.53,0
2026-10-01 15:23:35,24.67,53.36,17.24,0,26.57,0
2026-10-01 15:23:40,24.66,50.6,18.4,0,28.67,0
2026-10-01 15:23:45,24.49,50.32,15.38,0,22.96,0
2026-10-01 15:23:50,24.09,50.82,14.83,0,19.45,0
2026-10-01 15:23:55,24.67,47.49,23.25,0,23.46,0
2026-10-01 15:24:00,24.88,52.12,11.79,0,25.66,0
2026-10-01 15:24:05,23.1,54.35,14.31,0,27.07,0
2026-10-01 15:24:10,24.07,50.16,23.18,0,23.18,0
2026-10-01 15:24:15,24.3,49.58,20.24,0,17.88,0
2026-10-01 15:24:20,24.7,56.55,16.86,0,20.53,0
2026-10-01 15:24:25,25.45,47.72,22.36,0,26.26,0
2026-10-01 15:24:30,23.88,45.8,19.56,0,31.97,0
2026-10-01 15:24:35,24.1,48.54,18.81,0,24.92,0
2026-10-01 15:24:40,24.09,47.38,18.79,0,29.6,0
2026-10-01 15:24:45,23.86,53.16,19.63,0,21.3,0
2026-10-01 15:24:50,24.22,50.92,19.77,0,22.73,0
2026-10-01 15:24:55,25.12,51.34,25.69,0,16.81,0
2026-10-01 15:25:00,23.66,55.46,17.32,0,26.29,0
2026-10-01 15:25:05,24.84,49.93,17.43,0,21.87,0
2026-10-01 15:25:10,23.14,54.33,13.67,0,27.1,0
2026-10-01 15:25:15,24.05,56.53,17.82,0,23.24,0
2026-10-01 15:25:20,24.24,50.63,24.52,0,32.08,0
2026-10-01 15:25:25,25.84,54.21,21.45,0,31.28,0
2026-10-01 15:25:30,24.28,51.27,16.1,0,16.94,0
2026-10-01 15:25:35,22.74,54.77,18.11,0,27.07,0
2026-10-01 15:25:40,22.9,47.29,13.46,0,22.4,0
2026-10-01 15:25:45,24.53,47.06,14.61,0,27.26,0
2026-10-01 15:25:50,24.99,50.83,18.52,0,20.3,0
2026-10-01 15:25:55,24.8,49.33,16.27,0,30.04,0
2026-10-01 15:26:00,24.63,50.45,14.34,0,28.61,0
2026-10-01 15:26:05,25.43,51.34,19.71,0,20.05,0
2026-10-01 15:26:10,24.07,54.16,17.71,0,24.37,0
2026-10-01 15:26:15,25.22,50.78,12.51,0,25.57,0
2026-10-01 15:26:20,23.19,49.53,10.74,0,27.52,0
2026-10-01 15:26:25,23.78,50.95,16.0,0,24.96,0
2026-10-01 15:26:30,23.05,49.69,12.44,1,27.75,0
2026-10-01 15:26:35,24.28,49.2,11.46,0,24.75,0
2026-10-01 15:26:40,24.46,47.16,21.95,0,27.14,0
2026-10-01 15:26:45,24.59,52.21,17.66,0,20.21,0
2026-10-01 15:26:50,24.55,50.29,17.07,0,24.91,0
2026-10-01 15:26:55,23.76,54.9,17.34,0,29.03,0
2026-10-01 15:27:00,24.35,47.66,14.02,0,29.94,0
2026-10-01 15:27:05,23.3,50.37,19.44,0,25.61,0
2026-10-01 15:27:10,25.59,57.44,17.54,0,24.65,0
2026-10-01 15:27:15,24.26,49.18,15.35,0,29.79,0
2026-10-01 15:27:20,24.11,51.29,15.87,0,24.65,0
2026-10-01 15:27:25,25.77,48.35,13.7,0,29.01,0
2026-10-01 15:27:30,23.51,47.95,16.58,0,24.63,0
2026-10-01 15:27:35,23.6,56.64,17.16,0,25.14,0
2026-10-01 15:27:40,23.62,52.51,16.49,0,21.13,0
2026-10-01 15:27:45,24.45,52.4,18.19,0,20.63,0
2026-10-01 15:27:50,24.85,46.91,17.73,0,28.42,0
2026-10-01 15:27:55,25.09,53.08,18.81,0,31.03,0
2026-10-01 15:28:00,26.56,55.47,21.3,0,25.37,0
2026-10-01 15:28:05,22.7,55.45,20.08,0,24.42,0
2026-10-01 15:28:10,24.99,54.0,21.34,0,28.58,0
2026-10-01 15:28:15,24.05,48.61,15.03,0,26.18,0
2026-10-01 15:28:20,24.03,52.94,16.22,0,16.61,0
2026-10-01 15:28:25,24.0,54.0,20.29,0,28.48,0
2026-10-01 15:28:30,23.77,46.62,20.35,0,20.32,0
2026-10-01 15:28:35,25.85,48.64,15.62,0,24.96,0
2026-10-01 15:28:40,25.17,54.66,20.14,0,23.45,0
2026-10-01 15:28:45,24.52,54.63,14.7,0,22.76,0
2026-10-01 15:28:50,25.58,47.35,19.68,0,25.16,0
2026-10-01 15:28:55,23.29,54.39,17.91,0,28.13,0
2026-10-01 15:29:00,23.44,52.29,13.15,0,25.11,0
2026-10-01 15:29:05,22.76,54.34,16.48,0,29.93,0
2026-10-01 15:29:10,23.94,50.1,25.64,0,30.37,0
2026-10-01 15:29:15,24.63,53.94,18.71,0,30.34,0
2026-10-01 15:29:20,24.58,54.53,26.05,0,24.8,0
2026-10-01 15:29:25,24.62,50.95,12.95,0,23.33,0
2026-10-01 15:29:30,23.37,52.05,20.63,1,24.88,0
2026-10-01 15:29:35,25.14,50.05,9.13,0,28.94,0
2026-10-01 15:29:40,24.69,56.95,18.0,0,28.73,0
2026-10-01 15:29:45,25.09,51.64,20.21,0,15.92,0
2026-10-01 15:29:50,22.99,49.23,20.93,0,26.07,0
2026-10-01 15:29:55,24.75,49.85,15.2,0,16.71,0
2026-10-01 15:30:00,23.55,52.38,21.64,0,24.93,0
2026-10-01 15:30:05,24.18,54.26,16.13,0,23.15,0
2026-10-01 15:30:10,24.93,47.99,17.43,0,22.07,0
2026-10-01 15:30:15,24.57,57.54,16.48,1,27.97,0
2026-10-01 15:30:20,23.82,52.93,14.02,0,22.73,0
2026-10-01 15:30:25,24.51,53.4,23.49,0,24.97,0
2026-10-01 15:30:30,23.27,51.71,18.17,0,21.74,0
2026-10-01 15:30:35,25.42,52.06,21.81,0,25.26,0
2026-10-01 15:30:40,24.34,51.56,21.66,0,28.36,0
2026-10-01 15:30:45,25.39,55.05,14.61,0,21.93,0
2026-10-01 15:30:50,24.08,51.98,22.26,1,27.24,0
2026-10-01 15:30:55,24.08,54.3,19.76,0,25.2,0
2026-10-01 15:31:00,23.89,50.7,14.36,0,25.17,0
2026-10-01 15:31:05,25.2,52.59,19.57,0,23.77,0
2026-10-01 15:31:10,23.93,49.59,14.42,0,27.71,0
2026-10-01 15:31:15,25.02,55.65,23.62,0,27.35,0
2026-10-01 15:31:20,24.19,49.5,20.85,0,24.53,0
2026-10-01 15:31:25,22.92,51.03,17.75,0,25.71,0
2026-10-01 15:31:30,24.04,51.06,22.43,0,27.6,0
2026-10-01 15:31:35,23.56,50.94,12.46,0,26.9,0
2026-10-01 15:31:40,24.53,54.17,15.38,0,23.93,0
2026-10-01 15:31:45,23.55,51.05,17.12,0,29.08,0
2026-10-01 15:31:50,25.24,56.18,25.82,0,28.02,0
2026-10-01 15:31:55,24.43,49.54,14.25,0,32.39,0
2026-10-01 15:32:00,24.36,52.51,12.02,0,19.51,0
2026-10-01 15:32:05,25.02,49.67,12.94,0,27.46,0
2026-10-01 15:32:10,25.27,53.26,21.17,0,29.03,0
2026-10-01 15:32:15,24.48,51.95,15.92,0,28.52,0
2026-10-01 15:32:20,23.88,51.53,17.44,0,24.12,0
2026-10-01 15:32:25,23.08,55.57,20.67,0,20.23,0
2026-10-01 15:32:30,23.95,50.04,17.45,0,30.39,0
2026-10-01 15:32:35,24.01,53.76,18.71,0,23.31,0
2026-10-01 15:32:40,24.59,49.69,19.87,0,23.97,0
2026-10-01 15:32:45,24.22,52.34,16.49,0,32.23,0
2026-10-01 15:32:50,25.05,48.41,17.42,0,20.54,0
2026-10-01 15:32:55,24.01,50.01,18.85,0,27.87,0
2026-10-01 15:33:00,24.45,51.75,21.04,0,22.36,0
2026-10-01 15:33:05,25.45,57.44,15.23,1,22.28,0
2026-10-01 15:33:10,24.77,52.3,8.0,0,25.59,0
2026-10-01 15:33:15,24.45,56.96,20.38,1,27.37,0
2026-10-01 15:33:20,24.02,52.66,21.25,0,28.33,0
2026-10-01 15:33:25,23.99,50.84,18.7,0,28.79,0
2026-10-01 15:33:30,23.82,56.62,18.94,0,22.53,0
2026-10-01 15:33:35,24.07,53.31,16.02,0,21.0,0
2026-10-01 15:33:40,25.1,50.07,19.75,0,23.8,0
2026-10-01 15:33:45,24.32,53.41,20.99,1,26.22,0
2026-10-01 15:33:50,23.42,51.12,18.2,0,24.28,0
2026-10-01 15:33:55,25.91,46.03,26.72,0,15.0,0
2026-10-01 15:34:00,24.76,54.81,12.53,0,18.6,0
2026-10-01 15:34:05,23.37,55.28,18.57,0,24.16,0
2026-10-01 15:34:10,24.15,57.51,13.89,1,27.99,0
2026-10-01 15:34:15,24.59,53.27,21.08,0,21.83,0
2026-10-01 15:34:20,25.86,51.25,12.46,0,27.57,0
2026-10-01 15:34:25,23.61,54.5,13.33,0,19.76,0
2026-10-01 15:34:30,25.28,54.55,15.78,1,25.89,0
2026-10-01 15:34:35,25.62,56.91,18.93,0,25.92,0
2026-10-01 15:34:40,24.0,51.87,15.92,0,26.64,0
2026-10-01 15:34:45,24.28,51.5,15.95,0,21.47,0
2026-10-01 15:34:50,23.67,49.85,17.37,1,19.58,0
2026-10-01 15:34:55,24.34,53.61,17.15,0,27.54,0
2026-10-01 15:35:00,24.47,47.36,23.21,0,19.66,0
2026-10-01 15:35:05,25.03,54.33,20.4,0,22.3,0
2026-10-01 15:35:10,25.37,53.76,16.86,0,29.87,0
2026-10-01 15:35:15,23.9,53.76,25.34,0,25.59,0
2026-10-01 15:35:20,22.93,52.41,19.72,0,26.29,0
2026-10-01 15:35:25,24.48,56.6,14.61,0,27.19,0
2026-10-01 15:35:30,24.73,54.62,18.9,0,27.06,0
2026-10-01 15:35:35,24.7,50.18,19.87,0,24.93,0
2026-10-01 15:35:40,24.24,50.23,15.59,1,21.85,0
2026-10-01 15:35:45,24.6,49.36,14.32,0,34.39,0
2026-10-01 15:35:50,25.71,53.65,18.3,0,23.98,0
2026-10-01 15:35:55,24.81,49.0,16.74,0,26.16,0
2026-10-01 15:36:00,24.2,55.25,23.18,0,26.54,0
2026-10-01 15:36:05,24.1,55.97,20.59,0,23.13,0
2026-10-01 15:36:10,24.36,49.36,15.76,0,23.51,0
2026-10-01 15:36:15,25.81,51.44,19.49,0,30.21,0
2026-10-01 15:36:20,24.35,52.05,22.43,0,22.41,0
2026-10-01 15:36:25,24.48,54.65,13.12,0,26.44,0
2026-10-01 15:36:30,24.11,56.83,14.42,0,28.14,0
2026-10-01 15:36:35,25.38,46.94,17.96,0,24.25,0
2026-10-01 15:36:40,26.07,51.05,18.12,0,24.67,0
2026-10-01 15:36:45,24.86,51.2,17.82,1,28.35,0
2026-10-01 15:36:50,24.57,47.8,16.91,0,24.52,0
2026-10-01 15:36:55,24.53,50.54,16.86,0,17.73,0
2026-10-01 15:37:00,22.59,53.28,19.34,0,30.26,0
2026-10-01 15:37:05,25.1,51.16,21.97,0,21.59,0
2026-10-01 15:37:10,24.61,47.37,16.32,0,25.75,0
2026-10-01 15:37:15,24.84,60.62,26.53,0,20.39,0
2026-10-01 15:37:20,23.93,52.8,24.86,0,23.21,0
2026-10-01 15:37:25,24.19,52.34,22.65,0,23.47,0
2026-10-01 15:37:30,24.17,48.71,20.18,0,25.61,0
2026-10-01 15:37:35,25.32,52.78,25.03,0,21.93,0
2026-10-01 15:37:40,24.2,51.51,16.98,0,31.94,0
2026-10-01 15:37:45,26.17,46.33,15.09,0,25.09,0
2026-10-01 15:37:50,24.84,48.79,16.16,0,28.08,0
2026-10-01 15:37:55,23.48,54.38,14.49,0,24.97,0
2026-10-01 15:38:00,24.4,57.83,18.43,0,28.49,0
2026-10-01 15:38:05,23.98,53.1,19.05,0,17.65,0
2026-10-01 15:38:10,22.74,55.31,18.7,0,22.53,0
2026-10-01 15:38:15,25.78,51.53,17.96,0,23.17,0
2026-10-01 15:38:20,25.06,51.74,18.47,0,23.15,0
2026-10-01 15:38:25,24.93,55.27,24.08,0,26.82,0
2026-10-01 15:38:30,24.63,56.99,20.17,0,27.06,0
2026-10-01 15:38:35,23.39,55.9,21.23,0,24.74,0
2026-10-01 15:38:40,24.11,48.8,18.67,1,24.83,0
2026-10-01 15:38:45,25.17,51.8,12.35,1,33.54,0
2026-10-01 15:38:50,23.66,52.83,11.65,0,26.14,0
2026-10-01 15:38:55,22.47,51.22,25.29,0,17.21,0
2026-10-01 15:39:00,24.32,53.16,16.14,0,27.7,0
2026-10-01 15:39:05,24.39,54.46,15.84,0,26.96,0
2026-10-01 15:39:10,24.61,55.01,18.86,0,29.06,0
2026-10-01 15:39:15,25.08,57.06,19.93,0,27.09,0
2026-10-01 15:39:20,25.01,51.01,20.37,0,21.83,0
2026-10-01 15:39:25,24.71,47.91,24.21,0,28.12,0
2026-10-01 15:39:30,25.46,53.07,23.25,0,25.35,0
2026-10-01 15:39:35,23.28,57.65,15.16,0,28.66,0
2026-10-01 15:39:40,24.9,50.57,21.39,0,30.42,0
2026-10-01 15:39:45,25.0,54.06,16.66,0,24.57,0
2026-10-01 15:39:50,23.51,54.09,17.52,0,28.07,0
2026-10-01 15:39:55,23.3,52.57,14.17,0,28.62,0
2026-10-01 15:40:00,23.9,52.02,12.07,0,25.56,0
2026-10-01 15:40:05,23.97,49.23,17.89,0,31.85,0
2026-10-01 15:40:10,25.1,45.16,14.65,0,28.66,0
2026-10-01 15:40:15,24.01,48.66,21.25,0,22.95,0
2026-10-01 15:40:20,23.81,50.83,17.02,0,25.91,0
2026-10-01 15:40:25,24.01,55.29,19.08,0,28.01,0
2026-10-01 15:40:30,25.39,51.69,22.79,0,31.72,0
2026-10-01 15:40:35,24.51,50.44,12.8,0,27.17,0
2026-10-01 15:40:40,24.36,49.33,15.46,0,26.01,0
2026-10-01 15:40:45,24.41,53.97,18.63,0,29.42,0
2026-10-01 15:40:50,25.53,56.08,19.09,0,24.23,0
2026-10-01 15:40:55,23.9,55.19,21.86,1,21.54,0
2026-10-01 15:41:00,25.55,53.82,21.04,0,27.46,0
2026-10-01 15:41:05,24.67,47.57,18.34,0,23.68,0
2026-10-01 15:41:10,24.37,50.94,19.06,0,34.51,0
2026-10-01 15:41:15,26.5,57.84,19.16,0,25.89,0
2026-10-01 15:41:20,23.66,55.37,12.86,0,27.48,0
2026-10-01 15:41:25,24.22,47.39,17.45,0,22.8,0
2026-10-01 15:41:30,23.51,51.83,18.87,0,29.43,0
2026-10-01 15:41:35,25.26,53.09,19.6,0,24.91,0
2026-10-01 15:41:40,25.85,49.71,14.76,0,24.56,0
2026-10-01 15:41:45,25.84,45.07,13.56,0,24.65,0
2026-10-01 15:41:50,25.48,52.3,17.18,0,20.48,0
2026-10-01 15:41:55,24.34,49.64,24.89,0,24.12,0
2026-10-01 15:42:00,24.21,49.65,15.13,0,26.91,0
2026-10-01 15:42:05,23.16,50.94,22.11,0,19.59,0
2026-10-01 15:42:10,26.13,51.6,23.55,0,28.58,0
2026-10-01 15:42:15,24.88,51.97,18.16,0,24.06,0
2026-10-01 15:42:20,24.11,49.35,15.62,0,25.86,0
2026-10-01 15:42:25,25.56,51.34,19.79,0,17.18,0
2026-10-01 15:42:30,23.72,46.73,18.68,0,25.79,0
2026-10-01 15:42:35,24.83,52.93,14.99,0,21.35,0
2026-10-01 15:42:40,24.36,43.43,15.69,0,23.77,0
2026-10-01 15:42:45,25.01,51.13,19.59,0,19.51,0
2026-10-01 15:42:50,24.45,54.76,21.27,0,21.91,0
2026-10-01 15:42:55,23.34,48.82,16.87,1,24.43,0
2026-10-01 15:43:00,24.56,54.15,17.76,0,24.05,0
2026-10-01 15:43:05,25.34,55.47,20.34,0,28.1,0
2026-10-01 15:43:10,24.48,43.0,17.4,0,18.46,0
2026-10-01 15:43:15,25.12,51.55,16.95,0,24.82,0
2026-10-01 15:43:20,23.66,43.37,15.36,1,24.65,0
2026-10-01 15:43:25,24.48,51.65,15.3,1,23.4,0
2026-10-01 15:43:30,24.0,51.98,27.34,1,21.8,0
2026-10-01 15:43:35,25.1,44.55,17.31,0,28.86,0
2026-10-01 15:43:40,24.53,57.77,22.78,0,32.17,0
2026-10-01 15:43:45,25.05,52.86,23.89,0,19.0,0
2026-10-01 15:43:50,25.37,49.45,17.36,0,21.77,0
2026-10-01 15:43:55,25.05,56.4,19.29,0,21.48,0
2026-10-01 15:44:00,24.72,46.61,18.36,0,24.01,0
2026-10-01 15:44:05,23.7,48.31,12.36,0,29.4,0
2026-10-01 15:44:10,24.5,45.1,12.57,0,26.85,0
2026-10-01 15:44:15,24.07,57.4,18.17,0,24.46,0
2026-10-01 15:44:20,24.22,53.0,16.51,1,25.06,0
2026-10-01 15:44:25,24.2,53.98,24.62,0,23.88,0
2026-10-01 15:44:30,23.72,52.9,17.17,0,27.59,0
2026-10-01 15:44:35,22.93,53.72,24.83,0,28.01,0
2026-10-01 15:44:40,23.97,52.23,16.33,0,27.07,0
2026-10-01 15:44:45,24.65,52.81,24.69,0,17.31,0
2026-10-01 15:44:50,23.42,52.32,19.77,0,25.05,0
2026-10-01 15:44:55,24.51,50.17,19.97,0,24.35,0
2026-10-01 15:45:00,26.02,51.86,16.21,0,28.47,0
2026-10-01 15:45:05,25.32,52.82,20.02,0,25.84,0
2026-10-01 15:45:10,25.81,52.33,23.92,0,26.95,0
2026-10-01 15:45:15,24.81,47.57,17.49,0,23.27,0
2026-10-01 15:45:20,25.43,47.97,16.81,0,28.29,0
2026-10-01 15:45:25,23.92,55.25,17.14,0,29.32,0
2026-10-01 15:45:30,23.98,51.08,23.67,0,19.31,0
2026-10-01 15:45:35,22.31,53.75,20.99,0,20.46,0
2026-10-01 15:45:40,25.45,48.72,23.07,0,27.67,0
2026-10-01 15:45:45,25.73,47.58,19.1,0,24.4,0
2026-10-01 15:45:50,24.06,49.47,18.14,0,28.6,0
2026-10-01 15:45:55,24.3,51.33,19.48,0,25.85,0
2026-10-01 15:46:00,23.9,50.0,21.75,0,27.43,0
2026-10-01 15:46:05,24.81,55.88,17.14,0,22.38,0
2026-10-01 15:46:10,25.4,52.54,22.79,0,26.19,0
2026-10-01 15:46:15,23.11,57.55,19.28,0,26.2,0
2026-10-01 15:46:20,24.83,53.21,9.58,0,22.59,0
2026-10-01 15:46:25,24.28,44.76,21.09,0,28.51,0
2026-10-01 15:46:30,24.59,55.17,13.55,0,18.37,0
2026-10-01 15:46:35,24.87,47.47,21.01,0,25.73,0
2026-10-01 15:46:40,24.35,52.69,21.16,0,20.47,0
2026-10-01 15:46:45,24.42,49.68,19.15,0,21.42,0
2026-10-01 15:46:50,24.33,58.43,19.9,0,28.45,0
2026-10-01 15:46:55,25.28,56.32,21.85,0,21.15,0
2026-10-01 15:47:00,24.84,49.77,16.27,0,21.0,0
2026-10-01 15:47:05,24.68,51.62,20.78,0,27.03,0
2026-10-01 15:47:10,23.48,52.73,22.07,0,21.11,0
2026-10-01 15:47:15,24.2,54.59,24.16,0,28.56,0
2026-10-01 15:47:20,25.22,52.09,14.13,0,27.26,0
2026-10-01 15:47:25,24.53,48.93,19.43,0,22.28,0
2026-10-01 15:47:30,25.03,49.85,14.63,0,28.43,0
2026-10-01 15:47:35,25.91,51.99,14.49,0,18.22,0
2026-10-01 15:47:40,25.33,55.7,19.26,0,26.65,0
2026-10-01 15:47:45,24.57,53.28,18.27,0,20.64,0
2026-10-01 15:47:50,24.09,49.68,22.01,0,23.17,0
2026-10-01 15:47:55,22.46,53.95,16.79,0,23.39,0
2026-10-01 15:48:00,24.37,50.84,17.53,0,29.48,0
2026-10-01 15:48:05,24.24,54.67,18.74,0,23.25,0
2026-10-01 15:48:10,24.81,59.58,14.98,0,24.72,0
2026-10-01 15:48:15,24.38,50.92,15.47,0,23.47,0
2026-10-01 15:48:20,24.24,54.4,21.91,0,21.56,0
2026-10-01 15:48:25,23.08,49.76,16.08,0,21.39,0
2026-10-01 15:48:30,23.75,51.66,22.14,0,26.08,0
2026-10-01 15:48:35,24.88,52.09,20.13,1,24.91,0
2026-10-01 15:48:40,25.87,51.42,12.58,0,27.67,0
2026-10-01 15:48:45,24.42,59.39,19.86,0,24.15,0
2026-10-01 15:48:50,24.76,51.08,19.83,0,24.27,0
2026-10-01 15:48:55,25.26,53.76,19.48,0,27.68,0
2026-10-01 15:49:00,23.85,46.21,17.5,1,23.7,0
2026-10-01 15:49:05,24.79,53.3,14.71,0,19.96,0
2026-10-01 15:49:10,23.91,55.43,22.71,0,27.97,0
2026-10-01 15:49:15,25.19,50.42,17.64,0,22.63,0
2026-10-01 15:49:20,24.62,44.47,14.91,0,25.23,0
2026-10-01 15:49:25,24.74,51.88,19.6,0,22.81,0
2026-10-01 15:49:30,23.87,52.05,15.4,0,21.6,0
2026-10-01 15:49:35,25.07,54.17,14.68,0,18.35,0
2026-10-01 15:49:40,26.17,58.03,16.69,0,26.19,0
2026-10-01 15:49:45,23.69,50.86,15.67,0,15.0,0
2026-10-01 15:49:50,24.23,49.43,14.81,0,29.54,0
2026-10-01 15:49:55,24.69,48.5,20.82,0,28.61,0
2026-10-01 15:50:00,25.13,52.59,17.6,0,21.82,0
2026-10-01 15:50:05,24.05,53.44,22.38,0,30.56,0
2026-10-01 15:50:10,22.23,50.36,15.01,0,32.21,0
2026-10-01 15:50:15,25.59,54.34,11.95,0,24.04,0
2026-10-01 15:50:20,25.11,53.4,18.52,0,26.44,0
2026-10-01 15:50:25,23.11,52.13,24.5,1,25.48,0
2026-10-01 15:50:30,24.01,49.29,19.86,0,30.3,0
2026-10-01 15:50:35,25.75,50.55,29.25,0,20.13,0
2026-10-01 15:50:40,25.66,44.71,19.16,0,24.2,0
2026-10-01 15:50:45,25.25,52.71,18.82,0,28.22,0
2026-10-01 15:50:50,24.36,52.08,10.46,0,27.85,0
2026-10-01 15:50:55,24.57,52.57,19.5,0,24.85,0
2026-10-01 15:51:00,24.4,53.51,18.59,0,29.87,0
2026-10-01 15:51:05,25.4,53.16,16.57,0,25.82,0
2026-10-01 15:51:10,23.8,51.67,17.52,0,25.4,0
2026-10-01 15:51:15,23.86,52.15,17.76,0,27.44,0
2026-10-01 15:51:20,25.31,47.79,17.37,0,24.79,0
2026-10-01 15:51:25,24.46,50.25,25.31,0,25.18,0
2026-10-01 15:51:30,25.6,52.15,16.7,0,22.24,0
2026-10-01 15:51:35,23.96,49.79,18.59,0,35.27,0
2026-10-01 15:51:40,24.46,54.58,16.59,0,23.34,0
2026-10-01 15:51:45,23.76,50.02,20.74,0,27.55,0
2026-10-01 15:51:50,24.51,52.65,18.62,0,31.68,0
2026-10-01 15:51:55,23.32,52.35,17.02,0,20.3,0
2026-10-01 15:52:00,24.11,54.24,11.26,0,27.14,0
2026-10-01 15:52:05,23.35,54.7,18.85,0,25.08,0
2026-10-01 15:52:10,25.06,54.08,16.92,0,31.28,0
2026-10-01 15:52:15,25.07,45.68,17.79,1,21.82,0
2026-10-01 15:52:20,23.12,55.58,13.86,1,22.37,0
2026-10-01 15:52:25,25.57,56.58,23.02,0,24.83,0
2026-10-01 15:52:30,26.5,50.55,21.0,0,23.27,0
2026-10-01 15:52:35,24.54,52.71,23.01,0,23.39,0
2026-10-01 15:52:40,23.99,49.33,22.01,0,32.1,0
2026-10-01 15:52:45,26.76,46.15,20.07,1,25.44,0
2026-10-01 15:52:50,23.44,49.78,14.0,0,22.25,0
2026-10-01 15:52:55,24.52,50.38,24.45,0,23.63,0
2026-10-01 15:53:00,24.64,50.94,14.75,1,26.42,0
2026-10-01 15:53:05,25.58,49.12,17.06,0,26.18,0
2026-10-01 15:53:10,24.79,49.8,20.47,0,22.98,0
2026-10-01 15:53:15,24.1,51.97,20.65,0,19.3,0
2026-10-01 15:53:20,23.74,49.69,20.0,0,24.82,0
2026-10-01 15:53:25,24.23,53.63,16.6,0,24.73,0
2026-10-01 15:53:30,23.69,54.04,15.88,1,22.74,0
2026-10-01 15:53:35,24.54,59.14,26.87,0,29.48,0
2026-10-01 15:53:40,24.05,55.38,17.86,0,27.01,0
2026-10-01 15:53:45,23.3,52.73,17.43,0,25.47,0
2026-10-01 15:53:50,25.5,50.14,15.5,0,23.74,0
2026-10-01 15:53:55,24.1,52.88,18.86,0,31.07,0
2026-10-01 15:54:00,23.49,52.98,18.69,0,20.96,0
2026-10-01 15:54:05,24.37,50.46,17.94,0,23.26,0
2026-10-01 15:54:10,24.55,54.35,19.34,1,23.42,0
2026-10-01 15:54:15,23.1,47.81,24.17,1,26.05,0
2026-10-01 15:54:20,24.77,51.27,15.92,0,27.31,0
2026-10-01 15:54:25,23.66,53.67,18.15,0,20.32,0
2026-10-01 15:54:30,25.87,51.14,15.73,0,22.6,0
2026-10-01 15:54:35,24.92,51.38,19.03,0,26.57,0
2026-10-01 15:54:40,24.18,51.59,16.01,0,22.67,0
2026-10-01 15:54:45,23.9,49.49,16.16,0,23.59,0
2026-10-01 15:54:50,24.42,55.52,12.89,0,25.6,0
2026-10-01 15:54:55,24.99,48.95,18.34,0,21.57,0
2026-10-01 15:55:00,24.48,52.95,19.5,0,25.97,0
2026-10-01 15:55:05,24.33,53.24,24.51,1,27.14,0
2026-10-01 15:55:10,24.55,49.15,19.64,0,25.13,0
2026-10-01 15:55:15,24.02,52.22,16.43,0,29.99,0
2026-10-01 15:55:20,24.23,49.27,13.24,0,27.54,0
2026-10-01 15:55:25,22.83,56.17,13.73,0,24.86,0
2026-10-01 15:55:30,25.28,48.58,13.47,0,23.88,0
2026-10-01 15:55:35,24.74,50.04,24.57,0,31.14,0
2026-10-01 15:55:40,23.88,48.33,19.01,0,22.68,0
2026-10-01 15:55:45,26.02,47.93,15.96,0,24.05,0
2026-10-01 15:55:50,24.57,56.77,14.64,0,23.57,0
2026-10-01 15:55:55,23.67,53.63,15.0,0,26.39,0
2026-10-01 15:56:00,25.19,52.42,15.87,0,32.89,0
2026-10-01 15:56:05,24.82,50.03,22.61,0,25.86,0
2026-10-01 15:56:10,24.82,54.72,17.9,0,23.87,0
2026-10-01 15:56:15,24.16,49.53,12.93,0,25.66,0
2026-10-01 15:56:20,24.86,54.38,26.09,0,20.4,0
2026-10-01 15:56:25,24.29,49.38,14.01,1,24.34,0
2026-10-01 15:56:30,24.94,50.07,15.93,0,30.96,0
2026-10-01 15:56:35,22.98,54.27,22.59,0,27.32,0
2026-10-01 15:56:40,24.15,54.59,19.45,0,29.31,0
2026-10-01 15:56:45,25.88,53.79,16.36,0,28.55,0
2026-10-01 15:56:50,23.89,48.85,13.69,0,22.52,0
2026-10-01 15:56:55,24.02,50.66,14.62,0,31.69,0
2026-10-01 15:57:00,24.14,52.47,14.83,0,18.78,0
2026-10-01 15:57:05,23.53,49.45,18.02,0,26.16,0
2026-10-01 15:57:10,22.73,56.11,18.67,0,17.79,0
2026-10-01 15:57:15,24.32,44.79,17.48,0,19.0,0
2026-10-01 15:57:20,24.61,49.66,17.86,0,28.27,0
2026-10-01 15:57:25,24.46,50.47,14.32,0,22.58,0
2026-10-01 15:57:30,24.38,43.47,19.03,0,29.36,0
2026-10-01 15:57:35,24.53,47.81,22.48,0,17.39,0
2026-10-01 15:57:40,25.32,53.88,17.43,0,24.69,0
2026-10-01 15:57:45,24.35,52.09,17.36,0,20.74,0
2026-10-01 15:57:50,24.04,56.72,18.29,0,23.85,0
2026-10-01 15:57:55,24.28,56.64,21.91,0,30.42,0
2026-10-01 15:58:00,24.96,53.3,14.87,1,31.27,0
2026-10-01 15:58:05,25.63,52.94,23.08,0,26.8,0
2026-10-01 15:58:10,24.0,52.2,19.47,0,19.42,0
2026-10-01 15:58:15,24.58,44.03,18.1,0,20.78,0
2026-10-01 15:58:20,24.77,47.82,22.25,1,25.56,0
2026-10-01 15:58:25,23.71,52.3,13.86,0,22.18,0
2026-10-01 15:58:30,24.52,53.85,19.83,0,27.3,0
2026-10-01 15:58:35,23.33,52.87,19.51,0,30.87,0
2026-10-01 15:58:40,23.08,49.32,14.73,0,21.56,0
2026-10-01 15:58:45,24.79,54.81,19.61,0,21.87,0
2026-10-01 15:58:50,24.19,56.45,18.99,0,20.87,0
2026-10-01 15:58:55,24.66,54.81,17.37,0,24.11,0
2026-10-01 15:59:00,24.49,54.97,21.02,1,25.18,0
2026-10-01 15:59:05,23.72,50.32,16.0,0,25.08,0
2026-10-01 15:59:10,24.46,55.23,18.95,1,28.14,0
2026-10-01 15:59:15,23.51,52.44,17.54,0,26.38,0
2026-10-01 15:59:20,25.61,53.53,15.85,0,24.79,0
2026-10-01 15:59:25,23.42,53.1,19.76,0,25.14,0
2026-10-01 15:59:30,24.34,51.64,17.27,0,25.3,0
2026-10-01 15:59:35,23.67,49.42,12.84,0,24.8,0
2026-10-01 15:59:40,24.96,51.75,11.7,0,22.63,0
2026-10-01 15:59:45,24.23,54.96,20.76,1,20.79,0
2026-10-01 15:59:50,24.09,50.68,13.73,0,25.5,0
2026-10-01 15:59:55,25.18,54.68,18.98,0,23.25,0
2026-10-01 16:00:00,24.52,54.21,18.19,0,26.84,0
2026-10-01 16:00:05,24.91,51.1,16.71,0,25.25,0
2026-10-01 16:00:10,23.71,56.17,24.85,0,25.05,0
2026-10-01 16:00:15,23.38,50.93,18.63,0,28.45,0
2026-10-01 16:00:20,24.59,56.53,20.64,0,20.08,0
2026-10-01 16:00:25,24.24,53.3,19.0,0,31.19,0
2026-10-01 16:00:30,25.0,51.95,17.19,0,17.35,0
2026-10-01 16:00:35,24.44,49.34,17.93,0,30.08,0
2026-10-01 16:00:40,24.66,51.74,23.1,0,25.7,0
2026-10-01 16:00:45,23.2,51.39,21.81,0,23.17,0
2026-10-01 16:00:50,26.01,48.23,24.83,0,19.85,0
2026-10-01 16:00:55,24.37,51.35,18.78,0,22.9,0
2026-10-01 16:01:00,25.06,49.59,14.93,0,24.43,0
2026-10-01 16:01:05,23.83,53.76,16.46,1,25.68,0
2026-10-01 16:01:10,24.75,55.92,13.84,0,30.06,0
2026-10-01 16:01:15,23.46,48.32,20.68,0,25.26,0
2026-10-01 16:01:20,24.86,57.14,15.95,0,26.12,0
2026-10-01 16:01:25,24.22,51.61,8.0,0,26.23,0
2026-10-01 16:01:30,24.52,49.07,26.62,0,23.85,0
2026-10-01 16:01:35,25.06,54.27,16.0,0,24.33,0
2026-10-01 16:01:40,23.51,50.66,15.98,0,24.63,0
2026-10-01 16:01:45,23.95,51.75,23.85,0,27.19,0
2026-10-01 16:01:50,24.87,50.79,13.77,0,21.8,0
2026-10-01 16:01:55,26.18,49.55,21.98,1,23.23,0
2026-10-01 16:02:00,24.39,54.17,15.94,0,26.25,0
2026-10-01 16:02:05,24.97,51.14,13.37,0,21.23,0
2026-10-01 16:02:10,24.41,47.69,23.97,0,25.4,0
2026-10-01 16:02:15,26.05,53.65,21.23,0,23.09,0
2026-10-01 16:02:20,23.1,48.38,21.22,0,26.77,0
2026-10-01 16:02:25,24.58,48.54,19.29,0,29.81,0
2026-10-01 16:02:30,23.2,55.58,20.1,0,23.09,0
2026-10-01 16:02:35,22.49,48.41,13.69,0,27.65,0
2026-10-01 16:02:40,24.74,45.05,18.39,0,25.7,0
2026-10-01 16:02:45,24.61,53.87,14.75,0,23.66,0
2026-10-01 16:02:50,24.27,51.09,13.14,0,25.02,0
2026-10-01 16:02:55,24.42,51.35,19.44,0,29.54,0
2026-10-01 16:03:00,26.98,51.06,22.05,0,24.4,0
2026-10-01 16:03:05,24.29,52.7,16.66,0,29.58,0
2026-10-01 16:03:10,24.91,49.74,17.26,0,24.58,0
2026-10-01 16:03:15,23.98,56.43,14.02,0,20.06,0
2026-10-01 16:03:20,24.74,47.57,18.03,0,24.49,0
2026-10-01 16:03:25,24.31,53.33,20.66,0,19.78,0
2026-10-01 16:03:30,24.17,53.93,20.77,0,23.89,0
2026-10-01 16:03:35,25.96,49.72,19.91,0,23.75,0
2026-10-01 16:03:40,25.44,48.93,15.84,0,31.36,0
2026-10-01 16:03:45,24.61,55.05,15.72,0,30.63,0
2026-10-01 16:03:50,22.66,49.03,20.78,0,25.3,0
2026-10-01 16:03:55,24.21,50.18,20.84,1,29.24,0
2026-10-01 16:04:00,26.66,54.66,17.4,0,23.61,0
2026-10-01 16:04:05,24.32,52.1,16.51,0,20.0,0
2026-10-01 16:04:10,25.38,46.61,22.09,1,26.85,0
2026-10-01 16:04:15,25.65,57.24,16.74,0,26.26,0
2026-10-01 16:04:20,24.68,50.41,20.61,0,21.72,0
2026-10-01 16:04:25,23.83,50.79,17.52,0,21.87,0
2026-10-01 16:04:30,22.55,52.77,14.33,0,28.29,0
2026-10-01 16:04:35,25.05,53.88,23.64,0,19.11,0
2026-10-01 16:04:40,23.85,57.88,18.42,0,26.95,0
2026-10-01 16:04:45,24.64,47.02,15.51,1,23.9,0
2026-10-01 16:04:50,23.5,54.48,13.13,0,26.96,0
2026-10-01 16:04:55,24.29,54.23,13.48,0,28.46,0
2026-10-01 16:05:00,24.53,51.59,16.69,0,21.94,0
2026-10-01 16:05:05,24.71,54.36,24.74,0,21.01,0
2026-10-01 16:05:10,23.61,54.8,15.95,0,30.13,0
2026-10-01 16:05:15,25.46,47.85,23.07,0,24.8,0
2026-10-01 16:05:20,24.02,57.25,17.54,0,26.15,0
2026-10-01 16:05:25,23.16,47.32,13.87,0,28.19,0
2026-10-01 16:05:30,24.41,48.59,16.34,0,21.64,0
2026-10-01 16:05:35,24.53,51.21,13.52,0,28.16,0
2026-10-01 16:05:40,24.63,57.77,15.0,0,27.24,0
2026-10-01 16:05:45,25.59,51.08,14.9,0,30.15,0
2026-10-01 16:05:50,24.31,51.9,11.34,0,30.08,0
2026-10-01 16:05:55,24.4,56.3,23.29,0,25.22,0
2026-10-01 16:06:00,23.62,51.1,18.74,1,27.64,0
2026-10-01 16:06:05,25.16,48.46,15.6,0,25.16,0
2026-10-01 16:06:10,24.65,50.75,18.78,0,25.51,0
2026-10-01 16:06:15,24.16,56.11,15.08,0,21.05,0
2026-10-01 16:06:20,22.98,52.21,8.65,0,24.21,0
2026-10-01 16:06:25,25.66,57.79,28.35,0,18.72,0
2026-10-01 16:06:30,23.52,54.21,18.66,0,24.52,0
2026-10-01 16:06:35,24.03,50.07,15.94,0,29.62,0
2026-10-01 16:06:40,24.79,52.15,11.23,1,27.72,0
2026-10-01 16:06:45,23.54,49.44,12.77,0,25.39,0
2026-10-01 16:06:50,23.31,49.99,23.79,0,24.29,0
2026-10-01 16:06:55,22.8,61.0,23.26,0,23.11,0
2026-10-01 16:07:00,25.08,55.06,20.64,0,21.79,0
2026-10-01 16:07:05,24.06,54.58,14.1,0,27.87,0
2026-10-01 16:07:10,26.84,50.13,23.28,0,19.63,0
2026-10-01 16:07:15,23.7,56.71,19.57,1,19.55,0
2026-10-01 16:07:20,23.76,55.3,20.29,0,28.17,0
2026-10-01 16:07:25,24.05,57.64,19.56,0,25.73,0
2026-10-01 16:07:30,24.69,57.5,12.73,0,25.16,0
2026-10-01 16:07:35,24.12,47.56,13.81,0,25.72,0
2026-10-01 16:07:40,24.99,48.67,16.21,0,32.04,0
2026-10-01 16:07:45,23.72,48.99,20.25,0,25.2,0
2026-10-01 16:07:50,23.39,49.17,13.17,0,26.03,0
2026-10-01 16:07:55,23.06,52.97,17.39,0,32.2,0
2026-10-01 16:08:00,22.72,50.3,17.38,0,24.78,0
2026-10-01 16:08:05,24.09,58.22,20.77,0,31.04,0
2026-10-01 16:08:10,24.26,57.71,20.36,0,17.63,0
2026-10-01 16:08:15,23.99,51.98,14.46,0,20.93,0
2026-10-01 16:08:20,25.49,57.87,23.06,0,22.66,0
2026-10-01 16:08:25,25.48,56.46,13.93,0,27.04,0
2026-10-01 16:08:30,24.23,50.65,21.82,0,31.21,0
2026-10-01 16:08:35,23.06,45.97,16.07,0,22.93,0
2026-10-01 16:08:40,24.05,51.35,18.57,1,28.42,0
2026-10-01 16:08:45,24.02,50.07,18.79,0,32.83,0
2026-10-01 16:08:50,23.97,52.62,18.69,0,30.48,0
2026-10-01 16:08:55,23.94,52.27,20.36,0,23.59,0
2026-10-01 16:09:00,23.98,52.19,19.37,0,28.04,0
2026-10-01 16:09:05,24.19,53.57,20.74,0,26.19,0
2026-10-01 16:09:10,23.99,48.36,19.63,0,22.69,0
2026-10-01 16:09:15,24.67,53.23,13.57,0,26.5,0
2026-10-01 16:09:20,24.79,50.68,18.94,0,23.34,0
2026-10-01 16:09:25,23.77,52.6,16.03,0,25.44,0
2026-10-01 16:09:30,25.52,54.87,14.12,0,20.18,0
2026-10-01 16:09:35,23.72,48.33,16.99,0,18.83,0
2026-10-01 16:09:40,23.21,51.16,18.64,0,24.0,0
2026-10-01 16:09:45,24.8,51.64,18.87,1,26.11,0
2026-10-01 16:09:50,23.85,50.46,21.7,0,21.05,0
2026-10-01 16:09:55,24.76,54.7,22.58,1,26.84,0
2026-10-01 16:10:00,22.58,49.84,19.18,0,25.15,0
2026-10-01 16:10:05,25.61,50.33,19.81,0,27.28,0
2026-10-01 16:10:10,25.04,49.87,18.33,0,28.31,0
2026-10-01 16:10:15,23.3,55.28,20.69,0,29.7,0
2026-10-01 16:10:20,23.32,50.52,19.7,0,27.11,0
2026-10-01 16:10:25,25.84,53.38,17.81,1,23.97,0
2026-10-01 16:10:30,23.91,57.93,25.53,1,25.66,0
2026-10-01 16:10:35,23.83,51.78,16.09,0,33.15,0
2026-10-01 16:10:40,22.69,55.34,23.09,0,28.45,0
2026-10-01 16:10:45,24.22,57.01,13.26,0,25.25,0
2026-10-01 16:10:50,24.32,55.08,20.85,0,24.47,0
2026-10-01 16:10:55,25.07,51.95,23.03,0,22.91,0
2026-10-01 16:11:00,23.38,53.93,11.32,0,20.84,0
2026-10-01 16:11:05,23.28,48.14,18.49,0,30.98,0
2026-10-01 16:11:10,24.86,49.66,20.5,0,26.67,0
2026-10-01 16:11:15,25.31,50.19,18.88,0,20.56,0
2026-10-01 16:11:20,23.24,58.72,19.32,0,24.56,0
2026-10-01 16:11:25,25.37,49.56,18.48,0,29.45,0
2026-10-01 16:11:30,24.53,49.52,14.17,0,23.44,0
2026-10-01 16:11:35,25.37,48.87,26.29,0,22.15,0
2026-10-01 16:11:40,24.44,53.68,16.24,0,26.25,0
2026-10-01 16:11:45,22.48,52.43,19.52,0,27.3,0
2026-10-01 16:11:50,24.38,55.26,15.74,0,23.44,0
2026-10-01 16:11:55,25.35,54.01,10.03,0,22.9,0
2026-10-01 16:12:00,23.79,47.86,14.76,0,26.61,0
2026-10-01 16:12:05,24.19,49.58,12.93,0,21.06,0
2026-10-01 16:12:10,24.36,56.1,21.82,0,23.12,0
2026-10-01 16:12:15,22.18,51.39,15.88,0,24.58,0
2026-10-01 16:12:20,25.84,55.56,16.2,0,27.59,0
2026-10-01 16:12:25,23.78,51.55,14.27,0,23.5,0
2026-10-01 16:12:30,24.9,49.1,18.33,0,26.97,0
2026-10-01 16:12:35,24.43,51.09,15.49,0,29.08,0
2026-10-01 16:12:40,25.51,49.1,21.47,0,23.23,0
2026-10-01 16:12:45,24.82,50.3,19.06,0,36.28,0
2026-10-01 16:12:50,24.31,52.6,16.0,0,29.97,0
2026-10-01 16:12:55,23.79,53.53,20.98,1,25.95,0
2026-10-01 16:13:00,25.14,47.23,18.03,0,24.36,0
2026-10-01 16:13:05,23.0,51.95,18.08,0,23.06,0
2026-10-01 16:13:10,25.02,50.24,12.88,0,30.81,0
2026-10-01 16:13:15,23.62,50.05,17.75,0,25.74,0
2026-10-01 16:13:20,25.5,52.4,19.13,0,19.96,0
2026-10-01 16:13:25,24.63,50.35,22.67,0,19.01,0
2026-10-01 16:13:30,25.02,56.15,15.37,0,25.39,0
2026-10-01 16:13:35,24.57,55.56,25.97,0,25.47,0
2026-10-01 16:13:40,23.1,55.55,19.95,0,21.79,0
2026-10-01 16:13:45,23.81,50.52,12.68,0,19.7,0
2026-10-01 16:13:50,25.04,49.11,15.04,0,18.13,0
2026-10-01 16:13:55,24.63,52.25,22.97,0,22.34,0
2026-10-01 16:14:00,25.44,51.55,22.35,0,23.73,0
2026-10-01 16:14:05,24.82,50.17,18.06,0,27.42,0
2026-10-01 16:14:10,23.73,48.47,18.52,0,24.54,0
2026-10-01 16:14:15,23.86,51.88,13.92,0,28.72,0
2026-10-01 16:14:20,24.58,50.79,22.63,0,27.12,0
2026-10-01 16:14:25,22.65,54.07,14.54,0,26.8,0
2026-10-01 16:14:30,25.84,54.0,20.96,0,28.43,0
2026-10-01 16:14:35,24.85,55.3,22.73,0,20.15,0
2026-10-01 16:14:40,25.48,48.22,18.17,0,23.12,0
2026-10-01 16:14:45,23.24,53.2,21.39,0,33.4,0
2026-10-01 16:14:50,25.5,49.82,24.47,0,18.33,0
2026-10-01 16:14:55,26.29,48.34,18.94,0,23.96,0
2026-10-01 16:15:00,23.44,50.71,17.39,1,26.67,0
2026-10-01 16:15:05,25.12,55.21,17.77,0,18.43,0
2026-10-01 16:15:10,24.5,50.88,15.4,1,22.37,0
2026-10-01 16:15:15,23.26,56.7,15.32,0,31.99,0
2026-10-01 16:15:20,24.89,53.65,19.55,0,25.6,0
2026-10-01 16:15:25,25.17,50.82,17.43,0,22.99,0
2026-10-01 16:15:30,24.02,55.48,19.15,0,25.74,0
2026-10-01 16:15:35,25.43,53.34,12.79,0,22.98,0
2026-10-01 16:15:40,23.17,49.2,17.68,0,30.99,0
2026-10-01 16:15:45,23.3,57.58,21.61,0,21.53,0
2026-10-01 16:15:50,24.61,52.78,14.08,1,23.17,0
2026-10-01 16:15:55,24.52,52.06,18.06,1,19.78,0
2026-10-01 16:16:00,23.93,49.43,11.51,0,23.97,0
2026-10-01 16:16:05,25.15,55.54,13.43,0,24.39,0
2026-10-01 16:16:10,24.92,53.55,20.83,0,29.18,0
2026-10-01 16:16:15,25.19,53.89,16.92,0,21.44,0
2026-10-01 16:16:20,24.4,50.48,24.38,1,26.69,0
2026-10-01 16:16:25,24.98,54.5,19.51,0,25.3,0
2026-10-01 16:16:30,24.14,54.74,19.86,0,18.38,0
2026-10-01 16:16:35,26.14,49.99,14.23,0,22.46,0
2026-10-01 16:16:40,23.85,47.75,16.65,0,22.32,0
2026-10-01 16:16:45,26.18,53.74,15.44,0,30.89,0
2026-10-01 16:16:50,24.53,47.28,14.27,0,26.91,0
2026-10-01 16:16:55,23.4,52.46,20.32,0,25.51,0
2026-10-01 16:17:00,25.59,50.66,21.03,0,15.0,0
2026-10-01 16:17:05,24.6,55.66,19.4,0,18.32,0
2026-10-01 16:17:10,25.18,50.82,15.1,0,27.55,0
2026-10-01 16:17:15,25.48,55.32,19.16,0,27.74,0
2026-10-01 16:17:20,24.77,50.46,11.31,0,22.4,0
2026-10-01 16:17:25,24.03,55.0,22.63,0,25.1,0
2026-10-01 16:17:30,25.28,58.18,13.46,0,24.85,0
2026-10-01 16:17:35,24.5,48.8,14.08,0,25.59,0
2026-10-01 16:17:40,25.05,52.88,18.4,0,23.7,0
2026-10-01 16:17:45,22.78,60.25,18.71,0,27.85,0
2026-10-01 16:17:50,24.86,52.2,17.75,0,28.87,0
2026-10-01 16:17:55,23.99,52.19,14.11,0,21.64,0
2026-10-01 16:18:00,25.82,54.37,21.97,0,20.82,0
2026-10-01 16:18:05,25.0,52.12,12.1,0,22.21,0
2026-10-01 16:18:10,24.69,46.88,12.81,0,25.17,0
2026-10-01 16:18:15,24.89,55.4,17.63,0,26.24,0
2026-10-01 16:18:20,23.7,45.99,13.58,0,27.76,0
2026-10-01 16:18:25,25.8,50.75,22.28,0,28.4,0
2026-10-01 16:18:30,26.09,55.62,13.88,0,26.27,0
2026-10-01 16:18:35,24.81,50.93,23.45,0,25.8,0
2026-10-01 16:18:40,25.77,49.92,21.62,0,30.77,0
2026-10-01 16:18:45,24.04,54.64,22.32,0,25.02,0
2026-10-01 16:18:50,23.86,49.45,24.6,0,27.07,0
2026-10-01 16:18:55,24.53,48.33,18.28,0,26.12,0
2026-10-01 16:19:00,24.85,52.82,14.45,0,24.39,0
2026-10-01 16:19:05,24.18,51.45,17.64,0,24.42,0
2026-10-01 16:19:10,24.93,48.27,16.02,0,29.63,0
2026-10-01 16:19:15,24.75,53.91,15.52,0,24.68,0
2026-10-01 16:19:20,23.7,53.39,18.53,0,23.77,0
2026-10-01 16:19:25,24.92,50.92,16.91,0,22.42,0
2026-10-01 16:19:30,25.19,51.13,15.37,0,26.48,0
2026-10-01 16:19:35,24.64,53.41,17.14,0,23.21,0
2026-10-01 16:19:40,25.42,55.57,19.92,0,26.16,0
2026-10-01 16:19:45,23.53,51.15,21.35,0,25.62,0
2026-10-01 16:19:50,24.87,53.96,12.39,0,23.5,0
2026-10-01 16:19:55,23.56,53.7,16.94,0,20.12,0
2026-10-01 16:20:00,23.61,54.64,17.51,0,21.4,0
2026-10-01 16:20:05,24.0,52.12,13.86,0,21.95,0
2026-10-01 16:20:10,23.75,49.26,17.58,0,21.49,0
2026-10-01 16:20:15,24.06,50.61,18.52,0,26.59,0
2026-10-01 16:20:20,24.33,53.03,19.82,0,32.45,0
2026-10-01 16:20:25,25.17,57.46,18.27,0,23.21,0
2026-10-01 16:20:30,24.24,50.55,14.92,0,23.66,0
2026-10-01 16:20:35,23.23,54.41,25.04,0,22.95,0
2026-10-01 16:20:40,25.41,51.02,20.9,0,28.0,0
2026-10-01 16:20:45,23.83,52.33,19.93,0,26.49,0
2026-10-01 16:20:50,24.45,56.55,21.52,0,24.94,0
2026-10-01 16:20:55,24.86,54.29,18.86,0,20.75,0
2026-10-01 16:21:00,24.66,48.28,22.5,0,21.61,0
2026-10-01 16:21:05,25.38,50.28,18.2,0,25.61,0
2026-10-01 16:21:10,24.88,55.77,18.01,0,25.78,0
2026-10-01 16:21:15,23.81,52.43,20.22,1,24.94,0
2026-10-01 16:21:20,26.24,48.55,23.52,0,27.33,0
2026-10-01 16:21:25,24.66,49.54,23.29,1,20.72,0
2026-10-01 16:21:30,24.38,54.11,20.07,0,26.06,0
2026-10-01 16:21:35,25.27,54.98,19.81,0,25.87,0
2026-10-01 16:21:40,24.7,52.05,20.44,0,21.65,0
2026-10-01 16:21:45,24.82,59.43,21.45,1,22.88,0
2026-10-01 16:21:50,26.49,54.47,22.55,0,27.43,0
2026-10-01 16:21:55,24.28,51.27,17.17,0,21.01,0
2026-10-01 16:22:00,24.25,49.55,22.61,0,33.62,0
2026-10-01 16:22:05,24.59,49.08,19.2,0,26.95,0
2026-10-01 16:22:10,25.36,53.01,20.28,0,24.8,0
2026-10-01 16:22:15,23.29,50.53,22.84,0,24.12,0
2026-10-01 16:22:20,22.93,57.02,20.61,0,27.76,0
2026-10-01 16:22:25,24.03,56.4,21.21,0,23.56,0
2026-10-01 16:22:30,23.19,53.9,16.64,0,23.7,0
2026-10-01 16:22:35,24.16,48.46,23.24,0,30.08,0
2026-10-01 16:22:40,24.9,49.98,20.43,0,23.35,0
2026-10-01 16:22:45,23.79,55.77,18.44,0,25.48,0
2026-10-01 16:22:50,23.36,50.31,21.85,0,22.34,0
2026-10-01 16:22:55,24.56,55.37,27.06,0,25.91,0
2026-10-01 16:23:00,25.19,53.42,13.91,0,27.03,0
2026-10-01 16:23:05,23.14,52.16,15.19,1,30.89,0
2026-10-01 16:23:10,25.16,49.89,27.4,0,21.72,0
2026-10-01 16:23:15,25.15,51.72,19.49,0,19.93,0
2026-10-01 16:23:20,25.26,52.57,18.67,0,24.07,0
2026-10-01 16:23:25,25.47,55.1,17.6,0,22.84,0
2026-10-01 16:23:30,26.26,49.34,22.23,0,24.95,0
2026-10-01 16:23:35,24.22,51.21,27.14,0,26.83,0
2026-10-01 16:23:40,24.59,52.13,15.67,0,32.93,0
2026-10-01 16:23:45,24.17,53.99,17.66,0,23.42,0
2026-10-01 16:23:50,24.5,49.27,16.77,0,17.26,0
2026-10-01 16:23:55,25.73,48.05,20.57,0,24.17,0
2026-10-01 16:24:00,23.42,54.02,22.28,0,26.23,0
2026-10-01 16:24:05,23.81,47.45,23.67,0,21.61,0
2026-10-01 16:24:10,25.6,55.85,20.68,0,25.82,0
2026-10-01 16:24:15,25.32,51.53,26.82,0,25.48,0
2026-10-01 16:24:20,24.21,47.36,15.99,0,25.91,0
2026-10-01 16:24:25,25.18,50.56,15.08,0,27.77,0
2026-10-01 16:24:30,24.77,53.14,23.14,0,24.71,0
2026-10-01 16:24:35,25.7,50.4,18.43,0,26.92,0
2026-10-01 16:24:40,24.56,52.06,13.18,0,18.7,0
2026-10-01 16:24:45,25.32,54.22,16.89,0,21.63,0
2026-10-01 16:24:50,26.61,51.39,18.89,0,23.8,0
2026-10-01 16:24:55,24.98,49.19,15.74,0,21.48,0
2026-10-01 16:25:00,24.54,51.1,14.45,1,25.02,0
2026-10-01 16:25:05,25.08,56.24,17.27,0,23.8,0
2026-10-01 16:25:10,24.21,57.06,14.27,0,23.41,0
2026-10-01 16:25:15,26.41,45.94,20.22,0,28.09,0
2026-10-01 16:25:20,24.64,55.27,11.2,0,25.29,0
2026-10-01 16:25:25,24.28,52.75,18.32,0,21.21,0
2026-10-01 16:25:30,23.83,54.77,19.82,0,22.89,0
2026-10-01 16:25:35,25.38,50.35,17.68,0,27.64,0
2026-10-01 16:25:40,25.19,46.7,21.83,0,25.7,0
2026-10-01 16:25:45,24.1,53.75,13.2,0,29.19,0
2026-10-01 16:25:50,24.96,49.18,15.55,0,27.96,0
2026-10-01 16:25:55,23.29,47.84,16.84,0,23.64,0
2026-10-01 16:26:00,24.65,48.04,20.49,0,30.02,0
2026-10-01 16:26:05,24.86,53.8,18.76,0,30.31,0
2026-10-01 16:26:10,25.87,52.42,25.5,0,18.75,0
2026-10-01 16:26:15,23.88,54.35,15.18,0,25.11,0
2026-10-01 16:26:20,23.48,54.01,13.12,0,23.08,0
2026-10-01 16:26:25,23.78,50.74,24.26,0,24.09,0
2026-10-01 16:26:30,23.43,51.79,12.99,1,22.14,0
2026-10-01 16:26:35,25.57,50.47,20.39,1,21.71,0
2026-10-01 16:26:40,25.74,51.37,14.57,0,28.15,0
2026-10-01 16:26:45,24.76,49.1,10.76,0,20.91,0
2026-10-01 16:26:50,25.48,53.17,16.69,0,25.33,0
2026-10-01 16:26:55,24.61,55.23,21.15,0,20.28,0
2026-10-01 16:27:00,24.42,49.55,13.72,1,29.44,0
2026-10-01 16:27:05,24.23,55.84,20.02,0,25.11,0
2026-10-01 16:27:10,24.25,52.34,20.67,0,27.61,0
2026-10-01 16:27:15,23.26,52.72,13.55,1,25.68,0
2026-10-01 16:27:20,24.71,46.9,17.2,0,24.11,0
2026-10-01 16:27:25,24.47,46.58,23.52,0,25.24,0
2026-10-01 16:27:30,25.1,52.43,20.28,0,30.28,0
2026-10-01 16:27:35,24.57,54.37,17.08,1,21.86,0
2026-10-01 16:27:40,24.37,49.99,19.45,0,16.08,0
2026-10-01 16:27:45,23.8,57.01,15.6,0,22.25,0
2026-10-01 16:27:50,24.56,54.2,21.9,1,20.77,0
2026-10-01 16:27:55,25.09,49.27,21.9,0,28.39,0
2026-10-01 16:28:00,23.59,52.09,18.42,0,24.38,0
2026-10-01 16:28:05,24.57,59.43,18.81,0,27.9,0
2026-10-01 16:28:10,24.69,48.27,14.5,0,25.11,0
2026-10-01 16:28:15,23.93,53.58,13.27,0,25.03,0
2026-10-01 16:28:20,24.03,51.03,16.68,0,25.57,0
2026-10-01 16:28:25,24.68,54.12,17.69,0,30.18,0
2026-10-01 16:28:30,23.59,55.8,21.72,0,25.65,0
2026-10-01 16:28:35,24.78,50.84,21.23,0,28.88,0
2026-10-01 16:28:40,23.78,55.36,18.65,0,28.66,0
2026-10-01 16:28:45,25.35,58.66,22.17,0,24.43,0
2026-10-01 16:28:50,26.37,52.2,14.7,0,24.74,0
2026-10-01 16:28:55,23.81,54.35,21.77,0,23.68,0
2026-10-01 16:29:00,24.93,50.23,15.23,0,29.49,0
2026-10-01 16:29:05,23.92,52.06,22.34,0,21.71,0
2026-10-01 16:29:10,25.33,51.47,17.95,0,22.47,0
2026-10-01 16:29:15,23.49,54.39,11.01,0,24.03,0
2026-10-01 16:29:20,24.88,55.61,20.56,0,20.98,0
2026-10-01 16:29:25,23.8,51.67,20.83,0,22.93,0
2026-10-01 16:29:30,24.33,56.6,16.4,0,28.98,0
2026-10-01 16:29:35,23.68,56.59,16.7,0,27.28,0
2026-10-01 16:29:40,25.16,54.54,17.44,0,23.53,0
2026-10-01 16:29:45,23.83,50.45,11.26,1,27.81,0
2026-10-01 16:29:50,24.94,50.16,9.72,1,32.29,0
2026-10-01 16:29:55,24.22,49.56,22.56,0,26.1,0
2026-10-01 16:30:00,24.41,54.85,15.12,0,29.97,0
2026-10-01 16:30:05,24.62,48.36,24.49,0,27.98,0
2026-10-01 16:30:10,23.89,54.03,22.8,0,23.97,0
2026-10-01 16:30:15,24.67,48.76,23.49,0,25.69,0
2026-10-01 16:30:20,25.72,54.47,15.72,0,26.84,0
2026-10-01 16:30:25,23.88,52.05,12.37,0,22.39,0
2026-10-01 16:30:30,25.44,56.0,14.2,0,15.87,0
2026-10-01 16:30:35,25.7,55.42,16.44,0,22.08,0
2026-10-01 16:30:40,23.85,56.31,9.69,0,17.45,0
2026-10-01 16:30:45,23.34,56.38,16.34,0,22.37,0
2026-10-01 16:30:50,24.74,52.43,17.29,0,19.02,0
2026-10-01 16:30:55,24.06,48.52,13.47,0,28.08,0
2026-10-01 16:31:00,25.99,48.84,14.36,1,20.86,0
2026-10-01 16:31:05,24.53,45.74,17.23,0,26.9,0
2026-10-01 16:31:10,23.86,48.75,19.25,0,27.68,0
2026-10-01 16:31:15,23.58,52.21,14.88,0,27.46,0
2026-10-01 16:31:20,25.37,50.32,19.02,0,18.46,0
2026-10-01 16:31:25,24.04,51.46,18.48,0,28.93,0
2026-10-01 16:31:30,24.54,53.48,18.16,0,26.47,0
2026-10-01 16:31:35,25.26,51.09,15.72,0,27.81,0
2026-10-01 16:31:40,24.11,48.63,13.33,0,31.4,0
2026-10-01 16:31:45,24.46,51.84,23.94,0,27.78,0
2026-10-01 16:31:50,24.49,49.3,20.21,0,20.86,0
2026-10-01 16:31:55,25.05,51.19,21.52,0,27.29,0
2026-10-01 16:32:00,24.97,56.03,17.71,0,19.74,0
2026-10-01 16:32:05,24.32,51.19,17.43,0,24.78,0
2026-10-01 16:32:10,24.55,57.31,19.72,0,23.24,0
2026-10-01 16:32:15,24.2,56.29,11.58,1,25.04,0
2026-10-01 16:32:20,23.32,50.26,14.1,0,19.72,0
2026-10-01 16:32:25,24.71,48.67,15.21,0,20.12,0
2026-10-01 16:32:30,26.01,51.84,16.41,0,23.43,0
2026-10-01 16:32:35,23.79,55.46,14.92,0,24.22,0
2026-10-01 16:32:40,23.88,50.53,19.16,0,23.51,0
2026-10-01 16:32:45,23.8,54.72,18.29,0,30.08,0
2026-10-01 16:32:50,25.08,55.63,22.88,0,26.48,0
2026-10-01 16:32:55,24.86,49.68,26.66,0,26.39,0
2026-10-01 16:33:00,24.37,49.97,13.58,0,23.66,0
2026-10-01 16:33:05,23.77,54.14,18.52,0,20.13,0
2026-10-01 16:33:10,24.57,52.46,18.51,0,24.99,0
2026-10-01 16:33:15,23.25,49.94,17.95,0,31.33,0
2026-10-01 16:33:20,24.61,50.94,14.2,0,25.79,0
2026-10-01 16:33:25,25.2,51.79,14.79,0,28.9,0
2026-10-01 16:33:30,23.5,47.31,18.84,0,29.34,0
2026-10-01 16:33:35,23.27,54.3,14.69,0,26.96,0
2026-10-01 16:33:40,25.76,50.56,18.56,0,25.77,0
2026-10-01 16:33:45,24.01,43.65,17.14,0,21.54,0
2026-10-01 16:33:50,25.41,51.93,18.5,0,24.27,0
2026-10-01 16:33:55,24.38,49.78,14.66,0,23.74,0
2026-10-01 16:34:00,24.37,57.07,18.55,0,26.15,0
2026-10-01 16:34:05,24.85,50.24,14.92,0,20.05,0
2026-10-01 16:34:10,23.79,48.71,18.56,0,23.12,0
2026-10-01 16:34:15,24.61,53.52,22.69,0,26.41,0
2026-10-01 16:34:20,24.19,50.02,18.91,0,22.54,0
2026-10-01 16:34:25,23.44,49.66,19.13,0,21.8,0
2026-10-01 16:34:30,24.77,53.53,20.86,0,22.23,0
2026-10-01 16:34:35,24.29,48.88,13.09,0,24.05,0
2026-10-01 16:34:40,24.37,47.63,24.02,0,16.67,0
2026-10-01 16:34:45,23.53,57.18,14.31,0,22.39,0
2026-10-01 16:34:50,25.77,53.74,21.08,0,28.33,0
2026-10-01 16:34:55,25.2,51.21,20.61,0,26.13,0
2026-10-01 16:35:00,25.27,51.99,14.84,0,26.47,0
2026-10-01 16:35:05,24.26,53.52,21.53,0,18.6,0
2026-10-01 16:35:10,23.12,54.92,19.74,0,23.55,0
2026-10-01 16:35:15,26.06,49.73,24.61,0,24.59,0
2026-10-01 16:35:20,24.45,53.1,18.68,0,26.63,0
2026-10-01 16:35:25,23.9,50.48,17.62,1,28.89,0
2026-10-01 16:35:30,24.83,51.43,16.2,0,28.34,0
2026-10-01 16:35:35,25.43,52.48,11.9,0,22.95,0
2026-10-01 16:35:40,24.48,51.98,16.89,0,23.03,0
2026-10-01 16:35:45,25.52,54.21,17.03,0,29.94,0
2026-10-01 16:35:50,25.37,53.46,18.92,0,23.74,0
2026-10-01 16:35:55,23.64,47.48,13.02,0,21.21,0
2026-10-01 16:36:00,23.96,47.93,17.16,0,24.28,0
2026-10-01 16:36:05,25.27,50.89,20.02,0,29.72,0
2026-10-01 16:36:10,22.33,57.49,20.36,0,21.83,0
2026-10-01 16:36:15,24.38,49.45,11.49,0,23.5,0
2026-10-01 16:36:20,23.36,51.38,20.47,0,21.98,0
2026-10-01 16:36:25,24.12,50.39,17.14,0,28.35,0
2026-10-01 16:36:30,24.26,50.34,17.35,0,26.01,0
2026-10-01 16:36:35,24.21,52.53,9.72,0,28.24,0
2026-10-01 16:36:40,24.06,56.2,23.23,0,30.48,0
2026-10-01 16:36:45,23.62,53.37,18.62,1,19.71,0
2026-10-01 16:36:50,26.33,49.59,12.64,1,22.34,0
2026-10-01 16:36:55,25.99,60.26,19.31,0,23.48,0
2026-10-01 16:37:00,23.57,52.24,19.21,0,25.24,0
2026-10-01 16:37:05,25.77,50.27,22.28,0,26.77,0
2026-10-01 16:37:10,24.18,56.24,16.92,0,23.28,0
2026-10-01 16:37:15,24.6,50.59,18.04,0,22.58,0
2026-10-01 16:37:20,24.45,56.99,15.75,0,28.35,0
2026-10-01 16:37:25,23.97,49.39,20.09,0,26.91,0
2026-10-01 16:37:30,25.29,56.29,15.26,0,26.11,0
2026-10-01 16:37:35,24.6,52.6,14.87,0,17.49,0
2026-10-01 16:37:40,24.12,55.87,17.76,0,29.22,0
2026-10-01 16:37:45,23.46,57.71,13.71,0,25.64,0
2026-10-01 16:37:50,23.79,48.6,23.61,0,24.43,0
2026-10-01 16:37:55,23.19,55.83,24.75,0,22.13,0
2026-10-01 16:38:00,24.51,47.77,16.41,0,22.78,0
2026-10-01 16:38:05,23.54,48.86,13.15,1,21.88,0
2026-10-01 16:38:10,24.29,49.59,19.18,0,18.01,0
2026-10-01 16:38:15,25.6,53.51,16.31,1,22.14,0
2026-10-01 16:38:20,25.46,52.1,22.11,0,19.4,0
2026-10-01 16:38:25,24.47,51.5,15.24,1,24.79,0
2026-10-01 16:38:30,24.43,52.44,19.91,0,20.97,0
2026-10-01 16:38:35,26.0,53.77,18.4,0,27.55,0
2026-10-01 16:38:40,24.92,54.0,15.63,0,19.17,0
2026-10-01 16:38:45,24.24,55.28,18.84,0,29.18,0
2026-10-01 16:38:50,23.36,57.46,21.07,0,27.93,0
2026-10-01 16:38:55,24.82,51.94,18.3,0,21.27,0
2026-10-01 16:39:00,25.16,50.44,18.34,0,24.67,0
2026-10-01 16:39:05,23.99,53.84,14.95,0,22.01,0
2026-10-01 16:39:10,24.73,48.57,22.0,0,27.03,0
2026-10-01 16:39:15,24.21,49.96,21.66,0,31.3,0
2026-10-01 16:39:20,24.35,55.0,16.56,0,29.13,0
2026-10-01 16:39:25,22.51,51.63,17.56,0,22.59,0
2026-10-01 16:39:30,24.32,48.38,22.95,0,25.4,0
2026-10-01 16:39:35,25.28,47.53,14.03,0,30.33,0
2026-10-01 16:39:40,23.99,52.15,20.12,1,26.83,0
2026-10-01 16:39:45,24.54,55.43,16.04,0,28.54,0
2026-10-01 16:39:50,23.9,55.39,24.22,0,27.28,0
2026-10-01 16:39:55,24.79,52.33,18.22,0,25.27,0
2026-10-01 16:40:00,24.33,58.03,22.41,0,24.76,0
2026-10-01 16:40:05,23.75,51.69,15.34,0,20.76,0
2026-10-01 16:40:10,25.57,51.58,13.63,0,22.32,0
2026-10-01 16:40:15,25.24,44.3,17.18,0,21.84,0
2026-10-01 16:40:20,24.02,50.66,18.92,0,23.77,0
2026-10-01 16:40:25,24.9,54.56,16.21,0,25.35,0
2026-10-01 16:40:30,24.93,56.69,20.65,1,24.62,0
2026-10-01 16:40:35,25.01,49.51,17.27,0,25.76,0
2026-10-01 16:40:40,23.14,53.39,10.71,0,27.32,0
2026-10-01 16:40:45,25.31,55.14,19.93,0,23.55,0
2026-10-01 16:40:50,24.04,52.03,14.91,0,27.58,0
2026-10-01 16:40:55,24.21,45.15,16.73,0,28.98,0
2026-10-01 16:41:00,26.61,52.74,23.44,0,26.45,0
2026-10-01 16:41:05,24.74,54.28,24.2,0,23.09,0
2026-10-01 16:41:10,24.19,49.16,15.99,0,28.31,0
2026-10-01 16:41:15,22.74,51.24,20.02,0,26.69,0
2026-10-01 16:41:20,25.61,48.53,16.07,0,27.17,0
2026-10-01 16:41:25,23.42,44.29,17.0,0,30.37,0
2026-10-01 16:41:30,23.7,55.08,15.88,0,27.48,0
2026-10-01 16:41:35,24.23,51.99,11.96,0,30.51,0
2026-10-01 16:41:40,25.63,56.79,18.33,0,24.48,0
2026-10-01 16:41:45,25.12,54.57,19.01,0,23.49,0
2026-10-01 16:41:50,24.37,50.94,15.65,0,29.02,0
2026-10-01 16:41:55,24.75,51.75,21.81,1,21.55,0
2026-10-01 16:42:00,24.02,53.7,16.47,0,31.61,0
2026-10-01 16:42:05,24.61,54.9,15.77,0,29.56,0
2026-10-01 16:42:10,24.56,52.97,19.84,0,25.31,0
2026-10-01 16:42:15,25.28,55.32,12.6,0,29.2,0
2026-10-01 16:42:20,25.27,51.11,21.17,0,27.32,0
2026-10-01 16:42:25,24.9,49.01,16.59,0,20.48,0
2026-10-01 16:42:30,24.21,51.81,21.46,0,22.14,0
2026-10-01 16:42:35,25.09,52.62,22.51,0,26.0,0
2026-10-01 16:42:40,24.43,48.4,20.24,0,25.56,0
2026-10-01 16:42:45,23.63,47.99,15.16,0,29.58,0
2026-10-01 16:42:50,24.18,53.34,13.62,0,26.06,0
2026-10-01 16:42:55,24.57,50.78,12.98,0,20.56,0
2026-10-01 16:43:00,25.23,51.5,21.86,0,23.09,0
2026-10-01 16:43:05,24.35,50.92,17.53,0,27.6,0
2026-10-01 16:43:10,23.53,56.56,15.9,0,18.62,0
2026-10-01 16:43:15,24.55,55.79,17.54,0,20.06,0
2026-10-01 16:43:20,24.59,48.29,21.78,0,23.7,0
2026-10-01 16:43:25,24.65,50.4,20.73,0,28.24,0
2026-10-01 16:43:30,25.24,54.55,19.53,0,24.24,0
2026-10-01 16:43:35,25.32,53.81,20.23,0,26.61,0
2026-10-01 16:43:40,24.02,51.88,18.63,1,25.02,0
2026-10-01 16:43:45,24.01,48.59,19.06,0,24.51,0
2026-10-01 16:43:50,23.67,49.95,18.77,0,22.71,0
2026-10-01 16:43:55,25.06,50.45,18.0,0,27.94,0
2026-10-01 16:44:00,25.66,52.83,20.64,0,20.61,0
2026-10-01 16:44:05,24.25,57.11,19.26,0,24.18,0
2026-10-01 16:44:10,24.31,49.94,14.92,0,29.01,0
2026-10-01 16:44:15,25.67,48.92,19.85,0,22.33,0
2026-10-01 16:44:20,24.9,51.67,18.87,0,19.55,0
2026-10-01 16:44:25,24.85,55.1,20.14,0,17.59,0
2026-10-01 16:44:30,23.55,47.66,17.64,0,27.33,0
2026-10-01 16:44:35,25.04,56.36,20.84,0,27.57,0
2026-10-01 16:44:40,23.76,51.48,17.79,0,23.8,0
2026-10-01 16:44:45,23.59,49.8,20.53,0,20.55,0
2026-10-01 16:44:50,24.22,47.2,16.4,0,24.49,0
2026-10-01 16:44:55,24.03,54.12,16.64,0,29.12,0
2026-10-01 16:45:00,24.32,51.49,20.11,0,20.56,0
2026-10-01 16:45:05,23.35,52.51,16.84,0,28.7,0
2026-10-01 16:45:10,25.27,49.3,25.72,0,19.07,0
2026-10-01 16:45:15,25.4,51.04,19.98,0,21.02,0
2026-10-01 16:45:20,22.94,50.54,18.09,0,25.38,0
2026-10-01 16:45:25,25.28,51.7,20.87,0,28.32,0
2026-10-01 16:45:30,23.85,49.99,16.32,0,30.15,0
2026-10-01 16:45:35,25.19,47.4,21.23,0,28.47,0
2026-10-01 16:45:40,24.45,60.19,21.13,0,30.43,0
2026-10-01 16:45:45,24.52,47.91,22.39,0,25.64,0
2026-10-01 16:45:50,24.35,52.54,16.46,0,22.82,0
2026-10-01 16:45:55,25.47,46.68,13.72,1,29.14,0
2026-10-01 16:46:00,23.51,46.01,15.86,0,29.77,0
2026-10-01 16:46:05,24.99,52.29,17.01,0,28.26,0
2026-10-01 16:46:10,25.38,52.52,23.84,0,27.14,0
2026-10-01 16:46:15,25.07,55.78,25.68,0,29.87,0
2026-10-01 16:46:20,26.36,53.2,19.21,0,26.2,0
2026-10-01 16:46:25,24.08,51.55,18.03,1,24.93,0
2026-10-01 16:46:30,25.27,49.15,16.78,0,27.54,0
2026-10-01 16:46:35,24.42,56.5,20.89,0,26.67,0
2026-10-01 16:46:40,25.49,54.79,25.66,0,28.1,0
2026-10-01 16:46:45,24.49,48.26,24.25,0,24.54,0
2026-10-01 16:46:50,24.19,52.11,21.98,0,28.18,0
2026-10-01 16:46:55,25.54,52.43,21.93,0,28.0,0
2026-10-01 16:47:00,24.11,50.96,20.91,0,25.75,0
2026-10-01 16:47:05,23.37,54.32,17.83,0,22.37,0
2026-10-01 16:47:10,24.09,54.5,15.42,0,29.34,0
2026-10-01 16:47:15,25.0,51.43,17.93,0,20.77,0
2026-10-01 16:47:20,25.61,51.16,19.48,0,21.65,0
2026-10-01 16:47:25,24.59,56.5,12.91,0,25.59,0
2026-10-01 16:47:30,25.55,54.8,17.46,0,16.22,0
2026-10-01 16:47:35,23.41,52.22,15.11,0,30.4,0
2026-10-01 16:47:40,24.15,47.11,21.55,0,25.05,0
2026-10-01 16:47:45,24.27,53.03,16.08,0,30.39,0
2026-10-01 16:47:50,24.41,54.09,19.15,0,31.31,0
2026-10-01 16:47:55,24.57,43.74,15.55,0,24.46,0
2026-10-01 16:48:00,25.05,52.76,23.59,0,29.72,0
2026-10-01 16:48:05,24.14,50.75,12.05,0,21.29,0
2026-10-01 16:48:10,24.61,51.34,19.67,0,26.52,0
2026-10-01 16:48:15,24.46,49.28,13.53,0,23.34,0
2026-10-01 16:48:20,23.76,51.56,16.22,0,27.44,0
2026-10-01 16:48:25,24.41,56.18,18.72,0,28.09,0
2026-10-01 16:48:30,24.39,50.66,18.89,0,24.44,0
2026-10-01 16:48:35,24.37,54.9,18.8,0,26.91,0
2026-10-01 16:48:40,24.53,49.58,18.53,0,28.31,0
2026-10-01 16:48:45,24.56,54.28,15.75,0,25.66,0
2026-10-01 16:48:50,24.15,52.0,17.43,0,33.89,0
2026-10-01 16:48:55,25.52,53.06,18.11,0,24.52,0
2026-10-01 16:49:00,23.56,52.02,18.68,1,30.8,0
2026-10-01 16:49:05,23.92,53.92,17.77,0,29.01,0
2026-10-01 16:49:10,26.72,44.3,20.55,0,18.49,0
2026-10-01 16:49:15,23.67,47.74,18.33,1,30.23,0
2026-10-01 16:49:20,23.42,53.25,18.7,0,28.76,0
2026-10-01 16:49:25,25.09,45.87,16.66,0,25.4,0
2026-10-01 16:49:30,22.84,50.41,14.32,0,26.29,0
2026-10-01 16:49:35,24.31,51.84,18.54,0,26.72,0
2026-10-01 16:49:40,26.22,49.52,22.23,1,29.81,0
2026-10-01 16:49:45,23.26,49.93,19.55,0,23.55,0
2026-10-01 16:49:50,22.91,52.81,15.14,0,30.55,0
2026-10-01 16:49:55,23.3,55.03,20.85,0,21.21,0
2026-10-01 16:50:00,25.22,49.12,16.83,0,18.84,0
2026-10-01 16:50:05,25.4,50.27,20.5,0,27.08,0
2026-10-01 16:50:10,24.09,49.81,16.71,0,29.41,0
2026-10-01 16:50:15,25.05,44.74,19.24,0,24.37,0
2026-10-01 16:50:20,25.61,52.43,16.19,0,17.08,0
2026-10-01 16:50:25,25.93,54.8,16.27,0,19.78,0
2026-10-01 16:50:30,24.3,55.05,12.52,0,26.53,0
2026-10-01 16:50:35,22.66,49.39,19.79,0,24.96,0
2026-10-01 16:50:40,23.84,48.24,19.3,0,29.49,0
2026-10-01 16:50:45,24.16,52.06,19.49,0,25.26,0
2026-10-01 16:50:50,24.29,54.49,18.96,0,22.41,0
2026-10-01 16:50:55,24.35,52.46,15.33,0,26.08,0
2026-10-01 16:51:00,25.4,52.87,21.38,0,28.55,0
2026-10-01 16:51:05,25.52,55.43,21.47,0,29.73,0
2026-10-01 16:51:10,24.36,49.78,15.24,0,24.61,0
2026-10-01 16:51:15,25.38,51.34,19.86,0,25.24,0
2026-10-01 16:51:20,24.79,56.9,21.06,0,27.73,0
2026-10-01 16:51:25,24.55,51.41,16.35,0,22.38,0
2026-10-01 16:51:30,25.23,48.2,16.96,0,27.58,0
2026-10-01 16:51:35,24.56,49.99,19.87,0,24.19,0
2026-10-01 16:51:40,26.15,49.19,12.71,0,24.74,0
2026-10-01 16:51:45,23.35,53.07,14.19,0,25.01,0
2026-10-01 16:51:50,24.09,49.31,14.54,0,25.45,0
2026-10-01 16:51:55,24.4,52.81,11.71,0,31.7,0
2026-10-01 16:52:00,24.85,49.79,21.8,0,23.36,0
2026-10-01 16:52:05,25.51,45.63,11.04,0,23.54,0
2026-10-01 16:52:10,24.48,52.92,19.2,0,30.06,0
2026-10-01 16:52:15,23.36,52.45,20.84,0,26.56,0
2026-10-01 16:52:20,25.17,53.55,16.97,1,27.69,0
2026-10-01 16:52:25,25.1,49.98,15.66,0,21.39,0
2026-10-01 16:52:30,22.95,49.66,18.81,0,25.86,0
2026-10-01 16:52:35,24.5,53.2,18.01,1,27.84,0
2026-10-01 16:52:40,23.23,56.56,21.51,0,22.64,0
2026-10-01 16:52:45,23.97,52.03,8.8,0,27.2,0
2026-10-01 16:52:50,23.78,53.27,14.78,0,24.28,0
2026-10-01 16:52:55,25.15,51.04,19.97,0,22.74,0
2026-10-01 16:53:00,24.59,47.37,18.18,0,28.55,0
2026-10-01 16:53:05,23.47,54.9,20.63,0,28.98,0
2026-10-01 16:53:10,25.2,54.73,18.92,0,25.45,0
2026-10-01 16:53:15,23.35,54.13,17.53,0,26.58,0
2026-10-01 16:53:20,24.76,51.45,16.94,0,29.64,0
2026-10-01 16:53:25,23.85,53.79,26.14,1,23.62,0
2026-10-01 16:53:30,24.21,54.68,23.37,0,26.22,0
2026-10-01 16:53:35,24.9,56.86,19.73,0,23.65,0
2026-10-01 16:53:40,24.92,54.97,18.27,1,21.44,0
2026-10-01 16:53:45,25.57,52.19,19.88,0,23.62,0
2026-10-01 16:53:50,24.43,48.08,20.89,0,21.06,0
2026-10-01 16:53:55,24.75,52.47,19.47,0,26.49,0
2026-10-01 16:54:00,24.15,52.77,15.37,0,22.3,0
2026-10-01 16:54:05,24.65,54.13,24.25,0,20.11,0
2026-10-01 16:54:10,24.85,56.06,18.86,0,27.6,0
2026-10-01 16:54:15,24.42,51.71,25.05,1,27.37,0
2026-10-01 16:54:20,23.06,58.3,18.66,0,23.84,0
2026-10-01 16:54:25,24.77,46.72,17.14,0,27.46,0
2026-10-01 16:54:30,24.79,53.26,22.84,0,22.18,0
2026-10-01 16:54:35,23.96,49.6,19.05,0,23.7,0
2026-10-01 16:54:40,23.47,46.28,18.47,0,26.43,0
2026-10-01 16:54:45,25.68,51.39,13.8,0,28.62,0
2026-10-01 16:54:50,24.89,47.63,20.31,0,23.66,0
2026-10-01 16:54:55,24.32,51.52,16.27,0,22.91,0
2026-10-01 16:55:00,23.59,52.1,16.43,0,28.44,0
2026-10-01 16:55:05,23.84,55.36,16.28,0,27.14,0
2026-10-01 16:55:10,25.54,47.48,19.54,0,25.52,0
2026-10-01 16:55:15,24.61,54.73,12.63,0,29.13,0
2026-10-01 16:55:20,24.06,52.29,17.26,0,31.81,0
2026-10-01 16:55:25,24.91,55.09,21.43,0,26.28,0
2026-10-01 16:55:30,23.85,50.7,13.64,0,22.94,0
2026-10-01 16:55:35,25.7,48.0,18.61,0,26.74,0
2026-10-01 16:55:40,25.58,48.35,15.79,0,22.13,0
2026-10-01 16:55:45,24.13,48.12,16.59,0,29.35,0
2026-10-01 16:55:50,24.0,53.43,23.79,0,22.54,0
2026-10-01 16:55:55,22.41,56.43,12.22,0,24.32,0
2026-10-01 16:56:00,23.31,50.31,20.68,0,22.07,0
2026-10-01 16:56:05,23.43,53.89,16.33,0,25.64,0
2026-10-01 16:56:10,24.61,47.43,16.15,0,25.76,0
2026-10-01 16:56:15,24.24,52.54,14.11,0,27.6,0
2026-10-01 16:56:20,23.42,54.01,20.64,0,25.42,0
2026-10-01 16:56:25,24.28,47.66,17.33,0,25.16,0
2026-10-01 16:56:30,24.9,51.39,16.89,0,22.99,0
2026-10-01 16:56:35,24.92,54.15,18.38,0,24.0,0
2026-10-01 16:56:40,22.98,43.2,17.4,1,20.12,0
2026-10-01 16:56:45,24.4,56.01,11.0,0,29.88,0
2026-10-01 16:56:50,23.39,53.06,16.28,0,24.67,0
2026-10-01 16:56:55,25.22,54.15,21.13,0,30.74,0
2026-10-01 16:57:00,25.13,50.76,12.73,0,24.58,0
2026-10-01 16:57:05,23.78,46.83,14.19,0,18.34,0
2026-10-01 16:57:10,23.89,53.6,16.51,0,23.42,0
2026-10-01 16:57:15,24.13,51.75,15.46,0,24.99,0
2026-10-01 16:57:20,22.7,52.1,17.9,0,25.23,0
2026-10-01 16:57:25,24.77,55.26,14.17,0,27.37,0
2026-10-01 16:57:30,24.28,54.29,16.64,0,25.61,0
2026-10-01 16:57:35,25.28,57.76,17.83,0,23.82,0
2026-10-01 16:57:40,23.62,52.46,20.27,0,21.8,0
2026-10-01 16:57:45,24.0,49.93,22.36,0,23.58,0
2026-10-01 16:57:50,23.29,51.43,17.08,0,27.12,0
2026-10-01 16:57:55,23.7,53.25,24.61,0,28.0,0
2026-10-01 16:58:00,23.55,55.05,17.36,0,22.64,0
2026-10-01 16:58:05,25.3,47.6,20.9,0,28.52,0
2026-10-01 16:58:10,23.94,52.03,24.76,0,26.99,0
2026-10-01 16:58:15,24.6,56.83,18.49,0,21.9,0
2026-10-01 16:58:20,24.2,51.28,13.19,0,25.86,0
2026-10-01 16:58:25,23.48,54.79,18.32,0,26.29,0
2026-10-01 16:58:30,24.37,53.48,15.86,0,21.27,0
2026-10-01 16:58:35,24.98,54.87,17.04,0,20.24,0
2026-10-01 16:58:40,23.53,49.57,24.95,0,26.66,0
2026-10-01 16:58:45,25.15,49.58,13.72,0,23.41,0
2026-10-01 16:58:50,23.82,52.06,19.05,0,30.29,0
2026-10-01 16:58:55,24.11,47.4,14.93,0,31.02,0
2026-10-01 16:59:00,24.92,51.19,16.92,0,26.65,0
2026-10-01 16:59:05,23.97,52.76,20.61,0,28.33,0
2026-10-01 16:59:10,24.53,57.35,19.11,0,21.42,0
2026-10-01 16:59:15,24.25,53.21,17.21,0,20.34,0
2026-10-01 16:59:20,24.6,53.88,15.73,0,24.51,0
2026-10-01 16:59:25,22.6,55.49,19.11,0,20.5,0
2026-10-01 16:59:30,23.04,49.11,23.98,0,26.08,0
2026-10-01 16:59:35,24.99,51.5,14.85,0,22.26,0
2026-10-01 16:59:40,25.33,59.28,24.69,0,25.67,0
2026-10-01 16:59:45,23.77,51.76,22.2,0,24.39,0
2026-10-01 16:59:50,24.3,55.35,22.79,0,27.23,0
2026-10-01 16:59:55,24.74,54.89,19.08,0,26.14,0
2026-10-01 17:00:00,25.05,47.57,22.1,1,23.59,0
2026-10-01 17:00:05,22.88,52.93,14.47,0,20.21,0
2026-10-01 17:00:10,23.79,52.44,15.66,0,25.57,0
2026-10-01 17:00:15,24.23,52.99,20.68,0,18.9,0
2026-10-01 17:00:20,25.06,49.74,19.04,0,29.36,0
2026-10-01 17:00:25,26.5,48.65,17.48,0,26.85,0
2026-10-01 17:00:30,24.32,50.57,9.24,0,27.95,0
2026-10-01 17:00:35,23.37,51.71,16.48,0,21.61,0
2026-10-01 17:00:40,24.82,55.55,13.89,0,26.25,0
2026-10-01 17:00:45,25.56,57.45,19.73,0,22.67,0
2026-10-01 17:00:50,24.59,56.19,17.33,0,25.52,0
2026-10-01 17:00:55,23.77,54.58,15.8,0,21.51,0
2026-10-01 17:01:00,25.27,48.99,27.25,1,24.71,0
2026-10-01 17:01:05,25.03,50.77,21.63,0,20.18,0
2026-10-01 17:01:10,23.68,52.63,21.7,0,24.44,0
2026-10-01 17:01:15,24.81,50.1,25.71,1,19.24,0
2026-10-01 17:01:20,25.3,53.73,20.81,1,31.11,0
2026-10-01 17:01:25,25.45,54.16,15.3,0,25.56,0
2026-10-01 17:01:30,24.45,53.61,14.89,0,25.02,0
2026-10-01 17:01:35,24.21,55.08,21.38,0,27.37,0
2026-10-01 17:01:40,25.48,49.29,10.79,0,20.45,0
2026-10-01 17:01:45,23.53,54.8,17.73,0,22.27,0
2026-10-01 17:01:50,24.85,49.91,10.4,0,26.86,0
2026-10-01 17:01:55,23.4,49.18,18.35,0,25.57,0
2026-10-01 17:02:00,25.35,53.6,20.99,0,22.48,0
2026-10-01 17:02:05,24.29,55.65,18.98,0,27.27,0
2026-10-01 17:02:10,25.51,53.46,21.28,0,26.06,0
2026-10-01 17:02:15,24.89,52.06,24.88,0,26.77,0
2026-10-01 17:02:20,23.52,52.93,17.5,0,26.36,0
2026-10-01 17:02:25,25.64,52.41,27.83,0,22.62,0
2026-10-01 17:02:30,25.74,48.62,18.74,0,24.73,0
2026-10-01 17:02:35,25.21,48.27,21.32,0,18.5,0
2026-10-01 17:02:40,23.89,51.76,15.86,0,23.21,0
2026-10-01 17:02:45,24.26,52.24,23.67,0,24.14,0
2026-10-01 17:02:50,24.62,52.03,21.65,0,27.19,0
2026-10-01 17:02:55,23.94,54.03,23.15,1,26.79,0
2026-10-01 17:03:00,25.85,51.35,18.19,0,22.37,0
2026-10-01 17:03:05,24.62,53.69,13.61,0,22.29,0
2026-10-01 17:03:10,22.34,51.57,19.61,0,29.57,0
2026-10-01 17:03:15,24.77,57.47,12.06,0,23.97,0
2026-10-01 17:03:20,24.22,52.24,16.82,0,25.4,0
2026-10-01 17:03:25,24.44,59.02,18.67,0,27.75,0
2026-10-01 17:03:30,24.21,53.06,26.32,0,24.72,0
2026-10-01 17:03:35,25.15,51.36,19.11,0,24.47,0
2026-10-01 17:03:40,25.4,49.3,18.49,0,23.9,0
2026-10-01 17:03:45,24.73,47.67,17.78,0,23.22,0
2026-10-01 17:03:50,24.23,49.03,13.3,0,25.5,0
2026-10-01 17:03:55,24.47,49.36,18.3,0,18.62,0
2026-10-01 17:04:00,24.52,53.18,18.36,0,23.74,0
2026-10-01 17:04:05,23.86,50.42,14.61,0,26.89,0
2026-10-01 17:04:10,24.96,52.56,13.85,0,26.48,0
2026-10-01 17:04:15,24.87,55.85,16.31,0,29.94,0
2026-10-01 17:04:20,25.73,51.74,18.23,0,27.93,0
2026-10-01 17:04:25,25.5,58.24,16.4,0,26.43,0
2026-10-01 17:04:30,23.95,48.47,14.32,0,25.1,0
2026-10-01 17:04:35,25.16,51.55,19.01,0,23.4,0
2026-10-01 17:04:40,23.74,50.38,19.89,0,26.76,0
2026-10-01 17:04:45,25.06,54.81,18.42,0,26.13,0
2026-10-01 17:04:50,24.09,45.28,16.03,0,23.69,0
2026-10-01 17:04:55,23.68,47.67,20.08,0,21.97,0
2026-10-01 17:05:00,24.72,51.68,17.33,0,24.81,0
2026-10-01 17:05:05,22.36,56.65,13.84,0,29.05,0
2026-10-01 17:05:10,23.1,52.68,21.63,0,25.39,0
2026-10-01 17:05:15,24.36,47.95,19.24,0,25.1,0
2026-10-01 17:05:20,24.57,48.41,17.58,0,26.48,0
2026-10-01 17:05:25,24.2,57.02,12.5,0,26.68,0
2026-10-01 17:05:30,23.24,50.14,15.39,0,25.87,0
2026-10-01 17:05:35,23.85,49.17,25.06,0,24.85,0
2026-10-01 17:05:40,24.81,56.43,12.72,0,23.22,0
2026-10-01 17:05:45,24.97,55.03,17.12,0,28.52,0
2026-10-01 17:05:50,24.49,55.82,17.94,0,23.51,0
2026-10-01 17:05:55,25.43,49.15,19.12,0,30.5,0
2026-10-01 17:06:00,24.82,47.42,12.76,1,25.54,0
2026-10-01 17:06:05,23.9,52.4,18.61,0,25.18,0
2026-10-01 17:06:10,24.28,53.01,12.1,0,27.66,0
2026-10-01 17:06:15,23.38,53.09,18.34,0,22.71,0
2026-10-01 17:06:20,24.41,56.43,15.72,0,27.01,0
2026-10-01 17:06:25,25.39,46.8,14.97,0,25.4,0
2026-10-01 17:06:30,25.05,54.58,20.92,0,26.44,0
2026-10-01 17:06:35,25.62,48.71,17.18,0,22.61,0
2026-10-01 17:06:40,24.26,54.57,19.66,0,22.57,0
2026-10-01 17:06:45,25.58,50.58,19.77,0,18.59,0
2026-10-01 17:06:50,24.35,49.56,22.44,1,23.4,0
2026-10-01 17:06:55,25.68,50.17,13.77,0,23.22,0
2026-10-01 17:07:00,24.48,47.66,21.22,0,22.66,0
2026-10-01 17:07:05,25.07,52.12,18.06,0,24.6,0
2026-10-01 17:07:10,25.68,49.68,16.68,0,25.22,0
2026-10-01 17:07:15,24.35,54.36,13.98,0,26.75,0
2026-10-01 17:07:20,24.67,53.92,20.12,0,26.98,0
2026-10-01 17:07:25,25.53,57.06,14.77,0,27.28,0
2026-10-01 17:07:30,24.39,53.1,19.81,1,27.42,0
2026-10-01 17:07:35,23.44,53.56,24.75,0,25.96,0
2026-10-01 17:07:40,26.21,56.2,21.43,0,25.19,0
2026-10-01 17:07:45,24.12,50.12,22.87,0,28.25,0
2026-10-01 17:07:50,24.63,47.54,15.48,0,27.43,0
2026-10-01 17:07:55,25.42,52.6,20.67,0,19.81,0
2026-10-01 17:08:00,24.01,47.73,14.0,0,24.4,0
2026-10-01 17:08:05,23.69,59.36,17.18,0,18.69,0
2026-10-01 17:08:10,24.7,56.37,24.09,0,18.62,0
2026-10-01 17:08:15,23.07,58.49,15.87,0,23.22,0
2026-10-01 17:08:20,24.27,52.19,21.89,0,24.55,0
2026-10-01 17:08:25,24.7,53.65,21.55,0,23.52,0
2026-10-01 17:08:30,24.28,50.62,21.76,0,18.78,0
2026-10-01 17:08:35,23.27,54.65,13.57,0,27.71,0
2026-10-01 17:08:40,25.78,48.35,19.84,0,22.53,0
2026-10-01 17:08:45,24.58,44.37,17.45,0,26.71,0
2026-10-01 17:08:50,25.64,49.63,21.81,0,22.62,0
2026-10-01 17:08:55,24.29,47.63,12.21,0,23.26,0
2026-10-01 17:09:00,23.8,56.43,19.29,0,26.52,0
2026-10-01 17:09:05,24.72,57.45,18.79,0,23.78,0
2026-10-01 17:09:10,24.33,47.79,11.03,0,25.6,0
2026-10-01 17:09:15,23.56,55.88,14.9,0,25.97,0
2026-10-01 17:09:20,25.68,54.85,11.59,1,20.01,0
2026-10-01 17:09:25,24.0,47.29,15.46,0,26.67,0
2026-10-01 17:09:30,23.03,50.83,19.92,0,21.72,0
2026-10-01 17:09:35,25.56,50.26,18.68,0,21.11,0
2026-10-01 17:09:40,24.1,54.24,18.59,0,22.46,0
2026-10-01 17:09:45,24.01,48.31,14.36,0,27.85,0
2026-10-01 17:09:50,23.09,51.7,21.92,0,19.4,0
2026-10-01 17:09:55,25.89,49.94,17.93,0,27.28,0
2026-10-01 17:10:00,23.47,53.42,18.12,0,26.19,0
2026-10-01 17:10:05,24.55,51.35,21.29,0,25.26,0
2026-10-01 17:10:10,25.23,50.39,14.53,0,25.86,0
2026-10-01 17:10:15,24.84,51.36,18.8,0,23.98,0
2026-10-01 17:10:20,24.45,58.11,19.48,0,27.39,0
2026-10-01 17:10:25,23.14,50.75,16.09,0,23.51,0
2026-10-01 17:10:30,23.85,48.88,20.28,0,19.31,0
2026-10-01 17:10:35,24.65,53.75,19.67,0,24.73,0
2026-10-01 17:10:40,23.87,51.57,17.65,0,27.8,0
2026-10-01 17:10:45,24.66,47.75,17.54,0,26.72,0
2026-10-01 17:10:50,25.05,58.69,19.83,0,31.35,0
2026-10-01 17:10:55,25.27,50.94,20.76,0,24.11,0
2026-10-01 17:11:00,23.52,50.87,18.22,0,24.44,0
2026-10-01 17:11:05,26.26,52.48,21.92,0,24.18,0
2026-10-01 17:11:10,25.11,57.19,20.3,0,22.28,0
2026-10-01 17:11:15,24.5,46.96,11.74,0,23.34,0
2026-10-01 17:11:20,25.37,52.83,13.08,0,21.36,0
2026-10-01 17:11:25,26.39,58.26,22.14,0,16.97,0
2026-10-01 17:11:30,23.35,52.39,17.14,0,22.97,0
2026-10-01 17:11:35,24.32,48.29,18.57,0,25.08,0
2026-10-01 17:11:40,22.6,50.14,21.99,0,27.21,0
2026-10-01 17:11:45,24.65,52.62,17.98,0,22.99,0
2026-10-01 17:11:50,24.79,55.99,18.13,1,23.03,0
2026-10-01 17:11:55,24.47,50.98,14.96,0,28.61,0
2026-10-01 17:12:00,23.98,54.48,19.29,0,20.34,0
2026-10-01 17:12:05,22.86,47.69,20.05,0,24.43,0
2026-10-01 17:12:10,24.8,47.67,15.98,0,28.35,0
2026-10-01 17:12:15,25.66,50.55,14.77,0,22.52,0
2026-10-01 17:12:20,24.03,56.31,27.19,0,19.63,0
2026-10-01 17:12:25,24.85,52.21,17.67,0,30.97,0
2026-10-01 17:12:30,23.25,52.87,15.61,0,27.8,0
2026-10-01 17:12:35,24.87,52.83,20.47,1,27.91,0
2026-10-01 17:12:40,24.19,55.33,17.82,0,24.69,0
2026-10-01 17:12:45,23.89,50.17,14.2,0,27.24,0
2026-10-01 17:12:50,23.89,54.06,19.69,0,16.28,0
2026-10-01 17:12:55,24.19,49.51,15.01,1,23.47,0
2026-10-01 17:13:00,24.81,57.95,23.52,0,28.32,0
2026-10-01 17:13:05,23.45,49.6,19.73,0,20.11,0
2026-10-01 17:13:10,24.18,49.35,17.03,0,23.83,0
2026-10-01 17:13:15,24.47,53.65,18.38,0,26.12,0
2026-10-01 17:13:20,23.62,52.24,21.16,0,22.26,0
2026-10-01 17:13:25,25.94,52.98,18.65,0,25.03,0
2026-10-01 17:13:30,23.82,52.68,25.43,0,26.35,0
2026-10-01 17:13:35,23.96,48.73,21.98,0,26.06,0
2026-10-01 17:13:40,23.72,56.84,19.71,0,23.6,0
2026-10-01 17:13:45,25.94,54.68,14.72,0,22.1,0
2026-10-01 17:13:50,24.94,56.08,17.49,0,26.39,0
2026-10-01 17:13:55,23.75,50.42,19.68,0,26.19,0
2026-10-01 17:14:00,25.38,53.25,15.12,0,26.02,0
2026-10-01 17:14:05,24.66,52.59,22.53,0,25.4,0
2026-10-01 17:14:10,24.71,55.38,14.59,0,26.19,0
2026-10-01 17:14:15,24.22,55.48,15.77,0,28.07,0
2026-10-01 17:14:20,23.9,52.58,16.03,0,26.08,0
2026-10-01 17:14:25,24.77,47.45,20.6,0,25.34,0
2026-10-01 17:14:30,24.06,57.34,15.18,0,23.16,0
2026-10-01 17:14:35,25.95,53.67,11.7,0,29.85,0
2026-10-01 17:14:40,23.48,50.17,21.81,0,21.07,0
2026-10-01 17:14:45,25.73,53.22,16.44,0,24.29,0
2026-10-01 17:14:50,24.41,47.47,14.26,0,23.22,0
2026-10-01 17:14:55,24.74,55.17,15.36,0,18.61,0
2026-10-01 17:15:00,25.17,47.59,24.01,0,26.24,0
2026-10-01 17:15:05,24.0,51.34,15.7,1,24.29,0
2026-10-01 17:15:10,25.19,52.73,17.57,0,25.11,0
2026-10-01 17:15:15,22.33,55.12,16.44,0,24.37,0
2026-10-01 17:15:20,23.92,52.32,13.69,0,27.64,0
2026-10-01 17:15:25,23.76,53.9,15.4,0,28.09,0
2026-10-01 17:15:30,23.5,51.92,13.45,0,21.15,0
2026-10-01 17:15:35,24.33,51.9,21.35,0,31.18,0
2026-10-01 17:15:40,24.81,52.26,18.35,0,24.16,0
2026-10-01 17:15:45,25.06,51.43,26.69,0,27.06,0
2026-10-01 17:15:50,24.69,46.94,15.52,0,25.63,0
2026-10-01 17:15:55,23.97,49.7,14.99,0,25.37,0
2026-10-01 17:16:00,24.8,52.73,23.37,0,26.95,0
2026-10-01 17:16:05,24.6,51.25,21.7,0,29.61,0
2026-10-01 17:16:10,25.25,51.53,19.35,0,27.72,0
2026-10-01 17:16:15,25.12,51.03,14.1,0,24.15,0
2026-10-01 17:16:20,24.52,49.41,24.11,0,24.71,0
2026-10-01 17:16:25,23.78,50.52,17.75,0,23.03,0
2026-10-01 17:16:30,23.98,51.08,16.49,0,27.5,0
2026-10-01 17:16:35,24.06,52.02,22.0,0,27.06,0
2026-10-01 17:16:40,24.25,53.18,17.92,0,23.8,0
2026-10-01 17:16:45,24.71,51.46,13.92,0,29.64,0
2026-10-01 17:16:50,25.07,48.91,18.14,0,28.76,0
2026-10-01 17:16:55,24.46,47.81,15.27,0,31.38,0
2026-10-01 17:17:00,24.51,59.79,8.0,1,22.24,0
2026-10-01 17:17:05,24.61,48.61,14.91,0,24.65,0
2026-10-01 17:17:10,24.09,50.44,16.15,0,24.31,0
2026-10-01 17:17:15,23.76,53.55,13.96,1,34.11,0
2026-10-01 17:17:20,23.1,53.08,20.01,0,25.03,0
2026-10-01 17:17:25,23.94,53.56,15.28,1,29.43,0
2026-10-01 17:17:30,24.88,50.67,19.67,0,28.62,0
2026-10-01 17:17:35,23.94,52.72,13.68,0,24.71,0
2026-10-01 17:17:40,24.31,52.18,21.18,0,25.19,0
2026-10-01 17:17:45,24.87,51.06,13.53,0,26.83,0
2026-10-01 17:17:50,24.92,52.74,9.8,0,29.4,0
2026-10-01 17:17:55,23.64,55.17,22.33,0,24.4,0
2026-10-01 17:18:00,25.3,51.93,15.0,0,23.22,0
2026-10-01 17:18:05,25.4,51.95,24.15,0,28.26,0
2026-10-01 17:18:10,23.6,55.2,19.98,0,20.99,0
2026-10-01 17:18:15,23.84,54.88,20.77,0,25.88,0
2026-10-01 17:18:20,25.45,56.75,21.66,0,28.71,0
2026-10-01 17:18:25,24.38,46.73,18.39,0,26.51,0
2026-10-01 17:18:30,22.72,54.72,18.43,0,23.02,0
2026-10-01 17:18:35,23.38,53.8,22.48,0,21.5,0
2026-10-01 17:18:40,24.3,49.34,18.39,0,29.15,0
2026-10-01 17:18:45,23.57,52.75,15.45,0,24.39,0
2026-10-01 17:18:50,24.17,55.15,20.05,0,21.85,0
2026-10-01 17:18:55,24.53,49.51,10.6,0,28.99,0
2026-10-01 17:19:00,25.67,53.33,22.62,0,27.8,0
2026-10-01 17:19:05,24.27,54.61,22.69,0,21.32,0
2026-10-01 17:19:10,25.36,48.79,22.19,0,33.8,0
2026-10-01 17:19:15,25.64,51.57,22.06,0,23.11,0
2026-10-01 17:19:20,25.65,52.9,17.71,0,27.74,0
2026-10-01 17:19:25,24.73,49.61,17.63,0,31.95,0
2026-10-01 17:19:30,22.93,49.36,13.7,0,28.11,0
2026-10-01 17:19:35,24.87,51.59,24.12,0,25.91,0
2026-10-01 17:19:40,25.34,54.4,16.3,1,19.99,0
2026-10-01 17:19:45,24.44,53.93,19.19,0,32.14,0
2026-10-01 17:19:50,25.9,49.42,18.89,0,28.03,0
2026-10-01 17:19:55,25.19,53.96,13.31,0,20.05,0
2026-10-01 17:20:00,24.95,49.49,11.89,0,30.41,0
2026-10-01 17:20:05,25.37,47.17,18.02,0,25.21,0
2026-10-01 17:20:10,24.77,50.9,16.41,0,24.03,0
2026-10-01 17:20:15,22.51,55.37,17.69,0,23.0,0
2026-10-01 17:20:20,24.1,53.97,21.73,0,25.6,0
2026-10-01 17:20:25,25.46,52.0,18.79,0,27.83,0
2026-10-01 17:20:30,23.85,50.75,20.65,0,23.27,0
2026-10-01 17:20:35,24.32,50.83,19.56,0,25.45,0
2026-10-01 17:20:40,23.66,52.33,16.89,0,36.83,0
2026-10-01 17:20:45,25.93,48.79,14.49,0,26.66,0
2026-10-01 17:20:50,25.85,50.96,18.93,0,28.38,0
2026-10-01 17:20:55,23.79,51.35,18.29,0,21.65,0
2026-10-01 17:21:00,24.62,47.95,21.2,0,20.25,0
2026-10-01 17:21:05,23.96,49.48,17.47,0,30.13,0
2026-10-01 17:21:10,24.99,53.23,16.96,0,29.13,0
2026-10-01 17:21:15,24.91,52.03,17.2,0,31.0,0
2026-10-01 17:21:20,25.15,51.07,14.78,0,24.72,0
2026-10-01 17:21:25,24.77,49.27,23.06,0,29.39,0
2026-10-01 17:21:30,26.85,56.73,21.99,0,16.06,0
2026-10-01 17:21:35,23.68,49.49,13.75,0,26.89,0
2026-10-01 17:21:40,23.13,52.75,20.81,0,28.62,0
2026-10-01 17:21:45,24.19,50.54,11.54,0,22.59,0
2026-10-01 17:21:50,23.25,52.11,21.45,0,28.7,0
2026-10-01 17:21:55,23.31,53.37,15.56,0,24.37,0
2026-10-01 17:22:00,23.7,47.89,19.26,0,24.72,0
2026-10-01 17:22:05,23.76,51.98,11.25,0,24.09,0
2026-10-01 17:22:10,23.74,55.57,13.8,0,30.53,0
2026-10-01 17:22:15,24.91,57.28,19.64,0,23.41,0
2026-10-01 17:22:20,24.1,51.61,15.55,0,22.98,0
2026-10-01 17:22:25,24.36,52.13,15.06,0,22.0,0
2026-10-01 17:22:30,25.22,58.63,22.89,0,23.71,0
2026-10-01 17:22:35,23.89,55.4,25.74,0,25.68,0
2026-10-01 17:22:40,24.29,50.15,21.28,0,27.24,0
2026-10-01 17:22:45,24.79,50.14,14.18,0,22.36,0
2026-10-01 17:22:50,22.95,54.87,24.17,0,26.31,0
2026-10-01 17:22:55,22.59,48.97,12.53,0,27.14,0
2026-10-01 17:23:00,24.78,55.26,16.93,0,21.74,0
2026-10-01 17:23:05,24.89,53.0,18.19,0,25.22,0
2026-10-01 17:23:10,26.15,53.55,24.73,0,24.7,0
2026-10-01 17:23:15,24.63,51.23,21.19,1,25.26,0
2026-10-01 17:23:20,25.16,50.11,16.38,0,23.15,0
2026-10-01 17:23:25,24.34,56.39,14.69,0,24.53,0
2026-10-01 17:23:30,24.74,51.26,21.51,0,25.11,0
2026-10-01 17:23:35,25.83,50.77,16.13,0,31.52,0
2026-10-01 17:23:40,22.8,51.76,18.76,0,25.16,0
2026-10-01 17:23:45,24.83,52.58,13.21,0,29.68,0
2026-10-01 17:23:50,26.21,48.91,19.99,0,29.95,0
2026-10-01 17:23:55,24.73,50.31,19.71,0,20.38,0
2026-10-01 17:24:00,25.82,50.15,13.65,0,23.98,0
2026-10-01 17:24:05,24.0,54.54,21.61,0,29.96,0
2026-10-01 17:24:10,24.47,49.34,19.94,0,25.63,0
2026-10-01 17:24:15,24.53,46.73,20.59,0,24.59,0
2026-10-01 17:24:20,22.73,46.1,16.67,0,27.63,0
2026-10-01 17:24:25,23.57,47.59,18.63,0,28.74,0
2026-10-01 17:24:30,23.62,56.08,18.22,0,24.9,0
2026-10-01 17:24:35,25.16,52.05,17.48,1,24.03,0
2026-10-01 17:24:40,25.2,53.5,18.6,0,16.73,0
2026-10-01 17:24:45,24.76,53.61,22.4,0,25.16,0
2026-10-01 17:24:50,25.16,52.17,21.76,0,23.67,0
2026-10-01 17:24:55,24.37,51.78,13.86,0,21.48,0
2026-10-01 17:25:00,25.46,55.13,21.45,0,24.28,0
2026-10-01 17:25:05,24.51,52.44,22.17,0,23.54,0
2026-10-01 17:25:10,24.55,56.2,17.47,0,25.59,0
2026-10-01 17:25:15,24.29,53.86,19.78,0,24.02,0
2026-10-01 17:25:20,25.05,50.15,19.73,1,26.56,0
2026-10-01 17:25:25,24.16,50.51,15.03,0,25.61,0
2026-10-01 17:25:30,25.28,49.82,16.66,0,29.46,0
2026-10-01 17:25:35,23.59,55.65,20.63,0,23.13,0
2026-10-01 17:25:40,23.62,50.78,16.26,0,31.23,0
2026-10-01 17:25:45,25.05,49.6,21.41,0,28.74,0
2026-10-01 17:25:50,24.43,52.96,22.57,0,30.2,0
2026-10-01 17:25:55,24.14,51.71,22.0,0,25.88,0
2026-10-01 17:26:00,25.21,52.88,24.93,1,24.02,0
2026-10-01 17:26:05,24.01,57.67,17.68,1,23.12,0
2026-10-01 17:26:10,24.34,54.74,18.62,1,31.13,0
2026-10-01 17:26:15,25.62,52.08,19.12,0,28.84,0
2026-10-01 17:26:20,25.73,47.77,17.79,0,21.47,0
2026-10-01 17:26:25,25.76,50.5,19.9,1,28.42,0
2026-10-01 17:26:30,24.27,54.13,12.01,0,22.11,0
2026-10-01 17:26:35,25.48,48.49,18.72,0,26.14,0
2026-10-01 17:26:40,23.74,58.42,13.18,0,27.89,0
2026-10-01 17:26:45,23.77,52.04,14.63,0,30.1,0
2026-10-01 17:26:50,22.62,52.15,20.57,0,25.83,0
2026-10-01 17:26:55,25.84,50.0,17.3,0,24.53,0
2026-10-01 17:27:00,23.81,53.49,20.44,0,25.15,0
2026-10-01 17:27:05,24.4,48.53,17.23,0,28.73,0
2026-10-01 17:27:10,23.77,58.49,21.87,0,27.76,0
2026-10-01 17:27:15,25.06,55.95,17.16,0,24.94,0
2026-10-01 17:27:20,24.2,54.95,11.16,0,18.48,0
2026-10-01 17:27:25,23.46,47.83,18.79,0,16.48,0
2026-10-01 17:27:30,24.85,52.62,10.41,0,25.79,0
2026-10-01 17:27:35,23.35,55.63,12.92,0,20.87,0
2026-10-01 17:27:40,23.83,53.78,14.91,0,23.15,0
2026-10-01 17:27:45,22.81,48.99,14.47,0,24.21,0
2026-10-01 17:27:50,23.36,50.05,16.09,0,32.27,0
2026-10-01 17:27:55,24.64,50.64,14.35,0,25.43,0
2026-10-01 17:28:00,22.93,50.19,13.08,0,27.52,0
2026-10-01 17:28:05,23.32,56.59,23.4,0,26.77,0
2026-10-01 17:28:10,24.5,46.24,15.63,0,16.52,0
2026-10-01 17:28:15,24.07,53.97,10.19,0,23.6,0
2026-10-01 17:28:20,26.09,48.12,16.74,0,20.73,0
2026-10-01 17:28:25,25.97,49.12,14.06,0,31.05,0
2026-10-01 17:28:30,23.81,45.97,14.9,0,18.63,0
2026-10-01 17:28:35,24.95,50.35,20.49,0,23.53,0
2026-10-01 17:28:40,25.1,56.53,16.43,0,24.09,0
2026-10-01 17:28:45,24.02,52.79,13.97,0,21.55,0
2026-10-01 17:28:50,23.3,48.4,19.56,0,25.35,0
2026-10-01 17:28:55,24.49,55.05,22.02,0,24.85,0
2026-10-01 17:29:00,24.36,55.69,19.88,0,25.57,0
2026-10-01 17:29:05,24.15,52.31,9.41,0,26.76,0
2026-10-01 17:29:10,24.85,58.1,14.1,0,25.83,0
2026-10-01 17:29:15,23.9,54.46,18.17,0,26.33,0
2026-10-01 17:29:20,23.58,54.05,17.14,0,28.89,0
2026-10-01 17:29:25,24.59,49.59,16.85,0,19.23,0
2026-10-01 17:29:30,24.81,53.88,14.56,0,27.45,0
2026-10-01 17:29:35,23.56,52.65,13.08,0,21.34,0
2026-10-01 17:29:40,25.24,53.56,25.03,0,22.75,0
2026-10-01 17:29:45,23.08,49.95,18.09,1,25.42,0
2026-10-01 17:29:50,24.04,52.38,20.25,0,26.44,0
2026-10-01 17:29:55,24.29,49.55,18.02,0,26.85,0
2026-10-01 17:30:00,23.99,45.56,18.16,0,21.69,0
2026-10-01 17:30:05,24.05,54.99,17.78,0,30.71,0
2026-10-01 17:30:10,26.0,47.49,14.08,0,23.54,0
2026-10-01 17:30:15,23.82,52.32,12.7,0,22.48,0
2026-10-01 17:30:20,26.45,53.0,19.35,1,20.55,0
2026-10-01 17:30:25,24.85,52.98,18.66,0,20.2,0
2026-10-01 17:30:30,24.57,51.15,21.28,0,20.1,0
2026-10-01 17:30:35,24.88,52.81,20.57,1,26.1,0
2026-10-01 17:30:40,26.52,53.41,15.17,0,27.11,0
2026-10-01 17:30:45,23.71,54.2,21.96,0,21.98,0
2026-10-01 17:30:50,23.6,57.2,20.68,0,21.0,0
2026-10-01 17:30:55,23.9,52.7,20.42,0,24.26,0
2026-10-01 17:31:00,24.53,52.19,25.87,0,25.34,0
2026-10-01 17:31:05,23.12,49.28,25.15,1,25.92,0
2026-10-01 17:31:10,24.52,53.31,20.41,0,21.62,0
2026-10-01 17:31:15,25.85,54.0,19.98,0,24.41,0
2026-10-01 17:31:20,24.62,51.42,21.79,0,30.49,0
2026-10-01 17:31:25,24.27,53.63,15.96,1,20.82,0
2026-10-01 17:31:30,24.01,51.12,16.01,0,24.9,0
2026-10-01 17:31:35,25.22,54.01,20.36,0,26.75,0
2026-10-01 17:31:40,23.84,54.74,15.0,0,21.61,0
2026-10-01 17:31:45,25.98,54.7,20.07,0,27.14,0
2026-10-01 17:31:50,26.05,52.35,18.55,0,20.31,0
2026-10-01 17:31:55,24.71,48.88,15.0,0,27.22,0
2026-10-01 17:32:00,24.49,50.16,18.09,0,25.15,0
2026-10-01 17:32:05,25.32,53.79,22.57,0,20.03,0
2026-10-01 17:32:10,25.38,59.35,18.29,0,27.41,0
2026-10-01 17:32:15,23.86,50.98,18.3,0,21.86,0
2026-10-01 17:32:20,24.08,53.37,19.15,0,24.46,0
2026-10-01 17:32:25,23.44,50.33,19.61,0,27.21,0
2026-10-01 17:32:30,24.83,49.08,16.84,0,21.62,0
2026-10-01 17:32:35,25.03,49.97,19.23,0,23.15,0
2026-10-01 17:32:40,23.42,45.75,14.33,0,28.94,0
2026-10-01 17:32:45,24.14,56.06,15.2,0,17.76,0
2026-10-01 17:32:50,23.42,45.31,15.65,1,29.97,0
2026-10-01 17:32:55,23.78,51.21,19.64,0,19.88,0
2026-10-01 17:33:00,24.94,48.47,18.56,0,22.55,0
2026-10-01 17:33:05,23.91,49.35,17.53,0,25.99,0
2026-10-01 17:33:10,24.26,56.13,20.42,0,27.11,0
2026-10-01 17:33:15,23.2,52.6,19.33,0,26.04,0
2026-10-01 17:33:20,24.65,49.1,16.99,0,25.17,0
2026-10-01 17:33:25,24.46,50.23,14.38,0,23.47,0
2026-10-01 17:33:30,23.92,49.7,15.13,0,30.46,0
2026-10-01 17:33:35,24.35,51.87,12.87,0,27.71,0
2026-10-01 17:33:40,24.64,52.52,18.49,0,29.11,0
2026-10-01 17:33:45,23.85,57.69,14.98,1,23.53,0
2026-10-01 17:33:50,23.32,46.25,16.27,0,16.85,0
2026-10-01 17:33:55,25.94,51.9,17.55,0,28.57,0
2026-10-01 17:34:00,23.99,51.05,21.65,0,26.25,0
2026-10-01 17:34:05,24.42,54.84,21.25,0,25.64,0
2026-10-01 17:34:10,25.31,53.06,17.81,1,23.01,0
2026-10-01 17:34:15,27.32,53.77,22.43,1,23.78,0
2026-10-01 17:34:20,23.5,53.04,10.96,0,22.9,0
2026-10-01 17:34:25,24.86,49.2,24.57,0,25.16,0
2026-10-01 17:34:30,23.93,55.63,20.42,0,21.03,0
2026-10-01 17:34:35,24.07,54.4,18.36,0,27.67,0
2026-10-01 17:34:40,23.92,54.75,14.88,0,32.13,0
2026-10-01 17:34:45,23.6,55.79,16.47,0,22.91,0
2026-10-01 17:34:50,24.47,53.25,20.13,0,19.43,0
2026-10-01 17:34:55,23.32,56.44,20.21,0,24.64,0
2026-10-01 17:35:00,25.26,53.13,20.34,0,26.1,0
2026-10-01 17:35:05,24.54,51.34,15.45,0,26.59,0
2026-10-01 17:35:10,24.84,51.98,14.75,0,30.61,0
2026-10-01 17:35:15,24.13,51.93,18.68,0,27.86,0
2026-10-01 17:35:20,24.21,50.44,20.69,0,18.66,0
2026-10-01 17:35:25,24.73,56.9,18.01,0,20.67,0
2026-10-01 17:35:30,23.57,52.89,23.19,0,26.42,0
2026-10-01 17:35:35,24.21,52.28,18.12,0,23.41,0
2026-10-01 17:35:40,23.81,53.16,18.0,0,30.3,0
2026-10-01 17:35:45,23.79,60.94,20.35,0,21.72,0
2026-10-01 17:35:50,22.81,48.6,22.27,0,28.36,0
2026-10-01 17:35:55,25.57,49.46,13.28,0,22.73,0
2026-10-01 17:36:00,23.95,47.86,14.09,0,25.92,0
2026-10-01 17:36:05,25.43,51.3,16.9,1,22.1,0
2026-10-01 17:36:10,25.36,52.74,29.06,0,26.96,0
2026-10-01 17:36:15,23.47,50.6,17.08,0,28.75,0
2026-10-01 17:36:20,23.63,50.38,17.57,1,25.89,0
2026-10-01 17:36:25,26.55,52.43,20.16,0,31.68,0
2026-10-01 17:36:30,25.9,50.49,21.42,0,22.48,0
2026-10-01 17:36:35,24.47,52.93,18.59,1,25.34,0
2026-10-01 17:36:40,24.71,55.34,22.08,0,27.96,0
2026-10-01 17:36:45,24.0,54.03,13.82,0,21.68,0
2026-10-01 17:36:50,24.85,54.64,15.32,0,25.22,0
2026-10-01 17:36:55,23.93,55.26,22.07,0,27.32,0
2026-10-01 17:37:00,22.87,52.85,18.04,0,28.25,0
2026-10-01 17:37:05,23.44,51.52,13.58,1,29.0,0
2026-10-01 17:37:10,24.52,49.68,13.37,0,21.96,0
2026-10-01 17:37:15,23.6,50.83,15.16,0,26.01,0
2026-10-01 17:37:20,24.45,50.43,18.01,0,20.4,0
2026-10-01 17:37:25,23.64,54.2,19.64,0,22.46,0
2026-10-01 17:37:30,23.87,53.04,16.85,0,24.39,0
2026-10-01 17:37:35,25.18,54.09,19.35,0,29.0,0
2026-10-01 17:37:40,24.7,48.52,16.47,0,26.85,0
2026-10-01 17:37:45,24.49,56.3,22.28,0,25.14,0
2026-10-01 17:37:50,25.2,50.72,26.93,0,26.57,0
2026-10-01 17:37:55,24.88,48.7,16.63,0,26.82,0
2026-10-01 17:38:00,25.66,50.68,19.68,0,26.29,0
2026-10-01 17:38:05,24.13,59.45,19.39,0,22.99,0
2026-10-01 17:38:10,24.16,50.84,18.49,0,21.65,0
2026-10-01 17:38:15,23.46,51.02,20.29,0,24.22,0
2026-10-01 17:38:20,24.16,51.42,19.68,0,22.22,0
2026-10-01 17:38:25,25.27,51.55,16.35,0,27.17,0
2026-10-01 17:38:30,25.54,49.66,22.61,1,30.35,0
2026-10-01 17:38:35,25.27,52.43,18.71,0,26.97,0
2026-10-01 17:38:40,23.06,55.23,16.65,0,18.66,0
2026-10-01 17:38:45,25.37,52.94,26.55,0,22.78,0
2026-10-01 17:38:50,23.03,48.67,17.59,0,25.06,0
2026-10-01 17:38:55,25.22,50.97,18.89,0,19.98,0
2026-10-01 17:39:00,24.21,50.35,18.61,0,25.11,0
2026-10-01 17:39:05,25.06,52.16,17.55,0,26.64,0
2026-10-01 17:39:10,23.43,55.99,19.57,0,29.93,0
2026-10-01 17:39:15,25.44,51.55,15.04,0,31.37,0
2026-10-01 17:39:20,23.33,51.74,20.09,0,20.83,0
2026-10-01 17:39:25,23.97,57.33,11.85,0,24.59,0
2026-10-01 17:39:30,23.7,54.63,13.46,0,24.64,0
2026-10-01 17:39:35,23.1,53.72,24.39,0,22.5,0
2026-10-01 17:39:40,24.58,57.87,13.6,0,25.35,0
2026-10-01 17:39:45,25.94,53.47,11.14,0,24.72,0
2026-10-01 17:39:50,26.63,46.04,13.69,0,27.15,0
2026-10-01 17:39:55,24.58,54.5,24.09,0,29.75,0
2026-10-01 17:40:00,25.39,47.22,11.73,0,25.46,0
2026-10-01 17:40:05,24.69,53.36,14.65,0,23.28,0
2026-10-01 17:40:10,24.9,46.86,12.9,0,21.41,0
2026-10-01 17:40:15,24.23,50.6,17.04,1,32.15,0
2026-10-01 17:40:20,24.66,50.91,16.47,0,28.17,0
2026-10-01 17:40:25,24.93,49.69,16.32,0,26.4,0
2026-10-01 17:40:30,24.04,50.95,24.5,0,24.42,0
2026-10-01 17:40:35,24.44,55.1,13.8,0,30.64,0
2026-10-01 17:40:40,24.45,49.86,17.64,0,24.44,0
2026-10-01 17:40:45,25.16,53.64,19.19,0,19.01,0
2026-10-01 17:40:50,23.65,49.1,14.57,0,25.93,0
2026-10-01 17:40:55,24.46,51.43,19.7,0,20.7,0
2026-10-01 17:41:00,26.03,52.97,16.6,0,25.94,0
2026-10-01 17:41:05,25.43,49.01,19.31,0,29.7,0
2026-10-01 17:41:10,25.58,48.06,17.62,0,19.15,0
2026-10-01 17:41:15,24.52,53.48,10.82,0,21.85,0
2026-10-01 17:41:20,24.76,55.37,22.57,0,28.03,0
2026-10-01 17:41:25,25.3,51.76,25.25,0,23.25,0
2026-10-01 17:41:30,25.75,50.63,17.38,1,26.45,0
2026-10-01 17:41:35,22.94,52.47,14.86,0,26.46,0
2026-10-01 17:41:40,23.45,52.17,23.27,0,28.11,0
2026-10-01 17:41:45,25.55,52.73,24.62,0,22.74,0
2026-10-01 17:41:50,24.28,44.42,17.41,0,16.07,0
2026-10-01 17:41:55,23.96,48.79,17.23,1,26.39,0
2026-10-01 17:42:00,23.5,49.46,17.72,1,19.51,0
2026-10-01 17:42:05,24.06,52.45,12.14,0,28.27,0
2026-10-01 17:42:10,23.38,52.56,16.98,0,24.85,0
2026-10-01 17:42:15,26.17,53.91,24.0,0,23.96,0
2026-10-01 17:42:20,24.48,52.77,17.41,0,27.42,0
2026-10-01 17:42:25,24.45,48.1,14.36,0,18.9,0
2026-10-01 17:42:30,24.97,56.34,19.74,0,24.3,0
2026-10-01 17:42:35,25.27,55.82,15.66,0,26.57,0
2026-10-01 17:42:40,25.26,48.23,17.77,0,25.88,0
2026-10-01 17:42:45,25.36,53.0,13.56,0,23.29,0
2026-10-01 17:42:50,24.0,50.21,14.37,1,23.32,0
2026-10-01 17:42:55,24.26,52.42,20.58,0,30.4,0
2026-10-01 17:43:00,25.12,55.16,18.41,0,28.19,0
2026-10-01 17:43:05,24.08,58.39,15.28,0,22.68,0
2026-10-01 17:43:10,24.5,54.25,18.42,0,29.72,0
2026-10-01 17:43:15,24.82,52.88,15.87,0,27.64,0
2026-10-01 17:43:20,25.13,50.98,15.26,0,26.71,0
2026-10-01 17:43:25,23.08,52.55,22.07,0,26.84,0
2026-10-01 17:43:30,25.07,56.08,20.74,0,20.99,0
2026-10-01 17:43:35,24.31,51.87,17.93,0,30.27,0
2026-10-01 17:43:40,25.07,49.34,18.51,1,28.33,0
2026-10-01 17:43:45,25.12,47.14,17.97,0,25.86,0
2026-10-01 17:43:50,25.79,53.54,19.7,0,25.85,0
2026-10-01 17:43:55,25.58,52.74,15.2,0,24.68,0
2026-10-01 17:44:00,25.58,50.06,21.02,0,23.01,0
2026-10-01 17:44:05,25.65,55.08,19.24,0,26.87,0
2026-10-01 17:44:10,24.73,50.73,17.08,0,22.22,0
2026-10-01 17:44:15,24.53,51.6,16.29,0,25.53,0
2026-10-01 17:44:20,25.2,51.95,20.94,0,25.34,0
2026-10-01 17:44:25,25.09,50.95,17.47,0,26.35,0
2026-10-01 17:44:30,24.25,52.71,15.55,0,28.29,0
2026-10-01 17:44:35,24.82,55.45,16.65,0,26.41,0
2026-10-01 17:44:40,24.47,48.57,20.69,0,27.43,0
2026-10-01 17:44:45,23.82,53.47,12.36,0,18.21,0
2026-10-01 17:44:50,25.53,52.52,16.76,0,26.61,0
2026-10-01 17:44:55,24.54,52.46,21.75,0,25.26,0
2026-10-01 17:45:00,26.14,54.62,17.41,0,26.3,0
2026-10-01 17:45:05,23.2,52.15,18.95,1,23.15,0
2026-10-01 17:45:10,24.05,53.44,21.8,0,29.03,0
2026-10-01 17:45:15,24.53,54.15,21.12,1,25.88,0
2026-10-01 17:45:20,25.41,50.49,16.46,0,22.39,0
2026-10-01 17:45:25,24.82,52.9,17.54,0,23.01,0
2026-10-01 17:45:30,24.75,51.25,21.17,0,28.16,0
2026-10-01 17:45:35,23.6,51.6,21.29,0,24.7,0
2026-10-01 17:45:40,23.57,51.03,17.69,0,24.98,0
2026-10-01 17:45:45,24.76,53.41,17.81,0,24.31,0
2026-10-01 17:45:50,23.41,52.24,18.94,0,28.54,0
2026-10-01 17:45:55,24.07,53.18,22.78,0,26.69,0
2026-10-01 17:46:00,24.9,51.95,21.74,0,20.85,0
2026-10-01 17:46:05,23.71,47.19,20.43,0,21.58,0
2026-10-01 17:46:10,25.78,52.09,14.22,0,25.02,0
2026-10-01 17:46:15,25.48,52.19,17.04,0,22.75,0
2026-10-01 17:46:20,23.24,52.73,17.22,1,17.44,0
2026-10-01 17:46:25,23.75,50.22,22.96,0,22.39,0
2026-10-01 17:46:30,22.67,48.41,17.16,0,24.03,0
2026-10-01 17:46:35,23.87,53.87,22.39,1,23.6,0
2026-10-01 17:46:40,25.11,51.18,16.0,0,27.52,0
2026-10-01 17:46:45,24.17,52.51,16.28,1,17.18,0
2026-10-01 17:46:50,24.87,51.16,19.69,0,22.3,0
2026-10-01 17:46:55,23.28,51.98,23.49,0,27.78,0
2026-10-01 17:47:00,25.14,50.65,17.26,0,22.66,0
2026-10-01 17:47:05,24.06,49.1,9.03,0,20.76,0
2026-10-01 17:47:10,24.51,53.42,12.53,0,22.62,0
2026-10-01 17:47:15,24.43,50.19,19.04,0,26.56,0
2026-10-01 17:47:20,23.48,52.49,12.84,0,24.11,0
2026-10-01 17:47:25,23.58,53.23,14.97,0,22.46,0
2026-10-01 17:47:30,25.27,50.24,18.04,0,26.69,0
2026-10-01 17:47:35,24.82,48.39,9.43,0,26.31,0
2026-10-01 17:47:40,25.34,59.28,16.67,0,20.58,0
2026-10-01 17:47:45,24.76,50.42,13.92,0,25.33,0
2026-10-01 17:47:50,24.61,53.87,12.75,0,20.45,0
2026-10-01 17:47:55,23.12,57.82,15.19,0,29.1,0
2026-10-01 17:48:00,24.28,54.37,14.26,0,29.31,0
2026-10-01 17:48:05,24.48,51.1,19.64,0,23.99,0
2026-10-01 17:48:10,26.06,51.8,22.19,0,28.73,0
2026-10-01 17:48:15,25.05,49.5,16.72,0,22.35,0
2026-10-01 17:48:20,25.73,54.65,15.91,0,24.51,0
2026-10-01 17:48:25,24.98,53.7,16.55,0,22.95,0
2026-10-01 17:48:30,23.93,50.46,14.12,0,24.91,0
2026-10-01 17:48:35,24.59,48.87,13.49,0,25.23,0
2026-10-01 17:48:40,24.69,48.04,12.24,0,24.99,0
2026-10-01 17:48:45,23.75,54.96,13.35,0,24.68,0
2026-10-01 17:48:50,24.19,52.36,23.71,0,25.45,0
2026-10-01 17:48:55,24.34,52.64,15.58,0,29.39,0
2026-10-01 17:49:00,25.78,49.53,8.0,0,17.96,0
2026-10-01 17:49:05,22.84,47.61,15.95,0,31.72,0
2026-10-01 17:49:10,25.46,54.89,12.43,0,23.77,0
2026-10-01 17:49:15,23.75,52.13,18.21,1,24.73,0
2026-10-01 17:49:20,23.4,54.72,17.83,0,29.65,0
2026-10-01 17:49:25,25.44,50.84,18.2,0,27.12,0
2026-10-01 17:49:30,25.09,51.29,17.86,0,26.87,0
2026-10-01 17:49:35,25.5,54.14,16.7,0,29.36,0
2026-10-01 17:49:40,25.14,54.2,12.9,0,24.42,0
2026-10-01 17:49:45,26.15,54.39,17.74,0,28.22,0
2026-10-01 17:49:50,24.95,51.11,21.57,0,20.59,0
2026-10-01 17:49:55,24.37,53.84,24.35,0,26.46,0
2026-10-01 17:50:00,24.77,55.33,17.17,0,26.97,0
2026-10-01 17:50:05,25.49,51.69,17.55,0,29.01,0
2026-10-01 17:50:10,23.88,50.46,19.75,0,27.48,0
2026-10-01 17:50:15,23.98,56.03,23.23,0,25.72,0
2026-10-01 17:50:20,24.25,50.04,16.3,0,23.89,0
2026-10-01 17:50:25,22.82,53.89,20.42,1,23.85,0
2026-10-01 17:50:30,24.61,51.82,15.12,0,23.88,0
2026-10-01 17:50:35,22.99,46.48,19.15,0,20.46,0
2026-10-01 17:50:40,24.54,55.39,21.4,0,31.1,0
2026-10-01 17:50:45,25.19,43.73,13.48,0,28.5,0
2026-10-01 17:50:50,24.12,46.05,16.16,0,25.89,0
2026-10-01 17:50:55,25.84,53.58,21.34,0,27.85,0
2026-10-01 17:51:00,23.33,53.58,20.16,0,27.64,0
2026-10-01 17:51:05,25.45,50.09,21.63,1,21.52,0
2026-10-01 17:51:10,25.04,52.44,20.97,0,27.23,0
2026-10-01 17:51:15,23.13,44.41,16.81,0,29.44,0
2026-10-01 17:51:20,26.67,54.12,25.7,0,22.63,0
2026-10-01 17:51:25,24.45,52.75,18.48,0,19.63,0
2026-10-01 17:51:30,23.8,51.86,8.0,0,20.93,0
2026-10-01 17:51:35,23.37,52.06,17.01,0,24.66,0
2026-10-01 17:51:40,24.32,53.48,16.36,0,20.73,0
2026-10-01 17:51:45,24.4,51.91,20.78,0,24.4,0
2026-10-01 17:51:50,24.58,46.38,16.42,0,22.71,0
2026-10-01 17:51:55,24.26,58.59,21.85,0,25.0,0
2026-10-01 17:52:00,25.01,55.6,19.95,0,23.22,0
2026-10-01 17:52:05,24.19,48.15,14.5,0,24.87,0
2026-10-01 17:52:10,22.95,50.96,17.51,1,27.11,0
2026-10-01 17:52:15,24.38,51.29,15.29,1,21.65,0
2026-10-01 17:52:20,22.61,55.24,18.65,0,25.98,0
2026-10-01 17:52:25,24.78,45.52,15.26,0,22.02,0
2026-10-01 17:52:30,23.72,50.5,18.26,0,24.98,0
2026-10-01 17:52:35,24.63,46.72,17.05,0,24.71,0
2026-10-01 17:52:40,25.55,51.14,17.47,0,26.24,0
2026-10-01 17:52:45,23.74,50.58,25.18,0,25.65,0
2026-10-01 17:52:50,25.35,52.24,16.74,0,29.34,0
2026-10-01 17:52:55,24.15,50.19,11.23,0,24.91,0
2026-10-01 17:53:00,25.9,49.75,21.56,0,22.8,0
2026-10-01 17:53:05,24.21,53.86,21.53,0,28.25,0
2026-10-01 17:53:10,23.83,53.36,11.07,0,26.16,0
2026-10-01 17:53:15,25.05,53.65,15.55,0,28.09,0
2026-10-01 17:53:20,24.15,51.47,19.53,0,24.58,0
2026-10-01 17:53:25,23.83,50.28,19.83,0,20.42,0
2026-10-01 17:53:30,24.12,51.64,17.98,0,32.85,0
2026-10-01 17:53:35,24.46,53.5,18.06,0,22.89,0
2026-10-01 17:53:40,25.57,45.47,14.71,0,20.94,0
2026-10-01 17:53:45,22.95,53.18,9.6,1,27.51,0
2026-10-01 17:53:50,24.52,52.93,25.17,0,21.69,0
2026-10-01 17:53:55,25.0,52.19,14.61,0,23.63,0
2026-10-01 17:54:00,24.65,51.55,18.62,0,25.44,0
2026-10-01 17:54:05,25.55,44.3,17.44,0,24.5,0
2026-10-01 17:54:10,24.44,50.68,21.14,0,23.73,0
2026-10-01 17:54:15,24.35,57.37,18.4,0,30.56,0
2026-10-01 17:54:20,24.97,52.04,18.54,0,24.61,0
2026-10-01 17:54:25,24.58,51.08,8.78,0,21.85,0
2026-10-01 17:54:30,24.19,52.05,15.08,0,28.42,0
2026-10-01 17:54:35,24.91,53.06,20.61,1,22.47,0
2026-10-01 17:54:40,23.98,53.98,20.29,0,24.62,0
2026-10-01 17:54:45,24.01,51.31,14.67,0,21.83,0
2026-10-01 17:54:50,24.08,53.27,12.48,0,25.74,0
2026-10-01 17:54:55,25.58,57.03,18.44,0,25.14,0
2026-10-01 17:55:00,22.0,55.02,8.0,0,24.9,0
2026-10-01 17:55:05,24.82,59.02,13.98,1,25.53,0
2026-10-01 17:55:10,24.53,50.03,24.16,0,27.86,0
2026-10-01 17:55:15,23.16,57.03,23.06,0,27.46,0
2026-10-01 17:55:20,24.75,49.63,19.71,0,21.36,0
2026-10-01 17:55:25,24.88,53.06,19.08,0,22.64,0
2026-10-01 17:55:30,24.97,54.2,11.17,0,28.24,0
2026-10-01 17:55:35,22.38,50.47,15.41,0,22.26,0
2026-10-01 17:55:40,25.59,52.26,16.97,0,26.72,0
2026-10-01 17:55:45,23.91,54.73,15.48,0,27.94,0
2026-10-01 17:55:50,25.05,49.87,16.77,0,19.25,0
2026-10-01 17:55:55,25.09,57.01,22.55,0,23.58,0
2026-10-01 17:56:00,23.8,47.85,16.1,0,27.85,0
2026-10-01 17:56:05,25.03,57.82,16.81,1,24.49,0
2026-10-01 17:56:10,24.19,55.0,20.59,0,23.59,0
2026-10-01 17:56:15,22.84,51.73,13.03,0,27.91,0
2026-10-01 17:56:20,25.43,50.79,15.06,0,28.86,0
2026-10-01 17:56:25,23.88,50.48,15.42,0,22.63,0
2026-10-01 17:56:30,23.82,51.59,18.19,0,31.18,0
2026-10-01 17:56:35,24.18,51.85,16.79,0,18.76,0
2026-10-01 17:56:40,24.72,55.77,16.9,0,19.73,0
2026-10-01 17:56:45,24.45,57.91,15.67,0,23.41,0
2026-10-01 17:56:50,24.94,52.6,14.25,0,23.83,0
2026-10-01 17:56:55,23.43,49.46,20.13,0,23.99,0
2026-10-01 17:57:00,23.91,50.36,16.82,0,23.13,0
2026-10-01 17:57:05,24.41,51.45,20.17,0,22.46,0
2026-10-01 17:57:10,26.02,48.91,14.11,0,24.23,0
2026-10-01 17:57:15,24.41,48.46,15.67,0,22.94,0
2026-10-01 17:57:20,25.37,58.29,17.23,0,27.39,0
2026-10-01 17:57:25,24.53,52.91,17.55,1,25.11,0
2026-10-01 17:57:30,24.11,49.5,20.64,0,24.23,0
2026-10-01 17:57:35,24.3,54.45,16.49,0,24.75,0
2026-10-01 17:57:40,24.37,48.46,20.61,0,28.9,0
2026-10-01 17:57:45,24.98,48.71,19.31,1,23.31,0
2026-10-01 17:57:50,25.6,49.59,17.63,0,20.54,0
2026-10-01 17:57:55,24.79,56.96,14.67,0,21.58,0
2026-10-01 17:58:00,25.45,51.24,20.65,0,24.18,0
2026-10-01 17:58:05,23.73,44.67,14.76,0,26.69,0
2026-10-01 17:58:10,24.17,55.63,17.93,0,28.08,0
2026-10-01 17:58:15,23.92,51.08,17.81,0,30.77,0
2026-10-01 17:58:20,24.75,46.45,17.28,0,27.59,0
2026-10-01 17:58:25,24.21,51.05,16.64,0,21.91,0
2026-10-01 17:58:30,25.08,53.56,15.12,0,24.29,0
2026-10-01 17:58:35,23.76,53.21,12.34,0,17.43,0
2026-10-01 17:58:40,24.53,57.4,22.91,0,23.91,0
2026-10-01 17:58:45,25.05,49.44,16.28,0,22.88,0
2026-10-01 17:58:50,22.85,52.14,17.55,0,16.9,0
2026-10-01 17:58:55,26.2,49.9,17.53,0,32.38,0
2026-10-01 17:59:00,24.27,47.37,21.83,0,23.68,0
2026-10-01 17:59:05,22.88,54.66,24.77,0,17.62,0
2026-10-01 17:59:10,24.63,53.39,18.56,0,24.04,0
2026-10-01 17:59:15,24.53,52.85,17.45,0,30.78,0
2026-10-01 17:59:20,24.43,53.28,14.07,0,31.67,0
2026-10-01 17:59:25,25.29,49.94,12.95,0,25.2,0
2026-10-01 17:59:30,25.1,48.98,11.79,0,25.34,0
2026-10-01 17:59:35,24.74,52.11,15.21,0,29.29,0
2026-10-01 17:59:40,24.86,55.48,10.68,0,24.47,0
2026-10-01 17:59:45,24.42,56.82,21.78,0,26.61,0
2026-10-01 17:59:50,25.92,54.39,19.48,1,27.94,0
2026-10-01 17:59:55,23.32,52.09,17.12,0,21.23,0
2026-10-01 18:00:00,24.61,52.81,21.88,0,30.38,0
2026-10-01 18:00:05,24.55,52.03,14.25,1,21.92,0
2026-10-01 18:00:10,25.15,48.92,15.13,0,22.78,0
2026-10-01 18:00:15,23.82,52.07,11.23,0,25.35,0
2026-10-01 18:00:20,23.11,48.0,20.71,0,28.29,0
2026-10-01 18:00:25,24.63,51.63,15.16,0,27.37,0
2026-10-01 18:00:30,24.72,56.91,18.05,0,24.83,0
2026-10-01 18:00:35,25.69,54.47,21.51,1,25.99,0
2026-10-01 18:00:40,23.48,49.23,22.8,0,28.76,0
2026-10-01 18:00:45,25.42,51.78,17.9,0,25.03,0
2026-10-01 18:00:50,26.39,49.5,19.34,0,22.16,0
2026-10-01 18:00:55,24.2,51.81,14.84,0,22.89,0
2026-10-01 18:01:00,23.47,55.12,23.89,0,28.18,0
2026-10-01 18:01:05,24.17,53.96,17.42,1,22.16,0
2026-10-01 18:01:10,24.51,59.45,18.28,0,19.51,0
2026-10-01 18:01:15,24.95,55.58,16.58,0,23.94,0
2026-10-01 18:01:20,24.03,52.61,22.2,0,24.74,0
2026-10-01 18:01:25,25.74,54.03,18.7,0,28.01,0
2026-10-01 18:01:30,23.61,51.39,20.66,0,19.9,0
2026-10-01 18:01:35,23.11,48.62,19.24,0,26.21,0
2026-10-01 18:01:40,25.39,55.92,17.23,0,29.03,0
2026-10-01 18:01:45,22.68,55.03,21.25,0,22.14,0
2026-10-01 18:01:50,24.34,51.28,19.21,0,25.29,0
2026-10-01 18:01:55,26.99,52.82,14.64,0,17.47,0
2026-10-01 18:02:00,24.49,55.72,14.54,0,28.06,0
2026-10-01 18:02:05,23.6,54.54,18.52,0,27.78,0
2026-10-01 18:02:10,24.45,47.61,21.18,0,24.93,0
2026-10-01 18:02:15,24.46,52.73,23.74,0,20.35,0
2026-10-01 18:02:20,24.63,51.5,11.78,0,27.33,0
2026-10-01 18:02:25,25.03,55.34,18.09,0,24.14,0
2026-10-01 18:02:30,23.67,55.09,19.71,0,15.27,0
2026-10-01 18:02:35,25.85,55.96,19.03,1,27.72,0
2026-10-01 18:02:40,24.7,48.65,21.53,0,29.07,0
2026-10-01 18:02:45,25.08,49.65,20.29,0,29.69,0
2026-10-01 18:02:50,24.0,55.34,14.55,0,20.53,0
2026-10-01 18:02:55,25.53,50.23,14.45,1,18.29,0
2026-10-01 18:03:00,24.29,47.44,19.09,0,23.56,0
2026-10-01 18:03:05,24.72,53.6,21.47,0,26.81,0
2026-10-01 18:03:10,23.75,50.36,18.5,0,21.7,0
2026-10-01 18:03:15,23.7,57.37,12.48,0,19.43,0
2026-10-01 18:03:20,25.05,52.89,14.33,0,27.54,0
2026-10-01 18:03:25,24.15,52.48,20.42,0,23.79,0
2026-10-01 18:03:30,23.82,50.89,16.78,0,27.18,0
2026-10-01 18:03:35,23.99,56.77,18.41,0,25.06,0
2026-10-01 18:03:40,25.06,53.08,21.73,0,24.42,0
2026-10-01 18:03:45,24.0,50.77,13.79,0,24.78,0
2026-10-01 18:03:50,24.41,49.62,16.55,0,23.75,0
2026-10-01 18:03:55,24.51,51.78,16.17,0,23.4,0
2026-10-01 18:04:00,22.97,49.07,19.24,0,21.15,0
2026-10-01 18:04:05,23.32,55.09,20.71,0,26.69,0
2026-10-01 18:04:10,24.77,46.57,12.82,0,29.37,0
2026-10-01 18:04:15,23.91,51.58,17.98,0,23.25,0
2026-10-01 18:04:20,25.35,53.83,21.04,0,31.53,0
2026-10-01 18:04:25,25.27,53.03,11.51,0,26.32,0
2026-10-01 18:04:30,25.08,49.85,17.77,0,25.9,0
2026-10-01 18:04:35,25.96,53.98,13.74,0,27.29,0
2026-10-01 18:04:40,24.43,49.34,15.75,0,28.41,0
2026-10-01 18:04:45,25.02,51.93,9.23,1,23.41,0
2026-10-01 18:04:50,24.03,53.96,22.87,1,26.94,0
2026-10-01 18:04:55,26.46,53.39,16.75,0,28.66,0
2026-10-01 18:05:00,26.09,49.97,15.17,1,23.67,0
2026-10-01 18:05:05,24.51,55.59,19.15,0,25.02,0
2026-10-01 18:05:10,24.81,52.26,14.35,1,22.31,0
2026-10-01 18:05:15,25.59,54.23,14.02,0,23.27,0
2026-10-01 18:05:20,24.38,56.59,23.29,0,23.78,0
2026-10-01 18:05:25,23.97,55.35,24.33,0,21.84,0
2026-10-01 18:05:30,25.2,55.36,15.93,0,24.78,0
2026-10-01 18:05:35,24.56,52.58,21.74,1,26.16,0
2026-10-01 18:05:40,24.65,54.38,19.25,0,26.5,0
2026-10-01 18:05:45,23.83,52.64,13.05,0,22.17,0
2026-10-01 18:05:50,23.13,48.37,14.75,0,22.88,0
2026-10-01 18:05:55,24.69,52.91,23.43,0,27.98,0
2026-10-01 18:06:00,25.22,52.77,13.01,0,22.87,0
2026-10-01 18:06:05,24.32,53.75,25.98,0,27.88,0
2026-10-01 18:06:10,25.65,51.62,16.0,0,22.44,0
2026-10-01 18:06:15,23.94,49.72,23.53,1,26.32,0
2026-10-01 18:06:20,23.66,53.97,16.93,0,27.63,0
2026-10-01 18:06:25,24.45,48.06,20.8,0,15.73,0
2026-10-01 18:06:30,24.43,56.38,22.88,0,28.04,0
2026-10-01 18:06:35,25.12,51.31,22.86,0,29.56,0
2026-10-01 18:06:40,23.88,52.74,15.95,0,23.92,0
2026-10-01 18:06:45,25.59,53.68,15.0,0,26.21,0
2026-10-01 18:06:50,26.07,53.77,17.72,0,22.06,0
2026-10-01 18:06:55,24.47,47.77,13.45,0,26.27,0
2026-10-01 18:07:00,25.5,54.47,18.84,0,33.61,0
2026-10-01 18:07:05,23.65,52.91,15.13,0,17.31,0
2026-10-01 18:07:10,25.36,50.09,21.79,0,23.25,0
2026-10-01 18:07:15,25.34,49.75,16.0,0,27.79,0
2026-10-01 18:07:20,25.19,51.0,11.9,0,29.42,0
2026-10-01 18:07:25,24.49,48.1,22.9,0,20.16,0
2026-10-01 18:07:30,22.14,57.17,18.64,0,22.77,0
2026-10-01 18:07:35,23.99,56.46,18.1,0,22.97,0
2026-10-01 18:07:40,24.0,53.36,21.83,0,22.71,0
2026-10-01 18:07:45,23.72,51.33,21.05,0,24.59,0
2026-10-01 18:07:50,24.6,51.41,15.33,0,20.0,0
2026-10-01 18:07:55,24.16,54.27,16.43,0,24.11,0
2026-10-01 18:08:00,23.84,57.27,14.1,0,21.72,0
2026-10-01 18:08:05,23.65,50.29,12.87,0,24.76,0
2026-10-01 18:08:10,23.93,48.65,20.03,0,22.53,0
2026-10-01 18:08:15,25.4,56.64,19.37,0,24.41,0
2026-10-01 18:08:20,23.97,46.64,20.66,0,21.37,0
2026-10-01 18:08:25,24.09,48.97,22.49,0,28.33,0
2026-10-01 18:08:30,24.13,51.26,20.71,0,23.86,0
2026-10-01 18:08:35,24.77,47.32,21.02,0,25.05,0
2026-10-01 18:08:40,24.86,55.34,10.73,0,24.49,0
2026-10-01 18:08:45,22.06,54.57,16.93,0,25.03,0
2026-10-01 18:08:50,25.32,50.28,21.38,1,25.01,0
2026-10-01 18:08:55,25.65,55.84,13.91,0,27.82,0
2026-10-01 18:09:00,23.66,56.35,18.32,0,24.0,0
2026-10-01 18:09:05,23.72,51.66,19.82,0,22.48,0
2026-10-01 18:09:10,24.14,50.65,19.55,0,25.15,0
2026-10-01 18:09:15,23.9,58.78,19.29,0,22.85,0
2026-10-01 18:09:20,24.68,54.16,20.1,0,24.74,0
2026-10-01 18:09:25,22.94,52.77,18.63,0,21.32,0
2026-10-01 18:09:30,23.61,56.09,12.88,0,28.67,0
2026-10-01 18:09:35,25.73,52.91,19.77,0,22.27,0
2026-10-01 18:09:40,23.76,50.48,19.0,1,29.2,0
2026-10-01 18:09:45,25.49,52.24,12.93,0,24.79,0
2026-10-01 18:09:50,24.78,55.12,22.83,0,28.0,0
2026-10-01 18:09:55,23.05,46.02,19.87,0,22.31,0
2026-10-01 18:10:00,25.01,51.14,13.17,0,18.12,0
2026-10-01 18:10:05,24.41,56.15,15.14,1,19.23,0
2026-10-01 18:10:10,24.14,50.46,16.03,0,33.76,0
2026-10-01 18:10:15,24.7,56.64,16.02,0,22.91,0
2026-10-01 18:10:20,24.88,56.24,19.03,0,28.84,0
2026-10-01 18:10:25,25.07,51.8,14.58,1,20.46,0
2026-10-01 18:10:30,25.44,50.29,21.95,0,25.63,0
2026-10-01 18:10:35,24.83,51.14,21.66,0,26.22,0
2026-10-01 18:10:40,23.4,59.99,20.17,0,34.93,0
2026-10-01 18:10:45,24.12,57.62,18.15,0,23.89,0
2026-10-01 18:10:50,26.85,52.38,21.28,0,22.51,0
2026-10-01 18:10:55,25.08,50.18,17.03,0,26.23,0
2026-10-01 18:11:00,26.4,52.35,15.46,0,21.76,0
2026-10-01 18:11:05,25.62,52.73,22.17,0,26.43,0
2026-10-01 18:11:10,24.69,48.27,19.11,0,24.81,0
2026-10-01 18:11:15,24.74,52.24,15.61,0,22.36,0
2026-10-01 18:11:20,24.47,55.97,16.54,0,26.73,0
2026-10-01 18:11:25,23.11,46.6,15.42,0,25.38,0
2026-10-01 18:11:30,24.51,54.48,25.08,1,27.66,0
2026-10-01 18:11:35,25.47,56.12,18.01,0,30.78,0
2026-10-01 18:11:40,24.02,50.32,18.55,0,23.24,0
2026-10-01 18:11:45,24.83,57.08,20.52,0,23.56,0
2026-10-01 18:11:50,25.18,49.93,13.75,0,20.29,0
2026-10-01 18:11:55,23.77,53.32,21.84,0,26.82,0
2026-10-01 18:12:00,24.14,51.08,15.87,0,22.74,0
2026-10-01 18:12:05,23.69,51.08,24.41,0,26.21,0
2026-10-01 18:12:10,23.84,50.15,16.91,1,29.08,0
2026-10-01 18:12:15,23.47,54.1,21.63,0,22.6,0
2026-10-01 18:12:20,23.78,54.55,9.26,0,23.34,0
2026-10-01 18:12:25,25.64,51.81,13.89,0,28.55,0
2026-10-01 18:12:30,23.77,47.92,16.97,0,27.48,0
2026-10-01 18:12:35,24.6,53.21,10.89,0,27.11,0
2026-10-01 18:12:40,24.1,53.27,20.1,0,23.63,0
2026-10-01 18:12:45,25.44,51.35,19.1,0,19.97,0
2026-10-01 18:12:50,25.55,57.6,14.53,0,22.51,0
2026-10-01 18:12:55,25.19,47.31,17.94,0,21.47,0
2026-10-01 18:13:00,24.74,45.35,20.82,0,27.04,0
2026-10-01 18:13:05,24.32,49.81,10.64,0,26.0,0
2026-10-01 18:13:10,23.55,54.13,13.54,0,22.9,0
2026-10-01 18:13:15,26.05,48.83,16.83,0,23.5,0
2026-10-01 18:13:20,23.89,49.06,18.08,0,26.66,0
2026-10-01 18:13:25,25.03,54.85,17.79,0,23.88,0
2026-10-01 18:13:30,25.35,53.39,21.11,0,22.97,0
2026-10-01 18:13:35,24.06,53.13,19.67,0,31.93,0
2026-10-01 18:13:40,25.33,54.34,20.44,0,23.08,0
2026-10-01 18:13:45,25.11,50.72,13.14,0,27.34,0
2026-10-01 18:13:50,25.88,50.86,18.51,0,26.37,0
2026-10-01 18:13:55,24.12,54.43,16.93,0,19.67,0
2026-10-01 18:14:00,23.47,47.97,23.12,0,22.62,0
2026-10-01 18:14:05,24.1,45.57,18.61,0,27.87,0
2026-10-01 18:14:10,24.67,50.7,15.66,0,24.54,0
2026-10-01 18:14:15,24.55,54.79,20.98,0,19.87,0
2026-10-01 18:14:20,24.19,52.77,19.97,0,26.38,0
2026-10-01 18:14:25,22.97,54.57,15.12,0,22.96,0
2026-10-01 18:14:30,24.88,45.95,16.78,0,26.53,0
2026-10-01 18:14:35,26.08,52.95,16.84,0,34.41,0
2026-10-01 18:14:40,24.87,53.96,22.3,0,26.34,0
2026-10-01 18:14:45,24.99,47.95,18.71,0,27.14,0
2026-10-01 18:14:50,24.96,54.59,20.54,0,24.11,0
2026-10-01 18:14:55,24.82,51.67,16.27,0,21.08,0
2026-10-01 18:15:00,25.25,61.0,19.17,0,28.58,0
2026-10-01 18:15:05,24.82,45.47,22.56,0,22.88,0
2026-10-01 18:15:10,24.25,56.11,16.74,0,24.2,0
2026-10-01 18:15:15,23.86,50.82,18.4,0,31.28,0
2026-10-01 18:15:20,24.3,47.15,13.23,0,23.82,0
2026-10-01 18:15:25,24.75,50.42,15.32,0,29.25,0
2026-10-01 18:15:30,24.25,52.83,16.83,0,26.36,0
2026-10-01 18:15:35,24.75,55.11,14.29,0,23.06,0
2026-10-01 18:15:40,24.85,57.17,22.63,1,26.19,0
2026-10-01 18:15:45,25.17,56.27,15.07,0,22.49,0
2026-10-01 18:15:50,25.53,49.1,20.75,0,28.17,0
2026-10-01 18:15:55,24.56,55.39,18.65,0,29.36,0
2026-10-01 18:16:00,23.45,53.17,18.11,0,25.17,0
2026-10-01 18:16:05,24.22,50.04,23.2,0,29.7,0
2026-10-01 18:16:10,24.54,51.36,10.09,0,25.56,0
2026-10-01 18:16:15,23.03,49.87,17.31,0,28.2,0
2026-10-01 18:16:20,25.61,52.11,14.22,0,35.33,0
2026-10-01 18:16:25,24.61,49.81,11.14,0,33.66,0
2026-10-01 18:16:30,24.81,48.92,13.82,0,24.36,0
2026-10-01 18:16:35,25.59,53.44,18.06,0,26.03,0
2026-10-01 18:16:40,24.0,53.89,15.46,0,21.31,0
2026-10-01 18:16:45,24.96,51.44,21.14,0,27.8,0
2026-10-01 18:16:50,24.41,56.1,17.25,0,26.36,0
2026-10-01 18:16:55,24.35,51.22,16.86,0,22.29,0
2026-10-01 18:17:00,23.88,51.09,16.88,0,29.15,0
2026-10-01 18:17:05,25.83,53.98,17.66,0,24.07,0
2026-10-01 18:17:10,24.2,51.6,16.54,0,23.18,0
2026-10-01 18:17:15,25.06,52.25,15.02,0,26.4,0
2026-10-01 18:17:20,23.0,44.44,21.46,0,23.37,0
2026-10-01 18:17:25,25.44,52.05,15.82,0,24.89,0
2026-10-01 18:17:30,25.34,46.52,16.66,0,31.11,0
2026-10-01 18:17:35,24.58,48.34,19.5,0,22.85,0
2026-10-01 18:17:40,24.32,47.99,19.12,0,27.36,0
2026-10-01 18:17:45,24.82,48.87,14.87,1,22.96,0
2026-10-01 18:17:50,26.33,50.35,20.64,0,21.59,0
2026-10-01 18:17:55,23.09,50.54,19.88,0,24.71,0
2026-10-01 18:18:00,25.13,53.99,18.62,0,34.4,0
2026-10-01 18:18:05,23.77,52.67,16.49,0,27.74,0
2026-10-01 18:18:10,24.48,46.3,16.58,0,26.62,0
2026-10-01 18:18:15,24.3,52.25,17.29,0,23.16,0
2026-10-01 18:18:20,24.16,52.95,13.69,0,23.65,0
2026-10-01 18:18:25,24.49,51.01,17.86,0,19.81,0
2026-10-01 18:18:30,23.59,51.82,21.12,0,31.28,0
2026-10-01 18:18:35,25.32,52.57,21.07,0,25.94,0
2026-10-01 18:18:40,23.06,54.29,16.67,0,25.64,0
2026-10-01 18:18:45,24.93,47.28,21.72,0,25.71,0
2026-10-01 18:18:50,24.24,51.27,24.67,0,32.32,0
2026-10-01 18:18:55,23.56,56.53,16.89,0,26.05,0
2026-10-01 18:19:00,24.66,56.25,20.42,0,24.33,0
2026-10-01 18:19:05,23.25,54.55,10.08,0,31.3,0
2026-10-01 18:19:10,24.53,53.61,13.6,0,24.55,0
2026-10-01 18:19:15,23.36,56.96,18.32,0,19.08,0
2026-10-01 18:19:20,24.87,57.75,14.48,1,19.66,0
2026-10-01 18:19:25,23.76,51.61,25.14,0,24.33,0
2026-10-01 18:19:30,24.14,49.09,20.09,0,26.02,0
2026-10-01 18:19:35,24.74,51.19,21.38,1,27.88,0
2026-10-01 18:19:40,23.88,61.0,17.9,0,21.79,0
2026-10-01 18:19:45,24.45,47.29,14.49,1,24.21,0
2026-10-01 18:19:50,23.29,50.59,16.18,0,22.17,0
2026-10-01 18:19:55,25.0,47.76,18.89,0,28.9,0
2026-10-01 18:20:00,25.91,52.37,15.77,0,29.49,0
2026-10-01 18:20:05,26.73,48.39,20.35,0,31.85,0
2026-10-01 18:20:10,24.57,51.67,20.49,0,26.23,0
2026-10-01 18:20:15,25.13,46.15,18.02,0,31.53,0
2026-10-01 18:20:20,23.08,53.85,11.61,0,22.57,0
2026-10-01 18:20:25,25.7,55.67,24.0,0,25.76,0
2026-10-01 18:20:30,25.12,50.85,17.26,0,21.29,0
2026-10-01 18:20:35,24.11,51.59,27.48,0,27.01,0
2026-10-01 18:20:40,25.49,51.51,20.28,0,26.0,0
2026-10-01 18:20:45,24.3,52.54,17.27,0,16.41,0
2026-10-01 18:20:50,24.13,51.89,19.57,0,28.88,0
2026-10-01 18:20:55,24.88,54.3,10.93,0,27.99,0
2026-10-01 18:21:00,23.65,55.7,21.59,0,23.06,0
2026-10-01 18:21:05,25.32,49.56,26.98,0,25.98,0
2026-10-01 18:21:10,23.66,51.07,10.69,0,19.77,0
2026-10-01 18:21:15,23.66,54.7,16.99,0,22.3,0
2026-10-01 18:21:20,23.77,47.73,17.63,0,30.84,0
2026-10-01 18:21:25,25.11,46.09,21.06,0,20.96,0
2026-10-01 18:21:30,24.01,52.68,25.37,0,25.03,0
2026-10-01 18:21:35,23.42,53.49,19.34,0,20.11,0
2026-10-01 18:21:40,24.02,49.83,25.5,0,26.18,0
2026-10-01 18:21:45,24.47,50.26,18.6,0,26.97,0
2026-10-01 18:21:50,23.56,49.72,19.58,0,27.53,0
2026-10-01 18:21:55,23.58,49.4,19.15,0,26.64,0
2026-10-01 18:22:00,26.19,54.08,22.27,0,29.99,0
2026-10-01 18:22:05,23.81,48.46,16.52,1,23.06,0
2026-10-01 18:22:10,24.24,51.2,20.86,0,21.3,0
2026-10-01 18:22:15,24.21,49.28,13.69,1,22.94,0
2026-10-01 18:22:20,24.16,47.63,17.0,0,20.29,0
2026-10-01 18:22:25,25.0,54.61,15.77,0,25.28,0
2026-10-01 18:22:30,25.26,50.44,18.31,0,24.51,0
2026-10-01 18:22:35,24.26,52.57,16.89,0,26.67,0
2026-10-01 18:22:40,23.51,47.48,21.96,0,19.34,0
2026-10-01 18:22:45,25.52,49.77,14.92,0,24.95,0
2026-10-01 18:22:50,24.42,54.27,11.94,0,29.25,0
2026-10-01 18:22:55,25.88,59.76,13.25,0,27.0,0
2026-10-01 18:23:00,22.7,46.07,21.48,0,18.37,0
2026-10-01 18:23:05,24.66,51.4,14.61,0,24.96,0
2026-10-01 18:23:10,26.03,53.24,19.39,0,22.44,0
2026-10-01 18:23:15,24.22,50.15,16.97,0,25.05,0
2026-10-01 18:23:20,24.32,54.55,20.88,0,23.67,0
2026-10-01 18:23:25,24.74,49.4,17.19,0,31.09,0
2026-10-01 18:23:30,24.05,52.46,27.68,1,25.3,0
2026-10-01 18:23:35,24.25,50.43,24.64,0,26.11,0
2026-10-01 18:23:40,24.23,55.66,16.9,1,24.85,0
2026-10-01 18:23:45,24.0,49.97,16.42,1,26.66,0
2026-10-01 18:23:50,25.48,50.94,28.96,0,24.24,0
2026-10-01 18:23:55,24.87,54.84,14.22,0,27.71,0
2026-10-01 18:24:00,24.7,48.92,17.81,0,23.63,0
2026-10-01 18:24:05,25.15,52.21,18.08,0,29.82,0
2026-10-01 18:24:10,24.29,46.53,17.99,0,26.74,0
2026-10-01 18:24:15,23.88,48.74,11.91,0,24.47,0
2026-10-01 18:24:20,24.02,53.15,19.74,1,27.95,0
2026-10-01 18:24:25,24.5,49.03,14.6,0,26.73,0
2026-10-01 18:24:30,23.65,50.37,23.03,0,27.9,0
2026-10-01 18:24:35,24.1,53.48,12.9,0,25.3,0
2026-10-01 18:24:40,24.09,50.26,18.21,0,24.16,0
2026-10-01 18:24:45,26.2,54.47,10.24,0,25.47,0
2026-10-01 18:24:50,22.28,52.65,10.46,0,23.25,0
2026-10-01 18:24:55,24.36,53.31,15.06,0,28.43,0
2026-10-01 18:25:00,25.88,55.72,15.56,0,30.14,0
2026-10-01 18:25:05,24.6,52.96,23.13,0,27.03,0
2026-10-01 18:25:10,25.1,56.62,17.86,0,29.96,0
2026-10-01 18:25:15,24.58,54.73,22.52,0,28.94,0
2026-10-01 18:25:20,23.97,50.43,16.67,0,24.06,0
2026-10-01 18:25:25,22.71,55.88,20.12,0,27.93,0
2026-10-01 18:25:30,24.66,52.79,15.46,0,20.51,0
2026-10-01 18:25:35,23.88,50.82,15.22,0,25.65,0
2026-10-01 18:25:40,23.86,52.84,11.63,0,20.86,0
2026-10-01 18:25:45,24.1,55.34,19.18,0,24.62,0
2026-10-01 18:25:50,25.9,53.37,18.92,0,19.96,0
2026-10-01 18:25:55,26.42,57.47,20.72,0,28.83,0
2026-10-01 18:26:00,24.67,55.26,18.75,0,23.62,0
2026-10-01 18:26:05,24.13,53.57,25.09,0,28.17,0
2026-10-01 18:26:10,23.56,48.92,18.62,0,24.74,0
2026-10-01 18:26:15,24.87,51.46,21.47,0,18.55,0
2026-10-01 18:26:20,25.93,52.21,16.87,0,23.31,0
2026-10-01 18:26:25,24.3,54.09,14.82,0,23.14,0
2026-10-01 18:26:30,22.6,53.91,20.51,0,24.95,0
2026-10-01 18:26:35,25.04,52.51,17.69,0,30.28,0
2026-10-01 18:26:40,25.29,52.36,20.91,0,30.86,0
2026-10-01 18:26:45,23.23,54.16,19.24,0,24.19,0
2026-10-01 18:26:50,24.64,49.42,15.22,0,20.59,0
2026-10-01 18:26:55,24.86,57.09,21.76,0,22.4,0
2026-10-01 18:27:00,24.44,45.86,14.95,0,26.68,0
2026-10-01 18:27:05,23.87,56.37,20.19,0,24.62,0
2026-10-01 18:27:10,25.31,51.86,22.49,0,19.49,0
2026-10-01 18:27:15,24.18,55.01,16.65,0,23.24,0
2026-10-01 18:27:20,23.31,53.09,22.05,0,29.59,0
2026-10-01 18:27:25,22.86,53.04,19.39,0,26.02,0
2026-10-01 18:27:30,25.51,53.66,20.98,0,25.17,0
2026-10-01 18:27:35,24.99,54.43,15.07,0,23.64,0
2026-10-01 18:27:40,24.57,51.01,18.75,0,23.39,0
2026-10-01 18:27:45,24.15,55.1,13.07,0,26.9,0
2026-10-01 18:27:50,24.08,48.75,23.99,0,25.5,0
2026-10-01 18:27:55,23.64,51.98,10.95,1,27.7,0
2026-10-01 18:28:00,24.15,54.51,16.76,0,26.91,0
2026-10-01 18:28:05,22.8,54.99,14.74,0,25.07,0
2026-10-01 18:28:10,23.91,53.38,20.36,0,26.34,0
2026-10-01 18:28:15,24.25,50.82,24.73,1,22.93,0
2026-10-01 18:28:20,24.99,54.69,20.29,0,24.83,0
2026-10-01 18:28:25,24.47,49.99,28.36,0,29.69,0
2026-10-01 18:28:30,25.14,57.25,13.18,0,25.04,0
2026-10-01 18:28:35,25.58,51.75,13.45,0,24.24,0
2026-10-01 18:28:40,25.35,47.38,14.87,0,25.74,0
2026-10-01 18:28:45,24.88,48.42,18.42,0,20.92,0
2026-10-01 18:28:50,24.51,52.13,14.41,0,25.77,0
2026-10-01 18:28:55,23.72,52.42,15.37,1,30.94,0
2026-10-01 18:29:00,25.09,57.91,20.17,0,22.17,0
2026-10-01 18:29:05,25.84,48.88,13.66,0,25.93,0
2026-10-01 18:29:10,24.77,52.12,14.03,0,24.92,0
2026-10-01 18:29:15,26.03,48.82,16.61,0,24.83,0
2026-10-01 18:29:20,23.28,50.52,16.93,0,24.77,0
2026-10-01 18:29:25,23.58,57.05,21.54,0,27.5,0
2026-10-01 18:29:30,25.18,48.59,14.85,0,21.16,0
2026-10-01 18:29:35,24.71,53.76,15.48,0,27.41,0
2026-10-01 18:29:40,25.55,53.18,20.04,0,25.24,0
2026-10-01 18:29:45,24.49,51.93,20.8,0,18.83,0
2026-10-01 18:29:50,23.81,53.56,23.0,0,26.33,0
2026-10-01 18:29:55,24.33,48.52,19.64,0,25.4,0
2026-10-01 18:30:00,23.27,56.97,18.46,0,21.95,0
2026-10-01 18:30:05,23.6,57.77,20.01,0,25.56,0
2026-10-01 18:30:10,25.28,52.14,17.06,1,20.39,0
2026-10-01 18:30:15,25.2,59.27,17.04,0,22.6,0
2026-10-01 18:30:20,24.79,50.8,11.79,0,25.13,0
2026-10-01 18:30:25,23.12,53.2,21.13,1,19.1,0
2026-10-01 18:30:30,24.21,56.3,18.74,0,20.97,0
2026-10-01 18:30:35,23.52,50.62,20.72,0,21.49,0
2026-10-01 18:30:40,25.44,47.86,8.14,0,25.28,0
2026-10-01 18:30:45,24.03,47.16,17.84,0,26.54,0
2026-10-01 18:30:50,23.63,58.18,15.0,0,21.88,0
2026-10-01 18:30:55,24.52,50.41,23.25,0,21.68,0
2026-10-01 18:31:00,23.99,51.44,20.15,0,25.48,0
2026-10-01 18:31:05,25.69,48.66,18.82,0,25.39,0
2026-10-01 18:31:10,23.91,54.85,16.49,0,22.55,0
2026-10-01 18:31:15,23.38,49.66,19.39,0,31.4,0
2026-10-01 18:31:20,22.78,50.53,14.75,1,25.65,0
2026-10-01 18:31:25,24.48,52.9,17.65,0,24.4,0
2026-10-01 18:31:30,24.05,48.81,15.98,0,23.65,0
2026-10-01 18:31:35,23.36,51.46,25.93,1,28.53,0
2026-10-01 18:31:40,25.45,56.21,23.14,0,26.91,0
2026-10-01 18:31:45,25.03,53.28,21.72,0,18.92,0
2026-10-01 18:31:50,24.48,52.39,12.78,0,22.56,0
2026-10-01 18:31:55,25.59,52.64,21.02,0,23.44,0
2026-10-01 18:32:00,25.03,50.83,18.66,0,24.96,0
2026-10-01 18:32:05,23.84,57.99,22.28,0,27.19,0
2026-10-01 18:32:10,23.67,49.56,19.13,0,21.25,0
2026-10-01 18:32:15,25.15,52.63,17.98,0,24.72,0
2026-10-01 18:32:20,24.82,52.35,18.82,0,30.95,0
2026-10-01 18:32:25,24.64,55.03,11.68,0,25.1,0
2026-10-01 18:32:30,23.82,55.31,15.31,0,22.57,0
2026-10-01 18:32:35,24.99,51.9,19.31,0,20.33,0
2026-10-01 18:32:40,23.9,52.87,21.99,0,23.3,0
2026-10-01 18:32:45,24.42,52.99,16.07,0,21.22,0
2026-10-01 18:32:50,25.66,45.18,17.86,0,23.62,0
2026-10-01 18:32:55,23.97,47.23,12.4,0,26.9,0
2026-10-01 18:33:00,23.24,50.18,23.11,0,25.13,0
2026-10-01 18:33:05,23.66,50.32,21.9,0,23.32,0
2026-10-01 18:33:10,25.3,48.4,20.28,0,18.73,0
2026-10-01 18:33:15,24.7,54.25,19.42,0,27.91,0
2026-10-01 18:33:20,24.4,52.01,23.43,0,23.77,0
2026-10-01 18:33:25,24.09,51.36,15.18,0,25.38,0
2026-10-01 18:33:30,24.89,48.23,14.8,0,21.81,0
2026-10-01 18:33:35,23.82,51.87,21.72,0,23.57,0
2026-10-01 18:33:40,24.74,44.12,21.48,1,22.97,0
2026-10-01 18:33:45,23.91,51.51,13.82,0,20.33,0
2026-10-01 18:33:50,23.78,52.19,16.14,0,21.82,0
2026-10-01 18:33:55,23.99,52.73,23.91,0,24.95,0
2026-10-01 18:34:00,24.2,47.31,19.44,0,26.05,0
2026-10-01 18:34:05,24.46,52.67,20.76,0,22.61,0
2026-10-01 18:34:10,24.69,48.88,13.94,0,20.79,0
2026-10-01 18:34:15,22.0,49.56,20.3,0,23.75,0
2026-10-01 18:34:20,23.85,54.15,13.03,0,27.73,0
2026-10-01 18:34:25,24.19,58.04,11.07,0,21.71,0
2026-10-01 18:34:30,25.7,52.15,20.54,0,25.05,0
2026-10-01 18:34:35,23.64,49.55,23.02,0,22.69,0
2026-10-01 18:34:40,24.63,52.57,17.11,0,28.95,0
2026-10-01 18:34:45,25.7,54.82,16.09,0,23.23,0
2026-10-01 18:34:50,23.45,53.86,23.99,0,27.32,0
2026-10-01 18:34:55,24.82,60.23,17.32,0,28.55,0
2026-10-01 18:35:00,23.86,49.85,17.77,0,30.4,0
2026-10-01 18:35:05,24.1,52.76,23.93,0,20.26,0
2026-10-01 18:35:10,23.86,56.65,16.76,0,20.11,0
2026-10-01 18:35:15,23.91,56.46,15.71,0,29.08,0
2026-10-01 18:35:20,26.68,46.15,20.85,0,28.51,0
2026-10-01 18:35:25,25.18,51.99,15.51,0,22.84,0
2026-10-01 18:35:30,25.38,56.45,17.49,0,15.0,0
2026-10-01 18:35:35,24.89,60.67,13.38,0,25.28,0
2026-10-01 18:35:40,23.21,54.11,18.65,0,19.69,0
2026-10-01 18:35:45,24.82,50.9,18.24,0,22.1,0
2026-10-01 18:35:50,25.36,48.97,21.39,0,25.63,0
2026-10-01 18:35:55,23.82,58.66,21.0,0,26.1,0
2026-10-01 18:36:00,25.27,54.19,19.93,0,30.53,0
2026-10-01 18:36:05,25.06,49.46,19.38,0,23.7,0
2026-10-01 18:36:10,25.98,51.39,17.74,0,21.58,0
2026-10-01 18:36:15,24.17,52.93,20.13,1,28.21,0
2026-10-01 18:36:20,23.62,53.63,14.11,0,26.32,0
2026-10-01 18:36:25,24.21,49.3,9.78,0,23.73,0
2026-10-01 18:36:30,25.65,50.16,22.07,0,25.11,0
2026-10-01 18:36:35,23.04,47.04,20.36,0,23.68,0
2026-10-01 18:36:40,22.85,55.12,17.56,0,27.42,0
2026-10-01 18:36:45,24.57,50.98,21.76,0,30.91,0
2026-10-01 18:36:50,24.15,53.4,15.44,0,22.46,0
2026-10-01 18:36:55,24.51,56.27,15.53,0,26.47,0
2026-10-01 18:37:00,25.26,52.66,15.05,0,19.65,0
2026-10-01 18:37:05,24.06,51.66,19.99,0,21.25,0
2026-10-01 18:37:10,23.0,52.58,12.46,0,26.97,0
2026-10-01 18:37:15,26.14,52.19,15.32,0,24.75,0
2026-10-01 18:37:20,23.7,55.74,19.01,0,21.12,0
2026-10-01 18:37:25,23.65,52.93,13.79,0,25.03,0
2026-10-01 18:37:30,25.38,50.37,15.69,0,28.08,0
2026-10-01 18:37:35,24.19,55.14,10.26,0,19.94,0
2026-10-01 18:37:40,24.45,55.69,20.12,0,31.11,0
2026-10-01 18:37:45,24.89,47.99,15.59,0,27.01,0
2026-10-01 18:37:50,25.37,56.6,14.15,0,27.08,0
2026-10-01 18:37:55,24.23,53.09,13.47,0,25.0,0
2026-10-01 18:38:00,25.72,52.85,16.54,0,31.11,0
2026-10-01 18:38:05,22.79,55.02,12.47,0,28.37,0
2026-10-01 18:38:10,25.11,50.3,24.8,1,23.71,0
2026-10-01 18:38:15,23.83,54.86,9.65,0,27.65,0
2026-10-01 18:38:20,25.6,50.87,16.42,0,22.43,0
2026-10-01 18:38:25,24.61,47.58,18.37,0,24.02,0
2026-10-01 18:38:30,23.96,49.01,15.29,0,30.13,0
2026-10-01 18:38:35,25.03,53.7,18.74,0,26.36,0
2026-10-01 18:38:40,25.21,49.16,15.2,0,27.32,0
2026-10-01 18:38:45,25.01,56.83,23.36,0,29.09,0
2026-10-01 18:38:50,23.68,55.57,14.08,1,26.92,0
2026-10-01 18:38:55,24.11,56.0,9.77,0,22.16,0
2026-10-01 18:39:00,24.5,52.37,13.46,0,30.81,0
2026-10-01 18:39:05,24.47,52.77,19.35,1,26.81,0
2026-10-01 18:39:10,25.1,48.42,17.59,0,27.05,0
2026-10-01 18:39:15,22.89,54.99,20.63,0,25.2,0
2026-10-01 18:39:20,24.77,53.14,19.76,0,28.89,0
2026-10-01 18:39:25,24.27,53.7,15.77,0,31.7,0
2026-10-01 18:39:30,23.83,57.06,16.29,0,23.69,0
2026-10-01 18:39:35,23.91,50.18,16.65,0,28.73,0
2026-10-01 18:39:40,24.33,51.62,24.6,0,25.12,0
2026-10-01 18:39:45,22.0,52.98,20.42,0,18.01,0
2026-10-01 18:39:50,23.94,49.19,24.62,0,20.09,0
2026-10-01 18:39:55,23.8,51.44,20.94,0,26.49,0
2026-10-01 18:40:00,24.93,53.48,17.78,0,28.54,0
2026-10-01 18:40:05,23.86,51.02,14.43,0,27.13,0
2026-10-01 18:40:10,24.33,55.93,18.71,0,27.69,0
2026-10-01 18:40:15,25.73,47.47,17.79,0,34.06,0
2026-10-01 18:40:20,25.3,55.37,17.67,0,26.85,0
2026-10-01 18:40:25,25.22,53.98,17.27,1,24.07,0
2026-10-01 18:40:30,24.1,50.29,10.82,0,24.56,0
2026-10-01 18:40:35,24.93,49.23,22.41,0,30.72,0
2026-10-01 18:40:40,24.31,45.76,17.82,0,20.56,0
2026-10-01 18:40:45,24.34,49.61,13.05,0,29.33,0
2026-10-01 18:40:50,24.83,55.14,19.69,0,25.06,0
2026-10-01 18:40:55,24.02,51.83,15.0,1,22.09,0
2026-10-01 18:41:00,25.69,55.49,19.97,0,19.92,0
2026-10-01 18:41:05,24.37,50.14,21.09,0,30.18,0
2026-10-01 18:41:10,24.99,54.12,21.57,0,22.0,0
2026-10-01 18:41:15,25.66,49.85,17.44,0,25.22,0
2026-10-01 18:41:20,25.33,49.1,16.55,0,21.59,0
2026-10-01 18:41:25,23.37,51.68,15.81,0,31.88,0
2026-10-01 18:41:30,24.86,50.01,15.47,0,25.34,0
2026-10-01 18:41:35,25.18,47.37,17.94,0,20.29,0
2026-10-01 18:41:40,25.21,51.45,17.27,0,23.5,0
2026-10-01 18:41:45,23.61,52.32,15.11,0,29.88,0
2026-10-01 18:41:50,23.97,55.81,14.0,0,21.58,0
2026-10-01 18:41:55,25.3,54.81,17.62,1,23.73,0
2026-10-01 18:42:00,23.89,55.66,16.48,0,29.16,0
2026-10-01 18:42:05,24.26,54.16,14.01,0,26.2,0
2026-10-01 18:42:10,25.76,53.0,20.91,0,20.73,0
2026-10-01 18:42:15,24.46,48.31,24.2,1,25.78,0
2026-10-01 18:42:20,23.92,52.45,21.37,0,24.47,0
2026-10-01 18:42:25,23.8,53.79,15.48,0,25.18,0
2026-10-01 18:42:30,24.77,56.37,17.82,0,28.31,0
2026-10-01 18:42:35,23.43,54.06,23.39,0,25.84,0
2026-10-01 18:42:40,24.3,55.72,13.89,0,24.68,0
2026-10-01 18:42:45,24.77,48.9,20.74,1,24.5,0
2026-10-01 18:42:50,25.54,51.02,12.93,0,28.77,0
2026-10-01 18:42:55,25.03,53.29,23.89,0,22.48,0
2026-10-01 18:43:00,23.93,55.48,16.49,0,17.41,0
2026-10-01 18:43:05,25.44,51.56,25.8,0,24.21,0
2026-10-01 18:43:10,24.26,51.75,24.05,0,26.32,0
2026-10-01 18:43:15,23.51,54.06,17.63,0,23.54,0
2026-10-01 18:43:20,24.36,48.62,15.48,0,23.16,0
2026-10-01 18:43:25,25.65,56.82,18.68,0,23.73,0
2026-10-01 18:43:30,24.63,49.36,17.37,0,24.91,0
2026-10-01 18:43:35,24.51,46.24,16.59,0,20.46,0
2026-10-01 18:43:40,25.81,52.03,12.2,0,27.31,0
2026-10-01 18:43:45,23.35,57.1,16.2,0,15.68,0
2026-10-01 18:43:50,23.47,53.76,14.11,1,26.89,0
2026-10-01 18:43:55,23.21,54.25,19.93,0,26.1,0
2026-10-01 18:44:00,24.8,52.12,21.47,0,26.74,0
2026-10-01 18:44:05,24.63,51.54,20.59,0,18.25,0
2026-10-01 18:44:10,25.73,47.37,19.2,0,26.02,0
2026-10-01 18:44:15,24.69,45.22,15.01,0,23.1,0
2026-10-01 18:44:20,24.18,52.59,18.72,0,30.61,0
2026-10-01 18:44:25,24.5,55.94,20.77,0,26.27,0
2026-10-01 18:44:30,24.59,53.03,15.95,0,20.88,0
2026-10-01 18:44:35,23.16,53.87,18.42,0,19.08,0
2026-10-01 18:44:40,26.67,56.75,17.49,0,22.85,0
2026-10-01 18:44:45,24.92,52.99,23.82,0,27.84,0
2026-10-01 18:44:50,24.67,51.63,20.98,0,29.03,0
2026-10-01 18:44:55,24.99,49.54,20.13,0,25.63,0
2026-10-01 18:45:00,25.07,58.07,11.99,0,25.28,0
2026-10-01 18:45:05,24.39,53.58,18.6,0,23.84,0
2026-10-01 18:45:10,24.0,49.17,17.46,0,24.93,0
2026-10-01 18:45:15,24.98,48.49,17.43,0,29.26,0
2026-10-01 18:45:20,24.81,55.76,12.53,0,23.79,0
2026-10-01 18:45:25,23.85,48.89,14.19,0,27.31,0
2026-10-01 18:45:30,25.64,57.56,17.76,0,23.15,0
2026-10-01 18:45:35,24.73,43.73,21.9,0,28.55,0
2026-10-01 18:45:40,25.08,56.27,15.93,0,27.03,0
2026-10-01 18:45:45,25.61,53.46,16.6,0,28.4,0
2026-10-01 18:45:50,24.52,52.36,24.23,0,31.59,0
2026-10-01 18:45:55,24.75,51.47,16.96,0,15.96,0
2026-10-01 18:46:00,25.15,57.67,17.55,0,27.64,0
2026-10-01 18:46:05,23.92,54.12,17.6,0,26.64,0
2026-10-01 18:46:10,24.54,49.29,13.29,0,26.57,0
2026-10-01 18:46:15,24.6,46.84,20.0,0,25.84,0
2026-10-01 18:46:20,23.74,52.53,15.71,0,25.84,0
2026-10-01 18:46:25,26.35,52.0,17.89,0,26.18,0
2026-10-01 18:46:30,23.37,47.44,19.56,1,28.17,0
2026-10-01 18:46:35,23.46,51.83,24.8,0,27.89,0
2026-10-01 18:46:40,25.55,50.28,13.39,0,24.91,0
2026-10-01 18:46:45,25.07,52.03,21.03,0,24.34,0
2026-10-01 18:46:50,23.68,54.18,21.04,0,25.07,0
2026-10-01 18:46:55,24.99,56.48,15.77,0,23.55,0
2026-10-01 18:47:00,25.67,54.73,20.1,0,31.23,0
2026-10-01 18:47:05,24.48,49.84,23.75,0,20.55,0
2026-10-01 18:47:10,26.58,53.11,15.32,0,27.62,0
2026-10-01 18:47:15,23.12,52.19,18.85,0,27.6,0
2026-10-01 18:47:20,25.06,48.0,19.42,0,23.14,0
2026-10-01 18:47:25,25.43,53.19,19.87,0,26.04,0
2026-10-01 18:47:30,25.21,57.57,20.69,0,29.42,0
2026-10-01 18:47:35,24.34,52.1,18.58,0,23.84,0
2026-10-01 18:47:40,24.27,47.22,19.8,0,29.59,0
2026-10-01 18:47:45,24.86,52.09,14.81,0,28.91,0
2026-10-01 18:47:50,25.15,48.36,18.57,0,22.52,0
2026-10-01 18:47:55,24.98,54.59,16.33,0,21.12,0
2026-10-01 18:48:00,25.33,53.57,13.7,0,25.58,0
2026-10-01 18:48:05,23.68,51.49,16.22,0,20.66,0
2026-10-01 18:48:10,24.32,51.01,18.94,0,15.0,0
2026-10-01 18:48:15,23.75,51.36,19.53,0,23.29,0
2026-10-01 18:48:20,24.19,52.02,13.56,0,32.61,0
2026-10-01 18:48:25,25.31,49.68,14.72,0,23.43,0
2026-10-01 18:48:30,24.59,47.84,20.54,0,26.33,0
2026-10-01 18:48:35,26.59,55.42,19.78,0,27.45,0
2026-10-01 18:48:40,24.65,50.84,21.1,0,24.86,0
2026-10-01 18:48:45,24.55,52.5,22.79,0,23.83,0
2026-10-01 18:48:50,24.58,52.86,19.88,0,29.3,0
2026-10-01 18:48:55,23.99,52.97,16.55,0,25.14,0
2026-10-01 18:49:00,24.45,48.48,18.4,0,24.68,0
2026-10-01 18:49:05,25.4,46.97,23.81,0,27.79,0
2026-10-01 18:49:10,24.59,50.23,27.68,0,21.4,0
2026-10-01 18:49:15,23.87,53.19,19.62,0,20.58,0
2026-10-01 18:49:20,23.76,49.82,19.87,0,19.31,0
2026-10-01 18:49:25,24.14,50.94,20.54,0,26.99,0
2026-10-01 18:49:30,24.56,58.38,18.08,0,24.43,0
2026-10-01 18:49:35,25.45,46.46,22.07,0,27.89,0
2026-10-01 18:49:40,23.43,49.73,21.53,0,25.18,0
2026-10-01 18:49:45,24.24,57.69,19.24,0,20.2,0
2026-10-01 18:49:50,24.62,51.87,16.89,0,23.76,0
2026-10-01 18:49:55,23.03,49.88,12.68,0,28.14,0
2026-10-01 18:50:00,23.83,55.51,20.56,0,24.08,0
2026-10-01 18:50:05,23.96,52.17,18.75,0,29.15,0
2026-10-01 18:50:10,23.86,50.96,15.42,0,23.41,0
2026-10-01 18:50:15,24.65,52.58,14.05,0,27.52,0
2026-10-01 18:50:20,24.37,50.03,20.32,0,18.76,0
2026-10-01 18:50:25,24.06,48.95,12.4,0,24.21,0
2026-10-01 18:50:30,24.84,51.66,19.05,0,23.65,0
2026-10-01 18:50:35,25.88,48.97,20.95,0,20.11,0
2026-10-01 18:50:40,25.81,52.03,19.92,0,28.89,0
2026-10-01 18:50:45,22.96,53.06,16.63,1,22.76,0
2026-10-01 18:50:50,24.96,54.56,13.63,0,22.4,0
2026-10-01 18:50:55,24.36,55.38,20.05,0,29.55,0
2026-10-01 18:51:00,24.62,50.78,22.2,1,25.57,0
2026-10-01 18:51:05,24.18,53.5,16.0,1,27.73,0
2026-10-01 18:51:10,24.59,53.48,19.77,0,19.04,0
2026-10-01 18:51:15,24.62,52.98,23.54,0,22.21,0
2026-10-01 18:51:20,24.04,50.56,19.19,0,32.3,0
2026-10-01 18:51:25,23.78,48.92,16.61,0,27.99,0
2026-10-01 18:51:30,24.14,53.51,21.64,0,21.24,0
2026-10-01 18:51:35,24.69,46.88,15.42,0,25.79,0
2026-10-01 18:51:40,24.98,51.2,13.46,0,21.52,0
2026-10-01 18:51:45,25.18,44.34,20.84,0,29.88,0
2026-10-01 18:51:50,24.1,47.99,16.58,0,17.06,0
2026-10-01 18:51:55,24.73,49.37,16.89,0,25.96,0
2026-10-01 18:52:00,25.27,55.29,15.81,0,25.91,0
2026-10-01 18:52:05,25.43,54.06,16.35,1,21.11,0
2026-10-01 18:52:10,24.45,50.34,22.91,0,24.04,0
2026-10-01 18:52:15,24.32,54.19,23.82,0,26.31,0
2026-10-01 18:52:20,24.65,54.66,24.28,0,18.78,0
2026-10-01 18:52:25,23.58,51.52,21.82,0,20.52,0
2026-10-01 18:52:30,24.35,47.85,19.63,0,24.46,0
2026-10-01 18:52:35,25.1,51.38,12.99,0,22.08,0
2026-10-01 18:52:40,25.01,51.71,17.34,0,23.38,0
2026-10-01 18:52:45,24.28,48.3,25.55,0,24.93,0
2026-10-01 18:52:50,24.67,53.1,16.48,1,21.81,0
2026-10-01 18:52:55,23.84,52.84,23.3,0,24.91,0
2026-10-01 18:53:00,25.06,53.34,18.19,0,26.04,0
2026-10-01 18:53:05,24.44,52.84,8.63,0,27.73,0
2026-10-01 18:53:10,24.28,54.19,20.24,0,20.64,0
2026-10-01 18:53:15,24.21,51.46,22.43,0,22.8,0
2026-10-01 18:53:20,24.45,52.61,17.83,1,27.06,0
2026-10-01 18:53:25,24.14,50.81,22.32,0,19.81,0
2026-10-01 18:53:30,25.03,50.25,12.16,0,25.37,0
2026-10-01 18:53:35,24.18,56.01,13.15,0,25.1,0
2026-10-01 18:53:40,25.77,45.87,18.72,0,15.95,0
2026-10-01 18:53:45,25.67,54.63,19.67,0,23.27,0
2026-10-01 18:53:50,23.79,50.14,22.75,0,26.16,0
2026-10-01 18:53:55,24.56,49.75,20.24,0,24.26,0
2026-10-01 18:54:00,23.98,52.78,13.82,0,23.34,0
2026-10-01 18:54:05,24.24,47.53,18.75,0,25.55,0
2026-10-01 18:54:10,26.1,49.55,20.1,0,28.46,0
2026-10-01 18:54:15,24.25,49.45,11.44,0,26.88,0
2026-10-01 18:54:20,24.79,51.34,17.85,0,22.35,0
2026-10-01 18:54:25,24.93,49.59,16.83,0,19.89,0
2026-10-01 18:54:30,23.7,56.8,15.71,0,26.82,0
2026-10-01 18:54:35,23.82,57.39,19.75,0,20.88,0
2026-10-01 18:54:40,23.54,45.93,13.98,0,23.15,0
2026-10-01 18:54:45,23.79,53.63,19.46,0,25.7,0
2026-10-01 18:54:50,22.22,54.58,19.96,0,29.01,0
2026-10-01 18:54:55,24.94,53.63,21.79,0,29.5,0
2026-10-01 18:55:00,26.14,50.03,14.07,0,25.21,0
2026-10-01 18:55:05,24.62,51.27,12.73,0,23.22,0
2026-10-01 18:55:10,23.37,49.76,18.98,0,20.8,0
2026-10-01 18:55:15,23.99,50.74,17.0,0,31.86,0
2026-10-01 18:55:20,24.13,48.37,28.16,0,23.99,0
2026-10-01 18:55:25,23.69,51.66,19.6,0,27.37,0
2026-10-01 18:55:30,25.19,47.49,18.2,0,25.69,0
2026-10-01 18:55:35,25.15,51.4,17.4,0,23.27,0
2026-10-01 18:55:40,23.58,48.25,13.74,0,23.12,0
2026-10-01 18:55:45,25.08,52.62,19.97,0,20.16,0
2026-10-01 18:55:50,25.72,49.96,17.72,0,28.93,0
2026-10-01 18:55:55,26.02,52.87,17.73,0,24.58,0
2026-10-01 18:56:00,26.79,55.24,18.33,0,30.0,0
2026-10-01 18:56:05,23.78,56.77,18.77,0,23.43,0
2026-10-01 18:56:10,26.76,44.42,11.91,0,23.96,0
2026-10-01 18:56:15,24.22,49.5,20.93,0,21.03,0
2026-10-01 18:56:20,24.03,51.09,15.04,0,23.91,0
2026-10-01 18:56:25,24.76,53.38,17.52,0,20.66,0
2026-10-01 18:56:30,24.03,47.05,22.5,0,26.41,0
2026-10-01 18:56:35,24.82,49.05,24.23,0,25.38,0
2026-10-01 18:56:40,23.44,52.39,12.05,0,30.16,0
2026-10-01 18:56:45,24.31,52.25,18.11,0,19.9,0
2026-10-01 18:56:50,25.53,53.13,18.96,0,29.26,0
2026-10-01 18:56:55,24.45,53.33,12.72,0,21.58,0
2026-10-01 18:57:00,24.61,53.02,20.81,0,26.2,0
2026-10-01 18:57:05,24.88,52.58,18.41,0,20.99,0
2026-10-01 18:57:10,25.44,52.17,18.68,0,25.71,0
2026-10-01 18:57:15,23.18,53.99,14.79,0,16.21,0
2026-10-01 18:57:20,24.97,45.28,19.45,0,22.65,0
2026-10-01 18:57:25,24.29,56.63,20.93,0,25.37,0
2026-10-01 18:57:30,24.63,45.39,18.45,0,31.14,0
2026-10-01 18:57:35,25.35,48.76,16.2,0,17.55,0
2026-10-01 18:57:40,23.54,51.32,16.47,0,24.99,0
2026-10-01 18:57:45,23.69,54.02,18.77,0,23.18,0
2026-10-01 18:57:50,22.95,43.01,18.17,0,18.29,0
2026-10-01 18:57:55,24.06,51.92,21.17,0,21.06,0
2026-10-01 18:58:00,25.56,54.38,16.32,0,23.35,0
2026-10-01 18:58:05,24.4,54.98,13.74,0,26.63,0
2026-10-01 18:58:10,23.43,49.91,19.26,0,25.31,0
2026-10-01 18:58:15,24.11,51.1,16.33,0,20.41,0
2026-10-01 18:58:20,23.31,50.15,20.74,0,18.58,0
2026-10-01 18:58:25,23.6,50.82,18.03,0,26.46,0
2026-10-01 18:58:30,24.81,48.9,20.29,0,24.32,0
2026-10-01 18:58:35,23.56,49.33,14.45,0,30.64,0
2026-10-01 18:58:40,25.39,53.3,18.5,0,23.77,0
2026-10-01 18:58:45,24.44,52.39,15.55,0,29.0,0
2026-10-01 18:58:50,24.57,53.47,13.73,0,26.9,0
2026-10-01 18:58:55,24.28,52.64,14.99,0,27.88,0
2026-10-01 18:59:00,25.12,54.11,16.09,0,26.51,0
2026-10-01 18:59:05,25.13,54.63,22.36,0,26.59,0
2026-10-01 18:59:10,24.77,46.77,16.0,0,16.98,0
2026-10-01 18:59:15,24.95,49.44,13.55,0,24.17,0
2026-10-01 18:59:20,24.33,51.31,18.46,0,22.68,0
2026-10-01 18:59:25,24.93,51.93,18.1,0,29.45,0
2026-10-01 18:59:30,24.23,49.99,16.28,0,21.49,0
2026-10-01 18:59:35,24.5,54.74,17.44,0,24.02,0
2026-10-01 18:59:40,24.28,57.94,21.42,0,27.8,0
2026-10-01 18:59:45,24.13,52.56,20.35,0,26.05,0
2026-10-01 18:59:50,23.95,52.25,20.04,0,25.59,0
2026-10-01 18:59:55,24.87,54.55,13.86,0,28.88,0
2026-10-01 19:00:00,25.55,46.4,28.1,0,25.91,0
2026-10-01 19:00:05,25.44,52.09,21.68,0,23.09,0
2026-10-01 19:00:10,23.49,54.94,19.81,0,20.46,0
2026-10-01 19:00:15,25.53,50.07,13.92,0,26.7,0
2026-10-01 19:00:20,24.25,48.32,21.32,0,22.3,0
2026-10-01 19:00:25,24.98,51.44,16.25,0,24.16,0
2026-10-01 19:00:30,23.78,51.82,17.32,0,28.77,0
2026-10-01 19:00:35,24.61,49.27,12.12,0,24.23,0
2026-10-01 19:00:40,24.75,58.29,13.65,1,23.45,0
2026-10-01 19:00:45,23.31,50.56,19.53,0,24.02,0
2026-10-01 19:00:50,24.99,48.54,21.52,0,24.12,0
2026-10-01 19:00:55,25.58,51.72,20.4,0,21.53,0
2026-10-01 19:01:00,24.36,54.72,20.28,0,30.87,0
2026-10-01 19:01:05,25.59,52.05,17.77,0,23.08,0
2026-10-01 19:01:10,24.35,53.46,16.58,1,27.75,0
2026-10-01 19:01:15,25.18,49.39,19.01,0,21.44,0
2026-10-01 19:01:20,22.73,56.46,20.87,0,26.92,0
2026-10-01 19:01:25,26.44,53.69,18.02,0,25.59,0
2026-10-01 19:01:30,25.7,55.14,22.24,0,25.09,0
2026-10-01 19:01:35,24.27,53.1,17.25,0,25.61,0
2026-10-01 19:01:40,22.92,54.47,14.57,0,26.46,0
2026-10-01 19:01:45,24.73,49.38,17.96,0,24.21,0
2026-10-01 19:01:50,23.34,50.53,18.37,0,24.38,0
2026-10-01 19:01:55,24.86,56.04,17.71,0,27.02,0
2026-10-01 19:02:00,24.83,56.68,22.48,0,21.0,0
2026-10-01 19:02:05,23.75,48.56,20.82,0,20.46,0
2026-10-01 19:02:10,25.4,52.75,12.99,0,25.63,0
2026-10-01 19:02:15,25.14,50.71,23.37,0,17.97,0
2026-10-01 19:02:20,25.28,49.91,8.41,0,19.11,0
2026-10-01 19:02:25,24.51,52.85,25.53,0,31.32,0
2026-10-01 19:02:30,23.37,55.42,16.99,0,30.42,0
2026-10-01 19:02:35,25.28,53.35,17.34,0,23.0,0
2026-10-01 19:02:40,24.28,51.04,17.79,0,28.5,0
2026-10-01 19:02:45,23.39,53.54,19.35,0,28.62,0
2026-10-01 19:02:50,25.58,50.92,18.0,1,26.65,0
2026-10-01 19:02:55,26.18,53.24,17.53,0,24.72,0
2026-10-01 19:03:00,24.47,56.19,22.58,0,27.19,0
2026-10-01 19:03:05,26.23,45.77,19.98,0,27.79,0
2026-10-01 19:03:10,24.57,54.39,14.64,0,27.25,0
2026-10-01 19:03:15,24.2,47.38,20.59,0,19.58,0
2026-10-01 19:03:20,24.0,55.68,19.83,0,32.12,0
2026-10-01 19:03:25,25.81,50.09,16.09,0,33.41,0
2026-10-01 19:03:30,23.88,48.35,20.77,1,18.32,0
2026-10-01 19:03:35,25.09,54.09,17.45,0,26.79,0
2026-10-01 19:03:40,24.05,53.09,17.22,0,32.16,0
2026-10-01 19:03:45,24.13,49.0,17.13,0,28.51,0
2026-10-01 19:03:50,25.32,48.24,9.5,0,28.55,0
2026-10-01 19:03:55,24.2,51.44,16.16,0,19.97,0
2026-10-01 19:04:00,24.18,48.39,20.5,0,27.77,0
2026-10-01 19:04:05,25.41,48.82,17.92,0,25.84,0
2026-10-01 19:04:10,25.78,52.35,13.5,0,27.73,0
2026-10-01 19:04:15,25.02,49.1,21.38,0,21.38,0
2026-10-01 19:04:20,23.98,53.28,16.95,0,21.25,0
2026-10-01 19:04:25,24.09,56.47,13.72,0,24.5,0
2026-10-01 19:04:30,24.56,51.55,25.72,0,23.67,0
2026-10-01 19:04:35,24.76,52.39,14.31,0,24.45,0
2026-10-01 19:04:40,23.71,58.05,21.08,1,23.32,0
2026-10-01 19:04:45,25.08,48.44,15.31,0,24.3,0
2026-10-01 19:04:50,24.57,55.57,18.48,0,22.67,0
2026-10-01 19:04:55,23.13,55.21,14.84,0,24.83,0
2026-10-01 19:05:00,23.76,54.56,13.66,0,20.02,0
2026-10-01 19:05:05,24.1,55.88,19.83,0,26.8,0
2026-10-01 19:05:10,24.44,52.84,19.42,0,25.91,0
2026-10-01 19:05:15,26.01,50.25,22.01,1,20.58,0
2026-10-01 19:05:20,24.69,55.28,17.88,0,29.64,0
2026-10-01 19:05:25,23.83,55.4,25.77,0,22.11,0
2026-10-01 19:05:30,24.68,55.32,18.94,0,29.16,0
2026-10-01 19:05:35,24.22,52.13,19.98,0,26.15,0
2026-10-01 19:05:40,24.76,49.85,13.25,0,28.5,0
2026-10-01 19:05:45,24.96,52.57,15.85,0,25.62,0
2026-10-01 19:05:50,25.47,54.83,19.82,0,26.98,0
2026-10-01 19:05:55,24.48,55.07,17.71,0,28.46,0
2026-10-01 19:06:00,25.81,50.71,18.66,0,31.68,0
2026-10-01 19:06:05,25.23,52.95,15.14,0,28.76,0
2026-10-01 19:06:10,23.93,48.07,18.43,0,26.57,0
2026-10-01 19:06:15,26.27,54.95,18.41,0,20.28,0
2026-10-01 19:06:20,24.76,49.65,13.87,0,16.54,0
2026-10-01 19:06:25,23.83,54.36,20.25,0,24.54,0
2026-10-01 19:06:30,25.82,48.55,12.05,0,22.5,0
2026-10-01 19:06:35,26.16,55.09,18.64,0,22.63,0
2026-10-01 19:06:40,24.47,52.97,24.18,0,24.71,0
2026-10-01 19:06:45,24.1,49.66,20.38,0,27.32,0
2026-10-01 19:06:50,24.36,54.07,20.36,0,22.83,0
2026-10-01 19:06:55,25.07,50.23,14.86,0,28.13,0
2026-10-01 19:07:00,25.52,54.25,24.19,0,25.12,0
2026-10-01 19:07:05,24.96,51.18,22.82,0,25.13,0
2026-10-01 19:07:10,24.58,46.84,15.05,0,31.56,0
2026-10-01 19:07:15,25.7,49.05,16.34,0,25.62,0
2026-10-01 19:07:20,24.25,50.71,22.39,0,24.81,0
2026-10-01 19:07:25,25.32,56.1,24.29,0,26.83,0
2026-10-01 19:07:30,24.27,54.7,13.57,1,31.29,0
2026-10-01 19:07:35,24.84,56.87,14.49,0,24.84,0
2026-10-01 19:07:40,24.41,56.96,17.5,0,26.54,0
2026-10-01 19:07:45,24.46,50.4,10.4,0,24.62,0
2026-10-01 19:07:50,24.2,51.43,18.07,0,24.64,0
2026-10-01 19:07:55,25.58,50.77,22.15,0,23.28,0
2026-10-01 19:08:00,23.91,49.99,12.96,0,23.04,0
2026-10-01 19:08:05,23.91,46.48,18.44,0,30.94,0
2026-10-01 19:08:10,26.2,51.96,15.96,0,23.06,0
2026-10-01 19:08:15,25.28,48.14,23.74,0,19.61,0
2026-10-01 19:08:20,22.59,51.9,16.01,0,25.44,0
2026-10-01 19:08:25,24.05,58.35,23.32,0,28.56,0
2026-10-01 19:08:30,23.05,50.47,15.91,0,29.35,0
2026-10-01 19:08:35,23.74,52.58,20.7,1,20.82,0
2026-10-01 19:08:40,22.0,54.72,18.88,0,28.89,0
2026-10-01 19:08:45,24.39,52.84,17.52,1,32.21,0
2026-10-01 19:08:50,23.59,52.88,15.23,1,22.61,0
2026-10-01 19:08:55,24.55,50.91,19.13,0,24.39,0
2026-10-01 19:09:00,23.2,51.3,16.46,0,20.69,0
2026-10-01 19:09:05,24.57,49.12,15.59,0,31.49,0
2026-10-01 19:09:10,24.17,54.54,23.15,0,19.78,0
2026-10-01 19:09:15,25.7,46.78,19.92,0,23.6,0
2026-10-01 19:09:20,25.63,54.91,20.25,0,27.75,0
2026-10-01 19:09:25,25.13,47.79,16.63,0,22.61,0
2026-10-01 19:09:30,24.24,54.89,17.35,0,21.54,0
2026-10-01 19:09:35,26.09,50.94,17.13,0,24.82,0
2026-10-01 19:09:40,23.26,48.3,19.18,1,33.37,0
2026-10-01 19:09:45,23.38,53.74,20.25,0,24.1,0
2026-10-01 19:09:50,24.43,54.79,17.89,0,24.28,0
2026-10-01 19:09:55,26.3,50.69,15.23,0,21.1,0
2026-10-01 19:10:00,24.34,54.16,20.66,0,26.35,0
2026-10-01 19:10:05,24.35,45.14,18.12,0,28.09,0
2026-10-01 19:10:10,23.35,48.04,12.96,0,22.88,0
2026-10-01 19:10:15,25.26,55.88,10.53,1,26.88,0
2026-10-01 19:10:20,25.26,51.33,19.04,0,22.91,0
2026-10-01 19:10:25,25.13,46.41,15.1,0,18.37,0
2026-10-01 19:10:30,24.0,49.9,19.51,0,26.6,0
2026-10-01 19:10:35,23.93,49.23,15.29,0,32.26,0
2026-10-01 19:10:40,23.47,51.5,18.47,1,20.81,0
2026-10-01 19:10:45,24.57,50.89,16.68,0,25.63,0
2026-10-01 19:10:50,23.64,52.54,24.13,0,29.58,0
2026-10-01 19:10:55,23.56,51.79,21.33,0,24.64,0
2026-10-01 19:11:00,24.16,56.08,22.72,0,20.01,0
2026-10-01 19:11:05,24.11,53.27,18.08,0,25.16,0
2026-10-01 19:11:10,24.07,53.37,20.88,0,30.22,0
2026-10-01 19:11:15,24.87,55.5,18.32,0,23.23,0
2026-10-01 19:11:20,24.56,50.83,23.14,0,25.81,0
2026-10-01 19:11:25,24.27,48.21,17.75,0,21.31,0
2026-10-01 19:11:30,24.65,55.62,13.11,0,24.65,0
2026-10-01 19:11:35,23.71,52.41,11.0,0,26.35,0
2026-10-01 19:11:40,24.58,52.42,23.84,0,25.44,0
2026-10-01 19:11:45,24.62,50.1,19.67,0,23.49,0
2026-10-01 19:11:50,23.3,50.15,19.9,0,26.55,0
2026-10-01 19:11:55,25.3,54.54,23.21,0,27.34,0
2026-10-01 19:12:00,23.79,54.95,12.22,0,27.57,0
2026-10-01 19:12:05,24.57,54.35,16.74,0,23.97,0
2026-10-01 19:12:10,25.43,54.38,17.17,0,22.83,0
2026-10-01 19:12:15,25.24,53.71,20.6,0,31.87,0
2026-10-01 19:12:20,24.53,52.39,15.58,0,25.48,0
2026-10-01 19:12:25,24.21,51.47,13.8,0,24.1,0
2026-10-01 19:12:30,25.26,55.63,13.76,0,19.83,0
2026-10-01 19:12:35,25.04,50.88,22.02,0,21.74,0
2026-10-01 19:12:40,24.01,53.11,15.4,0,22.75,0
2026-10-01 19:12:45,23.86,49.59,16.07,1,26.54,0
2026-10-01 19:12:50,22.84,50.02,20.22,0,23.75,0
2026-10-01 19:12:55,24.62,51.29,15.55,0,25.05,0
2026-10-01 19:13:00,24.43,49.59,12.03,0,19.98,0
2026-10-01 19:13:05,25.41,54.39,12.46,0,29.92,0
2026-10-01 19:13:10,24.79,47.96,17.8,0,22.42,0
2026-10-01 19:13:15,25.57,52.3,19.74,0,25.82,0
2026-10-01 19:13:20,23.94,52.4,17.29,0,23.14,0
2026-10-01 19:13:25,25.41,46.57,19.51,0,23.89,0
2026-10-01 19:13:30,24.08,50.68,12.36,0,22.22,0
2026-10-01 19:13:35,25.12,52.77,12.59,0,26.04,0
2026-10-01 19:13:40,23.33,53.29,25.89,0,21.57,0
2026-10-01 19:13:45,24.69,51.39,22.31,0,26.1,0
2026-10-01 19:13:50,22.91,54.03,20.69,0,24.58,0
2026-10-01 19:13:55,24.29,51.67,15.69,0,27.21,0
2026-10-01 19:14:00,24.85,52.04,17.17,0,27.55,0
2026-10-01 19:14:05,24.08,52.75,17.99,1,23.89,0
2026-10-01 19:14:10,23.66,54.78,22.6,0,26.28,0
2026-10-01 19:14:15,25.18,49.97,19.41,0,23.43,0
2026-10-01 19:14:20,24.42,50.54,19.84,0,29.61,0
2026-10-01 19:14:25,24.11,49.99,17.41,0,23.74,0
2026-10-01 19:14:30,24.53,51.0,20.77,1,24.29,0
2026-10-01 19:14:35,26.61,56.28,19.06,0,23.36,0
2026-10-01 19:14:40,25.42,53.72,18.15,0,22.43,0
2026-10-01 19:14:45,25.43,48.61,15.4,0,32.12,0
2026-10-01 19:14:50,24.85,50.2,17.6,0,26.7,0
2026-10-01 19:14:55,24.63,53.12,14.22,0,25.24,0
2026-10-01 19:15:00,22.58,49.28,17.86,0,23.33,0
2026-10-01 19:15:05,23.96,49.82,18.31,0,28.9,0
2026-10-01 19:15:10,24.12,56.03,9.58,0,23.09,0
2026-10-01 19:15:15,23.0,50.16,17.19,0,25.42,0
2026-10-01 19:15:20,23.57,54.86,13.88,0,32.71,0
2026-10-01 19:15:25,22.92,55.77,19.75,0,21.65,0
2026-10-01 19:15:30,24.47,49.8,20.23,0,26.89,0
2026-10-01 19:15:35,25.16,49.33,16.51,0,26.01,0
2026-10-01 19:15:40,25.39,51.17,19.92,0,26.85,0
2026-10-01 19:15:45,24.83,48.73,20.07,0,24.0,0
2026-10-01 19:15:50,23.73,52.36,17.2,0,22.93,0
2026-10-01 19:15:55,22.95,51.38,23.37,0,25.79,0
2026-10-01 19:16:00,23.09,53.08,15.46,0,23.4,0
2026-10-01 19:16:05,23.48,56.19,23.15,0,16.84,0
2026-10-01 19:16:10,23.79,54.45,17.21,1,22.11,0
2026-10-01 19:16:15,24.37,53.47,15.05,0,23.89,0
2026-10-01 19:16:20,23.69,46.1,16.77,0,21.23,0
2026-10-01 19:16:25,24.77,53.33,14.15,0,25.53,0
2026-10-01 19:16:30,24.31,57.17,20.75,0,22.35,0
2026-10-01 19:16:35,24.51,43.0,12.39,1,24.85,0
2026-10-01 19:16:40,25.41,54.07,22.86,0,32.59,0
2026-10-01 19:16:45,23.56,51.52,14.72,0,29.29,0
2026-10-01 19:16:50,24.83,49.45,20.93,0,27.07,0
2026-10-01 19:16:55,24.49,54.4,18.08,0,31.33,0
2026-10-01 19:17:00,24.23,57.13,18.95,1,24.75,0
2026-10-01 19:17:05,25.21,54.33,15.93,0,24.78,0
2026-10-01 19:17:10,25.2,50.89,19.23,0,21.31,0
2026-10-01 19:17:15,23.74,49.17,18.47,0,29.47,0
2026-10-01 19:17:20,24.35,52.43,12.9,0,31.85,0
2026-10-01 19:17:25,24.72,54.62,14.63,0,28.18,0
2026-10-01 19:17:30,24.28,50.84,16.11,0,29.98,0
2026-10-01 19:17:35,24.97,51.13,15.36,0,15.42,0
2026-10-01 19:17:40,24.72,60.47,22.38,0,33.19,0
2026-10-01 19:17:45,25.97,55.24,18.02,0,24.63,0
2026-10-01 19:17:50,23.28,55.45,15.27,0,33.25,0
2026-10-01 19:17:55,24.4,47.62,16.28,0,31.06,0
2026-10-01 19:18:00,23.77,49.88,16.23,0,27.7,0
2026-10-01 19:18:05,24.98,52.22,16.99,0,23.8,0
2026-10-01 19:18:10,23.21,49.0,14.24,0,25.55,0
2026-10-01 19:18:15,24.78,56.8,15.15,0,18.31,0
2026-10-01 19:18:20,24.0,56.23,20.68,0,28.26,0
2026-10-01 19:18:25,23.91,50.4,18.65,0,16.06,0
2026-10-01 19:18:30,23.34,57.35,17.47,0,23.95,0
2026-10-01 19:18:35,24.13,51.99,18.01,0,30.4,0
2026-10-01 19:18:40,25.37,59.77,17.84,0,27.52,0
2026-10-01 19:18:45,24.48,52.43,17.27,0,19.65,0
2026-10-01 19:18:50,25.0,53.73,19.81,1,20.31,0
2026-10-01 19:18:55,25.83,56.2,19.55,0,22.91,0
2026-10-01 19:19:00,24.71,55.83,12.5,0,25.27,0
2026-10-01 19:19:05,24.05,53.53,17.54,0,28.07,0
2026-10-01 19:19:10,24.87,51.58,12.73,0,27.11,0
2026-10-01 19:19:15,24.06,53.54,20.22,1,21.29,0
2026-10-01 19:19:20,24.1,49.55,20.69,0,27.17,0
2026-10-01 19:19:25,23.28,52.46,15.86,0,27.54,0
2026-10-01 19:19:30,25.24,48.67,17.59,0,26.71,0
2026-10-01 19:19:35,24.19,46.66,10.61,0,33.67,0
2026-10-01 19:19:40,24.65,52.15,21.4,0,27.54,0
2026-10-01 19:19:45,23.67,55.79,20.48,0,28.39,0
2026-10-01 19:19:50,24.85,54.78,22.03,0,31.57,0
2026-10-01 19:19:55,23.89,51.75,23.2,0,27.98,0
2026-10-01 19:20:00,24.39,57.24,13.72,0,23.07,0
2026-10-01 19:20:05,25.2,50.29,21.11,0,29.35,0
2026-10-01 19:20:10,25.13,46.25,23.18,0,23.6,0
2026-10-01 19:20:15,24.48,45.45,12.77,0,21.56,0
2026-10-01 19:20:20,23.09,48.46,17.4,0,21.86,0
2026-10-01 19:20:25,26.89,54.45,16.73,0,29.31,0
2026-10-01 19:20:30,25.9,50.1,20.99,0,27.17,0
2026-10-01 19:20:35,25.08,53.38,9.62,1,28.71,0
2026-10-01 19:20:40,23.9,56.94,24.36,0,27.19,0
2026-10-01 19:20:45,24.41,48.7,17.61,0,25.66,0
2026-10-01 19:20:50,24.07,53.44,21.21,0,26.11,0
2026-10-01 19:20:55,25.51,53.62,17.79,1,27.07,0
2026-10-01 19:21:00,24.71,49.42,19.72,0,22.89,0
2026-10-01 19:21:05,23.87,56.06,9.88,0,20.48,0
2026-10-01 19:21:10,24.12,51.14,16.65,0,23.3,0
2026-10-01 19:21:15,25.4,50.85,20.97,0,26.9,0
2026-10-01 19:21:20,25.78,58.33,19.01,0,22.73,0
2026-10-01 19:21:25,25.72,53.57,12.27,0,32.45,0
2026-10-01 19:21:30,25.11,54.78,18.21,1,26.54,0
2026-10-01 19:21:35,24.3,56.06,15.13,0,25.42,0
2026-10-01 19:21:40,22.0,50.05,14.83,0,22.88,0
2026-10-01 19:21:45,24.74,55.75,12.68,0,28.21,0
2026-10-01 19:21:50,24.5,50.49,20.17,0,20.76,0
2026-10-01 19:21:55,24.61,50.37,21.9,0,26.11,0
2026-10-01 19:22:00,24.54,51.18,25.42,0,23.48,0
2026-10-01 19:22:05,23.44,50.13,12.84,0,25.42,0
2026-10-01 19:22:10,24.95,54.47,20.69,0,26.7,0
2026-10-01 19:22:15,25.01,52.8,20.92,0,20.99,0
2026-10-01 19:22:20,25.05,50.53,15.97,1,19.15,0
2026-10-01 19:22:25,25.26,54.02,14.79,0,21.74,0
2026-10-01 19:22:30,24.98,51.17,14.2,0,28.08,0
2026-10-01 19:22:35,24.17,51.02,16.15,0,26.31,0
2026-10-01 19:22:40,24.44,52.15,18.71,0,23.59,0
2026-10-01 19:22:45,24.57,53.39,22.76,0,31.89,0
2026-10-01 19:22:50,24.59,53.17,21.87,1,29.5,0
2026-10-01 19:22:55,25.3,50.91,12.35,1,28.65,0
2026-10-01 19:23:00,25.01,54.54,15.24,0,22.47,0
2026-10-01 19:23:05,26.16,51.33,22.55,0,28.61,0
2026-10-01 19:23:10,26.27,50.04,15.44,0,26.19,0
2026-10-01 19:23:15,24.56,47.6,17.8,0,22.47,0
2026-10-01 19:23:20,22.0,54.95,12.03,0,24.64,0
2026-10-01 19:23:25,25.49,52.04,22.04,0,21.37,0
2026-10-01 19:23:30,24.07,52.63,11.31,1,22.5,0
2026-10-01 19:23:35,23.86,55.14,12.25,0,21.0,0
2026-10-01 19:23:40,24.18,50.57,21.68,0,28.35,0
2026-10-01 19:23:45,24.14,47.88,24.72,0,24.75,0
2026-10-01 19:23:50,24.99,52.21,16.98,0,21.7,0
2026-10-01 19:23:55,23.25,52.92,17.84,0,26.81,0
2026-10-01 19:24:00,23.64,51.21,21.18,0,25.01,0
2026-10-01 19:24:05,24.77,56.42,19.01,0,28.68,0
2026-10-01 19:24:10,25.0,44.54,16.69,0,25.47,0
2026-10-01 19:24:15,25.01,55.36,16.3,0,19.97,0
2026-10-01 19:24:20,23.87,54.37,12.52,0,23.26,0
2026-10-01 19:24:25,23.72,53.37,18.82,0,20.95,0
2026-10-01 19:24:30,24.09,43.0,17.68,0,26.97,0
2026-10-01 19:24:35,24.69,55.85,16.47,0,28.8,0
2026-10-01 19:24:40,25.69,48.92,14.49,0,19.6,0
2026-10-01 19:24:45,22.86,50.48,14.85,0,24.56,0
2026-10-01 19:24:50,24.32,51.49,20.16,0,29.03,0
2026-10-01 19:24:55,23.43,53.22,21.09,0,19.54,0
2026-10-01 19:25:00,23.18,53.92,16.86,0,23.48,0
2026-10-01 19:25:05,25.27,54.68,16.49,0,25.0,0
2026-10-01 19:25:10,24.94,54.45,15.01,0,28.74,0
2026-10-01 19:25:15,24.86,52.76,21.28,0,26.91,0
2026-10-01 19:25:20,25.24,53.25,18.11,0,27.62,0
2026-10-01 19:25:25,24.12,48.73,19.29,0,27.11,0
2026-10-01 19:25:30,24.15,49.75,19.25,1,23.69,0
2026-10-01 19:25:35,26.25,54.69,16.92,0,30.75,0
2026-10-01 19:25:40,24.3,54.51,13.92,0,22.65,0
2026-10-01 19:25:45,25.09,54.17,14.51,0,15.28,0
2026-10-01 19:25:50,24.51,50.46,21.95,0,18.7,0
2026-10-01 19:25:55,23.02,54.73,15.46,0,24.59,0
2026-10-01 19:26:00,22.86,48.52,16.56,0,23.84,0
2026-10-01 19:26:05,24.04,55.23,14.03,0,23.12,0
2026-10-01 19:26:10,25.34,51.22,13.74,0,25.53,0
2026-10-01 19:26:15,25.13,57.05,15.31,0,29.2,0
2026-10-01 19:26:20,25.23,47.44,23.91,0,26.59,0
2026-10-01 19:26:25,23.71,57.29,20.3,0,27.27,0
2026-10-01 19:26:30,25.79,50.92,16.16,0,21.22,0
2026-10-01 19:26:35,23.73,50.86,21.79,0,23.18,0
2026-10-01 19:26:40,24.67,52.58,17.47,0,27.45,0
2026-10-01 19:26:45,24.49,49.91,22.74,0,25.38,0
2026-10-01 19:26:50,24.36,51.78,25.74,0,26.67,0
2026-10-01 19:26:55,25.57,49.79,21.6,0,27.15,0
2026-10-01 19:27:00,23.94,49.9,18.33,0,25.58,0
2026-10-01 19:27:05,23.42,53.46,20.45,0,30.54,0
2026-10-01 19:27:10,24.52,49.3,18.05,0,23.14,0
2026-10-01 19:27:15,24.18,49.7,11.57,0,22.13,0
2026-10-01 19:27:20,27.2,47.88,15.71,0,18.82,0
2026-10-01 19:27:25,25.04,50.49,14.67,0,27.62,0
2026-10-01 19:27:30,24.17,55.93,15.63,0,23.0,0
2026-10-01 19:27:35,23.66,49.46,24.28,0,29.43,0
2026-10-01 19:27:40,23.0,49.81,21.93,0,25.87,0
2026-10-01 19:27:45,23.68,52.58,19.54,0,23.81,0
2026-10-01 19:27:50,24.59,50.89,20.84,0,21.31,0
2026-10-01 19:27:55,25.64,58.68,11.38,0,27.96,0
2026-10-01 19:28:00,25.4,51.51,20.55,0,24.81,0
2026-10-01 19:28:05,24.68,53.01,21.29,0,25.94,0
2026-10-01 19:28:10,24.24,54.83,10.16,0,27.12,0
2026-10-01 19:28:15,24.72,54.77,20.68,0,25.93,0
2026-10-01 19:28:20,24.09,52.7,13.02,0,22.03,0
2026-10-01 19:28:25,25.87,51.52,11.1,0,26.82,0
2026-10-01 19:28:30,24.35,58.07,22.64,1,27.87,0
2026-10-01 19:28:35,24.43,51.7,14.48,1,26.26,0
2026-10-01 19:28:40,22.73,50.67,15.49,0,27.21,0
2026-10-01 19:28:45,24.34,50.06,21.46,0,27.54,0
2026-10-01 19:28:50,25.17,46.82,16.93,0,23.61,0
2026-10-01 19:28:55,23.65,54.46,17.37,0,23.48,0
2026-10-01 19:29:00,23.9,44.96,17.29,0,32.79,0
2026-10-01 19:29:05,25.13,51.98,19.22,0,29.64,0
2026-10-01 19:29:10,23.32,51.39,17.21,0,24.83,0
2026-10-01 19:29:15,25.35,58.72,18.4,0,27.39,0
2026-10-01 19:29:20,24.07,46.51,16.24,0,21.72,0
2026-10-01 19:29:25,24.19,49.3,19.23,0,22.9,0
2026-10-01 19:29:30,23.6,51.59,19.1,0,20.64,0
2026-10-01 19:29:35,24.8,51.41,24.64,1,26.0,0
2026-10-01 19:29:40,26.47,50.35,16.67,0,26.04,0
2026-10-01 19:29:45,25.13,51.76,17.36,0,28.79,0
2026-10-01 19:29:50,23.81,48.22,18.84,1,24.26,0
2026-10-01 19:29:55,25.41,53.07,21.38,0,28.73,0
2026-10-01 19:30:00,24.25,45.04,14.18,0,27.29,0
2026-10-01 19:30:05,25.6,51.92,18.36,0,33.61,0
2026-10-01 19:30:10,25.15,50.2,9.22,0,30.83,0
2026-10-01 19:30:15,22.15,55.05,17.05,0,30.22,0
2026-10-01 19:30:20,23.7,57.27,21.75,0,27.92,0
2026-10-01 19:30:25,25.26,51.01,15.46,0,21.87,0
2026-10-01 19:30:30,24.62,56.17,18.62,0,26.02,0
2026-10-01 19:30:35,23.68,51.05,16.15,0,32.87,0
2026-10-01 19:30:40,23.99,49.1,14.99,0,26.77,0
2026-10-01 19:30:45,22.98,57.24,21.4,0,22.12,0
2026-10-01 19:30:50,24.43,53.56,14.34,1,26.18,0
2026-10-01 19:30:55,26.27,52.01,19.03,0,21.54,0
2026-10-01 19:31:00,25.14,54.06,19.08,0,22.0,0
2026-10-01 19:31:05,26.25,52.82,15.02,0,26.45,0
2026-10-01 19:31:10,25.21,51.79,18.54,0,27.59,0
2026-10-01 19:31:15,25.32,48.02,14.73,0,22.21,0
2026-10-01 19:31:20,26.08,51.19,19.83,0,23.04,0
2026-10-01 19:31:25,24.8,53.87,13.4,0,20.01,0
2026-10-01 19:31:30,24.35,51.63,16.81,0,24.55,0
2026-10-01 19:31:35,25.33,54.71,17.12,0,18.19,0
2026-10-01 19:31:40,25.66,53.15,21.9,0,23.95,0
2026-10-01 19:31:45,24.12,49.37,18.49,0,25.28,0
2026-10-01 19:31:50,23.92,48.04,21.34,1,18.85,0
2026-10-01 19:31:55,24.61,51.53,19.94,0,21.47,0
2026-10-01 19:32:00,25.17,50.43,19.92,0,24.79,0
2026-10-01 19:32:05,25.14,53.01,16.84,0,24.31,0
2026-10-01 19:32:10,23.36,49.85,21.57,0,24.47,0
2026-10-01 19:32:15,26.03,50.15,16.75,0,26.01,0
2026-10-01 19:32:20,23.99,55.16,11.95,0,19.15,0
2026-10-01 19:32:25,24.29,52.44,17.25,0,27.48,0
2026-10-01 19:32:30,23.78,49.89,19.59,0,23.88,0
2026-10-01 19:32:35,26.66,52.05,12.38,0,22.91,0
2026-10-01 19:32:40,24.69,56.14,14.9,0,18.47,0
2026-10-01 19:32:45,23.82,52.88,13.69,0,24.06,0
2026-10-01 19:32:50,25.19,53.78,20.75,0,26.79,0
2026-10-01 19:32:55,25.12,49.74,23.86,0,25.5,0
2026-10-01 19:33:00,24.35,55.08,17.27,0,25.6,0
2026-10-01 19:33:05,25.17,58.95,19.86,0,23.81,0
2026-10-01 19:33:10,23.84,49.63,19.77,0,24.79,0
2026-10-01 19:33:15,24.11,48.45,23.44,0,21.12,0
2026-10-01 19:33:20,22.89,52.53,15.72,0,24.98,0
2026-10-01 19:33:25,23.44,54.63,17.23,0,23.28,0
2026-10-01 19:33:30,25.95,51.73,16.81,0,21.06,0
2026-10-01 19:33:35,25.81,48.84,18.26,0,27.64,0
2026-10-01 19:33:40,24.55,51.67,26.77,0,19.49,0
2026-10-01 19:33:45,25.83,53.79,18.11,0,26.83,0
2026-10-01 19:33:50,24.37,50.78,15.01,1,27.06,0
2026-10-01 19:33:55,24.31,53.82,13.96,0,23.15,0
2026-10-01 19:34:00,24.55,55.49,22.38,0,28.61,0
2026-10-01 19:34:05,24.4,52.72,14.99,0,23.08,0
2026-10-01 19:34:10,24.33,51.92,20.32,0,22.86,0
2026-10-01 19:34:15,25.41,54.49,15.62,0,20.8,0
2026-10-01 19:34:20,24.62,49.43,13.57,0,24.97,0
2026-10-01 19:34:25,25.07,49.14,20.12,0,21.64,0
2026-10-01 19:34:30,25.33,51.2,15.79,0,22.23,0
2026-10-01 19:34:35,24.81,50.52,19.49,0,24.77,0
2026-10-01 19:34:40,23.72,49.59,19.75,0,24.92,0
2026-10-01 19:34:45,23.42,57.49,19.91,0,29.4,0
2026-10-01 19:34:50,24.62,58.52,17.06,0,28.26,0
2026-10-01 19:34:55,24.36,50.94,20.4,0,26.93,0
2026-10-01 19:35:00,24.57,52.28,14.77,1,24.49,0
2026-10-01 19:35:05,24.49,51.44,9.41,0,23.59,0
2026-10-01 19:35:10,26.57,55.32,20.47,0,24.91,0
2026-10-01 19:35:15,23.44,55.92,18.58,0,23.05,0
2026-10-01 19:35:20,22.91,46.67,15.86,0,22.55,0
2026-10-01 19:35:25,24.77,53.43,12.85,1,24.72,0
2026-10-01 19:35:30,24.2,48.08,10.87,0,21.93,0
2026-10-01 19:35:35,24.75,57.27,18.18,0,22.14,0
2026-10-01 19:35:40,24.97,53.32,23.77,0,28.34,0
2026-10-01 19:35:45,25.53,49.53,17.52,0,20.17,0
2026-10-01 19:35:50,23.29,51.28,16.74,0,21.36,0
2026-10-01 19:35:55,24.05,51.13,17.91,1,29.46,0
2026-10-01 19:36:00,24.84,53.58,25.63,0,23.63,0
2026-10-01 19:36:05,25.12,55.13,20.63,0,29.82,0
2026-10-01 19:36:10,26.25,48.56,14.73,0,20.91,0
2026-10-01 19:36:15,25.26,57.52,18.1,1,25.26,0
2026-10-01 19:36:20,24.45,56.82,19.16,0,27.7,0
2026-10-01 19:36:25,23.79,49.37,14.3,0,21.83,0
2026-10-01 19:36:30,24.05,52.22,20.66,0,30.86,0
2026-10-01 19:36:35,24.03,57.13,15.14,0,23.63,0
2026-10-01 19:36:40,25.02,55.7,12.71,0,26.78,0
2026-10-01 19:36:45,24.71,50.99,18.27,0,22.63,0
2026-10-01 19:36:50,23.44,54.44,17.71,0,30.22,0
2026-10-01 19:36:55,24.15,60.99,18.0,0,26.06,0
2026-10-01 19:37:00,25.2,52.32,15.32,0,32.34,0
2026-10-01 19:37:05,24.78,50.1,15.81,0,29.13,0
2026-10-01 19:37:10,24.95,52.52,21.95,0,27.93,0
2026-10-01 19:37:15,24.81,52.74,19.54,1,21.66,0
2026-10-01 19:37:20,25.8,50.43,14.65,1,25.29,0
2026-10-01 19:37:25,24.69,53.32,11.17,0,23.89,0
2026-10-01 19:37:30,24.19,48.24,14.8,1,25.09,0
2026-10-01 19:37:35,23.77,50.0,18.55,0,25.52,0
2026-10-01 19:37:40,24.7,54.27,15.79,0,21.85,0
2026-10-01 19:37:45,22.55,46.74,15.52,0,24.45,0
2026-10-01 19:37:50,24.35,54.71,15.94,0,24.66,0
2026-10-01 19:37:55,24.34,45.96,17.75,0,21.46,0
2026-10-01 19:38:00,23.41,46.81,20.75,0,27.8,0
2026-10-01 19:38:05,23.76,50.5,18.0,0,25.78,0
2026-10-01 19:38:10,25.15,52.86,18.22,0,27.85,0
2026-10-01 19:38:15,24.68,55.98,17.21,0,26.71,0
2026-10-01 19:38:20,24.58,52.17,16.25,0,19.0,0
2026-10-01 19:38:25,24.75,51.26,21.13,0,22.08,0
2026-10-01 19:38:30,24.57,53.74,20.6,0,30.79,0
2026-10-01 19:38:35,25.49,49.39,25.16,0,27.75,0
2026-10-01 19:38:40,24.6,52.42,20.14,1,19.32,0
2026-10-01 19:38:45,23.33,48.4,16.26,0,26.65,0
2026-10-01 19:38:50,25.8,52.25,14.83,0,22.09,0
2026-10-01 19:38:55,24.8,51.61,21.34,0,17.66,0
2026-10-01 19:39:00,24.03,49.59,15.15,0,30.8,0
2026-10-01 19:39:05,23.5,52.5,20.83,0,25.26,0
2026-10-01 19:39:10,24.82,52.48,15.34,0,25.76,0
2026-10-01 19:39:15,24.41,55.53,19.22,0,20.6,0
2026-10-01 19:39:20,25.76,47.18,14.29,0,20.96,0
2026-10-01 19:39:25,24.22,51.77,20.73,0,19.43,0
2026-10-01 19:39:30,23.83,49.72,13.68,0,29.96,0
2026-10-01 19:39:35,25.22,54.61,18.96,0,19.25,0
2026-10-01 19:39:40,25.24,54.26,17.31,0,30.66,0
2026-10-01 19:39:45,24.63,53.52,18.36,0,21.55,0
2026-10-01 19:39:50,25.04,49.89,16.61,0,20.7,0
2026-10-01 19:39:55,24.47,54.66,16.53,0,24.81,0
2026-10-01 19:40:00,24.69,47.41,18.54,0,22.61,0
2026-10-01 19:40:05,25.43,46.79,14.49,0,25.34,0
2026-10-01 19:40:10,25.0,48.17,14.47,0,21.93,0
2026-10-01 19:40:15,24.36,51.9,16.75,0,23.9,0
2026-10-01 19:40:20,25.58,54.03,16.61,0,22.35,0
2026-10-01 19:40:25,22.61,43.07,14.48,0,28.01,0
2026-10-01 19:40:30,26.14,55.97,21.23,1,26.79,0
2026-10-01 19:40:35,23.14,52.39,16.83,0,25.87,0
2026-10-01 19:40:40,24.0,47.3,17.21,0,28.69,0
2026-10-01 19:40:45,24.47,52.3,13.35,0,25.92,0
2026-10-01 19:40:50,24.38,55.28,25.25,0,25.63,0
2026-10-01 19:40:55,25.31,53.8,26.49,1,24.58,0
2026-10-01 19:41:00,23.65,55.3,15.27,0,22.49,0
2026-10-01 19:41:05,24.71,47.9,22.29,0,22.5,0
2026-10-01 19:41:10,24.04,50.76,17.68,0,25.51,0
2026-10-01 19:41:15,24.74,49.23,23.61,0,28.56,0
2026-10-01 19:41:20,24.45,57.15,19.18,0,27.0,0
2026-10-01 19:41:25,24.57,53.92,18.35,0,26.98,0
2026-10-01 19:41:30,24.06,60.54,9.25,0,21.13,0
2026-10-01 19:41:35,24.09,50.6,14.92,0,26.83,0
2026-10-01 19:41:40,24.73,49.83,18.07,0,23.6,0
2026-10-01 19:41:45,25.25,51.57,18.7,0,25.62,0
2026-10-01 19:41:50,24.02,56.14,13.75,0,26.93,0
2026-10-01 19:41:55,23.8,50.9,15.45,0,20.95,0
2026-10-01 19:42:00,24.99,52.37,19.94,0,25.55,0
2026-10-01 19:42:05,24.47,52.29,13.16,0,25.83,0
2026-10-01 19:42:10,25.16,52.12,18.47,1,28.5,0
2026-10-01 19:42:15,23.78,50.04,22.33,0,23.19,0
2026-10-01 19:42:20,23.08,51.59,19.35,0,24.79,0
2026-10-01 19:42:25,24.07,51.46,19.17,0,25.59,0
2026-10-01 19:42:30,23.89,51.98,10.93,0,23.19,0
2026-10-01 19:42:35,24.44,54.83,15.12,0,23.13,0
2026-10-01 19:42:40,23.99,57.28,25.19,0,22.99,0
2026-10-01 19:42:45,25.09,49.48,15.9,0,24.55,0
2026-10-01 19:42:50,24.27,50.82,22.43,0,31.11,0
2026-10-01 19:42:55,24.62,49.52,15.86,0,24.68,0
2026-10-01 19:43:00,24.63,52.56,17.03,0,26.71,0
2026-10-01 19:43:05,24.66,50.38,19.8,0,25.11,0
2026-10-01 19:43:10,24.48,52.72,18.35,0,23.92,0
2026-10-01 19:43:15,24.91,55.31,19.34,0,24.92,0
2026-10-01 19:43:20,23.86,44.42,15.14,0,27.69,0
2026-10-01 19:43:25,25.62,53.48,14.02,0,24.81,0
2026-10-01 19:43:30,24.31,50.62,14.9,0,24.44,0
2026-10-01 19:43:35,23.45,53.38,16.14,0,24.18,0
2026-10-01 19:43:40,24.65,49.31,17.2,0,21.52,0
2026-10-01 19:43:45,23.82,55.59,21.63,0,28.64,0
2026-10-01 19:43:50,25.03,54.74,18.31,0,23.44,0
2026-10-01 19:43:55,26.27,53.71,19.7,0,30.14,0
2026-10-01 19:44:00,23.87,54.38,18.5,0,25.86,0
2026-10-01 19:44:05,24.77,49.76,14.1,0,29.92,0
2026-10-01 19:44:10,23.1,50.14,18.06,0,24.3,0
2026-10-01 19:44:15,24.86,54.26,18.46,0,22.43,0
2026-10-01 19:44:20,23.79,49.7,20.66,0,28.65,0
2026-10-01 19:44:25,24.0,56.34,14.26,0,23.04,0
2026-10-01 19:44:30,23.62,51.03,10.86,0,29.5,0
2026-10-01 19:44:35,25.09,53.51,18.62,1,27.03,0
2026-10-01 19:44:40,25.31,58.3,19.24,0,30.13,0
2026-10-01 19:44:45,24.52,49.88,17.37,0,21.58,0
2026-10-01 19:44:50,23.81,52.21,18.1,0,28.35,0
2026-10-01 19:44:55,25.77,55.16,21.08,0,22.4,0
2026-10-01 19:45:00,23.9,54.85,16.39,0,16.61,0
2026-10-01 19:45:05,22.77,51.02,17.02,0,28.14,0
2026-10-01 19:45:10,24.87,50.45,18.28,0,24.98,0
2026-10-01 19:45:15,23.62,51.3,13.73,0,28.37,0
2026-10-01 19:45:20,25.29,56.34,17.47,0,25.32,0
2026-10-01 19:45:25,24.2,51.16,17.78,0,25.08,0
2026-10-01 19:45:30,24.98,52.23,23.73,0,30.24,0
2026-10-01 19:45:35,25.62,50.72,16.96,0,25.41,0
2026-10-01 19:45:40,23.53,54.12,18.7,0,23.34,0
2026-10-01 19:45:45,24.05,52.47,21.22,0,24.69,0
2026-10-01 19:45:50,24.44,48.99,15.07,1,25.55,0
2026-10-01 19:45:55,25.73,49.09,22.82,0,15.04,0
2026-10-01 19:46:00,23.97,46.0,24.17,0,26.72,0
2026-10-01 19:46:05,24.02,49.51,17.9,0,29.76,0
2026-10-01 19:46:10,24.88,54.38,16.11,0,24.83,0
2026-10-01 19:46:15,24.04,55.97,23.69,0,23.53,0
2026-10-01 19:46:20,24.62,54.06,20.78,0,26.36,0
2026-10-01 19:46:25,23.26,53.66,18.29,0,31.1,0
2026-10-01 19:46:30,26.27,51.62,22.99,0,26.64,0
2026-10-01 19:46:35,23.42,54.32,22.62,0,25.75,0
2026-10-01 19:46:40,24.24,52.86,16.82,0,23.63,0
2026-10-01 19:46:45,24.47,57.41,18.87,0,21.26,0
2026-10-01 19:46:50,26.03,51.7,20.02,0,25.08,0
2026-10-01 19:46:55,23.44,56.03,18.1,0,25.15,0
2026-10-01 19:47:00,26.09,54.62,13.13,0,18.24,0
2026-10-01 19:47:05,25.11,54.21,14.72,0,22.46,0
2026-10-01 19:47:10,24.83,45.97,13.25,0,29.06,0
2026-10-01 19:47:15,23.71,54.79,19.73,0,24.1,0
2026-10-01 19:47:20,24.96,51.62,13.85,0,16.4,0
2026-10-01 19:47:25,23.92,50.67,18.67,0,30.6,0
2026-10-01 19:47:30,25.51,47.55,24.41,0,21.88,0
2026-10-01 19:47:35,23.72,51.98,23.0,0,23.35,0
2026-10-01 19:47:40,24.41,52.1,11.57,0,28.72,0
2026-10-01 19:47:45,24.06,48.09,13.52,0,22.4,0
2026-10-01 19:47:50,23.71,47.58,15.28,0,18.11,0
2026-10-01 19:47:55,25.09,53.46,13.91,0,25.76,0
2026-10-01 19:48:00,24.93,54.62,12.21,0,27.79,0
2026-10-01 19:48:05,25.47,52.57,17.96,0,23.36,0
2026-10-01 19:48:10,23.08,55.45,20.47,0,24.57,0
2026-10-01 19:48:15,25.35,51.74,21.34,0,20.87,0
2026-10-01 19:48:20,26.5,51.84,16.34,1,21.52,0
2026-10-01 19:48:25,24.14,49.25,17.05,0,23.87,0
2026-10-01 19:48:30,26.02,47.32,19.24,0,27.27,0
2026-10-01 19:48:35,24.29,57.56,17.62,0,25.34,0
2026-10-01 19:48:40,23.4,55.39,20.84,0,28.57,0
2026-10-01 19:48:45,24.26,47.82,19.51,0,30.79,0
2026-10-01 19:48:50,25.34,52.47,16.68,0,28.1,0
2026-10-01 19:48:55,23.83,51.7,11.5,0,19.44,0
2026-10-01 19:49:00,24.02,51.18,23.25,0,24.01,0
2026-10-01 19:49:05,24.97,50.77,15.6,1,28.07,0
2026-10-01 19:49:10,24.5,53.14,19.25,0,24.58,0
2026-10-01 19:49:15,24.97,54.45,11.29,0,19.33,0
2026-10-01 19:49:20,24.69,53.21,17.96,0,23.07,0
2026-10-01 19:49:25,24.88,51.64,18.35,0,17.05,0
2026-10-01 19:49:30,24.15,51.53,18.52,0,24.03,0
2026-10-01 19:49:35,24.69,54.81,28.55,1,22.6,0
2026-10-01 19:49:40,23.76,53.39,15.79,0,23.74,0
2026-10-01 19:49:45,25.53,52.22,20.87,0,29.14,0
2026-10-01 19:49:50,23.99,51.89,19.83,0,20.34,0
2026-10-01 19:49:55,25.4,53.04,15.62,0,22.49,0
2026-10-01 19:50:00,24.31,50.59,20.82,0,21.0,0
2026-10-01 19:50:05,24.66,54.46,17.42,0,28.75,0
2026-10-01 19:50:10,24.1,48.77,21.06,0,28.96,0
2026-10-01 19:50:15,23.69,50.77,24.86,0,26.26,0
2026-10-01 19:50:20,23.1,53.83,18.53,0,26.08,0
2026-10-01 19:50:25,23.66,48.6,17.02,0,20.8,0
2026-10-01 19:50:30,24.24,47.28,21.68,0,25.7,0
2026-10-01 19:50:35,24.67,52.19,22.89,1,21.07,0
2026-10-01 19:50:40,25.31,46.91,14.91,0,25.14,0
2026-10-01 19:50:45,24.14,48.1,16.41,0,23.8,0
2026-10-01 19:50:50,23.79,54.27,20.36,0,22.92,0
2026-10-01 19:50:55,23.35,51.39,17.54,0,25.1,0
2026-10-01 19:51:00,24.88,55.86,14.66,0,27.37,0
2026-10-01 19:51:05,25.61,48.39,19.89,0,31.21,0
2026-10-01 19:51:10,25.51,51.72,20.35,0,26.93,0
2026-10-01 19:51:15,25.07,53.2,16.83,1,32.97,0
2026-10-01 19:51:20,25.01,48.49,18.21,0,25.7,0
2026-10-01 19:51:25,25.86,55.1,15.98,0,31.24,0
2026-10-01 19:51:30,24.77,53.53,14.17,0,26.52,0
2026-10-01 19:51:35,25.02,47.17,16.26,0,25.84,0
2026-10-01 19:51:40,24.24,51.89,18.26,0,24.41,0
2026-10-01 19:51:45,23.41,53.16,12.84,0,26.05,0
2026-10-01 19:51:50,23.95,50.23,16.52,0,26.51,0
2026-10-01 19:51:55,24.49,47.56,18.31,1,20.04,0
2026-10-01 19:52:00,24.55,52.84,22.18,0,27.45,0
2026-10-01 19:52:05,26.04,58.63,16.91,0,19.81,0
2026-10-01 19:52:10,24.57,50.84,13.64,0,27.45,0
2026-10-01 19:52:15,25.44,56.71,17.27,0,27.1,0
2026-10-01 19:52:20,24.15,49.74,16.02,0,29.97,0
2026-10-01 19:52:25,24.25,52.65,19.93,0,21.98,0
2026-10-01 19:52:30,23.44,54.31,16.82,1,21.55,0
2026-10-01 19:52:35,23.91,51.97,8.51,0,28.88,0
2026-10-01 19:52:40,24.92,51.11,30.0,1,21.24,0
2026-10-01 19:52:45,24.51,54.18,18.5,0,20.89,0
2026-10-01 19:52:50,25.25,57.67,18.31,0,25.73,0
2026-10-01 19:52:55,24.65,52.9,12.61,0,24.84,0
2026-10-01 19:53:00,24.22,50.45,12.87,0,25.54,0
2026-10-01 19:53:05,26.22,51.43,17.68,0,26.88,0
2026-10-01 19:53:10,24.42,59.56,19.18,0,26.9,0
2026-10-01 19:53:15,25.43,52.4,20.46,0,24.73,0
2026-10-01 19:53:20,24.18,50.22,18.83,0,25.17,0
2026-10-01 19:53:25,25.07,48.56,13.85,0,24.77,0
2026-10-01 19:53:30,25.24,46.52,9.23,0,25.12,0
2026-10-01 19:53:35,24.67,53.09,17.65,0,20.14,0
2026-10-01 19:53:40,22.62,53.96,16.13,0,27.65,0
2026-10-01 19:53:45,24.51,50.81,13.58,0,28.67,0
2026-10-01 19:53:50,25.48,51.96,20.9,0,27.23,0
2026-10-01 19:53:55,24.92,48.49,12.49,0,26.96,0
2026-10-01 19:54:00,24.86,52.4,20.16,1,21.53,0
2026-10-01 19:54:05,23.12,53.44,13.06,0,20.05,0
2026-10-01 19:54:10,23.92,50.39,18.47,0,27.91,0
2026-10-01 19:54:15,24.83,57.07,21.27,0,25.1,0
2026-10-01 19:54:20,24.83,49.49,16.82,0,25.59,0
2026-10-01 19:54:25,25.47,52.85,23.91,0,25.75,0
2026-10-01 19:54:30,24.38,54.54,24.71,1,25.9,0
2026-10-01 19:54:35,24.82,51.77,18.83,0,27.26,0
2026-10-01 19:54:40,24.51,51.43,19.89,0,24.67,0
2026-10-01 19:54:45,23.71,47.71,21.71,0,18.33,0
2026-10-01 19:54:50,22.7,56.07,19.91,0,27.41,0
2026-10-01 19:54:55,24.84,51.49,19.53,0,27.02,0
2026-10-01 19:55:00,24.64,53.61,16.17,0,20.47,0
2026-10-01 19:55:05,24.01,54.02,12.09,1,20.92,0
2026-10-01 19:55:10,23.2,50.12,13.13,0,28.09,0
2026-10-01 19:55:15,25.0,51.41,26.34,0,28.92,0
2026-10-01 19:55:20,24.29,56.0,19.13,0,15.68,0
2026-10-01 19:55:25,24.95,48.65,17.14,0,26.54,0
2026-10-01 19:55:30,25.99,58.38,22.42,0,24.23,0
2026-10-01 19:55:35,22.79,49.77,15.38,0,25.26,0
2026-10-01 19:55:40,23.94,48.46,20.04,0,25.46,0
2026-10-01 19:55:45,24.33,52.4,18.27,0,22.33,0
2026-10-01 19:55:50,25.66,58.63,19.61,0,27.28,0
2026-10-01 19:55:55,23.19,46.27,16.82,0,22.59,0
2026-10-01 19:56:00,26.05,51.58,14.62,0,27.61,0
2026-10-01 19:56:05,24.61,53.43,15.12,0,28.39,0
2026-10-01 19:56:10,24.42,52.1,15.26,0,21.95,0
2026-10-01 19:56:15,24.34,53.15,17.99,0,22.03,0
2026-10-01 19:56:20,24.15,49.85,12.55,0,25.4,0
2026-10-01 19:56:25,25.34,50.2,13.63,0,30.26,0
2026-10-01 19:56:30,23.65,51.55,18.47,0,22.93,0
2026-10-01 19:56:35,24.78,48.61,17.55,0,23.59,0
2026-10-01 19:56:40,24.19,51.87,18.67,0,26.12,0
2026-10-01 19:56:45,23.89,50.83,17.84,0,27.3,0
2026-10-01 19:56:50,26.57,50.59,26.82,0,26.84,0
2026-10-01 19:56:55,24.84,52.96,18.44,0,25.11,0
2026-10-01 19:57:00,24.99,46.54,16.67,0,23.93,0
2026-10-01 19:57:05,25.41,51.31,18.35,0,26.16,0
2026-10-01 19:57:10,23.36,58.95,21.57,0,15.0,0
2026-10-01 19:57:15,25.9,48.74,17.83,0,31.54,0
2026-10-01 19:57:20,22.49,55.86,20.4,0,24.35,0
2026-10-01 19:57:25,23.88,52.16,19.39,0,25.64,0
2026-10-01 19:57:30,24.13,50.19,16.98,0,32.35,0
2026-10-01 19:57:35,24.97,48.04,18.39,0,22.41,0
2026-10-01 19:57:40,24.67,52.42,23.6,0,33.16,0
2026-10-01 19:57:45,24.37,56.36,18.85,0,27.59,0
2026-10-01 19:57:50,24.49,50.83,14.55,0,26.56,0
2026-10-01 19:57:55,23.72,51.76,16.88,0,27.25,0
2026-10-01 19:58:00,23.3,55.03,10.6,0,22.05,0
2026-10-01 19:58:05,25.08,53.02,18.48,0,19.23,0
2026-10-01 19:58:10,25.05,47.28,22.59,0,20.87,0
2026-10-01 19:58:15,25.77,52.3,13.31,0,28.81,0
2026-10-01 19:58:20,23.87,56.54,18.52,0,21.73,0
2026-10-01 19:58:25,25.05,51.89,21.45,0,19.21,0
2026-10-01 19:58:30,24.27,43.78,21.82,0,24.72,0
2026-10-01 19:58:35,25.45,53.16,22.48,0,27.01,0
2026-10-01 19:58:40,25.32,51.4,11.46,0,25.14,0
2026-10-01 19:58:45,24.67,46.51,19.77,0,27.12,0
2026-10-01 19:58:50,24.23,46.96,12.73,0,29.04,0
2026-10-01 19:58:55,25.27,54.93,14.51,0,27.0,0
2026-10-01 19:59:00,25.02,49.8,20.87,0,24.46,0
2026-10-01 19:59:05,23.95,49.28,18.55,0,23.09,0
2026-10-01 19:59:10,23.44,51.89,20.54,0,27.7,0
2026-10-01 19:59:15,24.27,50.07,14.75,0,25.96,0
2026-10-01 19:59:20,25.71,52.3,23.16,0,21.99,0
2026-10-01 19:59:25,25.42,51.39,20.41,0,29.56,0
2026-10-01 19:59:30,23.61,48.4,21.11,0,25.92,0
2026-10-01 19:59:35,23.57,50.47,14.22,0,27.29,0
2026-10-01 19:59:40,25.52,53.33,22.1,0,23.63,0
2026-10-01 19:59:45,23.59,52.13,16.89,0,28.96,0
2026-10-01 19:59:50,24.91,51.75,15.86,0,19.45,0
2026-10-01 19:59:55,24.01,57.81,20.19,0,30.86,0
2026-10-01 20:00:00,25.79,54.19,20.04,0,18.21,0
2026-10-01 20:00:05,23.88,54.56,15.04,0,20.18,0
2026-10-01 20:00:10,25.41,51.5,25.2,0,25.88,0
2026-10-01 20:00:15,24.65,52.66,24.35,0,23.14,0
2026-10-01 20:00:20,24.7,50.71,20.12,0,23.85,0
2026-10-01 20:00:25,22.92,54.33,19.51,0,23.14,0
2026-10-01 20:00:30,22.74,51.67,19.15,0,22.26,0
2026-10-01 20:00:35,24.32,52.67,12.58,0,26.11,0
2026-10-01 20:00:40,24.7,52.48,18.39,0,24.83,0
2026-10-01 20:00:45,23.6,51.95,18.35,0,28.1,0
2026-10-01 20:00:50,23.63,60.81,15.98,0,25.28,0
2026-10-01 20:00:55,24.95,50.0,16.92,0,23.54,0
2026-10-01 20:01:00,24.95,49.97,9.67,0,27.71,0
2026-10-01 20:01:05,24.39,54.08,14.16,0,18.59,0
2026-10-01 20:01:10,25.12,50.21,21.23,0,15.96,0
2026-10-01 20:01:15,23.56,51.13,24.06,0,19.44,0
2026-10-01 20:01:20,24.22,48.74,14.7,0,23.8,0
2026-10-01 20:01:25,25.82,53.47,18.64,0,26.37,0
2026-10-01 20:01:30,24.55,53.51,21.84,0,15.65,0
2026-10-01 20:01:35,24.6,51.05,16.18,0,24.96,0
2026-10-01 20:01:40,26.34,54.14,20.37,1,23.76,0
2026-10-01 20:01:45,23.38,46.43,17.88,1,25.48,0
2026-10-01 20:01:50,25.14,49.88,22.17,0,18.32,0
2026-10-01 20:01:55,25.83,51.49,13.51,0,34.15,0
2026-10-01 20:02:00,24.24,48.48,14.13,0,25.11,0
2026-10-01 20:02:05,25.19,46.75,18.98,0,20.74,0
2026-10-01 20:02:10,23.71,51.08,18.34,0,25.45,0
2026-10-01 20:02:15,23.95,54.08,17.8,0,30.23,0
2026-10-01 20:02:20,24.81,55.85,20.02,0,20.5,0
2026-10-01 20:02:25,25.14,50.36,14.74,0,19.77,0
2026-10-01 20:02:30,25.4,54.2,13.21,0,24.59,0
2026-10-01 20:02:35,25.76,53.91,16.25,0,24.89,0
2026-10-01 20:02:40,24.45,55.66,16.64,0,27.48,0
2026-10-01 20:02:45,25.45,50.95,17.01,0,30.16,0
2026-10-01 20:02:50,24.23,46.6,22.44,0,27.73,0
2026-10-01 20:02:55,25.22,52.21,20.7,0,20.14,0
2026-10-01 20:03:00,24.67,48.96,19.87,0,21.25,0
2026-10-01 20:03:05,24.86,49.83,18.78,0,22.21,0
2026-10-01 20:03:10,24.84,51.1,16.48,1,27.72,0
2026-10-01 20:03:15,23.22,50.98,15.01,0,27.12,0
2026-10-01 20:03:20,23.6,52.42,13.81,0,29.42,0
2026-10-01 20:03:25,24.58,54.11,15.57,0,26.95,0
2026-10-01 20:03:30,23.15,50.9,17.85,0,22.8,0
2026-10-01 20:03:35,25.16,53.19,13.96,1,24.31,0
2026-10-01 20:03:40,25.2,52.04,18.59,0,19.89,0
2026-10-01 20:03:45,24.76,54.81,17.32,0,27.2,0
2026-10-01 20:03:50,23.6,51.43,16.61,0,22.81,0
2026-10-01 20:03:55,25.6,51.76,22.07,0,29.29,0
2026-10-01 20:04:00,26.13,50.88,9.39,0,27.1,0
2026-10-01 20:04:05,24.62,51.51,16.66,0,31.78,0
2026-10-01 20:04:10,24.91,49.65,9.77,0,26.47,0
2026-10-01 20:04:15,24.66,49.35,18.83,0,26.4,0
2026-10-01 20:04:20,24.92,54.33,20.67,0,24.36,0
2026-10-01 20:04:25,24.4,48.75,13.27,0,23.65,0
2026-10-01 20:04:30,24.47,51.04,13.72,0,24.09,0
2026-10-01 20:04:35,25.22,55.05,12.06,0,28.5,0
2026-10-01 20:04:40,26.38,50.94,18.22,0,20.28,0
2026-10-01 20:04:45,23.38,54.49,16.81,0,25.22,0
2026-10-01 20:04:50,24.42,50.23,17.02,0,19.17,0
2026-10-01 20:04:55,23.56,48.85,16.71,0,26.31,0
2026-10-01 20:05:00,25.77,47.22,14.59,0,23.4,0
2026-10-01 20:05:05,24.03,55.94,21.96,0,26.76,0
2026-10-01 20:05:10,23.35,48.59,18.95,0,22.4,0
2026-10-01 20:05:15,25.01,54.24,13.85,0,24.1,0
2026-10-01 20:05:20,25.9,49.0,15.55,1,27.21,0
2026-10-01 20:05:25,25.03,55.95,14.95,0,25.44,0
2026-10-01 20:05:30,24.66,58.62,22.92,0,30.4,0
2026-10-01 20:05:35,24.83,46.94,20.49,0,23.31,0
2026-10-01 20:05:40,25.63,48.75,17.56,0,23.01,0
2026-10-01 20:05:45,23.8,54.32,23.98,1,29.33,0
2026-10-01 20:05:50,24.41,53.54,23.08,0,23.71,0
2026-10-01 20:05:55,24.14,54.33,17.19,0,23.55,0
2026-10-01 20:06:00,23.57,50.28,16.56,0,26.34,0
2026-10-01 20:06:05,24.24,57.96,16.73,0,24.43,0
2026-10-01 20:06:10,25.39,52.35,14.67,0,23.91,0
2026-10-01 20:06:15,24.95,48.35,24.07,0,22.57,0
2026-10-01 20:06:20,25.02,51.24,14.48,0,29.77,0
2026-10-01 20:06:25,24.62,48.39,21.04,0,24.47,0
2026-10-01 20:06:30,24.92,56.77,20.42,0,23.03,0
2026-10-01 20:06:35,23.86,50.02,16.93,0,23.96,0
2026-10-01 20:06:40,24.25,53.48,24.34,1,26.24,0
2026-10-01 20:06:45,24.65,50.59,12.54,1,30.11,0
2026-10-01 20:06:50,24.72,50.15,17.72,0,24.41,0
2026-10-01 20:06:55,24.76,46.27,16.29,0,21.98,0
2026-10-01 20:07:00,24.39,53.79,21.36,0,31.72,0
2026-10-01 20:07:05,24.2,55.9,19.24,0,25.47,0
2026-10-01 20:07:10,27.03,49.25,11.95,0,24.63,0
2026-10-01 20:07:15,25.23,47.36,22.34,0,25.25,0
2026-10-01 20:07:20,24.83,54.41,19.7,0,20.64,0
2026-10-01 20:07:25,24.31,47.06,14.38,0,24.84,0
2026-10-01 20:07:30,24.14,55.66,16.78,0,27.66,0
2026-10-01 20:07:35,24.4,49.29,13.45,0,29.27,0
2026-10-01 20:07:40,24.73,48.69,17.4,0,23.75,0
2026-10-01 20:07:45,23.0,52.75,18.53,0,25.66,0
2026-10-01 20:07:50,23.24,48.89,16.83,0,29.33,0
2026-10-01 20:07:55,23.99,49.88,16.42,0,25.13,0
2026-10-01 20:08:00,24.67,53.06,12.36,0,27.52,0
2026-10-01 20:08:05,24.31,44.71,19.18,0,26.49,0
2026-10-01 20:08:10,25.68,56.93,11.26,1,22.68,0
2026-10-01 20:08:15,23.31,52.13,18.11,0,21.79,0
2026-10-01 20:08:20,23.9,48.12,11.7,0,28.71,0
2026-10-01 20:08:25,25.72,48.95,18.18,0,15.64,0
2026-10-01 20:08:30,24.6,54.97,17.98,0,22.66,0
2026-10-01 20:08:35,25.21,53.8,19.41,0,20.12,0
2026-10-01 20:08:40,26.14,56.16,21.02,0,28.71,0
2026-10-01 20:08:45,23.94,49.95,21.67,1,29.78,0
2026-10-01 20:08:50,24.42,52.89,12.36,0,22.46,0
2026-10-01 20:08:55,24.28,53.28,17.8,0,34.68,0
2026-10-01 20:09:00,22.94,54.09,25.04,0,29.82,0
2026-10-01 20:09:05,24.25,55.38,18.42,0,25.69,0
2026-10-01 20:09:10,25.2,49.85,15.09,0,30.25,0
2026-10-01 20:09:15,24.93,51.66,17.72,0,22.75,0
2026-10-01 20:09:20,25.0,50.17,16.66,0,24.03,0
2026-10-01 20:09:25,24.2,51.84,13.88,0,26.62,0
2026-10-01 20:09:30,23.98,54.1,21.04,0,22.58,0
2026-10-01 20:09:35,25.52,47.04,20.05,0,20.5,0
2026-10-01 20:09:40,24.1,55.33,13.33,0,21.72,0
2026-10-01 20:09:45,24.74,48.58,17.67,0,24.31,0
2026-10-01 20:09:50,24.63,51.08,16.02,0,26.64,0
2026-10-01 20:09:55,25.67,55.73,12.39,0,23.82,0
2026-10-01 20:10:00,25.28,52.98,13.05,0,19.26,0
2026-10-01 20:10:05,23.46,53.02,13.57,0,26.65,0
2026-10-01 20:10:10,23.55,48.46,17.8,0,29.46,0
2026-10-01 20:10:15,24.96,48.87,16.4,0,22.69,0
2026-10-01 20:10:20,24.45,54.82,14.64,0,30.82,0
2026-10-01 20:10:25,24.14,50.23,16.63,0,28.04,0
2026-10-01 20:10:30,25.31,50.52,20.62,0,21.31,0
2026-10-01 20:10:35,24.65,54.89,19.25,0,22.73,0
2026-10-01 20:10:40,24.54,48.85,21.51,0,23.9,0
2026-10-01 20:10:45,25.12,52.81,17.2,0,24.35,0
2026-10-01 20:10:50,24.2,52.13,23.61,0,16.47,0
2026-10-01 20:10:55,25.75,51.99,19.22,0,22.36,0
2026-10-01 20:11:00,23.87,50.44,16.29,0,23.06,0
2026-10-01 20:11:05,25.03,50.26,18.33,1,31.62,0
2026-10-01 20:11:10,25.65,48.76,13.63,0,25.79,0
2026-10-01 20:11:15,23.4,53.45,16.93,0,22.21,0
2026-10-01 20:11:20,24.23,50.0,19.5,0,23.47,0
2026-10-01 20:11:25,25.41,54.91,20.14,0,26.49,0
2026-10-01 20:11:30,25.43,51.33,16.56,0,23.68,0
2026-10-01 20:11:35,24.36,48.82,27.57,0,22.95,0
2026-10-01 20:11:40,23.91,51.29,17.4,0,23.06,0
2026-10-01 20:11:45,25.26,50.77,12.13,0,26.68,0
2026-10-01 20:11:50,25.45,55.03,22.25,0,20.16,0
2026-10-01 20:11:55,23.57,50.89,20.12,0,21.2,0
2026-10-01 20:12:00,23.54,51.17,18.81,0,21.75,0
2026-10-01 20:12:05,24.68,56.23,16.37,0,21.14,0
2026-10-01 20:12:10,25.0,53.52,19.38,0,22.12,0
2026-10-01 20:12:15,24.26,56.99,23.67,0,28.14,0
2026-10-01 20:12:20,25.04,55.78,18.71,0,28.63,0
2026-10-01 20:12:25,23.93,49.34,12.85,0,25.95,0
2026-10-01 20:12:30,22.81,54.97,8.0,0,25.75,0
2026-10-01 20:12:35,24.16,56.58,19.35,0,22.66,0
2026-10-01 20:12:40,24.55,56.6,14.55,0,17.72,0
2026-10-01 20:12:45,24.28,54.96,17.65,0,25.5,0
2026-10-01 20:12:50,23.57,54.9,15.17,1,26.04,0
2026-10-01 20:12:55,23.05,51.09,14.92,0,22.64,0
2026-10-01 20:13:00,24.09,49.49,15.32,0,21.23,0
2026-10-01 20:13:05,25.22,50.94,15.64,0,20.54,0
2026-10-01 20:13:10,25.5,47.01,20.72,0,25.59,0
2026-10-01 20:13:15,25.45,56.03,20.01,0,25.29,0
2026-10-01 20:13:20,23.85,51.15,13.77,0,29.18,0
2026-10-01 20:13:25,23.58,55.87,14.25,0,22.18,0
2026-10-01 20:13:30,24.9,48.31,19.33,0,23.99,0
2026-10-01 20:13:35,25.01,55.25,21.68,0,25.06,0
2026-10-01 20:13:40,24.82,50.52,21.63,0,23.08,0
2026-10-01 20:13:45,22.89,48.15,14.49,0,27.94,0
2026-10-01 20:13:50,23.81,56.88,21.46,0,29.33,0
2026-10-01 20:13:55,24.48,55.32,11.78,0,21.13,0
2026-10-01 20:14:00,24.89,52.64,17.29,0,23.4,0
2026-10-01 20:14:05,25.11,52.1,19.7,0,29.64,0
2026-10-01 20:14:10,24.62,53.32,10.72,0,26.13,0
2026-10-01 20:14:15,24.76,52.58,25.32,0,25.41,0
2026-10-01 20:14:20,24.57,49.62,22.64,1,26.19,0
2026-10-01 20:14:25,25.05,50.76,20.26,0,27.3,0
2026-10-01 20:14:30,24.75,57.88,14.62,0,26.36,0
2026-10-01 20:14:35,24.55,60.02,17.76,0,25.75,0
2026-10-01 20:14:40,24.29,56.69,20.77,0,25.03,0
2026-10-01 20:14:45,24.57,53.43,14.07,0,29.72,0
2026-10-01 20:14:50,24.89,50.99,17.37,0,24.07,0
2026-10-01 20:14:55,24.71,49.61,21.19,0,25.0,0
2026-10-01 20:15:00,24.8,49.8,12.77,0,30.43,0
2026-10-01 20:15:05,25.57,50.34,19.16,0,26.14,0
2026-10-01 20:15:10,24.71,58.45,11.86,0,24.77,0
2026-10-01 20:15:15,23.98,57.42,14.7,0,27.21,0
2026-10-01 20:15:20,25.21,54.24,16.23,0,25.8,0
2026-10-01 20:15:25,23.41,49.12,19.8,0,22.41,0
2026-10-01 20:15:30,23.63,54.68,15.55,0,25.86,0
2026-10-01 20:15:35,24.77,51.28,18.44,0,22.17,0
2026-10-01 20:15:40,24.91,45.54,15.59,0,31.39,0
2026-10-01 20:15:45,23.5,52.86,16.14,0,25.84,0
2026-10-01 20:15:50,24.19,49.47,22.38,0,21.72,0
2026-10-01 20:15:55,24.02,49.58,13.97,0,23.63,0
2026-10-01 20:16:00,24.11,51.25,20.66,0,27.66,0
2026-10-01 20:16:05,25.25,50.51,18.0,0,21.18,0
2026-10-01 20:16:10,25.07,51.9,15.99,0,34.52,0
2026-10-01 20:16:15,24.48,51.75,13.74,1,19.91,0
2026-10-01 20:16:20,24.06,46.37,13.99,0,28.24,0
2026-10-01 20:16:25,23.42,56.56,15.41,0,23.3,0
2026-10-01 20:16:30,25.64,49.05,17.47,0,22.17,0
2026-10-01 20:16:35,24.97,49.14,20.11,1,26.88,0
2026-10-01 20:16:40,23.93,51.01,16.95,0,23.41,0
2026-10-01 20:16:45,25.08,51.67,17.18,0,30.57,0
2026-10-01 20:16:50,24.44,56.38,17.71,0,20.1,0
2026-10-01 20:16:55,24.27,52.81,19.67,0,26.97,0
2026-10-01 20:17:00,24.85,53.7,20.26,0,24.04,0
2026-10-01 20:17:05,23.91,52.82,13.15,0,26.04,0
2026-10-01 20:17:10,24.22,52.69,17.01,0,26.8,0
2026-10-01 20:17:15,24.6,52.93,22.3,0,18.94,0
2026-10-01 20:17:20,24.1,46.2,13.39,0,25.82,0
2026-10-01 20:17:25,25.04,51.25,18.26,0,28.81,0
2026-10-01 20:17:30,26.0,55.49,17.4,0,26.63,0
2026-10-01 20:17:35,23.9,61.0,16.02,1,23.71,0
2026-10-01 20:17:40,23.17,48.39,23.57,0,20.05,0
2026-10-01 20:17:45,22.9,53.27,18.13,0,26.78,0
2026-10-01 20:17:50,24.38,50.29,23.29,1,31.57,0
2026-10-01 20:17:55,23.97,58.14,18.02,0,27.32,0
2026-10-01 20:18:00,24.67,47.94,19.61,0,29.05,0
2026-10-01 20:18:05,24.61,53.87,15.98,0,28.27,0
2026-10-01 20:18:10,23.22,47.78,16.02,0,23.62,0
2026-10-01 20:18:15,23.05,51.04,19.43,0,25.32,0
2026-10-01 20:18:20,24.74,51.9,19.5,0,28.04,0
2026-10-01 20:18:25,24.61,55.21,20.09,0,19.47,0
2026-10-01 20:18:30,24.16,48.77,19.32,0,27.28,0
2026-10-01 20:18:35,23.17,53.99,13.32,0,29.41,0
2026-10-01 20:18:40,24.88,52.06,15.18,1,24.82,0
2026-10-01 20:18:45,25.52,52.82,20.97,0,27.85,0
2026-10-01 20:18:50,24.72,54.87,11.15,0,23.06,0
2026-10-01 20:18:55,23.82,48.15,19.02,0,25.13,0
2026-10-01 20:19:00,24.54,54.43,17.61,0,24.04,0
2026-10-01 20:19:05,23.41,50.29,20.97,0,26.61,0
2026-10-01 20:19:10,25.35,55.29,19.46,0,24.63,0
2026-10-01 20:19:15,24.57,53.0,15.68,0,19.13,0
2026-10-01 20:19:20,23.09,51.37,15.52,1,22.49,0
2026-10-01 20:19:25,24.26,50.23,16.17,0,31.8,0
2026-10-01 20:19:30,24.87,54.47,20.03,0,26.99,0
2026-10-01 20:19:35,24.23,55.78,9.94,0,17.66,0
2026-10-01 20:19:40,24.28,50.4,18.55,0,29.23,0
2026-10-01 20:19:45,23.52,48.6,14.91,0,20.97,0
2026-10-01 20:19:50,24.95,54.08,18.67,0,28.13,0
2026-10-01 20:19:55,23.98,47.65,19.21,0,29.52,0
2026-10-01 20:20:00,22.77,48.08,12.18,0,25.36,0
2026-10-01 20:20:05,24.2,48.81,17.21,0,21.51,0
2026-10-01 20:20:10,25.28,50.75,18.54,0,22.5,0
2026-10-01 20:20:15,24.19,47.99,18.31,0,27.2,0
2026-10-01 20:20:20,25.89,46.18,17.57,0,21.03,0
2026-10-01 20:20:25,24.84,48.59,13.73,0,22.96,0
2026-10-01 20:20:30,24.77,53.93,14.26,0,26.8,0
2026-10-01 20:20:35,24.4,48.19,13.18,0,22.72,0
2026-10-01 20:20:40,24.45,50.98,19.94,0,29.97,0
2026-10-01 20:20:45,24.29,57.84,17.6,0,21.37,0
2026-10-01 20:20:50,24.26,51.85,17.82,0,15.0,0
2026-10-01 20:20:55,24.92,53.03,12.03,0,22.28,0
2026-10-01 20:21:00,23.75,49.16,17.88,0,26.09,0
2026-10-01 20:21:05,23.64,58.49,20.22,1,28.02,0
2026-10-01 20:21:10,23.6,50.38,11.55,0,23.57,0
2026-10-01 20:21:15,26.14,51.32,16.13,0,24.03,0
2026-10-01 20:21:20,24.92,55.95,12.5,0,24.89,0
2026-10-01 20:21:25,24.74,51.45,16.53,0,31.1,0
2026-10-01 20:21:30,23.65,52.14,14.85,0,26.33,0
2026-10-01 20:21:35,25.0,51.15,19.33,0,23.28,0
2026-10-01 20:21:40,24.41,51.18,18.59,0,32.18,0
2026-10-01 20:21:45,24.67,53.11,22.52,0,25.04,0
2026-10-01 20:21:50,23.72,53.66,17.81,0,17.74,0
2026-10-01 20:21:55,24.63,50.07,19.18,0,20.15,0
2026-10-01 20:22:00,24.16,49.7,16.05,0,26.95,0
2026-10-01 20:22:05,23.89,50.17,14.14,0,18.78,0
2026-10-01 20:22:10,25.09,47.8,20.92,1,26.74,0
2026-10-01 20:22:15,23.27,47.23,22.35,0,22.27,0
2026-10-01 20:22:20,24.95,52.89,20.47,0,29.12,0
2026-10-01 20:22:25,25.05,54.82,18.46,0,25.59,0
2026-10-01 20:22:30,23.8,54.61,14.59,0,19.27,0
2026-10-01 20:22:35,23.84,44.85,22.0,0,28.2,0
2026-10-01 20:22:40,24.32,51.26,20.03,0,29.77,0
2026-10-01 20:22:45,24.73,48.69,25.09,1,20.53,0
2026-10-01 20:22:50,24.38,52.43,13.96,0,22.19,0
2026-10-01 20:22:55,24.85,50.75,21.02,0,26.76,0
2026-10-01 20:23:00,25.91,53.78,19.92,0,27.39,0
2026-10-01 20:23:05,24.09,51.94,16.8,0,33.24,0
2026-10-01 20:23:10,23.13,46.31,22.77,0,28.12,0
2026-10-01 20:23:15,25.16,49.1,19.41,0,33.4,0
2026-10-01 20:23:20,25.85,52.02,14.72,0,25.07,0
2026-10-01 20:23:25,24.81,52.27,17.59,0,26.34,0
2026-10-01 20:23:30,23.63,47.78,14.68,0,23.01,0
2026-10-01 20:23:35,24.4,47.39,16.36,0,23.17,0
2026-10-01 20:23:40,23.61,52.17,20.46,0,25.51,0
2026-10-01 20:23:45,25.01,47.79,21.46,0,22.96,0
2026-10-01 20:23:50,23.42,46.99,18.77,0,16.03,0
2026-10-01 20:23:55,24.26,50.66,15.37,0,22.67,0
2026-10-01 20:24:00,23.7,50.53,19.34,0,28.77,0
2026-10-01 20:24:05,24.6,49.36,20.53,0,25.25,0
2026-10-01 20:24:10,24.21,49.89,11.1,0,25.27,0
2026-10-01 20:24:15,24.64,52.04,18.41,0,22.33,0
2026-10-01 20:24:20,24.52,49.84,17.33,0,26.17,0
2026-10-01 20:24:25,23.71,52.21,21.34,0,30.81,0
2026-10-01 20:24:30,25.0,50.86,19.35,0,29.9,0
2026-10-01 20:24:35,24.46,52.5,19.7,0,26.28,0
2026-10-01 20:24:40,23.71,54.63,16.31,0,22.01,0
2026-10-01 20:24:45,26.29,54.52,18.01,0,31.19,0
2026-10-01 20:24:50,24.88,55.86,21.3,0,28.71,0
2026-10-01 20:24:55,24.38,54.51,17.77,0,19.82,0
2026-10-01 20:25:00,25.63,52.72,18.61,0,18.85,0
2026-10-01 20:25:05,25.97,50.7,12.62,0,20.01,0
2026-10-01 20:25:10,24.38,50.84,17.76,0,23.27,0
2026-10-01 20:25:15,24.78,49.37,10.96,0,28.16,0
2026-10-01 20:25:20,23.71,52.01,16.19,0,28.07,0
2026-10-01 20:25:25,24.38,54.09,18.22,0,26.19,0
2026-10-01 20:25:30,24.34,49.82,20.68,0,24.51,0
2026-10-01 20:25:35,24.65,51.89,14.5,0,33.3,0
2026-10-01 20:25:40,24.77,49.97,19.31,0,25.12,0
2026-10-01 20:25:45,24.95,52.63,23.14,0,24.7,0
2026-10-01 20:25:50,24.69,50.35,15.76,0,23.22,0
2026-10-01 20:25:55,23.53,49.78,12.59,0,32.74,0
2026-10-01 20:26:00,23.75,49.96,19.01,0,27.52,0
2026-10-01 20:26:05,24.06,53.51,13.83,0,21.38,0
2026-10-01 20:26:10,24.27,51.71,15.13,0,20.96,0
2026-10-01 20:26:15,25.34,50.71,21.23,0,19.12,0
2026-10-01 20:26:20,23.57,52.78,24.57,1,24.66,0
2026-10-01 20:26:25,24.21,50.76,14.5,0,19.76,0
2026-10-01 20:26:30,25.26,55.38,15.42,0,20.91,0
2026-10-01 20:26:35,24.26,49.08,16.46,0,28.74,0
2026-10-01 20:26:40,24.87,51.44,16.08,0,28.12,0
2026-10-01 20:26:45,24.39,47.79,24.77,0,30.22,0
2026-10-01 20:26:50,24.71,50.96,16.14,0,19.85,0
2026-10-01 20:26:55,24.32,46.96,16.64,0,21.49,0
2026-10-01 20:27:00,25.03,54.24,23.66,0,22.8,0
2026-10-01 20:27:05,23.26,54.3,20.02,0,30.74,0
2026-10-01 20:27:10,24.21,54.35,21.45,0,25.22,0
2026-10-01 20:27:15,24.74,52.09,14.83,0,31.38,0
2026-10-01 20:27:20,24.93,49.36,16.14,0,27.2,0
2026-10-01 20:27:25,25.69,49.6,14.36,0,24.61,0
2026-10-01 20:27:30,24.19,56.59,20.8,0,27.01,0
2026-10-01 20:27:35,25.68,56.31,22.29,0,18.95,0
2026-10-01 20:27:40,23.97,52.37,15.9,1,17.81,0
2026-10-01 20:27:45,25.56,50.45,16.73,0,25.91,0
2026-10-01 20:27:50,25.15,56.11,16.88,0,25.05,0
2026-10-01 20:27:55,23.77,49.92,12.58,1,31.77,0
2026-10-01 20:28:00,24.75,52.69,15.64,0,20.17,0
2026-10-01 20:28:05,24.46,56.06,20.71,0,26.3,0
2026-10-01 20:28:10,25.0,49.49,14.94,0,27.43,0
2026-10-01 20:28:15,24.32,54.49,18.33,0,26.2,0
2026-10-01 20:28:20,24.25,53.56,13.42,0,28.85,0
2026-10-01 20:28:25,25.6,51.88,17.5,0,22.79,0
2026-10-01 20:28:30,24.42,49.02,16.03,0,27.91,0
2026-10-01 20:28:35,25.16,49.83,13.72,0,26.97,0
2026-10-01 20:28:40,24.32,52.87,20.77,0,29.08,0
2026-10-01 20:28:45,25.83,47.73,20.96,0,23.21,0
2026-10-01 20:28:50,23.96,52.39,14.61,0,20.85,0
2026-10-01 20:28:55,24.01,53.62,17.24,0,22.8,0
2026-10-01 20:29:00,25.72,54.96,18.16,0,21.28,0
2026-10-01 20:29:05,24.14,47.8,11.65,0,23.02,0
2026-10-01 20:29:10,25.78,55.95,13.11,0,23.83,0
2026-10-01 20:29:15,25.21,57.09,22.5,0,21.81,0
2026-10-01 20:29:20,24.38,53.23,14.27,0,25.03,0
2026-10-01 20:29:25,23.05,48.89,22.4,0,20.87,0
2026-10-01 20:29:30,24.48,51.02,13.29,0,24.74,0
2026-10-01 20:29:35,24.58,51.86,20.31,0,23.27,0
2026-10-01 20:29:40,25.43,52.81,16.91,0,24.58,0
2026-10-01 20:29:45,25.77,52.07,17.4,0,26.38,0
2026-10-01 20:29:50,23.95,52.84,24.5,0,23.54,0
2026-10-01 20:29:55,25.14,51.73,13.61,0,22.28,0
2026-10-01 20:30:00,25.11,52.8,20.08,0,22.71,0
2026-10-01 20:30:05,25.36,50.62,19.94,0,28.58,0
2026-10-01 20:30:10,24.9,50.99,29.74,0,29.47,0
2026-10-01 20:30:15,22.95,50.27,14.23,0,23.2,0
2026-10-01 20:30:20,24.38,57.75,15.81,0,24.46,0
2026-10-01 20:30:25,23.58,56.39,20.86,0,19.03,0
2026-10-01 20:30:30,24.34,53.67,17.3,0,24.36,0
2026-10-01 20:30:35,25.28,55.98,16.38,1,19.92,0
2026-10-01 20:30:40,24.74,54.4,21.35,0,23.29,0
2026-10-01 20:30:45,25.42,52.54,17.07,0,28.77,0
2026-10-01 20:30:50,24.77,47.48,14.88,0,19.74,0
2026-10-01 20:30:55,23.46,51.21,20.54,1,21.84,0
2026-10-01 20:31:00,22.48,50.99,19.31,0,21.86,0
2026-10-01 20:31:05,24.62,48.6,16.91,0,19.16,0
2026-10-01 20:31:10,24.33,47.54,16.74,0,28.02,0
2026-10-01 20:31:15,23.72,53.48,14.8,0,25.97,0
2026-10-01 20:31:20,23.14,52.97,20.54,0,31.33,0
2026-10-01 20:31:25,23.91,48.5,16.74,0,21.52,0
2026-10-01 20:31:30,24.34,49.76,15.31,0,18.8,0
2026-10-01 20:31:35,25.03,55.48,13.5,0,28.29,0
2026-10-01 20:31:40,24.65,49.37,19.37,0,23.74,0
2026-10-01 20:31:45,25.79,52.51,16.22,0,23.37,0
2026-10-01 20:31:50,23.67,51.43,10.96,0,30.17,0
2026-10-01 20:31:55,25.2,53.52,13.79,0,25.59,0
2026-10-01 20:32:00,24.54,49.43,17.18,0,28.16,0
2026-10-01 20:32:05,25.06,52.27,17.28,0,22.82,0
2026-10-01 20:32:10,24.15,52.51,17.15,0,22.46,0
2026-10-01 20:32:15,25.36,52.69,16.66,0,23.72,0
2026-10-01 20:32:20,24.74,52.24,12.83,0,27.35,0
2026-10-01 20:32:25,23.96,53.03,14.94,0,25.18,0
2026-10-01 20:32:30,24.49,58.58,22.14,0,26.64,0
2026-10-01 20:32:35,24.31,59.68,21.63,0,15.89,0
2026-10-01 20:32:40,24.89,50.08,20.02,0,18.41,0
2026-10-01 20:32:45,23.56,45.05,19.71,0,17.46,0
2026-10-01 20:32:50,24.48,53.79,21.17,0,23.67,0
2026-10-01 20:32:55,24.82,52.56,14.08,0,20.11,0
2026-10-01 20:33:00,24.53,55.18,18.12,0,30.91,0
2026-10-01 20:33:05,25.58,52.85,14.08,0,24.93,0
2026-10-01 20:33:10,25.12,52.18,14.14,0,25.76,0
2026-10-01 20:33:15,24.49,55.39,19.29,0,21.19,0
2026-10-01 20:33:20,24.67,55.81,21.31,0,21.08,0
2026-10-01 20:33:25,24.74,47.84,17.32,0,30.43,0
2026-10-01 20:33:30,24.82,49.55,23.77,0,31.24,0
2026-10-01 20:33:35,23.04,51.68,18.74,0,26.46,0
2026-10-01 20:33:40,24.26,52.3,15.28,0,17.89,0
2026-10-01 20:33:45,23.31,51.32,14.2,0,23.51,0
2026-10-01 20:33:50,25.52,53.3,21.56,0,26.1,0
2026-10-01 20:33:55,24.45,54.99,18.45,0,24.2,0
2026-10-01 20:34:00,24.35,57.17,20.37,0,17.58,0
2026-10-01 20:34:05,25.22,53.74,8.7,0,31.47,0
2026-10-01 20:34:10,24.84,49.44,18.86,0,22.08,0
2026-10-01 20:34:15,23.6,51.56,16.21,0,20.31,0
2026-10-01 20:34:20,24.44,51.77,13.12,0,24.89,0
2026-10-01 20:34:25,24.23,53.54,17.78,0,29.14,0
2026-10-01 20:34:30,23.1,53.16,21.82,0,26.8,0
2026-10-01 20:34:35,23.95,58.15,25.93,0,20.4,0
2026-10-01 20:34:40,24.35,50.62,18.85,0,19.82,0
2026-10-01 20:34:45,24.41,53.15,15.52,0,17.33,0
2026-10-01 20:34:50,23.31,59.06,15.31,0,23.98,0
2026-10-01 20:34:55,25.42,50.24,21.37,0,23.34,0
2026-10-01 20:35:00,24.42,52.44,14.51,0,26.8,0
2026-10-01 20:35:05,24.53,49.17,20.18,0,22.6,0
2026-10-01 20:35:10,24.82,52.25,19.03,0,28.41,0
2026-10-01 20:35:15,23.87,49.66,18.64,0,27.29,0
2026-10-01 20:35:20,24.87,55.14,12.51,0,22.45,0
2026-10-01 20:35:25,24.21,52.44,16.75,0,26.37,0
2026-10-01 20:35:30,23.78,49.19,12.9,0,29.65,0
2026-10-01 20:35:35,24.96,54.52,15.94,0,21.64,0
2026-10-01 20:35:40,25.69,52.54,21.21,0,24.25,0
2026-10-01 20:35:45,25.08,54.86,22.31,1,24.19,0
2026-10-01 20:35:50,25.24,48.56,18.75,1,23.75,0
2026-10-01 20:35:55,24.08,53.11,16.0,0,27.81,0
2026-10-01 20:36:00,23.22,54.32,23.56,0,28.08,0
2026-10-01 20:36:05,25.69,50.73,15.96,0,26.42,0
2026-10-01 20:36:10,26.14,48.22,14.03,0,26.26,0
2026-10-01 20:36:15,25.73,51.88,20.44,1,23.03,0
2026-10-01 20:36:20,24.23,55.68,19.6,0,26.16,0
2026-10-01 20:36:25,23.58,55.38,16.1,0,20.5,0
2026-10-01 20:36:30,23.65,50.71,18.35,0,33.67,0
2026-10-01 20:36:35,23.15,48.15,19.55,0,29.73,0
2026-10-01 20:36:40,24.41,50.71,18.71,0,28.35,0
2026-10-01 20:36:45,25.78,50.59,19.61,0,26.43,0
2026-10-01 20:36:50,24.39,53.34,16.23,0,26.43,0
2026-10-01 20:36:55,24.74,51.68,19.84,0,19.08,0
2026-10-01 20:37:00,25.6,49.74,18.06,0,20.59,0
2026-10-01 20:37:05,24.18,55.31,16.35,0,21.03,0
2026-10-01 20:37:10,26.13,52.42,17.14,0,25.2,0
2026-10-01 20:37:15,26.09,53.31,17.66,0,24.01,0
2026-10-01 20:37:20,24.4,46.83,12.94,0,27.84,0
2026-10-01 20:37:25,24.04,44.73,15.77,0,21.62,0
2026-10-01 20:37:30,25.06,47.69,18.23,0,28.59,0
2026-10-01 20:37:35,24.22,50.56,13.27,0,22.13,0
2026-10-01 20:37:40,23.57,53.73,15.83,0,23.54,0
2026-10-01 20:37:45,25.52,44.97,26.35,0,28.13,0
2026-10-01 20:37:50,25.47,56.78,14.05,0,26.77,0
2026-10-01 20:37:55,24.62,52.51,16.66,0,20.62,0
2026-10-01 20:38:00,23.49,56.08,15.08,0,28.72,0
2026-10-01 20:38:05,23.52,49.34,17.59,0,25.31,0
2026-10-01 20:38:10,24.59,53.51,15.15,0,17.5,0
2026-10-01 20:38:15,24.1,52.26,17.15,0,22.05,0
2026-10-01 20:38:20,24.23,54.45,15.49,0,23.57,0
2026-10-01 20:38:25,25.32,51.3,21.69,0,20.91,0
2026-10-01 20:38:30,25.09,53.42,18.29,0,29.7,0
2026-10-01 20:38:35,25.6,55.31,14.49,0,23.69,0
2026-10-01 20:38:40,23.71,50.05,20.94,0,26.61,0
2026-10-01 20:38:45,24.23,52.73,14.65,0,25.72,0
2026-10-01 20:38:50,25.11,46.34,12.53,0,27.47,0
2026-10-01 20:38:55,24.86,54.11,17.99,0,30.86,0
2026-10-01 20:39:00,25.73,57.86,24.68,0,27.36,0
2026-10-01 20:39:05,24.84,48.27,11.6,0,31.1,0
2026-10-01 20:39:10,25.98,51.73,13.34,0,27.46,0
2026-10-01 20:39:15,24.93,54.64,20.63,0,25.46,0
2026-10-01 20:39:20,25.35,52.09,15.75,0,26.13,0
2026-10-01 20:39:25,24.24,52.5,20.14,0,15.81,0
2026-10-01 20:39:30,24.51,50.83,15.07,0,23.41,0
2026-10-01 20:39:35,25.23,50.72,18.5,0,24.5,0
2026-10-01 20:39:40,25.79,51.74,24.11,0,26.53,0
2026-10-01 20:39:45,25.08,52.13,13.82,0,24.91,0
2026-10-01 20:39:50,24.43,48.46,21.58,0,26.17,0
2026-10-01 20:39:55,25.6,51.8,20.38,0,20.37,0
2026-10-01 20:40:00,22.75,56.71,12.79,0,19.47,0
2026-10-01 20:40:05,23.36,50.74,19.96,0,20.86,0
2026-10-01 20:40:10,25.05,48.29,18.25,0,30.5,0
2026-10-01 20:40:15,24.51,51.55,18.32,0,20.56,0
2026-10-01 20:40:20,24.98,49.86,19.18,0,22.24,0
2026-10-01 20:40:25,24.55,47.98,16.77,0,25.37,0
2026-10-01 20:40:30,24.96,52.42,18.25,0,19.43,0
2026-10-01 20:40:35,23.85,49.87,18.85,0,21.95,0
2026-10-01 20:40:40,24.96,50.13,20.61,0,27.37,0
2026-10-01 20:40:45,25.3,52.46,12.65,0,23.47,0
2026-10-01 20:40:50,25.48,47.4,22.52,0,30.89,0
2026-10-01 20:40:55,26.11,46.78,13.96,0,19.06,0
2026-10-01 20:41:00,24.7,54.01,20.67,0,23.79,0
2026-10-01 20:41:05,24.72,46.21,18.28,0,23.47,0
2026-10-01 20:41:10,23.28,49.07,13.52,0,24.97,0
2026-10-01 20:41:15,24.07,46.6,19.85,0,20.71,0
2026-10-01 20:41:20,24.35,50.54,14.69,0,22.97,0
2026-10-01 20:41:25,25.34,53.28,21.74,0,27.76,0
2026-10-01 20:41:30,24.01,52.34,15.51,0,24.06,0
2026-10-01 20:41:35,25.14,59.18,12.77,0,21.26,0
2026-10-01 20:41:40,24.5,55.26,23.37,0,32.28,0
2026-10-01 20:41:45,24.36,49.21,18.63,0,25.17,0
2026-10-01 20:41:50,24.7,48.41,21.04,0,27.15,0
2026-10-01 20:41:55,24.19,60.12,15.02,0,27.67,0
2026-10-01 20:42:00,24.16,55.19,11.38,0,24.75,0
2026-10-01 20:42:05,23.14,53.77,23.86,0,22.24,0
2026-10-01 20:42:10,24.3,52.22,17.98,0,25.7,0
2026-10-01 20:42:15,24.12,52.82,19.72,0,22.55,0
2026-10-01 20:42:20,24.09,47.55,20.3,0,26.3,0
2026-10-01 20:42:25,24.83,52.47,16.83,0,24.43,0
2026-10-01 20:42:30,25.03,52.21,18.79,0,28.6,0
2026-10-01 20:42:35,24.69,49.29,23.58,0,21.0,0
2026-10-01 20:42:40,25.3,50.38,17.89,1,27.51,0
2026-10-01 20:42:45,24.96,56.55,21.3,0,27.15,0
2026-10-01 20:42:50,24.26,51.62,11.03,0,24.16,0
2026-10-01 20:42:55,24.13,58.21,21.93,1,27.56,0
2026-10-01 20:43:00,24.75,46.78,12.67,0,26.47,0
2026-10-01 20:43:05,24.96,50.43,21.53,0,27.34,0
2026-10-01 20:43:10,25.62,47.36,19.37,0,27.11,0
2026-10-01 20:43:15,25.45,48.37,17.66,0,25.18,0
2026-10-01 20:43:20,24.07,49.52,17.65,0,22.91,0
2026-10-01 20:43:25,24.42,52.95,17.12,0,22.87,0
2026-10-01 20:43:30,25.04,52.8,15.13,0,24.25,0
2026-10-01 20:43:35,25.35,49.96,17.28,0,27.95,0
2026-10-01 20:43:40,25.25,45.32,25.73,0,27.21,0
2026-10-01 20:43:45,24.45,56.43,22.56,0,28.52,0
2026-10-01 20:43:50,23.5,51.14,14.95,0,28.87,0
2026-10-01 20:43:55,23.7,48.65,18.94,0,24.24,0
2026-10-01 20:44:00,24.72,52.82,18.34,0,31.87,0
2026-10-01 20:44:05,24.77,52.61,17.5,0,24.64,0
2026-10-01 20:44:10,23.62,51.03,14.49,0,23.27,0
2026-10-01 20:44:15,24.54,52.45,19.56,0,26.17,0
2026-10-01 20:44:20,25.0,48.53,20.96,0,26.69,0
2026-10-01 20:44:25,23.58,54.28,15.08,0,22.4,0
2026-10-01 20:44:30,25.38,49.01,24.84,0,24.44,0
2026-10-01 20:44:35,24.2,50.18,23.33,0,23.44,0
2026-10-01 20:44:40,25.51,53.95,19.92,0,25.5,0
2026-10-01 20:44:45,24.07,55.61,13.69,0,27.79,0
2026-10-01 20:44:50,23.68,56.76,19.4,0,24.07,0
2026-10-01 20:44:55,24.13,55.17,18.99,1,27.0,0
2026-10-01 20:45:00,24.42,51.03,19.8,0,20.14,0
2026-10-01 20:45:05,24.19,47.38,23.57,0,28.11,0
2026-10-01 20:45:10,24.33,56.22,17.38,0,23.41,0
2026-10-01 20:45:15,24.77,56.11,25.17,0,23.35,0
2026-10-01 20:45:20,24.36,49.98,19.42,0,26.4,0
2026-10-01 20:45:25,24.45,54.76,16.98,0,26.59,0
2026-10-01 20:45:30,23.13,51.0,26.4,0,24.61,0
2026-10-01 20:45:35,24.81,56.5,20.9,0,21.89,0
2026-10-01 20:45:40,24.43,50.46,16.41,0,23.32,0
2026-10-01 20:45:45,25.79,57.94,18.29,0,25.33,0
2026-10-01 20:45:50,23.75,54.36,20.22,0,26.71,0
2026-10-01 20:45:55,23.05,57.39,17.47,0,22.12,0
2026-10-01 20:46:00,24.99,50.61,18.47,0,22.76,0
2026-10-01 20:46:05,24.78,53.22,15.14,0,25.92,0
2026-10-01 20:46:10,23.69,49.09,12.1,0,24.71,0
2026-10-01 20:46:15,23.28,54.53,18.37,0,25.51,0
2026-10-01 20:46:20,25.73,54.7,18.49,0,15.85,0
2026-10-01 20:46:25,25.63,59.19,19.84,0,23.97,0
2026-10-01 20:46:30,22.51,53.45,15.98,0,27.99,0
2026-10-01 20:46:35,24.13,54.17,13.31,0,22.84,0
2026-10-01 20:46:40,25.83,50.59,14.62,0,26.7,0
2026-10-01 20:46:45,24.12,53.62,21.69,0,20.77,0
2026-10-01 20:46:50,24.11,50.86,15.67,0,19.53,0
2026-10-01 20:46:55,24.27,52.35,16.45,0,26.46,0
2026-10-01 20:47:00,23.6,52.52,16.91,0,24.81,0
2026-10-01 20:47:05,23.14,50.94,15.83,0,23.82,0
2026-10-01 20:47:10,25.34,52.19,15.57,0,27.96,0
2026-10-01 20:47:15,23.03,50.87,14.95,0,23.91,0
2026-10-01 20:47:20,24.7,50.86,22.9,0,22.79,0
2026-10-01 20:47:25,25.21,55.23,20.38,0,22.41,0
2026-10-01 20:47:30,23.34,52.53,22.37,0,21.67,0
2026-10-01 20:47:35,23.76,53.04,23.07,0,26.63,0
2026-10-01 20:47:40,25.47,47.63,9.78,0,23.91,0
2026-10-01 20:47:45,24.93,53.27,19.2,0,29.0,0
2026-10-01 20:47:50,24.01,53.59,15.95,0,15.0,0
2026-10-01 20:47:55,25.46,50.8,21.91,0,28.23,0
2026-10-01 20:48:00,25.47,58.26,15.4,0,26.26,0
2026-10-01 20:48:05,24.72,45.13,14.31,0,24.68,0
2026-10-01 20:48:10,23.78,54.35,12.98,0,20.48,0
2026-10-01 20:48:15,24.17,54.14,16.94,0,19.19,0
2026-10-01 20:48:20,24.73,53.62,21.2,0,27.63,0
2026-10-01 20:48:25,24.35,52.53,18.9,0,25.85,0
2026-10-01 20:48:30,25.25,53.65,13.79,0,25.78,0
2026-10-01 20:48:35,23.28,54.6,25.53,0,24.64,0
2026-10-01 20:48:40,23.3,49.82,20.27,0,27.97,0
2026-10-01 20:48:45,24.64,52.9,20.72,0,22.95,0
2026-10-01 20:48:50,24.11,51.45,22.5,0,23.82,0
2026-10-01 20:48:55,24.0,48.72,12.26,0,24.38,0
2026-10-01 20:49:00,23.09,54.15,14.81,0,24.25,0
2026-10-01 20:49:05,24.52,50.31,20.88,0,29.68,0
2026-10-01 20:49:10,24.46,47.51,15.16,0,20.61,0
2026-10-01 20:49:15,25.02,50.38,17.04,1,18.16,0
2026-10-01 20:49:20,24.56,49.6,17.73,0,19.91,0
2026-10-01 20:49:25,24.39,55.09,13.53,0,27.39,0
2026-10-01 20:49:30,25.44,52.46,16.74,0,24.65,0
2026-10-01 20:49:35,23.45,56.15,21.2,0,19.4,0
2026-10-01 20:49:40,24.93,50.0,20.55,0,25.35,0
2026-10-01 20:49:45,23.16,54.62,21.9,0,23.87,0
2026-10-01 20:49:50,23.83,60.52,21.53,1,26.96,0
2026-10-01 20:49:55,23.53,53.07,19.42,0,27.78,0
2026-10-01 20:50:00,25.13,54.58,19.14,0,33.81,0
2026-10-01 20:50:05,24.45,54.08,18.89,1,20.86,0
2026-10-01 20:50:10,24.49,47.73,15.81,0,18.48,0
2026-10-01 20:50:15,23.61,53.76,14.4,0,27.06,0
2026-10-01 20:50:20,24.26,52.92,15.59,0,28.45,0
2026-10-01 20:50:25,23.89,51.22,16.86,0,20.54,0
2026-10-01 20:50:30,24.81,49.35,15.7,0,20.54,0
2026-10-01 20:50:35,23.71,54.08,19.45,0,26.21,0
2026-10-01 20:50:40,25.56,49.08,18.71,0,31.0,0
2026-10-01 20:50:45,23.16,58.4,19.08,1,21.93,0
2026-10-01 20:50:50,23.85,52.34,19.23,0,25.3,0
2026-10-01 20:50:55,25.84,48.33,22.18,0,18.35,0
2026-10-01 20:51:00,24.15,50.46,17.97,0,24.3,0
2026-10-01 20:51:05,23.45,51.17,21.53,0,24.6,0
2026-10-01 20:51:10,24.68,59.24,19.81,1,30.14,0
2026-10-01 20:51:15,24.12,49.35,21.95,0,22.53,0
2026-10-01 20:51:20,23.83,51.65,23.65,0,27.4,0
2026-10-01 20:51:25,23.62,50.39,20.02,0,22.3,0
2026-10-01 20:51:30,26.71,53.5,18.36,0,25.32,0
2026-10-01 20:51:35,24.3,50.43,18.34,0,32.27,0
2026-10-01 20:51:40,22.96,48.58,16.35,0,31.28,0
2026-10-01 20:51:45,25.69,51.41,16.24,0,31.86,0
2026-10-01 20:51:50,24.99,51.1,21.16,0,26.39,0
2026-10-01 20:51:55,23.89,50.22,14.63,0,24.26,0
2026-10-01 20:52:00,23.75,50.38,23.65,0,26.0,0
2026-10-01 20:52:05,25.04,55.55,17.47,1,26.63,0
2026-10-01 20:52:10,24.3,51.04,28.02,0,26.36,0
2026-10-01 20:52:15,22.96,48.6,15.57,0,22.51,0
2026-10-01 20:52:20,25.93,50.61,18.88,0,22.37,0
2026-10-01 20:52:25,24.15,52.16,16.77,0,22.91,0
2026-10-01 20:52:30,25.7,47.99,15.22,0,28.75,0
2026-10-01 20:52:35,25.52,56.88,21.72,1,29.13,0
2026-10-01 20:52:40,23.7,54.6,14.13,0,36.14,0
2026-10-01 20:52:45,25.33,56.29,15.63,0,26.49,0
2026-10-01 20:52:50,23.98,53.18,20.05,0,22.24,0
2026-10-01 20:52:55,23.01,45.72,20.61,0,23.32,0
2026-10-01 20:53:00,24.16,56.61,13.13,0,24.45,0
2026-10-01 20:53:05,24.82,49.41,20.04,0,30.27,0
2026-10-01 20:53:10,24.13,49.65,18.45,0,27.57,0
2026-10-01 20:53:15,24.25,52.47,14.79,0,20.29,0
2026-10-01 20:53:20,25.41,56.13,15.24,0,24.8,0
2026-10-01 20:53:25,24.59,55.16,10.88,0,19.85,0
2026-10-01 20:53:30,23.83,54.72,24.01,0,27.07,0
2026-10-01 20:53:35,25.06,51.06,21.55,1,22.53,0
2026-10-01 20:53:40,24.66,51.02,13.49,0,22.86,0
2026-10-01 20:53:45,22.48,53.04,20.8,0,18.42,0
2026-10-01 20:53:50,24.84,51.61,15.99,0,27.65,0
2026-10-01 20:53:55,24.81,54.67,21.2,1,29.23,0
2026-10-01 20:54:00,24.52,54.49,16.26,0,22.57,0
2026-10-01 20:54:05,25.21,53.77,16.73,0,24.43,0
2026-10-01 20:54:10,23.96,44.42,16.99,0,23.32,0
2026-10-01 20:54:15,24.77,52.38,15.7,1,24.24,0
2026-10-01 20:54:20,23.25,51.67,22.9,1,22.13,0
2026-10-01 20:54:25,24.83,52.5,21.14,0,21.15,0
2026-10-01 20:54:30,26.06,49.74,18.38,0,29.79,0
2026-10-01 20:54:35,23.7,48.03,21.59,1,15.76,0
2026-10-01 20:54:40,23.89,53.39,12.31,0,26.76,0
2026-10-01 20:54:45,23.93,50.93,13.7,0,25.99,0
2026-10-01 20:54:50,24.6,53.72,19.66,0,30.79,0
2026-10-01 20:54:55,23.65,49.99,20.57,0,24.17,0
2026-10-01 20:55:00,24.84,56.25,18.98,1,23.7,0
2026-10-01 20:55:05,25.18,55.0,11.41,0,22.17,0
2026-10-01 20:55:10,24.93,52.89,14.28,0,26.24,0
2026-10-01 20:55:15,23.09,51.36,19.46,0,22.52,0
2026-10-01 20:55:20,25.3,54.56,26.49,0,21.05,0
2026-10-01 20:55:25,25.25,53.18,22.26,0,22.42,0
2026-10-01 20:55:30,25.16,52.72,23.52,0,21.69,0
2026-10-01 20:55:35,24.8,55.13,19.19,0,21.48,0
2026-10-01 20:55:40,24.68,56.28,19.16,0,25.3,0
2026-10-01 20:55:45,25.33,48.24,14.38,1,24.32,0
2026-10-01 20:55:50,26.04,48.85,21.33,0,26.92,0
2026-10-01 20:55:55,23.74,49.66,17.74,0,25.52,0
2026-10-01 20:56:00,25.36,47.49,20.42,0,20.79,0
2026-10-01 20:56:05,24.43,51.81,18.11,0,17.57,0
2026-10-01 20:56:10,24.4,53.8,18.98,0,21.3,0
2026-10-01 20:56:15,23.27,51.94,17.69,0,27.67,0
2026-10-01 20:56:20,24.27,50.4,18.79,0,27.59,0
2026-10-01 20:56:25,23.7,55.38,21.5,0,28.45,0
2026-10-01 20:56:30,24.13,52.42,13.57,1,27.93,0
2026-10-01 20:56:35,23.62,53.03,12.77,0,28.81,0
2026-10-01 20:56:40,24.14,55.46,19.49,0,26.42,0
2026-10-01 20:56:45,24.18,51.63,23.04,0,31.31,0
2026-10-01 20:56:50,24.58,58.18,23.92,0,26.03,0
2026-10-01 20:56:55,23.21,50.66,13.71,1,32.0,0
2026-10-01 20:57:00,23.34,57.99,16.59,0,22.81,0
2026-10-01 20:57:05,24.79,49.08,12.82,0,22.72,0
2026-10-01 20:57:10,23.86,53.55,16.07,0,24.33,0
2026-10-01 20:57:15,25.36,50.07,21.93,0,24.87,0
2026-10-01 20:57:20,24.68,55.36,17.95,0,23.88,0
2026-10-01 20:57:25,24.99,50.57,16.69,1,26.89,0
2026-10-01 20:57:30,25.63,52.87,19.91,0,24.64,0
2026-10-01 20:57:35,24.25,50.05,15.22,0,22.87,0
2026-10-01 20:57:40,24.04,54.81,23.58,0,23.61,0
2026-10-01 20:57:45,25.2,50.03,18.03,0,29.26,0
2026-10-01 20:57:50,24.91,57.05,16.59,0,26.11,0
2026-10-01 20:57:55,24.35,49.01,20.05,0,19.13,0
2026-10-01 20:58:00,25.61,47.96,21.29,0,30.29,0
2026-10-01 20:58:05,24.33,54.85,23.59,0,26.52,0
2026-10-01 20:58:10,24.53,50.23,17.27,0,27.24,0
2026-10-01 20:58:15,24.52,51.98,21.8,0,28.25,0
2026-10-01 20:58:20,23.75,51.03,18.35,0,28.43,0
2026-10-01 20:58:25,24.56,48.06,15.86,1,21.78,0
2026-10-01 20:58:30,25.62,51.77,15.28,0,21.25,0
2026-10-01 20:58:35,24.86,55.79,14.16,0,33.39,0
2026-10-01 20:58:40,24.52,55.01,15.4,0,22.56,0
2026-10-01 20:58:45,24.37,52.7,21.9,0,26.33,0
2026-10-01 20:58:50,24.76,55.34,20.47,0,30.71,0
2026-10-01 20:58:55,25.1,48.82,13.66,0,23.45,0
2026-10-01 20:59:00,24.99,51.02,11.89,1,23.74,0
2026-10-01 20:59:05,24.23,53.19,14.11,1,28.24,0
2026-10-01 20:59:10,24.76,51.61,15.28,0,25.75,0
2026-10-01 20:59:15,24.88,51.26,16.94,0,26.73,0
2026-10-01 20:59:20,23.69,48.4,22.11,0,24.72,0
2026-10-01 20:59:25,24.63,45.76,16.08,0,23.16,0
2026-10-01 20:59:30,22.77,54.45,23.88,0,23.83,0
2026-10-01 20:59:35,24.89,52.73,12.12,0,29.18,0
2026-10-01 20:59:40,25.03,54.71,16.78,0,23.97,0
2026-10-01 20:59:45,25.1,50.69,20.75,0,26.5,0
2026-10-01 20:59:50,24.18,49.86,20.97,0,21.61,0
2026-10-01 20:59:55,24.75,52.02,16.83,1,32.14,0
2026-10-01 21:00:00,25.64,54.56,21.51,0,26.12,0
2026-10-01 21:00:05,25.63,51.31,20.84,0,26.19,0
2026-10-01 21:00:10,24.48,54.41,15.61,0,28.24,0
2026-10-01 21:00:15,24.61,48.98,19.1,0,23.32,0
2026-10-01 21:00:20,25.39,51.52,20.46,0,29.18,0
2026-10-01 21:00:25,23.3,51.79,15.86,0,19.69,0
2026-10-01 21:00:30,24.24,55.68,23.93,0,22.85,0
2026-10-01 21:00:35,25.57,52.62,15.08,0,22.2,0
2026-10-01 21:00:40,25.28,57.24,18.5,0,18.42,0
2026-10-01 21:00:45,24.8,47.96,13.63,0,23.15,0
2026-10-01 21:00:50,23.3,52.39,18.36,0,24.82,0
2026-10-01 21:00:55,24.46,52.54,14.27,0,21.19,0
2026-10-01 21:01:00,24.03,53.86,16.97,0,20.68,0
2026-10-01 21:01:05,24.76,49.56,12.45,0,25.14,0
2026-10-01 21:01:10,23.85,57.05,20.8,0,24.72,0
2026-10-01 21:01:15,23.68,52.04,19.25,0,24.07,0
2026-10-01 21:01:20,22.85,48.74,21.81,0,20.57,0
2026-10-01 21:01:25,25.48,51.95,16.78,0,23.62,0
2026-10-01 21:01:30,24.18,51.06,21.97,0,22.67,0
2026-10-01 21:01:35,24.63,60.35,18.14,0,25.3,0
2026-10-01 21:01:40,24.5,55.15,18.4,0,23.04,0
2026-10-01 21:01:45,23.65,52.15,25.4,0,24.86,0
2026-10-01 21:01:50,23.49,51.66,16.3,0,20.41,0
2026-10-01 21:01:55,23.7,54.85,22.3,0,20.11,0
2026-10-01 21:02:00,23.92,55.0,19.68,0,26.95,0
2026-10-01 21:02:05,24.79,43.27,16.0,0,27.68,0
2026-10-01 21:02:10,23.86,53.93,13.4,0,23.63,0
2026-10-01 21:02:15,25.9,52.08,14.38,0,25.1,0
2026-10-01 21:02:20,25.32,48.07,21.96,0,23.43,0
2026-10-01 21:02:25,25.15,54.64,24.07,0,28.84,0
2026-10-01 21:02:30,24.4,58.74,18.32,0,24.29,0
2026-10-01 21:02:35,25.71,53.67,18.5,1,23.25,0
2026-10-01 21:02:40,24.33,55.3,20.72,0,28.38,0
2026-10-01 21:02:45,24.47,57.41,18.26,1,22.29,0
2026-10-01 21:02:50,24.64,49.51,21.85,0,25.55,0
2026-10-01 21:02:55,25.06,46.43,19.02,0,21.33,0
2026-10-01 21:03:00,25.01,53.97,18.47,0,27.33,0
2026-10-01 21:03:05,24.12,51.26,15.55,0,27.85,0
2026-10-01 21:03:10,24.07,47.88,14.69,0,20.49,0
2026-10-01 21:03:15,25.01,51.77,8.0,0,19.94,0
2026-10-01 21:03:20,25.07,54.18,22.32,1,26.01,0
2026-10-01 21:03:25,24.19,51.55,17.49,0,31.79,0
2026-10-01 21:03:30,23.23,49.64,16.6,0,28.09,0
2026-10-01 21:03:35,24.33,51.33,11.17,0,24.26,0
2026-10-01 21:03:40,25.0,51.94,15.76,0,22.01,0
2026-10-01 21:03:45,25.94,46.21,15.3,0,20.74,0
2026-10-01 21:03:50,23.54,51.57,15.22,0,27.51,0
2026-10-01 21:03:55,24.16,47.97,19.16,0,28.23,0
2026-10-01 21:04:00,24.19,53.98,18.43,0,22.79,0
2026-10-01 21:04:05,25.58,47.32,13.24,0,24.14,0
2026-10-01 21:04:10,24.47,55.04,13.46,0,25.16,0
2026-10-01 21:04:15,23.77,50.77,13.45,0,31.34,0
2026-10-01 21:04:20,24.95,50.37,24.34,0,25.23,0
2026-10-01 21:04:25,24.18,52.88,23.22,0,21.57,0
2026-10-01 21:04:30,23.52,49.4,15.02,1,20.95,0
2026-10-01 21:04:35,23.79,52.84,11.08,0,21.81,0
2026-10-01 21:04:40,25.89,49.8,18.45,1,29.42,0
2026-10-01 21:04:45,24.81,50.33,18.16,0,26.8,0
2026-10-01 21:04:50,24.59,53.22,19.11,0,23.79,0
2026-10-01 21:04:55,24.3,48.58,20.59,0,15.0,0
2026-10-01 21:05:00,24.73,48.21,19.58,0,22.02,0
2026-10-01 21:05:05,24.72,52.74,14.09,0,26.2,0
2026-10-01 21:05:10,24.73,51.92,19.03,0,26.23,0
2026-10-01 21:05:15,24.59,52.51,20.99,0,26.2,0
2026-10-01 21:05:20,25.2,52.98,15.47,0,20.28,0
2026-10-01 21:05:25,24.52,52.17,19.05,0,25.62,0
2026-10-01 21:05:30,23.72,53.82,16.07,1,21.58,0
2026-10-01 21:05:35,24.01,52.29,24.99,0,25.01,0
2026-10-01 21:05:40,22.92,45.98,13.36,0,22.31,0
2026-10-01 21:05:45,26.12,46.76,22.05,0,28.75,0
2026-10-01 21:05:50,25.19,57.78,12.15,0,26.18,0
2026-10-01 21:05:55,23.84,52.0,24.28,1,24.5,0
2026-10-01 21:06:00,24.27,54.85,14.0,0,29.83,0
2026-10-01 21:06:05,23.99,50.96,18.66,0,23.7,0
2026-10-01 21:06:10,25.73,51.83,12.3,0,20.05,0
2026-10-01 21:06:15,23.36,50.64,13.28,0,28.7,0
2026-10-01 21:06:20,24.59,59.4,21.14,0,25.88,0
2026-10-01 21:06:25,24.41,52.76,21.6,0,23.88,0
2026-10-01 21:06:30,25.16,50.4,18.84,0,22.75,0
2026-10-01 21:06:35,24.42,47.05,20.59,1,26.79,0
2026-10-01 21:06:40,23.09,57.92,21.66,1,27.85,0
2026-10-01 21:06:45,24.3,51.51,15.61,0,22.32,0
2026-10-01 21:06:50,23.72,54.23,13.1,0,26.98,0
2026-10-01 21:06:55,24.56,54.57,17.95,0,25.88,0
2026-10-01 21:07:00,25.65,50.61,15.98,0,22.1,0
2026-10-01 21:07:05,23.11,54.02,19.36,0,25.01,0
2026-10-01 21:07:10,23.86,50.19,19.92,0,23.09,0
2026-10-01 21:07:15,24.06,49.03,15.61,0,29.34,0
2026-10-01 21:07:20,24.19,55.49,20.46,0,22.73,0
2026-10-01 21:07:25,25.09,51.53,20.29,0,30.28,0
2026-10-01 21:07:30,24.36,53.56,20.53,0,25.46,0
2026-10-01 21:07:35,24.83,53.23,16.57,0,18.89,0
2026-10-01 21:07:40,24.0,53.91,20.73,0,17.39,0
2026-10-01 21:07:45,24.68,47.33,19.82,0,24.27,0
2026-10-01 21:07:50,25.12,50.24,20.24,0,29.67,0
2026-10-01 21:07:55,23.91,51.03,23.87,0,29.31,0
2026-10-01 21:08:00,25.13,49.51,19.15,0,25.58,0
2026-10-01 21:08:05,24.54,53.29,15.88,0,22.42,0
2026-10-01 21:08:10,25.34,55.56,14.11,0,23.54,0
2026-10-01 21:08:15,24.34,56.04,21.95,0,25.73,0
2026-10-01 21:08:20,24.8,50.98,19.25,0,28.81,0
2026-10-01 21:08:25,24.47,52.88,23.85,0,26.99,0
2026-10-01 21:08:30,24.42,53.34,10.9,0,28.39,0
2026-10-01 21:08:35,24.71,53.86,21.19,0,27.25,0
2026-10-01 21:08:40,24.93,49.37,17.09,0,28.29,0
2026-10-01 21:08:45,23.5,57.46,16.76,0,17.09,0
2026-10-01 21:08:50,25.65,54.78,15.32,1,21.88,0
2026-10-01 21:08:55,23.01,54.86,21.15,0,21.13,0
2026-10-01 21:09:00,23.95,55.61,20.15,0,20.8,0
2026-10-01 21:09:05,24.42,53.6,14.0,0,25.02,0
2026-10-01 21:09:10,24.83,48.92,18.58,0,19.93,0
2026-10-01 21:09:15,25.76,51.58,20.47,0,21.7,0
2026-10-01 21:09:20,23.01,47.05,18.62,0,24.65,0
2026-10-01 21:09:25,24.09,53.25,21.88,0,19.39,0
2026-10-01 21:09:30,22.8,51.49,16.98,0,23.3,0
2026-10-01 21:09:35,24.53,51.88,10.11,0,27.24,0
2026-10-01 21:09:40,24.72,55.61,18.65,0,20.71,0
2026-10-01 21:09:45,25.77,50.63,18.63,0,27.79,0
2026-10-01 21:09:50,24.6,51.24,19.09,0,22.18,0
2026-10-01 21:09:55,25.34,52.07,21.87,0,25.95,0
2026-10-01 21:10:00,24.97,46.48,11.17,0,21.13,0
2026-10-01 21:10:05,24.15,51.2,17.17,0,26.59,0
2026-10-01 21:10:10,23.37,44.54,14.77,0,23.94,0
2026-10-01 21:10:15,24.72,50.24,13.77,0,26.63,0
2026-10-01 21:10:20,23.31,54.57,17.75,0,23.09,0
2026-10-01 21:10:25,25.54,53.34,20.46,0,26.95,0
2026-10-01 21:10:30,24.37,50.22,19.05,0,27.96,0
2026-10-01 21:10:35,25.46,52.12,15.59,0,25.42,0
2026-10-01 21:10:40,24.12,48.78,17.49,0,23.32,0
2026-10-01 21:10:45,24.72,51.99,21.25,0,24.18,0
2026-10-01 21:10:50,24.67,60.79,20.39,0,20.58,0
2026-10-01 21:10:55,24.46,57.54,16.07,0,25.71,0
2026-10-01 21:11:00,24.15,52.16,15.84,0,27.18,0
2026-10-01 21:11:05,24.81,52.48,11.99,0,30.48,0
2026-10-01 21:11:10,23.76,49.06,16.5,0,29.58,0
2026-10-01 21:11:15,23.53,49.59,11.92,0,21.58,0
2026-10-01 21:11:20,25.49,53.09,25.23,0,25.74,0
2026-10-01 21:11:25,25.08,50.43,15.01,0,24.53,0
2026-10-01 21:11:30,24.55,54.71,21.88,0,29.26,0
2026-10-01 21:11:35,25.83,56.71,24.36,0,22.52,0
2026-10-01 21:11:40,24.29,53.0,18.76,1,28.07,0
2026-10-01 21:11:45,25.56,52.31,17.65,0,21.55,0
2026-10-01 21:11:50,24.64,46.96,13.37,0,24.63,0
2026-10-01 21:11:55,23.68,54.24,16.23,0,21.9,0
2026-10-01 21:12:00,25.98,48.57,23.61,0,18.12,0
2026-10-01 21:12:05,25.29,50.75,19.23,0,21.83,0
2026-10-01 21:12:10,24.4,54.88,18.1,0,24.1,0
2026-10-01 21:12:15,25.08,55.09,22.59,0,29.99,0
2026-10-01 21:12:20,24.18,50.6,20.44,0,21.19,0
2026-10-01 21:12:25,25.16,50.77,17.48,0,22.88,0
2026-10-01 21:12:30,22.59,49.9,18.76,0,19.96,0
2026-10-01 21:12:35,23.68,48.41,15.31,0,29.04,0
2026-10-01 21:12:40,25.28,50.1,16.04,1,23.39,0
2026-10-01 21:12:45,24.3,47.16,17.28,0,23.82,0
2026-10-01 21:12:50,24.67,54.05,19.95,1,23.78,0
2026-10-01 21:12:55,23.42,53.18,13.63,0,18.17,0
2026-10-01 21:13:00,25.98,53.68,18.27,0,19.87,0
2026-10-01 21:13:05,25.45,49.14,16.64,0,21.67,0
2026-10-01 21:13:10,24.34,48.41,14.85,0,27.16,0
2026-10-01 21:13:15,24.18,52.16,16.65,0,16.25,0
2026-10-01 21:13:20,25.32,52.19,9.88,0,26.89,0
2026-10-01 21:13:25,26.09,51.56,15.35,0,26.2,0
2026-10-01 21:13:30,25.26,51.13,14.15,1,18.65,0
2026-10-01 21:13:35,26.24,57.13,17.02,0,23.89,0
2026-10-01 21:13:40,23.76,53.28,10.02,0,29.07,0
2026-10-01 21:13:45,23.84,57.91,18.67,0,21.25,0
2026-10-01 21:13:50,23.55,55.81,21.18,0,23.07,0
2026-10-01 21:13:55,24.85,57.11,17.59,0,34.66,0
2026-10-01 21:14:00,24.64,48.78,19.75,0,26.14,0
2026-10-01 21:14:05,24.38,53.78,16.21,0,24.1,0
2026-10-01 21:14:10,25.15,50.7,12.56,0,23.33,0
2026-10-01 21:14:15,25.49,47.01,18.01,0,26.31,0
2026-10-01 21:14:20,23.28,56.49,20.38,0,27.4,0
2026-10-01 21:14:25,24.02,51.12,13.36,0,17.45,0
2026-10-01 21:14:30,25.16,48.83,16.37,0,17.18,0
2026-10-01 21:14:35,24.13,50.76,17.14,0,21.51,0
2026-10-01 21:14:40,23.86,49.61,27.98,0,24.46,0
2026-10-01 21:14:45,25.31,49.92,18.78,0,25.26,0
2026-10-01 21:14:50,23.47,51.34,11.33,0,19.04,0
2026-10-01 21:14:55,24.26,57.19,10.47,1,24.28,0
2026-10-01 21:15:00,24.76,50.0,20.56,0,24.75,0
2026-10-01 21:15:05,24.04,56.98,26.7,0,22.03,0
2026-10-01 21:15:10,25.13,54.55,17.02,0,23.13,0
2026-10-01 21:15:15,24.04,53.19,16.81,1,22.46,0
2026-10-01 21:15:20,25.63,54.24,19.51,1,26.63,0
2026-10-01 21:15:25,24.4,52.04,15.21,0,25.02,0
2026-10-01 21:15:30,25.04,55.86,9.1,0,21.0,0
2026-10-01 21:15:35,25.1,53.7,21.63,0,28.34,0
2026-10-01 21:15:40,24.0,47.01,15.85,0,20.21,0
2026-10-01 21:15:45,22.86,52.89,21.68,0,19.0,0
2026-10-01 21:15:50,24.79,54.35,15.34,0,24.14,0
2026-10-01 21:15:55,24.56,51.13,18.43,0,24.12,0
2026-10-01 21:16:00,24.94,52.38,20.99,0,25.25,0
2026-10-01 21:16:05,24.32,50.16,21.75,0,20.87,0
2026-10-01 21:16:10,24.16,47.87,18.82,0,28.13,0
2026-10-01 21:16:15,26.11,47.35,18.64,0,31.0,0
2026-10-01 21:16:20,23.32,47.39,20.17,1,24.92,0
2026-10-01 21:16:25,25.09,54.01,19.62,0,26.11,0
2026-10-01 21:16:30,24.04,44.53,13.48,0,17.6,0
2026-10-01 21:16:35,24.23,50.0,13.55,0,23.48,0
2026-10-01 21:16:40,24.25,49.7,10.62,0,22.56,0
2026-10-01 21:16:45,23.86,51.15,20.68,0,22.0,0
2026-10-01 21:16:50,24.96,46.43,16.61,1,22.7,0
2026-10-01 21:16:55,25.61,53.21,20.87,0,23.05,0
2026-10-01 21:17:00,24.88,48.18,19.41,0,19.91,0
2026-10-01 21:17:05,24.58,55.4,14.49,0,23.29,0
2026-10-01 21:17:10,23.71,50.13,17.58,0,21.35,0
2026-10-01 21:17:15,24.91,51.71,16.41,0,27.76,0
2026-10-01 21:17:20,26.23,52.01,15.87,0,26.16,0
2026-10-01 21:17:25,24.2,52.73,21.2,0,26.16,0
2026-10-01 21:17:30,24.2,52.11,26.79,0,28.42,0
2026-10-01 21:17:35,24.05,50.72,21.91,0,22.11,0
2026-10-01 21:17:40,24.11,53.03,17.91,0,25.94,0
2026-10-01 21:17:45,22.3,53.4,22.41,0,28.75,0
2026-10-01 21:17:50,24.82,49.7,24.0,0,21.86,0
2026-10-01 21:17:55,23.82,53.28,13.13,0,17.9,0
2026-10-01 21:18:00,23.21,55.58,22.29,0,22.58,0
2026-10-01 21:18:05,25.1,54.12,20.69,0,28.35,0
2026-10-01 21:18:10,23.63,54.8,22.16,0,21.66,0
2026-10-01 21:18:15,24.23,52.52,20.85,0,23.37,0
2026-10-01 21:18:20,25.67,49.19,17.2,0,22.27,0
2026-10-01 21:18:25,23.37,49.57,25.12,0,24.33,0
2026-10-01 21:18:30,23.27,52.96,19.19,0,21.33,0
2026-10-01 21:18:35,24.72,54.83,16.48,0,19.81,0
2026-10-01 21:18:40,25.42,60.36,19.77,0,23.46,0
2026-10-01 21:18:45,23.24,54.95,21.4,0,24.05,0
2026-10-01 21:18:50,24.83,48.49,18.33,1,28.91,0
2026-10-01 21:18:55,24.96,49.7,19.38,0,25.23,0
2026-10-01 21:19:00,22.85,58.84,18.31,0,20.9,0
2026-10-01 21:19:05,25.14,51.36,15.69,0,22.44,0
2026-10-01 21:19:10,25.2,52.14,15.12,0,27.5,0
2026-10-01 21:19:15,24.25,49.12,13.09,0,23.52,0
2026-10-01 21:19:20,25.5,56.7,23.31,0,21.17,0
2026-10-01 21:19:25,25.41,53.5,17.22,0,25.29,0
2026-10-01 21:19:30,24.58,49.68,8.0,0,22.24,0
2026-10-01 21:19:35,24.14,49.02,19.39,0,26.67,0
2026-10-01 21:19:40,23.72,52.92,19.32,0,26.27,0
2026-10-01 21:19:45,24.47,52.13,11.47,0,20.98,0
2026-10-01 21:19:50,24.96,54.5,15.09,0,31.25,0
2026-10-01 21:19:55,24.24,53.64,14.93,0,24.57,0
2026-10-01 21:20:00,22.74,51.21,15.4,0,15.68,0
2026-10-01 21:20:05,25.51,50.37,22.24,0,26.33,0
2026-10-01 21:20:10,24.65,51.52,17.48,0,15.91,0
2026-10-01 21:20:15,24.2,50.35,16.5,1,28.64,0
2026-10-01 21:20:20,25.19,51.61,21.93,1,25.2,0
2026-10-01 21:20:25,25.72,52.05,19.73,0,24.49,0
2026-10-01 21:20:30,22.26,49.31,11.91,0,24.7,0
2026-10-01 21:20:35,24.85,53.89,15.84,0,26.76,0
2026-10-01 21:20:40,23.36,50.89,19.13,0,23.02,0
2026-10-01 21:20:45,24.9,49.47,14.73,0,24.67,0
2026-10-01 21:20:50,24.6,50.95,25.1,0,25.12,0
2026-10-01 21:20:55,25.01,52.73,18.4,0,15.0,0
2026-10-01 21:21:00,24.1,52.25,15.36,0,26.78,0
2026-10-01 21:21:05,23.0,53.27,14.07,0,27.37,0
2026-10-01 21:21:10,24.14,54.7,21.25,0,26.29,0
2026-10-01 21:21:15,24.83,55.91,15.73,0,26.04,0
2026-10-01 21:21:20,25.31,52.86,19.33,0,30.29,0
2026-10-01 21:21:25,23.56,48.79,13.97,0,24.55,0
2026-10-01 21:21:30,25.32,51.19,18.25,0,24.67,0
2026-10-01 21:21:35,23.98,48.99,15.77,0,22.42,0
2026-10-01 21:21:40,24.79,57.09,16.9,0,18.0,0
2026-10-01 21:21:45,24.09,57.96,15.21,0,26.31,0
2026-10-01 21:21:50,24.65,53.95,21.59,1,22.8,0
2026-10-01 21:21:55,25.21,54.58,16.28,0,17.97,0
2026-10-01 21:22:00,23.52,52.75,17.5,0,24.44,0
2026-10-01 21:22:05,23.96,53.1,17.67,0,24.34,0
2026-10-01 21:22:10,24.65,47.21,23.64,0,23.9,0
2026-10-01 21:22:15,26.42,51.78,21.12,0,25.18,0
2026-10-01 21:22:20,23.81,49.36,20.77,0,19.24,0
2026-10-01 21:22:25,26.13,52.84,12.48,0,28.18,0
2026-10-01 21:22:30,26.1,51.82,15.7,0,26.22,0
2026-10-01 21:22:35,24.42,57.84,22.16,0,29.05,0
2026-10-01 21:22:40,24.26,54.75,13.9,0,22.76,0
2026-10-01 21:22:45,23.95,52.85,18.29,0,26.21,0
2026-10-01 21:22:50,24.45,51.2,14.27,0,18.16,0
2026-10-01 21:22:55,23.37,57.03,14.62,1,21.79,0
2026-10-01 21:23:00,24.44,51.91,23.88,0,19.9,0
2026-10-01 21:23:05,25.7,53.0,20.52,0,25.61,0
2026-10-01 21:23:10,24.01,52.13,21.44,0,20.84,0
2026-10-01 21:23:15,24.31,50.79,20.74,0,23.17,0
2026-10-01 21:23:20,23.14,52.11,17.51,0,24.69,0
2026-10-01 21:23:25,24.8,46.11,15.58,0,23.28,0
2026-10-01 21:23:30,24.71,47.36,16.59,0,20.1,0
2026-10-01 21:23:35,24.55,53.05,17.33,0,30.46,0
2026-10-01 21:23:40,24.33,56.7,24.22,0,25.11,0
2026-10-01 21:23:45,24.27,53.04,13.32,0,30.5,0
2026-10-01 21:23:50,24.9,49.84,16.06,0,21.09,0
2026-10-01 21:23:55,24.48,47.67,14.8,0,23.39,0
2026-10-01 21:24:00,24.75,54.35,21.7,0,25.01,0
2026-10-01 21:24:05,24.67,50.3,24.49,0,30.07,0
2026-10-01 21:24:10,25.4,53.93,19.08,0,30.47,0
2026-10-01 21:24:15,25.04,53.17,19.37,0,23.18,0
2026-10-01 21:24:20,24.65,53.43,18.32,0,22.15,0
2026-10-01 21:24:25,25.71,52.1,19.53,0,24.68,0
2026-10-01 21:24:30,24.84,53.15,20.71,1,28.9,0
2026-10-01 21:24:35,25.54,51.64,19.49,0,25.18,0
2026-10-01 21:24:40,24.99,50.09,19.75,0,25.82,0
2026-10-01 21:24:45,23.03,49.11,20.71,0,28.87,0
2026-10-01 21:24:50,25.54,44.84,11.78,0,28.31,0
2026-10-01 21:24:55,24.61,51.46,18.01,0,28.44,0
2026-10-01 21:25:00,24.46,56.56,19.07,0,27.18,0
2026-10-01 21:25:05,24.73,54.19,19.46,0,29.73,0
2026-10-01 21:25:10,24.22,52.68,17.4,0,20.75,0
2026-10-01 21:25:15,24.68,49.8,18.56,0,32.87,0
2026-10-01 21:25:20,24.03,54.99,15.48,0,28.71,0
2026-10-01 21:25:25,25.52,51.64,11.79,0,24.44,0
2026-10-01 21:25:30,24.41,56.72,21.44,0,28.88,0
2026-10-01 21:25:35,24.19,49.06,14.03,0,23.78,0
2026-10-01 21:25:40,23.76,49.75,17.44,0,26.66,0
2026-10-01 21:25:45,24.72,49.46,15.38,0,27.07,0
2026-10-01 21:25:50,24.65,47.55,23.55,0,28.02,0
2026-10-01 21:25:55,24.81,49.19,17.72,0,23.39,0
2026-10-01 21:26:00,23.68,52.31,16.91,0,28.09,0
2026-10-01 21:26:05,23.22,49.86,20.62,0,23.45,0
2026-10-01 21:26:10,25.0,43.0,25.55,0,27.56,0
2026-10-01 21:26:15,25.69,55.22,19.42,0,24.94,0
2026-10-01 21:26:20,23.68,46.95,16.68,0,18.62,0
2026-10-01 21:26:25,25.77,53.77,20.44,0,22.42,0
2026-10-01 21:26:30,24.73,52.09,12.5,1,27.97,0
2026-10-01 21:26:35,24.49,58.35,18.16,0,23.94,0
2026-10-01 21:26:40,24.18,54.99,24.98,0,29.25,0
2026-10-01 21:26:45,23.39,50.49,18.55,0,20.75,0
2026-10-01 21:26:50,25.29,49.89,18.38,0,27.44,0
2026-10-01 21:26:55,23.88,56.51,18.07,0,24.83,0
2026-10-01 21:27:00,23.88,47.57,16.62,0,24.14,0
2026-10-01 21:27:05,25.29,52.57,19.1,1,20.88,0
2026-10-01 21:27:10,22.99,51.61,20.71,0,25.74,0
2026-10-01 21:27:15,23.28,50.97,16.84,0,21.47,0
2026-10-01 21:27:20,24.49,53.06,9.28,0,22.77,0
2026-10-01 21:27:25,24.73,52.57,19.63,0,24.51,0
2026-10-01 21:27:30,24.89,53.37,25.47,0,23.72,0
2026-10-01 21:27:35,24.26,52.42,16.68,0,28.6,0
2026-10-01 21:27:40,26.52,53.25,12.85,0,15.93,0
2026-10-01 21:27:45,24.32,52.28,20.37,0,24.38,0
2026-10-01 21:27:50,24.32,50.02,24.1,0,23.73,0
2026-10-01 21:27:55,23.86,52.01,19.85,0,24.97,0
2026-10-01 21:28:00,24.6,49.86,24.04,1,23.1,0
2026-10-01 21:28:05,24.99,49.66,20.78,0,28.58,0
2026-10-01 21:28:10,25.46,50.99,20.47,0,24.1,0
2026-10-01 21:28:15,23.31,51.64,16.19,0,25.47,0
2026-10-01 21:28:20,24.3,52.11,19.0,1,28.12,0
2026-10-01 21:28:25,24.86,54.75,17.9,0,25.18,0
2026-10-01 21:28:30,24.97,50.5,17.78,1,20.56,0
2026-10-01 21:28:35,24.51,52.59,17.11,0,23.51,0
2026-10-01 21:28:40,24.93,52.35,18.79,0,24.57,0
2026-10-01 21:28:45,23.85,50.17,13.46,0,19.24,0
2026-10-01 21:28:50,25.75,52.22,20.84,0,22.51,0
2026-10-01 21:28:55,25.29,55.01,14.93,0,24.76,0
2026-10-01 21:29:00,23.42,52.56,17.12,1,32.04,0
2026-10-01 21:29:05,23.64,52.68,19.16,0,26.3,0
2026-10-01 21:29:10,23.66,49.88,14.75,0,25.55,0
2026-10-01 21:29:15,25.04,57.91,11.12,1,30.92,0
2026-10-01 21:29:20,23.47,50.05,16.66,0,27.06,0
2026-10-01 21:29:25,24.24,47.0,12.99,0,27.55,0
2026-10-01 21:29:30,24.86,54.58,20.49,1,23.58,0
2026-10-01 21:29:35,24.45,51.66,13.96,0,20.57,0
2026-10-01 21:29:40,24.71,51.09,23.2,0,25.92,0
2026-10-01 21:29:45,23.65,50.36,17.98,1,31.38,0
2026-10-01 21:29:50,24.98,57.62,18.21,0,30.3,0
2026-10-01 21:29:55,24.01,53.06,11.07,0,27.3,0
2026-10-01 21:30:00,24.24,53.65,18.51,0,22.6,0
2026-10-01 21:30:05,24.69,52.49,17.72,0,19.57,0
2026-10-01 21:30:10,24.58,52.81,13.45,0,22.12,0
2026-10-01 21:30:15,24.52,56.2,18.31,0,25.76,0
2026-10-01 21:30:20,23.9,51.25,16.61,0,23.35,0
2026-10-01 21:30:25,24.26,47.63,17.24,0,28.51,0
2026-10-01 21:30:30,24.5,54.6,18.09,0,19.79,0
2026-10-01 21:30:35,23.4,53.49,16.35,0,24.55,0
2026-10-01 21:30:40,24.13,52.32,18.86,0,22.32,0
2026-10-01 21:30:45,24.81,53.41,17.7,0,28.47,0
2026-10-01 21:30:50,23.48,50.89,19.65,0,26.9,0
2026-10-01 21:30:55,25.43,52.06,16.15,0,22.09,0
2026-10-01 21:31:00,25.52,51.6,14.27,0,27.99,0
2026-10-01 21:31:05,23.5,50.23,15.52,0,19.32,0
2026-10-01 21:31:10,25.59,55.57,23.05,0,18.75,0
2026-10-01 21:31:15,24.39,47.76,21.35,0,21.9,0
2026-10-01 21:31:20,24.83,59.08,22.25,0,18.06,0
2026-10-01 21:31:25,24.1,54.63,22.49,0,24.61,0
2026-10-01 21:31:30,25.24,46.67,16.37,0,24.72,0
2026-10-01 21:31:35,24.82,51.33,19.04,0,23.58,0
2026-10-01 21:31:40,23.85,51.49,18.27,0,26.89,0
2026-10-01 21:31:45,23.57,53.18,20.31,0,22.47,0
2026-10-01 21:31:50,23.33,49.03,16.99,1,20.46,0
2026-10-01 21:31:55,24.65,52.1,18.33,0,22.21,0
2026-10-01 21:32:00,24.96,51.64,18.25,0,20.73,0
2026-10-01 21:32:05,25.02,49.79,19.86,0,22.86,0
2026-10-01 21:32:10,24.41,49.37,20.3,0,27.09,0
2026-10-01 21:32:15,23.57,54.76,18.33,0,18.85,0
2026-10-01 21:32:20,23.95,46.91,18.43,0,23.81,0
2026-10-01 21:32:25,25.42,53.43,18.79,1,28.35,0
2026-10-01 21:32:30,24.11,54.39,23.76,0,28.75,0
2026-10-01 21:32:35,24.61,51.34,11.95,0,22.61,0
2026-10-01 21:32:40,23.64,52.16,14.61,0,32.75,0
2026-10-01 21:32:45,24.77,55.49,20.36,0,21.32,0
2026-10-01 21:32:50,24.13,49.89,18.94,0,24.2,0
2026-10-01 21:32:55,25.34,50.2,18.92,0,20.9,0
2026-10-01 21:33:00,25.12,50.51,20.34,0,26.52,0
2026-10-01 21:33:05,24.1,55.5,18.75,0,34.8,0
2026-10-01 21:33:10,24.4,55.88,16.04,0,31.45,0
2026-10-01 21:33:15,24.06,47.81,20.2,0,27.96,0
2026-10-01 21:33:20,23.36,55.02,18.07,0,22.87,0
2026-10-01 21:33:25,23.81,54.46,16.43,0,24.41,0
2026-10-01 21:33:30,24.66,56.66,20.42,0,28.91,0
2026-10-01 21:33:35,24.76,53.16,20.28,0,27.62,0
2026-10-01 21:33:40,24.62,51.87,18.75,0,25.29,0
2026-10-01 21:33:45,24.26,55.44,24.01,0,25.5,0
2026-10-01 21:33:50,25.25,54.1,22.64,0,28.69,0
2026-10-01 21:33:55,24.55,58.73,21.51,0,29.56,0
2026-10-01 21:34:00,25.06,54.88,26.98,0,19.75,0
2026-10-01 21:34:05,23.08,52.46,17.49,1,25.79,0
2026-10-01 21:34:10,22.0,48.48,16.37,0,27.02,0
2026-10-01 21:34:15,24.73,50.26,21.01,0,23.14,0
2026-10-01 21:34:20,23.36,47.69,17.12,0,29.48,0
2026-10-01 21:34:25,24.33,51.35,18.04,0,23.99,0
2026-10-01 21:34:30,24.26,54.78,14.55,1,29.57,0
2026-10-01 21:34:35,25.77,51.99,20.12,0,23.71,0
2026-10-01 21:34:40,24.82,55.07,12.85,0,25.91,0
2026-10-01 21:34:45,24.63,53.01,17.66,0,25.83,0
2026-10-01 21:34:50,25.17,50.79,17.95,0,30.82,0
2026-10-01 21:34:55,24.79,52.26,16.47,0,27.59,0
2026-10-01 21:35:00,24.13,53.42,11.85,0,23.4,0
2026-10-01 21:35:05,25.36,52.42,11.82,0,24.05,0
2026-10-01 21:35:10,23.61,52.45,15.39,0,24.03,0
2026-10-01 21:35:15,24.76,49.69,19.89,0,25.06,0
2026-10-01 21:35:20,23.26,50.7,19.01,0,21.69,0
2026-10-01 21:35:25,24.66,58.78,17.94,0,24.72,0
2026-10-01 21:35:30,24.65,55.69,14.9,0,29.79,0
2026-10-01 21:35:35,25.84,47.58,19.19,0,29.63,0
2026-10-01 21:35:40,23.25,44.9,11.7,0,19.52,0
2026-10-01 21:35:45,24.02,52.23,9.61,0,18.97,0
2026-10-01 21:35:50,25.16,54.68,17.15,0,22.92,0
2026-10-01 21:35:55,24.77,50.44,16.09,0,18.77,0
2026-10-01 21:36:00,24.64,55.06,21.55,0,20.58,0
2026-10-01 21:36:05,23.74,52.18,18.55,0,26.23,0
2026-10-01 21:36:10,24.03,51.51,23.78,1,24.87,0
2026-10-01 21:36:15,25.5,54.27,16.08,0,18.98,0
2026-10-01 21:36:20,24.46,50.4,19.7,0,29.1,0
2026-10-01 21:36:25,24.8,51.14,17.12,0,23.52,0
2026-10-01 21:36:30,24.41,54.01,22.84,0,23.19,0
2026-10-01 21:36:35,23.55,51.91,17.29,0,28.56,0
2026-10-01 21:36:40,25.25,57.73,20.99,0,26.44,0
2026-10-01 21:36:45,24.9,54.08,14.23,0,24.85,0
2026-10-01 21:36:50,26.34,53.89,16.55,0,23.27,0
2026-10-01 21:36:55,23.69,51.85,17.71,0,26.99,0
2026-10-01 21:37:00,25.16,54.62,22.42,0,23.49,0
2026-10-01 21:37:05,23.45,51.03,10.31,1,24.2,0
2026-10-01 21:37:10,24.63,52.85,16.84,1,20.88,0
2026-10-01 21:37:15,25.28,49.25,16.72,0,29.0,0
2026-10-01 21:37:20,22.84,55.12,10.73,0,30.43,0
2026-10-01 21:37:25,24.34,52.87,16.38,0,25.74,0
2026-10-01 21:37:30,24.05,57.95,12.61,0,23.3,0
2026-10-01 21:37:35,23.94,59.18,9.84,1,28.27,0
2026-10-01 21:37:40,24.81,54.29,17.08,0,27.06,0
2026-10-01 21:37:45,25.4,52.21,16.96,1,23.45,0
2026-10-01 21:37:50,24.39,49.16,17.14,0,29.03,0
2026-10-01 21:37:55,24.66,54.71,18.89,0,23.51,0
2026-10-01 21:38:00,24.59,52.63,14.92,0,20.5,0
2026-10-01 21:38:05,24.5,53.61,24.27,0,24.77,0
2026-10-01 21:38:10,23.63,57.19,17.88,0,28.8,0
2026-10-01 21:38:15,25.39,49.53,22.5,0,25.36,0
2026-10-01 21:38:20,24.74,49.23,12.12,0,20.9,0
2026-10-01 21:38:25,24.82,51.29,15.08,0,23.59,0
2026-10-01 21:38:30,23.85,54.46,20.4,1,29.19,0
2026-10-01 21:38:35,24.13,53.66,17.21,0,25.96,0
2026-10-01 21:38:40,24.36,49.31,14.24,0,24.93,0
2026-10-01 21:38:45,23.27,54.27,11.56,0,24.54,0
2026-10-01 21:38:50,23.15,48.4,20.57,0,28.78,0
2026-10-01 21:38:55,24.02,49.49,20.28,1,28.55,0
2026-10-01 21:39:00,24.92,51.65,18.85,0,20.1,0
2026-10-01 21:39:05,23.98,50.34,16.26,0,28.29,0
2026-10-01 21:39:10,23.68,54.67,14.1,0,26.81,0
2026-10-01 21:39:15,23.85,52.86,17.81,0,30.58,0
2026-10-01 21:39:20,24.14,57.3,13.4,1,24.76,0
2026-10-01 21:39:25,24.22,51.26,15.37,0,28.97,0
2026-10-01 21:39:30,26.23,51.63,22.41,1,26.64,0
2026-10-01 21:39:35,25.34,55.63,11.52,0,21.1,0
2026-10-01 21:39:40,25.32,51.73,20.37,0,28.57,0
2026-10-01 21:39:45,25.43,56.48,23.23,0,27.83,0
2026-10-01 21:39:50,23.7,53.62,20.86,0,22.73,0
2026-10-01 21:39:55,23.52,44.94,19.39,0,26.01,0
2026-10-01 21:40:00,23.61,55.53,16.38,0,32.38,0
2026-10-01 21:40:05,25.57,54.74,15.74,0,23.31,0
2026-10-01 21:40:10,24.06,54.85,10.13,0,27.54,0
2026-10-01 21:40:15,23.5,46.27,18.13,0,21.17,0
2026-10-01 21:40:20,24.16,50.01,16.59,0,23.0,0
2026-10-01 21:40:25,24.31,50.23,15.56,0,27.84,0
2026-10-01 21:40:30,24.71,49.48,17.93,0,25.9,0
2026-10-01 21:40:35,24.7,57.23,18.22,0,24.3,0
2026-10-01 21:40:40,23.84,51.96,15.78,0,30.96,0
2026-10-01 21:40:45,25.05,51.89,23.65,0,21.77,0
2026-10-01 21:40:50,23.99,53.66,20.56,0,24.49,0
2026-10-01 21:40:55,24.37,53.71,21.14,0,26.72,0
2026-10-01 21:41:00,25.05,43.0,17.64,0,21.95,0
2026-10-01 21:41:05,23.99,50.06,19.79,0,26.78,0
2026-10-01 21:41:10,24.04,47.76,14.87,0,28.76,0
2026-10-01 21:41:15,24.97,53.2,20.33,1,24.6,0
2026-10-01 21:41:20,23.81,51.13,17.28,0,22.6,0
2026-10-01 21:41:25,24.19,52.05,14.42,0,23.91,0
2026-10-01 21:41:30,24.94,45.76,17.92,0,15.63,0
2026-10-01 21:41:35,26.14,51.07,16.98,0,28.52,0
2026-10-01 21:41:40,24.98,55.35,26.13,0,25.93,0
2026-10-01 21:41:45,24.88,56.23,19.52,0,24.38,0
2026-10-01 21:41:50,24.92,54.16,23.53,0,19.17,0
2026-10-01 21:41:55,23.64,47.99,21.96,0,28.88,0
2026-10-01 21:42:00,24.59,55.78,18.13,0,23.47,0
2026-10-01 21:42:05,24.48,54.17,16.45,0,26.98,0
2026-10-01 21:42:10,24.76,51.65,11.91,0,24.96,0
2026-10-01 21:42:15,24.59,45.92,14.95,0,19.35,0
2026-10-01 21:42:20,24.8,54.86,20.32,0,29.44,0
2026-10-01 21:42:25,24.25,50.22,16.94,0,28.78,0
2026-10-01 21:42:30,24.55,53.04,19.32,0,27.67,0
2026-10-01 21:42:35,23.52,52.21,10.89,0,26.1,0
2026-10-01 21:42:40,24.24,56.62,19.59,0,20.81,0
2026-10-01 21:42:45,25.61,51.62,21.84,0,28.04,0
2026-10-01 21:42:50,24.76,51.95,11.78,0,32.72,0
2026-10-01 21:42:55,24.48,56.74,19.3,0,25.41,0
2026-10-01 21:43:00,26.02,50.03,22.7,0,25.47,0
2026-10-01 21:43:05,23.41,54.44,23.88,1,21.14,0
2026-10-01 21:43:10,23.61,51.4,16.24,0,17.75,0
2026-10-01 21:43:15,25.87,48.99,20.73,1,23.74,0
2026-10-01 21:43:20,24.54,52.0,23.0,0,30.19,0
2026-10-01 21:43:25,24.31,54.08,19.4,0,29.7,0
2026-10-01 21:43:30,23.54,56.06,22.5,0,24.77,0
2026-10-01 21:43:35,24.86,56.42,17.87,0,26.51,0
2026-10-01 21:43:40,24.94,51.12,19.38,0,20.74,0
2026-10-01 21:43:45,23.62,49.04,15.82,0,25.39,0
2026-10-01 21:43:50,24.39,51.04,17.42,0,23.16,0
2026-10-01 21:43:55,24.23,48.46,19.52,0,25.19,0
2026-10-01 21:44:00,24.7,51.35,15.56,0,24.04,0
2026-10-01 21:44:05,23.6,50.98,17.22,1,23.98,0
2026-10-01 21:44:10,25.5,54.18,20.66,0,28.49,0
2026-10-01 21:44:15,25.23,45.38,25.18,0,31.87,0
2026-10-01 21:44:20,24.21,49.8,10.83,0,24.41,0
2026-10-01 21:44:25,24.33,49.82,24.92,0,29.97,0
2026-10-01 21:44:30,24.39,55.56,17.09,0,20.65,0
2026-10-01 21:44:35,23.88,48.66,21.38,0,24.68,0
2026-10-01 21:44:40,24.15,52.68,22.06,0,20.46,0
2026-10-01 21:44:45,24.28,51.62,23.48,0,23.91,0
2026-10-01 21:44:50,25.79,55.13,15.45,0,27.5,0
2026-10-01 21:44:55,25.26,53.79,17.21,0,28.92,0
2026-10-01 21:45:00,25.25,52.36,17.81,0,22.28,0
2026-10-01 21:45:05,24.8,50.34,16.75,0,26.6,0
2026-10-01 21:45:10,23.61,46.44,22.62,0,29.3,0
2026-10-01 21:45:15,24.47,52.74,17.73,0,28.81,0
2026-10-01 21:45:20,25.28,53.59,12.34,0,25.91,0
2026-10-01 21:45:25,23.49,47.28,15.78,0,22.94,0
2026-10-01 21:45:30,25.01,48.3,12.48,0,22.59,0
2026-10-01 21:45:35,26.36,52.76,17.2,0,22.05,0
2026-10-01 21:45:40,25.35,53.02,20.35,0,24.89,0
2026-10-01 21:45:45,25.63,49.03,15.71,1,22.12,0
2026-10-01 21:45:50,24.67,50.28,16.59,0,27.37,0
2026-10-01 21:45:55,25.27,46.49,17.04,0,25.8,0
2026-10-01 21:46:00,23.93,56.13,18.49,0,25.64,0
2026-10-01 21:46:05,25.14,48.1,19.81,0,18.56,0
2026-10-01 21:46:10,25.02,53.63,20.83,0,25.1,0
2026-10-01 21:46:15,24.73,51.9,25.89,0,23.39,0
2026-10-01 21:46:20,25.55,55.87,18.43,0,32.58,0
2026-10-01 21:46:25,24.07,49.62,20.58,0,20.52,0
2026-10-01 21:46:30,24.35,52.18,12.44,0,24.28,0
2026-10-01 21:46:35,24.58,46.9,16.67,0,26.34,0
2026-10-01 21:46:40,23.68,46.18,17.05,0,21.6,0
2026-10-01 21:46:45,24.68,53.79,14.44,0,31.75,0
2026-10-01 21:46:50,23.12,46.64,16.12,0,31.82,0
2026-10-01 21:46:55,25.34,51.32,17.62,0,22.0,0
2026-10-01 21:47:00,24.54,55.03,16.23,0,22.93,0
2026-10-01 21:47:05,24.08,54.24,27.11,0,32.51,0
2026-10-01 21:47:10,23.83,50.01,19.79,0,29.88,0
2026-10-01 21:47:15,24.31,47.23,25.0,0,23.71,0
2026-10-01 21:47:20,25.05,53.53,23.22,0,26.51,0
2026-10-01 21:47:25,24.94,56.03,15.76,0,20.15,0
2026-10-01 21:47:30,23.94,50.01,18.13,0,32.69,0
2026-10-01 21:47:35,23.82,49.59,16.48,0,25.26,0
2026-10-01 21:47:40,25.03,50.43,17.43,0,27.05,0
2026-10-01 21:47:45,23.92,53.71,14.58,0,21.73,0
2026-10-01 21:47:50,24.55,55.69,16.45,0,21.02,0
2026-10-01 21:47:55,24.6,48.28,19.26,0,26.58,0
2026-10-01 21:48:00,24.75,47.51,19.17,0,31.71,0
2026-10-01 21:48:05,25.19,59.02,18.89,0,23.11,0
2026-10-01 21:48:10,23.49,51.47,17.79,0,21.57,0
2026-10-01 21:48:15,22.97,52.76,21.01,0,26.07,0
2026-10-01 21:48:20,24.05,49.92,17.1,0,30.73,0
2026-10-01 21:48:25,25.94,53.47,22.87,1,22.76,0
2026-10-01 21:48:30,26.12,54.88,11.53,0,24.13,0
2026-10-01 21:48:35,25.96,52.9,20.3,1,27.93,0
2026-10-01 21:48:40,24.35,57.22,19.71,1,28.31,0
2026-10-01 21:48:45,23.07,51.02,15.64,0,24.0,0
2026-10-01 21:48:50,22.63,51.21,16.76,0,28.84,0
2026-10-01 21:48:55,24.01,52.69,19.63,0,26.85,0
2026-10-01 21:49:00,24.34,53.39,21.21,0,25.06,0
2026-10-01 21:49:05,25.54,52.68,11.88,0,28.16,0
2026-10-01 21:49:10,25.19,48.15,20.2,0,27.68,0
2026-10-01 21:49:15,24.68,52.94,16.4,0,21.34,0
2026-10-01 21:49:20,23.79,50.88,21.94,0,30.19,0
2026-10-01 21:49:25,23.73,50.26,11.56,0,26.21,0
2026-10-01 21:49:30,24.7,52.1,26.56,0,29.81,0
2026-10-01 21:49:35,25.06,49.12,14.9,0,25.18,0
2026-10-01 21:49:40,24.81,48.59,23.0,0,25.87,0
2026-10-01 21:49:45,23.67,44.15,17.76,0,26.4,0
2026-10-01 21:49:50,25.02,57.24,15.13,0,26.91,0
2026-10-01 21:49:55,24.84,53.67,18.93,0,30.35,0
2026-10-01 21:50:00,23.64,51.65,21.6,0,26.63,0
2026-10-01 21:50:05,23.87,50.0,12.57,0,24.9,0
2026-10-01 21:50:10,25.05,43.37,20.46,0,28.53,0
2026-10-01 21:50:15,24.31,49.81,17.96,0,26.51,0
2026-10-01 21:50:20,25.77,54.15,20.02,0,35.34,0
2026-10-01 21:50:25,24.9,54.83,18.04,0,26.02,0
2026-10-01 21:50:30,24.11,53.93,16.0,1,29.33,0
2026-10-01 21:50:35,24.49,52.48,14.1,0,28.09,0
2026-10-01 21:50:40,24.55,55.91,20.35,0,17.83,0
2026-10-01 21:50:45,23.92,51.01,20.34,1,22.42,0
2026-10-01 21:50:50,23.77,55.26,20.32,1,23.46,0
2026-10-01 21:50:55,25.06,50.85,19.5,0,19.75,0
2026-10-01 21:51:00,25.18,49.36,21.31,0,23.62,0
2026-10-01 21:51:05,24.98,48.98,22.92,0,20.2,0
2026-10-01 21:51:10,25.71,48.81,11.43,0,21.12,0
2026-10-01 21:51:15,24.07,53.98,9.8,0,25.85,0
2026-10-01 21:51:20,25.84,49.77,24.01,0,31.72,0
2026-10-01 21:51:25,23.78,48.9,13.31,0,20.23,0
2026-10-01 21:51:30,23.69,54.14,14.2,0,20.75,0
2026-10-01 21:51:35,23.09,52.98,16.99,0,23.14,0
2026-10-01 21:51:40,24.14,54.89,12.21,0,24.48,0
2026-10-01 21:51:45,24.1,53.54,16.66,0,19.6,0
2026-10-01 21:51:50,24.92,49.74,14.68,0,22.55,0
2026-10-01 21:51:55,24.7,52.23,17.18,0,22.23,0
2026-10-01 21:52:00,23.55,52.38,18.98,0,26.11,0
2026-10-01 21:52:05,24.19,49.24,16.8,0,26.49,0
2026-10-01 21:52:10,24.2,48.69,16.62,0,24.47,0
2026-10-01 21:52:15,23.08,49.96,18.9,0,23.68,0
2026-10-01 21:52:20,23.72,58.11,21.66,0,22.52,0
2026-10-01 21:52:25,23.88,50.76,23.61,0,25.18,0
2026-10-01 21:52:30,25.65,55.7,17.24,0,21.58,0
2026-10-01 21:52:35,24.65,50.59,24.39,0,30.42,0
2026-10-01 21:52:40,25.03,54.67,21.07,0,19.76,0
2026-10-01 21:52:45,23.3,54.71,13.69,0,22.7,0
2026-10-01 21:52:50,25.46,54.86,13.59,0,28.04,0
2026-10-01 21:52:55,25.54,53.16,15.98,0,23.6,0
2026-10-01 21:53:00,22.9,56.13,23.06,0,27.35,0
2026-10-01 21:53:05,23.94,53.14,16.25,0,31.01,0
2026-10-01 21:53:10,24.9,57.14,11.38,0,27.92,0
2026-10-01 21:53:15,25.02,47.14,17.2,0,20.79,0
